timestamp,time_elapsed_s,dc_bus_voltage,rpm,torque_total,cell_min_v,throttle_raw1,throttle_raw2,motor_temp,pwrstg_temp,air_temp,n_actual,i_actual,s1_raw,s2_raw,brake_raw,precharge_btn,start_btn,torque_req,torque_est,throttle_pct,brake_pct,ams_min_cell_mv,ams_max_cell_mv,ams_stack_v,ams_current_a,ams_max_temp_c,ams_min_temp_c,ams_avg_temp_c,g_long,g_lat,g_total,susp_force_fl,susp_force_fr,susp_force_rl,susp_force_rr,susp_travel_fl,susp_travel_fr,susp_travel_rl,susp_travel_rr,brake_temp_fl,brake_temp_fr,brake_temp_rl,brake_temp_rr
2025-12-22T18:01:04.260258,0.000,386.47862956845296,5000.0,100.0,4100,1500,1520,40.0,35.0,20.0,5000.0,75.0,1500,1520,800,0,0,100.0,100.0,50.0,0.0,4100,4200,390.0,75.0,30.0,25.0,25.0,0.0,1.0,1.0,0.0,0.0,0.0,0.0,44.16351654216036,41.61202914228507,40.71455285685403,37.991985050128804,40.0,40.0,40.0,40.0
2025-12-22T18:01:04.310672,0.050,385.8282442003073,5099.958338541357,103.99833354165426,4100,1500,1520,40.0,35.0,20.0,5099.958338541357,77.9987501562407,1500,1520,800,0,0,103.99833354165426,103.99833354165426,51.99916677082713,0.0,4100,4200,390.0,77.9987501562407,30.005,25.0,25.0,0.024997395914712332,0.9996875162757026,1.0,0.0,0.0,0.0,0.0,37.218905462890866,35.62672081444694,37.64067251698963,36.45044613240014,40.025,40.025,40.025,40.025
2025-12-22T18:01:04.361250,0.100,385.88577272750604,5199.666833293656,107.98667333174625,4100,1500,1520,40.0,35.0,20.0,5199.666833293656,80.99000499880968,1500,1520,800,0,0,107.98667333174625,107.98667333174625,53.99333666587312,0.0,4100,4200,390.0,80.99000499880968,30.01,25.0,25.0,0.04997916927067833,0.9987502603949663,1.0,0.0,0.0,0.0,0.0,39.91228889371027,38.892094173632415,44.89298164945855,42.766880502024186,40.05,40.05,40.05,40.05
2025-12-22T18:01:04.411521,0.150,386.11991998740797,5298.876264947198,111.95505059788795,4100,1500,1520,40.0,35.0,20.0,5298.876264947198,83.96628794841595,1500,1520,800,0,0,111.95505059788795,111.95505059788795,55.977525298943974,0.0,4100,4200,390.0,83.96628794841595,30.015,25.0,25.0,0.07492970727274235,0.9971888181122075,1.0,0.0,0.0,0.0,0.0,35.59369090916693,35.63255406660945,44.48113267518932,35.93865406623103,40.075,40.075,40.075,40.075
2025-12-22T18:01:04.462295,0.200,385.332432883572,5397.338661590123,115.89354646360489,4100,1500,1520,40.0,35.0,20.0,5397.338661590123,86.92015984770367,1500,1520,800,0,0,115.89354646360489,115.89354646360489,57.946773231802446,0.0,4100,4200,390.0,86.92015984770367,30.02,25.0,25.0,0.09983341664682815,0.9950041652780258,1.0,0.0,0.0,0.0,0.0,42.427641835098065,43.172941486225184,37.26889894509412,39.18109971717335,40.1,40.1,40.1,40.1
2025-12-22T18:01:04.514161,0.250,385.5188609021684,5494.8079185090455,119.79231674036183,4100,1500,1520,40.0,35.0,20.0,5494.8079185090455,89.84423755527138,1500,1520,800,0,0,119.79231674036183,119.79231674036183,59.89615837018091,0.0,4100,4200,390.0,89.84423755527138,30.025,25.0,25.0,0.12467473338522769,0.992197667229329,0.9999999999999999,0.0,0.0,0.0,0.0,36.601478443359056,42.611214419978076,40.426674474279935,42.47982133285281,40.125,40.125,40.125,40.125
2025-12-22T18:01:04.565206,0.300,385.0162303892465,5591.040413322679,123.64161653290716,4100,1500,1520,40.0,35.0,20.0,5591.040413322679,92.73121239968037,1500,1520,800,0,0,123.64161653290716,123.64161653290716,61.82080826645358,0.0,4100,4200,390.0,92.73121239968037,30.03,25.0,25.0,0.14943813247359922,0.9887710779360422,0.9999999999999999,0.0,0.0,0.0,0.0,43.78816075089168,44.70953159335345,35.06485712343023,43.74252924952159,40.15,40.15,40.15,40.15
2025-12-22T18:01:04.615730,0.350,385.54977906250724,5685.795614910903,127.43182459643612,4100,1500,1520,40.0,35.0,20.0,5685.795614910903,95.57386844732709,1500,1520,800,0,0,127.43182459643612,127.43182459643612,63.71591229821806,0.0,4100,4200,390.0,95.57386844732709,30.035,25.0,25.0,0.17410813759359595,0.9847265389049334,0.9999999999999999,0.0,0.0,0.0,0.0,35.07720364312787,39.67424425002543,44.33010371828745,36.13613884412994,40.175,40.175,40.175,40.175
2025-12-22T18:01:04.666762,0.400,385.1915286424246,5778.836684617301,131.15346738469202,4100,1500,1520,40.0,35.0,20.0,5778.836684617301,98.36510053851902,1500,1520,800,0,0,131.15346738469202,131.15346738469202,65.57673369234601,0.0,4100,4200,390.0,98.36510053851902,30.04,25.0,25.0,0.1986693307950612,0.9800665778412416,1.0,0.0,0.0,0.0,0.0,43.6745045556994,39.231626100909175,35.14853195415801,41.89035534996142,40.2,40.2,40.2,40.2
2025-12-22T18:01:04.720028,0.450,385.05618064779236,5869.93106822246,134.79724272889842,4100,1500,1520,40.0,35.0,20.0,5869.93106822246,101.09793204667382,1500,1520,800,0,0,134.79724272889842,134.79724272889842,67.39862136444921,0.0,4100,4200,390.0,101.09793204667382,30.045,25.0,25.0,0.22310636213174542,0.9747941070689433,1.0,0.0,0.0,0.0,0.0,35.68212802760236,38.60192698802463,37.203787106703075,42.84448215843405,40.225,40.225,40.225,40.225
2025-12-22T18:01:04.770748,0.500,384.5270321501193,5958.8510772084055,138.35404308833623,4100,1500,1520,40.0,35.0,20.0,5958.8510772084055,103.76553231625218,1500,1520,800,0,0,138.35404308833623,138.35404308833623,69.17702154416811,0.0,4100,4200,390.0,103.76553231625216,30.05,25.0,25.0,0.2474039592545229,0.9689124217106448,1.0,0.0,0.0,0.0,0.0,39.94439620271677,35.591757689729995,37.727032444564706,44.38308338333248,40.25,40.25,40.25,40.25
2025-12-22T18:01:04.821399,0.550,384.62126048945197,6045.374457861319,141.81497831445273,4100,1500,1520,40.0,35.0,20.0,6045.374457861319,106.36123373583955,1500,1520,800,0,0,141.81497831445273,141.81497831445273,70.90748915722637,0.0,4100,4200,390.0,106.36123373583955,30.055,25.0,25.0,0.2715469369561128,0.962425197628238,1.0,0.0,0.0,0.0,0.0,43.882415455217306,41.91243083508643,44.49167709094809,40.89478007467161,40.275,40.275,40.275,40.275
2025-12-22T18:01:04.871947,0.600,384.21400526263426,6129.2849467900705,145.17139787160284,4100,1500,1520,40.0,35.0,20.0,6129.2849467900705,108.87854840370213,1500,1520,800,0,0,145.17139787160284,145.17139787160284,72.58569893580142,0.0,4100,4200,390.0,108.87854840370213,30.06,25.0,25.0,0.29552020666133955,0.955336489125606,1.0,0.0,0.0,0.0,0.0,40.0866110832579,37.1434334154443,41.94585473091461,40.55381024121108,40.3,40.3,40.3,40.3
2025-12-22T18:01:04.922412,0.650,384.8217590063527,6210.372811472079,148.41491245888318,4100,1500,1520,40.0,35.0,20.0,6210.372811472079,111.31118434416238,1500,1520,800,0,0,148.41491245888318,148.41491245888318,74.20745622944159,0.0,4100,4200,390.0,111.3111843441624,30.065,25.0,25.0,0.31930878585700095,0.9476507264148157,1.0,0.0,0.0,0.0,0.0,37.62766103943881,42.17555224654997,39.86672552165598,44.62968343187471,40.325,40.325,40.325,40.325
2025-12-22T18:01:04.972949,0.700,384.05776230562327,6288.435374475383,151.5374149790153,4100,1500,1520,40.0,35.0,20.0,6288.435374475383,113.65306123426147,1500,1520,800,0,0,151.5374149790153,151.5374149790153,75.76870748950765,0.0,4100,4200,390.0,113.65306123426146,30.07,25.0,25.0,0.3428978074554514,0.9393727128473789,1.0,0.0,0.0,0.0,0.0,39.760558323038474,43.08101075533914,39.87236263305491,37.59009829176759,40.35,40.35,40.35,40.35
2025-12-22T18:01:05.025616,0.750,384.4472115600496,6363.2775200466685,154.53110080186673,4100,1500,1520,40.0,35.0,20.0,6363.2775200466685,115.89832560140005,1500,1520,800,0,0,154.53110080186673,154.53110080186673,77.26555040093336,0.0,4100,4200,390.0,115.89832560140005,30.075,25.0,25.0,0.3662725290860476,0.9305076219123143,1.0,0.0,0.0,0.0,0.0,38.073306257569705,42.63688111434633,35.19307383569637,41.12662305245519,40.375,40.375,40.375,40.375
2025-12-22T18:01:05.077155,0.800,384.4222409793957,6434.7121817990455,157.38848727196182,4100,1500,1520,40.0,35.0,20.0,6434.7121817990455,118.04136545397137,1500,1520,800,0,0,157.38848727196182,157.38848727196182,78.69424363598091,0.0,4100,4200,390.0,118.04136545397137,30.08,25.0,25.0,0.3894183423086506,0.9210609940028851,1.0,0.0,0.0,0.0,0.0,43.441759555600825,42.499983727352074,35.595701394510606,39.711254397703634,40.4,40.4,40.4,40.4
2025-12-22T18:01:05.129708,0.850,384.4903492542082,6502.560810280585,160.10243241122342,4100,1500,1520,40.0,35.0,20.0,6502.560810280585,120.07682430841757,1500,1520,800,0,0,160.10243241122342,160.10243241122342,80.05121620561171,0.0,4100,4200,390.0,120.07682430841757,30.085,25.0,25.0,0.41232078174342485,0.9110387329540336,0.9999999999999999,0.0,0.0,0.0,0.0,43.90454983451501,35.217132949680746,39.931963573609494,38.45086445740089,40.425,40.425,40.425,40.425
2025-12-22T18:01:05.180279,0.900,384.35111542100833,6566.653819254967,162.66615277019866,4100,1500,1520,40.0,35.0,20.0,6566.653819254967,121.999614577649,1500,1520,800,0,0,162.66615277019866,162.66615277019866,81.33307638509933,0.0,4100,4200,390.0,121.999614577649,30.09,25.0,25.0,0.43496553411123035,0.9004471023526769,1.0,0.0,0.0,0.0,0.0,36.709695972443456,38.710911362840626,41.94610156300216,37.36485040737562,40.45,40.45,40.45,40.45
2025-12-22T18:01:05.231313,0.950,383.55089061224396,6626.831009578747,165.07324038314994,4100,1500,1520,40.0,35.0,20.0,6626.831009578747,123.80493028736245,1500,1520,800,0,0,165.07324038314994,165.07324038314994,82.53662019157497,0.0,4100,4200,390.0,123.80493028736245,30.095,25.0,25.0,0.4573384471789556,0.8892927216231682,1.0,0.0,0.0,0.0,0.0,40.66175839857632,36.584474481597866,44.716919948899005,42.67174518126237,40.475,40.475,40.475,40.475
2025-12-22T18:01:05.281559,1.000,383.32844761500695,6682.941969615793,167.3176787846317,4100,1500,1520,40.0,35.0,20.0,6682.941969615793,125.48825908847378,1500,1520,800,0,0,167.3176787846317,167.3176787846317,83.65883939231585,0.0,4100,4200,390.0,125.48825908847377,30.1,25.0,25.0,0.4794255386042031,0.8775825618903726,1.0,0.0,0.0,0.0,0.0,41.1983353459581,43.837004119458726,43.74972131787507,42.062824883119596,40.5,40.5,40.5,40.5
2025-12-22T18:01:05.331721,1.050,383.85768838363146,6734.846451188034,169.39385804752135,4100,1500,1520,40.0,35.0,20.0,6734.846451188034,127.04539353564101,1500,1520,800,0,0,169.39385804752135,169.39385804752135,84.69692902376067,0.0,4100,4200,390.0,127.04539353564101,30.105,25.0,25.0,0.5012130046737979,0.8653239416229412,1.0,0.0,0.0,0.0,0.0,44.11163147167339,43.48173903005585,41.886103761932,38.49020994820734,40.525,40.525,40.525,40.525
2025-12-22T18:01:05.382409,1.100,383.2597091475635,6782.414720122872,171.29658880491485,4100,1500,1520,40.0,35.0,20.0,6782.414720122872,128.47244160368615,1500,1520,800,0,0,171.29658880491485,171.29658880491485,85.64829440245742,0.0,4100,4200,390.0,128.47244160368615,30.11,25.0,25.0,0.5226872289306593,0.8525245220595057,1.0,0.0,0.0,0.0,0.0,41.0640958363816,38.826054176260875,39.985239077819216,44.866425620536134,40.55,40.55,40.55,40.55
2025-12-22T18:01:05.432816,1.150,383.59138070100903,6825.527880521042,173.0211152208417,4100,1500,1520,40.0,35.0,20.0,6825.527880521042,129.76583641563127,1500,1520,800,0,0,173.0211152208417,173.0211152208417,86.51055761042085,0.0,4100,4200,390.0,129.76583641563127,30.115,25.0,25.0,0.5438347906836427,0.839192302420654,0.9999999999999999,0.0,0.0,0.0,0.0,44.231783279016405,44.73965905961641,35.93821192659601,35.69089685796448,40.575,40.575,40.575,40.575
2025-12-22T18:01:05.489472,1.200,383.29304846054936,6864.078171934453,174.56312687737812,4100,1500,1520,40.0,35.0,20.0,6864.078171934453,130.92234515803358,1500,1520,800,0,0,174.56312687737812,174.56312687737812,87.28156343868906,0.0,4100,4200,390.0,130.92234515803358,30.12,25.0,25.0,0.5646424733950355,0.8253356149096782,1.0,0.0,0.0,0.0,0.0,35.8502344322663,36.5399802712577,44.51882144902418,42.367062065368174,40.6,40.6,40.6,40.6
2025-12-22T18:01:05.539987,1.250,383.57589223601826,6897.969238711173,175.9187695484469,4100,1500,1520,40.0,35.0,20.0,6897.969238711173,131.93907716133518,1500,1520,800,0,0,175.9187695484469,175.9187695484469,87.95938477422345,0.0,4100,4200,390.0,131.93907716133518,30.125,25.0,25.0,0.5850972729404623,0.8109631195052178,1.0,0.0,0.0,0.0,0.0,40.47215760349802,38.21178376112105,38.41174839623833,38.17270326628246,40.625,40.625,40.625,40.625
2025-12-22T18:01:05.593105,1.300,382.89744925310174,6927.1163708343865,177.08465483337545,4100,1500,1520,40.0,35.0,20.0,6927.1163708343865,132.8134911250316,1500,1520,800,0,0,177.08465483337545,177.08465483337545,88.54232741668773,0.0,4100,4200,390.0,132.8134911250316,30.13,25.0,25.0,0.6051864057360398,0.7960837985490556,0.9999999999999999,0.0,0.0,0.0,0.0,44.14692076336081,35.44709293926298,41.31501319820825,44.58739434753116,40.65,40.65,40.65,40.65
2025-12-22T18:01:05.644115,1.350,383.6509330200234,6951.446715653318,178.05786862613274,4100,1500,1520,40.0,35.0,20.0,6951.446715653318,133.54340146959956,1500,1520,800,0,0,178.05786862613274,178.05786862613274,89.02893431306637,0.0,4100,4200,390.0,133.54340146959956,30.135,25.0,25.0,0.6248973167277001,0.7807069511324467,1.0,0.0,0.0,0.0,0.0,43.6837717904876,41.129636700332384,44.14770772007276,37.24200606520769,40.675,40.675,40.675,40.675
2025-12-22T18:01:05.694704,1.400,383.5996613319848,6970.89945997692,178.83597839907682,4100,1500,1520,40.0,35.0,20.0,6970.89945997692,134.12698379930762,1500,1520,800,0,0,178.83597839907682,178.83597839907682,89.41798919953841,0.0,4100,4200,390.0,134.12698379930762,30.14,25.0,25.0,0.6442176872376912,0.7648421872844883,1.0,0.0,0.0,0.0,0.0,42.451176874292415,37.262592726053114,44.368754833932805,42.03436479862387,40.7,40.7,40.7,40.7
2025-12-22T18:01:05.745031,1.450,383.2109356234115,6985.425982075178,179.41703928300709,4100,1500,1520,40.0,35.0,20.0,6985.425982075178,134.56277946225532,1500,1520,800,0,0,179.41703928300709,179.41703928300709,89.70851964150354,0.0,4100,4200,390.0,134.56277946225532,30.145,25.0,25.0,0.6631354426633499,0.7484994219661649,1.0,0.0,0.0,0.0,0.0,40.42131517921766,44.81424328588227,44.21813359510976,35.83454807672861,40.725,40.725,40.725,40.725
2025-12-22T18:01:05.795362,1.500,383.4561305210406,6994.9899732081085,179.79959892832437,4100,1500,1520,40.0,35.0,20.0,6994.9899732081085,134.84969919624328,1500,1520,800,0,0,179.79959892832437,179.79959892832437,89.89979946416219,0.0,4100,4200,390.0,134.84969919624328,30.15,25.0,25.0,0.6816387600233343,0.7316888688738207,1.0,0.0,0.0,0.0,0.0,40.34071156979468,41.98232739791032,40.17066445769648,44.252864860896366,40.75,40.75,40.75,40.75
2025-12-22T18:01:05.845596,1.550,382.9070126257814,6999.567528378714,179.98270113514855,4100,1500,1520,40.0,35.0,20.0,6999.567528378714,134.9870258513614,1500,1520,800,0,0,179.98270113514855,179.98270113514855,89.99135056757427,0.0,4100,4200,390.0,134.9870258513614,30.155,25.0,25.0,0.6997160753466037,0.7144210340559312,1.0,0.0,0.0,0.0,0.0,36.34317392783551,38.676823254364386,35.73629968511266,43.31518701828594,40.775,40.775,40.775,40.775
2025-12-22T18:01:05.896083,1.600,383.06792379666683,6999.14720608301,179.96588824332042,4100,1500,1520,40.0,35.0,20.0,6999.14720608301,134.9744161824903,1500,1520,800,0,0,179.96588824332042,179.96588824332042,89.98294412166021,0.0,4100,4200,390.0,134.9744161824903,30.16,25.0,25.0,0.717356090899523,0.6967067093471652,1.0,0.0,0.0,0.0,0.0,41.724240374760356,37.86129294156286,38.93848590814538,44.06922154005967,40.8,40.8,40.8,40.8
2025-12-22T18:01:05.946539,1.650,383.50245119497356,6993.730056907838,179.7492022763135,4100,1500,1520,40.0,35.0,20.0,6993.730056907838,134.8119017072351,1500,1520,800,0,0,179.7492022763135,179.7492022763135,89.87460113815675,0.0,4100,4200,390.0,134.8119017072351,30.165,25.0,25.0,0.7345477822465788,0.6785569656238396,1.0,0.0,0.0,0.0,0.0,41.11339497113838,36.55366341998802,41.9896643244582,39.93015436281844,40.825,40.825,40.825,40.825
2025-12-22T18:01:06.000430,1.700,383.21652701342873,6983.329620904937,179.33318483619746,4100,1500,1520,40.0,35.0,20.0,6983.329620904937,134.4998886271481,1500,1520,800,0,0,179.33318483619746,179.33318483619746,89.66659241809873,0.0,4100,4200,390.0,134.4998886271481,30.17,25.0,25.0,0.751280405140293,0.6599831458849819,1.0,0.0,0.0,0.0,0.0,36.41459542495446,44.21219991764562,36.15635644707006,36.00031388742759,40.85,40.85,40.85,40.85
2025-12-22T18:01:06.052993,1.750,382.9083449023599,6967.971893747874,178.71887574991493,4100,1500,1520,40.0,35.0,20.0,6967.971893747874,134.0391568124362,1500,1520,800,0,0,178.71887574991493,178.71887574991493,89.35943787495746,0.0,4100,4200,390.0,134.0391568124362,30.175,25.0,25.0,0.7675435022360273,0.6409968581633247,1.0,0.0,0.0,0.0,0.0,40.977971732136574,42.90592905582011,42.55691111014107,36.77154464543248,40.875,40.875,40.875,40.875
2025-12-22T18:01:06.103557,1.800,383.21110073315697,6947.695261756389,177.90781047025558,4100,1500,1520,40.0,35.0,20.0,6947.695261756389,133.4308578526917,1500,1520,800,0,0,177.90781047025558,177.90781047025558,88.95390523512779,0.0,4100,4200,390.0,133.4308578526917,30.18,25.0,25.0,0.7833269096274836,0.6216099682706641,1.0,0.0,0.0,0.0,0.0,42.39929457790369,35.989102545319824,35.51688777884584,38.65312386423424,40.9,40.9,40.9,40.9
2025-12-22T18:01:06.154143,1.850,383.450038219738,6922.550405950599,176.90201623802398,4100,1500,1520,40.0,35.0,20.0,6922.550405950599,132.67651217851798,1500,1520,800,0,0,176.90201623802398,176.90201623802398,88.45100811901199,0.0,4100,4200,390.0,132.67651217851798,30.185,25.0,25.0,0.7986207631988145,0.6018345923821121,0.9999999999999999,0.0,0.0,0.0,0.0,42.188136024949415,38.790368948555184,43.35401133964577,44.85783518527441,40.925,40.925,40.925,40.925
2025-12-22T18:01:06.204701,1.900,383.506483686435,6892.600175374828,175.70400701499312,4100,1500,1520,40.0,35.0,20.0,6892.600175374828,131.77800526124486,1500,1520,800,0,0,175.70400701499312,175.70400701499312,87.85200350749656,0.0,4100,4200,390.0,131.77800526124486,30.19,25.0,25.0,0.8134155047893741,0.581683089463883,1.0,0.0,0.0,0.0,0.0,35.11328753589626,42.762887160721995,38.95446041384753,36.591757990826075,40.95,40.95,40.95,40.95
2025-12-22T18:01:06.255431,1.950,383.28962456075453,6857.919430007738,174.3167772003095,4100,1500,1520,40.0,35.0,20.0,6857.919430007738,130.73758290023213,1500,1520,800,0,0,174.3167772003095,174.3167772003095,87.15838860015475,0.0,4100,4200,390.0,130.73758290023213,30.195,25.0,25.0,0.827701888167258,0.561168053549341,1.0,0.0,0.0,0.0,0.0,41.86069846476936,39.09666348221899,40.34421060772865,37.941763925054744,40.975,40.975,40.975,40.975
2025-12-22T18:01:06.305950,2.000,383.2382104477387,6818.594853651362,172.7437941460545,4100,1500,1520,40.0,35.0,20.0,6818.594853651362,129.5578456095409,1500,1520,800,0,0,172.7437941460545,172.7437941460545,86.37189707302726,0.0,4100,4200,390.0,129.5578456095409,30.2,25.0,25.0,0.8414709848078967,0.5403023058681393,0.9999999999999999,0.0,0.0,0.0,0.0,38.44907838639801,43.158022790537984,38.27314657139824,37.55217316420448,41.0,41.0,41.0,41.0
2025-12-22T18:01:06.356377,2.050,384.0054306720137,6774.72473726675,170.98898949067,4100,1500,1520,40.0,35.0,20.0,6774.72473726675,128.2417421180025,1500,1520,800,0,0,170.98898949067,170.98898949067,85.494494745335,0.0,4100,4200,390.0,128.2417421180025,30.205,25.0,25.0,0.8547141894740936,0.5190988868333694,1.0,0.0,0.0,0.0,0.0,40.81285754062617,37.019433011819565,39.64564461525712,37.741728944177275,41.025,41.025,41.025,41.025
2025-12-22T18:01:06.407001,2.100,383.74141189474454,6726.418733297747,169.05674933190988,4100,1500,1520,40.0,35.0,20.0,6726.418733297747,126.79256199893241,1500,1520,800,0,0,169.05674933190988,169.05674933190988,84.52837466595494,0.0,4100,4200,390.0,126.79256199893241,30.21,25.0,25.0,0.8674232255940171,0.49757104789172674,1.0,0.0,0.0,0.0,0.0,40.19144570944959,39.88672366018043,37.27990312003351,38.658868882930165,41.05,41.05,41.05,41.05
2025-12-22T18:01:06.457175,2.150,384.008978927824,6673.797581596995,166.95190326387979,4100,1500,1520,40.0,35.0,20.0,6673.797581596995,125.21392744790984,1500,1520,800,0,0,166.95190326387979,166.95190326387979,83.47595163193989,0.0,4100,4200,390.0,125.21392744790982,30.215,25.0,25.0,0.8795901504337891,0.4757322432417886,1.0,0.0,0.0,0.0,0.0,36.89749024736055,43.7100150727011,37.61576751123187,39.44089897218258,41.075,41.075,41.075,41.075
2025-12-22T18:01:06.508137,2.200,383.9983604039345,6616.992807639181,164.6797123055672,4100,1500,1520,40.0,35.0,20.0,6616.992807639181,123.5097842291754,1500,1520,800,0,0,164.6797123055672,164.6797123055672,82.3398561527836,0.0,4100,4200,390.0,123.5097842291754,30.22,25.0,25.0,0.8912073600614354,0.4535961214255773,1.0,0.0,0.0,0.0,0.0,37.25846845712147,35.73354664300874,41.347995138763935,43.388976466496295,41.1,41.1,41.1,41.1
2025-12-22T18:01:06.560241,2.250,384.14626415250297,6556.146393775843,162.2458557510337,4100,1500,1520,40.0,35.0,20.0,6556.146393775843,121.68439181327528,1500,1520,800,0,0,162.2458557510337,162.2458557510337,81.12292787551685,0.0,4100,4200,390.0,121.68439181327528,30.225,25.0,25.0,0.9022675940990952,0.4311765167986662,1.0,0.0,0.0,0.0,0.0,36.25144459495624,44.733161923273045,39.07427303404335,35.07879491410689,41.125,41.125,41.125,41.125
2025-12-22T18:01:06.612781,2.300,384.4504216049972,6491.41042435344,159.6564169741376,4100,1500,1520,40.0,35.0,20.0,6491.41042435344,119.7423127306032,1500,1520,800,0,0,159.6564169741376,159.6564169741376,79.8282084870688,0.0,4100,4200,390.0,119.7423127306032,30.23,25.0,25.0,0.912763940260521,0.4084874408841574,0.9999999999999999,0.0,0.0,0.0,0.0,41.18325522990307,41.256902435182155,43.44597324659301,42.34936449715049,41.15,41.15,41.15,41.15
2025-12-22T18:01:06.664319,2.350,383.98828312111664,6422.9467055816895,156.9178682232676,4100,1500,1520,40.0,35.0,20.0,6422.9467055816895,117.68840116745069,1500,1520,800,0,0,156.9178682232676,156.9178682232676,78.4589341116338,0.0,4100,4200,390.0,117.68840116745068,30.235,25.0,25.0,0.9226898386710329,0.3855430736159362,1.0,0.0,0.0,0.0,0.0,37.17155023751083,43.71197629032395,35.46337381317776,38.59446315116968,41.175,41.175,41.175,41.175
2025-12-22T18:01:06.715400,2.400,384.57040332137575,6350.9263611023025,154.03705444409212,4100,1500,1520,40.0,35.0,20.0,6350.9263611023025,115.52779083306909,1500,1520,800,0,0,154.03705444409212,154.03705444409212,77.01852722204606,0.0,4100,4200,390.0,115.52779083306909,30.24,25.0,25.0,0.9320390859672263,0.36235775447667384,1.0,0.0,0.0,0.0,0.0,35.24003645804702,41.99941236394548,42.64944644378859,35.904493190297735,41.2,41.2,41.2,41.2
2025-12-22T18:01:06.765543,2.450,384.42105631053084,6275.529404269008,151.02117617076033,4100,1500,1520,40.0,35.0,20.0,6275.529404269008,113.26588212807025,1500,1520,800,0,0,151.02117617076033,151.02117617076033,75.51058808538016,0.0,4100,4200,390.0,113.26588212807023,30.245,25.0,25.0,0.940805839173872,0.33894597353611766,1.0,0.0,0.0,0.0,0.0,37.944561386840796,44.962457496367506,43.937732439438705,44.78586799021877,41.225,41.225,41.225,41.225
2025-12-22T18:01:06.815821,2.500,384.1484164113192,6196.944288207915,147.87777152831657,4100,1500,1520,40.0,35.0,20.0,6196.944288207915,110.90832864623744,1500,1520,800,0,0,147.87777152831657,147.87777152831657,73.93888576415829,0.0,4100,4200,390.0,110.90832864623744,30.25,25.0,25.0,0.9489846193555861,0.31532236239526906,1.0,0.0,0.0,0.0,0.0,44.12152288212526,44.94432787666763,38.81873555544225,41.76748978710267,41.25,41.25,41.25,41.25
2025-12-22T18:01:06.866407,2.550,384.8405295952537,6115.3674347828355,144.61469739131343,4100,1500,1520,40.0,35.0,20.0,6115.3674347828355,108.46102304348507,1500,1520,800,0,0,144.61469739131343,144.61469739131343,72.30734869565671,0.0,4100,4200,390.0,108.46102304348508,30.255,25.0,25.0,0.9565703150409858,0.2915016850421095,1.0,0.0,0.0,0.0,0.0,36.178965757981366,40.509762711093316,35.0943475859027,35.38610624771132,41.275,41.275,41.275,41.275
2025-12-22T18:01:06.916809,2.600,384.67337770326105,6031.00274364293,141.24010974571723,4100,1500,1520,40.0,35.0,20.0,6031.00274364293,105.93008230928793,1500,1520,800,0,0,141.24010974571723,141.24010974571723,70.62005487285862,0.0,4100,4200,390.0,105.93008230928793,30.26,25.0,25.0,0.9635581854171928,0.267498828624588,1.0,0.0,0.0,0.0,0.0,44.17105093417966,42.461707853496506,35.805525174108745,41.68606260656584,41.3,41.3,41.3,41.3
2025-12-22T18:01:06.967592,2.650,384.7621169785372,5944.061082579768,137.7624433031907,4100,1500,1520,40.0,35.0,20.0,5944.061082579768,103.32183247739303,1500,1520,800,0,0,137.7624433031907,137.7624433031907,68.88122165159535,0.0,4100,4200,390.0,103.32183247739303,30.265,25.0,25.0,0.969943863292687,0.2433287941466389,1.0,0.0,0.0,0.0,0.0,39.08594141503412,41.74318943986512,43.15418765427398,37.152550432709496,41.325,41.325,41.325,41.325
2025-12-22T18:01:07.022627,2.700,385.38023993203456,5854.759760467663,134.1903904187065,4100,1500,1520,40.0,35.0,20.0,5854.759760467663,100.64279281402987,1500,1520,800,0,0,134.1903904187065,134.1903904187065,67.09519520935325,0.0,4100,4200,390.0,100.64279281402987,30.27,25.0,25.0,0.9757233578266589,0.21900668709304236,0.9999999999999999,0.0,0.0,0.0,0.0,39.05496936254836,39.76923128222117,36.268095175381625,41.12371596894091,41.35,41.35,41.35,41.35
2025-12-22T18:01:07.073215,2.750,384.8070642597243,5763.321984104667,130.53287936418667,4100,1500,1520,40.0,35.0,20.0,5763.321984104667,97.89965952314,1500,1520,800,0,0,130.53287936418667,130.53287936418667,65.26643968209333,0.0,4100,4200,390.0,97.89965952314,30.275,25.0,25.0,0.9808930570231555,0.19454770798898804,1.0,0.0,0.0,0.0,0.0,42.85351198521916,41.21931877231447,40.96411754584239,39.33138059765831,41.375,41.375,41.375,41.375
2025-12-22T18:01:07.125837,2.800,384.8017869374632,5669.976300311813,126.79905201247254,4100,1500,1520,40.0,35.0,20.0,5669.976300311813,95.09928900935441,1500,1520,800,0,0,126.79905201247254,126.79905201247254,63.39952600623627,0.0,4100,4200,390.0,95.09928900935441,30.28,25.0,25.0,0.98544972998846,0.1699671429002419,1.0,0.0,0.0,0.0,0.0,41.78453115560224,41.49436882317323,39.778651107142935,35.290134641146935,41.4,41.4,41.4,41.4
2025-12-22T18:01:07.176412,2.850,385.5440007832235,5574.956024685093,122.99824098740373,4100,1500,1520,40.0,35.0,20.0,5574.956024685093,92.2486807405528,1500,1520,800,0,0,122.99824098740373,122.99824098740373,61.49912049370187,0.0,4100,4200,390.0,92.2486807405528,30.285,25.0,25.0,0.9893905289502951,0.14528035387985244,1.0,0.0,0.0,0.0,0.0,43.97554565680623,37.30828912952655,35.950975737273545,44.513481221993416,41.425,41.425,41.425,41.425
2025-12-22T18:01:07.227001,2.900,385.27814975714665,5478.4986584279695,119.13994633711877,4100,1500,1520,40.0,35.0,20.0,5478.4986584279695,89.35495975283908,1500,1520,800,0,0,119.13994633711877,119.13994633711877,59.569973168559386,0.0,4100,4200,390.0,89.35495975283908,30.29,25.0,25.0,0.9927129910375884,0.12050276936736772,1.0,0.0,0.0,0.0,0.0,40.9515440077582,38.47295777258691,44.530368872424,40.252265337666415,41.449999999999996,41.449999999999996,41.449999999999996,41.449999999999996
2025-12-22T18:01:07.277678,2.950,385.47742644570405,5380.845294722059,115.23381178888238,4100,1500,1520,40.0,35.0,20.0,5380.845294722059,86.42535884166179,1500,1520,800,0,0,115.23381178888238,115.23381178888238,57.61690589444119,0.0,4100,4200,390.0,86.42535884166179,30.294999999999998,25.0,25.0,0.9954150398196858,0.09564987454656287,1.0,0.0,0.0,0.0,0.0,43.05029947421334,41.513239425775055,37.1752043967161,43.82342565601473,41.475,41.475,41.475,41.475
2025-12-22T18:01:07.328176,3.000,386.08496131541665,5282.24001611974,111.28960064478959,4100,1500,1520,40.0,35.0,20.0,5282.24001611974,83.4672004835922,1500,1520,800,0,0,111.28960064478959,111.28960064478959,55.644800322394794,0.0,4100,4200,390.0,83.4672004835922,30.3,25.0,25.0,0.9974949866040543,0.07073720166770424,1.0,0.0,0.0,0.0,0.0,40.78092915819625,41.302528766067425,36.07586858414882,38.044050848218475,41.5,41.5,41.5,41.5
2025-12-22T18:01:07.378752,3.050,385.55915186215805,5182.92928446488,107.31717137859519,4100,1500,1520,40.0,35.0,20.0,5182.92928446488,80.4878785339464,1500,1520,800,0,0,107.31717137859519,107.31717137859519,53.658585689297595,0.0,4100,4200,390.0,80.4878785339464,30.305,25.0,25.0,0.9989515314916587,0.045780320340398604,0.9999999999999999,0.0,0.0,0.0,0.0,43.98258006012819,43.17251289052874,38.825031201667095,35.27406885142285,41.525,41.525,41.525,41.525
2025-12-22T18:01:07.429134,3.100,386.53203970324716,5083.161324866587,103.32645299466348,4100,1500,1520,40.0,35.0,20.0,5083.161324866587,77.49483974599761,1500,1520,800,0,0,103.32645299466348,103.32645299466348,51.66322649733174,0.0,4100,4200,390.0,77.49483974599761,30.31,25.0,25.0,0.9997837641893569,0.020794827803093982,0.9999999999999999,0.0,0.0,0.0,0.0,39.71800747198113,40.62238328706745,44.74354882231545,41.213480483796396,41.55,41.55,41.55,41.55
2025-12-22T18:01:07.479710,3.150,386.0509047183573,4983.185505265709,99.32742021062836,4100,1500,1520,40.0,35.0,20.0,4983.185505265709,74.49556515797127,1500,1520,800,0,0,99.32742021062836,99.32742021062836,49.66371010531418,0.0,4100,4200,390.0,74.49556515797127,30.315,25.0,25.0,0.9999911645788032,-0.004203660824686709,1.0,0.0,0.0,0.0,0.0,40.94082126733772,36.53941883296239,35.67870288497079,38.47712422918845,41.574999999999996,41.574999999999996,41.574999999999996,41.574999999999996
2025-12-22T18:01:07.530029,3.200,386.64025257605977,4883.251713144847,95.33006852579388,4100,1500,1520,40.0,35.0,20.0,4883.251713144847,71.49755139434541,1500,1520,800,0,0,95.33006852579388,95.33006852579388,47.66503426289694,0.0,4100,4200,390.0,71.49755139434541,30.32,25.0,25.0,0.9995736030415052,-0.02919952230128704,1.0,0.0,0.0,0.0,0.0,39.16915057518509,44.714931310162775,39.40865019461553,41.973901271319164,41.6,41.6,41.6,41.6
2025-12-22T18:01:07.583036,3.250,386.74105832780975,4783.60973093979,91.34438923759161,4100,1500,1520,40.0,35.0,20.0,4783.60973093979,68.50829192819371,1500,1520,800,0,0,91.34438923759161,91.34438923759161,45.67219461879581,0.0,4100,4200,390.0,68.50829192819371,30.325,25.0,25.0,0.9985313405398317,-0.054177135026934546,1.0,0.0,0.0,0.0,0.0,42.046921175301634,38.274044771211614,40.11829554870584,43.41862147987655,41.625,41.625,41.625,41.625
2025-12-22T18:01:07.634068,3.300,386.4409760026297,4684.508611713511,87.38034446854043,4100,1500,1520,40.0,35.0,20.0,4684.508611713511,65.53525835140532,1500,1520,800,0,0,87.38034446854043,87.38034446854043,43.690172234270214,0.0,4100,4200,390.0,65.53525835140532,30.33,25.0,25.0,0.996865028453919,-0.0791208888067321,1.0,0.0,0.0,0.0,0.0,42.68580751150171,40.418985009358536,36.181024516211636,43.38770975936508,41.65,41.65,41.65,41.65
2025-12-22T18:01:07.687178,3.350,386.65095975759243,4586.196056653208,83.44784226612833,4100,1500,1520,40.0,35.0,20.0,4586.196056653208,62.58588169959625,1500,1520,800,0,0,83.44784226612833,83.44784226612833,41.72392113306417,0.0,4100,4200,390.0,62.58588169959624,30.335,25.0,25.0,0.9945757081745801,-0.10401519460652155,1.0,0.0,0.0,0.0,0.0,36.08929375743188,36.62409606638281,36.99420747153864,37.08165452727434,41.675,41.675,41.675,41.675
2025-12-22T18:01:07.737302,3.400,386.88770065107036,4488.917795946345,79.55671183785381,4100,1500,1520,40.0,35.0,20.0,4488.917795946345,59.66753387839036,1500,1520,800,0,0,79.55671183785381,79.55671183785381,39.778355918926906,0.0,4100,4200,390.0,59.66753387839036,30.34,25.0,25.0,0.9916648104524689,-0.12884449429552267,1.0,0.0,0.0,0.0,0.0,38.12786524499494,35.51609972214664,35.58832585598748,38.27649091073582,41.699999999999996,41.699999999999996,41.699999999999996,41.699999999999996
2025-12-22T18:01:07.787597,3.450,386.67201245193803,4392.91697458315,75.71667898332599,4100,1500,1520,40.0,35.0,20.0,4392.91697458315,56.78750923749449,1500,1520,800,0,0,75.71667898332599,75.71667898332599,37.858339491662996,0.0,4100,4200,390.0,56.78750923749449,30.345,25.0,25.0,0.988134154503908,-0.15359327036965842,1.0,0.0,0.0,0.0,0.0,40.936505182525146,39.26027145367243,36.25215513403455,36.351666585840135,41.724999999999994,41.724999999999994,41.724999999999994,41.724999999999994
2025-12-22T18:01:07.838199,3.500,387.6426458939138,4298.433544620769,71.93734178483075,4100,1500,1520,40.0,35.0,20.0,4298.433544620769,53.95300633862306,1500,1520,800,0,0,71.93734178483075,71.93734178483075,35.968670892415375,0.0,4100,4200,390.0,53.95300633862306,30.349999999999998,25.0,25.0,0.9839859468739373,-0.1782460556494899,0.9999999999999999,0.0,0.0,0.0,0.0,43.94927857166627,37.76506675031128,41.580198102840235,36.55198397055406,41.75,41.75,41.75,41.75
2025-12-22T18:01:07.888831,3.550,387.25155551953674,4205.703665428088,68.22814661712354,4100,1500,1520,40.0,35.0,20.0,4205.703665428088,51.17110996284266,1500,1520,800,0,0,68.22814661712354,68.22814661712354,34.11407330856177,0.0,4100,4200,390.0,51.17110996284266,30.355,25.0,25.0,0.9792227800572957,-0.20278744294670004,1.0,0.0,0.0,0.0,0.0,35.387122327667,38.46869086808785,40.879667592172915,42.74697260339205,41.775,41.775,41.775,41.775
2025-12-22T18:01:07.939358,3.600,387.6422321970708,4114.959113410304,64.59836453641216,4100,1500,1520,40.0,35.0,20.0,4114.959113410304,48.44877340230912,1500,1520,800,0,0,64.59836453641216,64.59836453641216,32.29918226820608,0.0,4100,4200,390.0,48.44877340230912,30.36,25.0,25.0,0.9738476308781957,-0.22720209469308472,1.0,0.0,0.0,0.0,0.0,44.09771603185915,35.51126020168785,43.31697544592823,35.843503720767764,41.8,41.8,41.8,41.8
2025-12-22T18:01:07.992162,3.650,387.76548711859186,4026.4267026886096,61.05706810754439,4100,1500,1520,40.0,35.0,20.0,4026.4267026886096,45.79280108065829,1500,1520,800,0,0,61.05706810754439,61.05706810754439,30.528534053772194,0.0,4100,4200,390.0,45.79280108065829,30.365,25.0,25.0,0.9678638586299058,-0.2514747525260337,1.0,0.0,0.0,0.0,0.0,39.60661905321483,41.85672439541271,42.44588159174973,39.70868903473003,41.824999999999996,41.824999999999996,41.824999999999996,41.824999999999996
2025-12-22T18:01:08.043194,3.700,387.4124801676656,3940.3277181830226,57.61310872732089,4100,1500,1520,40.0,35.0,20.0,3940.3277181830226,43.20983154549067,1500,1520,800,0,0,57.61310872732089,57.61310872732089,28.806554363660446,0.0,4100,4200,390.0,43.20983154549067,30.37,25.0,25.0,0.9612752029753007,-0.2755902468245104,1.0,0.0,0.0,0.0,0.0,35.70080313887315,37.53165902741348,38.127857177793274,38.679083131508385,41.849999999999994,41.849999999999994,41.849999999999994,41.849999999999994
2025-12-22T18:01:08.093302,3.750,387.989472615006,3856.8773625153212,54.27509450061285,4100,1500,1520,40.0,35.0,20.0,3856.8773625153212,40.70632087545964,1500,1520,800,0,0,54.27509450061285,54.27509450061285,27.137547250306426,0.0,4100,4200,390.0,40.70632087545964,30.375,25.0,25.0,0.9540857816096946,-0.2995335061895716,1.0,0.0,0.0,0.0,0.0,38.030716195419366,39.425620139574264,36.864975946299744,38.86849866256013,41.875,41.875,41.875,41.875
2025-12-22T18:01:08.143881,3.800,388.22775790296885,3776.2842181145706,51.05136872458282,4100,1500,1520,40.0,35.0,20.0,3776.2842181145706,38.288526543437115,1500,1520,800,0,0,51.05136872458282,51.05136872458282,25.52568436229141,0.0,4100,4200,390.0,38.288526543437115,30.38,25.0,25.0,0.9463000876874154,-0.3232895668635008,1.0,0.0,0.0,0.0,0.0,40.22166672356299,39.27759902237756,39.14060183979727,44.60398843284247,41.9,41.9,41.9,41.9
2025-12-22T18:01:08.198472,3.850,388.04587427185675,3698.749725869674,47.94998903478696,4100,1500,1520,40.0,35.0,20.0,3698.749725869674,35.96249177609022,1500,1520,800,0,0,47.94998903478696,47.94998903478696,23.97499451739348,0.0,4100,4200,390.0,35.96249177609022,30.384999999999998,25.0,25.0,0.9379229870137291,-0.34684358208167004,1.0,0.0,0.0,0.0,0.0,40.275410122490506,42.776647057952886,42.4627635228014,44.42513940199783,41.925,41.925,41.925,41.925
2025-12-22T18:01:08.249024,3.900,388.4731701466062,3624.4676816320607,44.97870726528244,4100,1500,1520,40.0,35.0,20.0,3624.4676816320607,33.73403044896183,1500,1520,800,0,0,44.97870726528244,44.97870726528244,22.48935363264122,0.0,4100,4200,390.0,33.73403044896183,30.39,25.0,25.0,0.9289597150038704,-0.3701808313512842,1.0,0.0,0.0,0.0,0.0,43.62803775451372,41.79843981584412,43.430452121988075,35.78914589712868,41.949999999999996,41.949999999999996,41.949999999999996,41.949999999999996
2025-12-22T18:01:08.299224,3.950,388.7363476291217,3553.6237518269845,42.14495007307938,4100,1500,1520,40.0,35.0,20.0,3553.6237518269845,31.608712554809536,1500,1520,800,0,0,42.14495007307938,42.14495007307938,21.07247503653969,0.0,4100,4200,390.0,31.608712554809536,30.395,25.0,25.0,0.9194158734110783,-0.39328672965121003,1.0,0.0,0.0,0.0,0.0,39.45797861444185,38.71816567566573,35.688694347677355,41.92785033896236,41.974999999999994,41.974999999999994,41.974999999999994,41.974999999999994
2025-12-22T18:01:08.349797,4.000,388.2805680848985,3486.3950093841513,39.45580037536607,4100,1500,1520,40.0,35.0,20.0,3486.3950093841513,29.59185028152455,1500,1520,800,0,0,39.45580037536607,39.45580037536607,19.727900187683034,0.0,4100,4200,390.0,29.59185028152455,30.4,25.0,25.0,0.909297426825683,-0.4161468365471396,1.0,0.0,0.0,0.0,0.0,40.297752185427115,43.45435076447239,37.28064597673055,43.229078568537304,42.0,42.0,42.0,42.0
2025-12-22T18:01:08.400432,4.050,389.0248202790543,3422.9494911476177,36.91797964590471,4100,1500,1520,40.0,35.0,20.0,3422.9494911476177,27.68848473442853,1500,1520,800,0,0,36.91797964590471,36.91797964590471,18.458989822952354,0.0,4100,4200,390.0,27.688484734428535,30.405,25.0,25.0,0.8986106989474305,-0.4387468652163914,0.9999999999999999,0.0,0.0,0.0,0.0,39.93226893057424,37.2777825022453,39.06122658450225,36.197547319122776,42.025,42.025,42.025,42.025
2025-12-22T18:01:08.451294,4.100,388.44686336320274,3363.4457778711867,34.537831114847464,4100,1500,1520,40.0,35.0,20.0,3363.4457778711867,25.903373336135598,1500,1520,800,0,0,34.537831114847464,34.537831114847464,17.268915557423732,0.0,4100,4200,390.0,25.903373336135598,30.41,25.0,25.0,0.8873623686333769,-0.46107269137671,1.0,0.0,0.0,0.0,0.0,41.13896630721862,44.27668447179985,38.38360533450863,37.17605757538353,42.05,42.05,42.05,42.05
2025-12-22T18:01:08.501730,4.150,388.5858067866975,3308.0325978491146,32.321303913964584,4100,1500,1520,40.0,35.0,20.0,3308.0325978491146,24.24097793547344,1500,1520,800,0,0,32.321303913964584,32.321303913964584,16.160651956982292,0.0,4100,4200,390.0,24.24097793547344,30.415,25.0,25.0,0.8755594657238195,-0.48311036211348213,1.0,0.0,0.0,0.0,0.0,44.396239740312794,38.96193450921077,40.815331881807886,37.48463169311799,42.074999999999996,42.074999999999996,42.074999999999996,42.074999999999996
2025-12-22T18:01:08.552285,4.200,389.210232229358,3256.8484551728307,30.27393820691323,4100,1500,1520,40.0,35.0,20.0,3256.8484551728307,22.70545365518492,1500,1520,800,0,0,30.27393820691323,30.27393820691323,15.136969103456615,0.0,4100,4200,390.0,22.70545365518492,30.419999999999998,25.0,25.0,0.8632093666488755,-0.5048461045998545,1.0,0.0,0.0,0.0,0.0,37.87288602126971,35.73056163373253,42.55307211844816,40.361697727749586,42.099999999999994,42.099999999999994,42.099999999999994,42.099999999999994
2025-12-22T18:01:08.604820,4.250,389.0347459422828,3210.0212835428392,28.400851341713576,4100,1500,1520,40.0,35.0,20.0,3210.0212835428392,21.300638506285182,1500,1520,800,0,0,28.400851341713576,28.400851341713576,14.200425670856788,0.0,4100,4200,390.0,21.300638506285182,30.425,25.0,25.0,0.8503197898184539,-0.526266334704302,1.0,0.0,0.0,0.0,0.0,42.234838787426085,44.011441260806464,42.426656128090826,41.32874631779426,42.125,42.125,42.125,42.125
2025-12-22T18:01:08.655823,4.300,389.3483776144167,3167.6681265010957,26.706725060043837,4100,1500,1520,40.0,35.0,20.0,3167.6681265010957,20.030043795032878,1500,1520,800,0,0,26.706725060043837,26.706725060043837,13.353362530021919,0.0,4100,4200,390.0,20.030043795032878,30.43,25.0,25.0,0.8368987907984997,-0.5473576654802681,1.0,0.0,0.0,0.0,0.0,35.29821414181889,37.37441293853392,40.00246624760883,39.07386641612827,42.15,42.15,42.15,42.15
2025-12-22T18:01:08.707555,4.350,389.3342282946048,3129.894844883107,25.195793795324278,4100,1500,1520,40.0,35.0,20.0,3129.894844883107,18.89684534649321,1500,1520,800,0,0,25.195793795324278,25.195793795324278,12.597896897662139,0.0,4100,4200,390.0,18.89684534649321,30.435,25.0,25.0,0.8229547572765281,-0.5681069155325701,1.0,0.0,0.0,0.0,0.0,39.31522922866093,40.23677869339051,35.20113857658962,41.95318989303904,42.175,42.175,42.175,42.175
2025-12-22T18:01:08.758728,4.400,389.16789580740226,3096.795852220973,23.87183408883891,4100,1500,1520,40.0,35.0,20.0,3096.795852220973,17.903875566629182,1500,1520,800,0,0,23.87183408883891,23.87183408883891,11.935917044419455,0.0,4100,4200,390.0,17.903875566629182,30.439999999999998,25.0,25.0,0.8084964038195924,-0.5885011172553426,1.0,0.0,0.0,0.0,0.0,40.554273303117725,42.076824810232836,40.49897092662177,36.45568237334672,42.199999999999996,42.199999999999996,42.199999999999996,42.199999999999996
2025-12-22T18:01:08.808901,4.450,389.2310965688145,3068.4538787587267,22.73815515034906,4100,1500,1520,40.0,35.0,20.0,3068.4538787587267,17.053616362761794,1500,1520,800,0,0,22.73815515034906,22.73815515034906,11.36907757517453,0.0,4100,4200,390.0,17.053616362761794,30.445,25.0,25.0,0.7935327664279636,-0.6085275249363689,1.0,0.0,0.0,0.0,0.0,42.692809178657555,35.476142334227106,42.815017458680146,36.17068220357186,42.224999999999994,42.224999999999994,42.224999999999994,42.224999999999994
2025-12-22T18:01:08.859522,4.500,388.96199472405243,3044.9397646698094,21.797590586792367,4100,1500,1520,40.0,35.0,20.0,3044.9397646698094,16.348192940094275,1500,1520,800,0,0,21.797590586792367,21.797590586792367,10.898795293396184,0.0,4100,4200,390.0,16.348192940094275,30.45,25.0,25.0,0.7780731968879238,-0.628173622722736,1.0,0.0,0.0,0.0,0.0,35.021330219276464,38.61049663715118,43.131060188726536,38.88113008479416,42.24999999999999,42.24999999999999,42.24999999999999,42.24999999999999
2025-12-22T18:01:08.910052,4.550,389.1180314353252,3026.312282993529,21.05249131974118,4100,1500,1520,40.0,35.0,20.0,3026.312282993529,15.789368489805884,1500,1520,800,0,0,21.05249131974118,21.05249131974118,10.52624565987059,0.0,4100,4200,390.0,15.789368489805884,30.455,25.0,25.0,0.7621273569272049,-0.6474271324428355,1.0,0.0,0.0,0.0,0.0,41.41614144725661,43.21781981004865,43.90373757743927,40.10180745382947,42.275,42.275,42.275,42.275
2025-12-22T18:01:08.960823,4.600,389.22416755273673,3012.617992733073,20.504719709322913,4100,1500,1520,40.0,35.0,20.0,3012.617992733073,15.378539781992185,1500,1520,800,0,0,20.504719709322913,20.504719709322913,10.252359854661456,0.0,4100,4200,390.0,15.378539781992185,30.46,25.0,25.0,0.7457052121767229,-0.6662760212798211,1.0,0.0,0.0,0.0,0.0,37.99950817206216,36.96776887976207,37.51754782146182,43.15587199729056,42.3,42.3,42.3,42.3
2025-12-22T18:01:09.013376,4.650,389.3544540882906,3003.8911224822423,20.155644899289683,4100,1500,1520,40.0,35.0,20.0,3003.8911224822423,15.116733674467262,1500,1520,800,0,0,20.155644899289683,20.155644899289683,10.077822449644842,0.0,4100,4200,390.0,15.116733674467264,30.465,25.0,25.0,0.7288170259423831,-0.6847085092917276,1.0,0.0,0.0,0.0,0.0,41.62619095097618,41.9966844250268,42.30991862967872,35.77864983012786,42.324999999999996,42.324999999999996,42.324999999999996,42.324999999999996
2025-12-22T18:01:09.064923,4.700,388.8290041171572,3000.1534848717984,20.006139394871937,4100,1500,1520,40.0,35.0,20.0,3000.1534848717984,15.004604546153953,1500,1520,800,0,0,20.006139394871937,20.006139394871937,10.003069697435969,0.0,4100,4200,390.0,15.004604546153953,30.47,25.0,25.0,0.7114733527908474,-0.7027130767735508,1.0,0.0,0.0,0.0,0.0,35.682530788650666,37.21334681314972,38.241619862176755,44.042456682783495,42.349999999999994,42.349999999999994,42.349999999999994,42.349999999999994
2025-12-22T18:01:09.115989,4.750,389.64921334501696,3001.4144220492435,20.056576881969733,4100,1500,1520,40.0,35.0,20.0,3001.4144220492435,15.0424326614773,1500,1520,800,0,0,20.056576881969733,20.056576881969733,10.028288440984866,0.0,4100,4200,390.0,15.042432661477301,30.474999999999998,25.0,25.0,0.693685031953275,-0.7202784714566887,1.0,0.0,0.0,0.0,0.0,40.092684616971816,44.06723628890383,38.6399812904535,36.57211883984176,42.37499999999999,42.37499999999999,42.37499999999999,42.37499999999999
2025-12-22T18:01:09.166580,4.800,389.40757733071734,3007.670782328317,20.30683129313269,4100,1500,1520,40.0,35.0,20.0,3007.670782328317,15.230123469849516,1500,1520,800,0,0,20.30683129313269,20.30683129313269,10.153415646566344,0.0,4100,4200,390.0,15.230123469849516,30.48,25.0,25.0,0.6754631805511543,-0.7373937155412424,1.0,0.0,0.0,0.0,0.0,35.92565857677832,42.16522697967943,44.30171683372793,36.20053769227362,42.4,42.4,42.4,42.4
2025-12-22T18:01:09.218123,4.850,389.1621424858429,3018.906928066571,20.756277122662837,4100,1500,1520,40.0,35.0,20.0,3018.906928066571,15.567207841997128,1500,1520,800,0,0,20.756277122662837,20.756277122662837,10.378138561331419,0.0,4100,4200,390.0,15.567207841997128,30.485,25.0,25.0,0.6568191866484647,-0.7540481125567846,1.0,0.0,0.0,0.0,0.0,36.11579050892441,36.31025196445929,44.01224846142766,44.90861693315586,42.425,42.425,42.425,42.425
2025-12-22T18:01:09.269027,4.900,389.1160061633881,3035.0947747513314,21.403790990053267,4100,1500,1520,40.0,35.0,20.0,3035.0947747513314,16.05284324253995,1500,1520,800,0,0,21.403790990053267,21.403790990053267,10.701895495026633,0.0,4100,4200,390.0,16.05284324253995,30.49,25.0,25.0,0.6377647021345074,-0.7702312540473043,1.0,0.0,0.0,0.0,0.0,39.667986632922606,41.618234516628114,42.51861171277256,40.6822791294984,42.449999999999996,42.449999999999996,42.449999999999996,42.449999999999996
2025-12-22T18:01:09.319816,4.950,389.3113039097833,3056.193861196354,22.247754447854163,4100,1500,1520,40.0,35.0,20.0,3056.193861196354,16.685815835890622,1500,1520,800,0,0,22.247754447854163,22.247754447854163,11.123877223927082,0.0,4100,4200,390.0,16.685815835890622,30.494999999999997,25.0,25.0,0.6183116354418532,-0.7859330260761541,0.9999999999999999,0.0,0.0,0.0,0.0,44.2697765020219,39.99383908160773,35.86381624463653,40.214303423448946,42.474999999999994,42.474999999999994,42.474999999999994,42.474999999999994
2025-12-22T18:01:09.370292,5.000,389.5391058669462,3082.1514506737176,23.286058026948695,4100,1500,1520,40.0,35.0,20.0,3082.1514506737176,17.46454352021152,1500,1520,800,0,0,23.286058026948695,23.286058026948695,11.643029013474347,0.0,4100,4200,390.0,17.46454352021152,30.5,25.0,25.0,0.5984721441039604,-0.8011436155469308,1.0,0.0,0.0,0.0,0.0,38.4706809231819,36.42717930981999,37.172256815740475,41.48654278839856,42.49999999999999,42.49999999999999,42.49999999999999,42.49999999999999
2025-12-22T18:01:09.421202,5.050,389.291280724297,3112.90266272818,24.516106509127212,4100,1500,1520,40.0,35.0,20.0,3112.90266272818,18.38707988184541,1500,1520,800,0,0,24.516106509127212,24.516106509127212,12.258053254563606,0.0,4100,4200,390.0,18.38707988184541,30.505,25.0,25.0,0.5782586271571118,-0.815853516336341,0.9999999999999999,0.0,0.0,0.0,0.0,37.17268827917417,42.58207536114491,41.56147076229859,41.40048500461989,42.52499999999999,42.52499999999999,42.52499999999999,42.52499999999999
2025-12-22T18:01:09.471850,5.100,388.8138357960987,3148.3706353445277,25.934825413781113,4100,1500,1520,40.0,35.0,20.0,3148.3706353445277,19.451119060335834,1500,1520,800,0,0,25.934825413781113,25.934825413781113,12.967412706890556,0.0,4100,4200,390.0,19.451119060335834,30.509999999999998,25.0,25.0,0.5576837173914211,-0.8300535352352194,1.0,0.0,0.0,0.0,0.0,36.43621948657523,41.33729772673644,39.400109056703734,44.17693184073327,42.55,42.55,42.55,42.55
2025-12-22T18:01:09.525522,5.150,388.6129720035221,3188.4667170625817,27.538668682503285,4100,1500,1520,40.0,35.0,20.0,3188.4667170625817,20.654001511877464,1500,1520,800,0,0,27.538668682503285,27.538668682503285,13.769334341251643,0.0,4100,4200,390.0,20.654001511877464,30.515,25.0,25.0,0.5367602734557493,-0.8437347976939847,1.0,0.0,0.0,0.0,0.0,39.83381680228855,41.86841510293017,42.14473430885798,37.65569385947784,42.574999999999996,42.574999999999996,42.574999999999996,42.574999999999996
2025-12-22T18:01:09.576096,5.200,389.35366702410016,3233.0906885596837,29.323627542387356,4100,1500,1520,40.0,35.0,20.0,3233.0906885596837,21.992720656790517,1500,1520,800,0,0,29.323627542387356,29.323627542387356,14.661813771193678,0.0,4100,4200,390.0,21.992720656790517,30.52,25.0,25.0,0.5155013718214687,-0.8568887533689445,1.0,0.0,0.0,0.0,0.0,37.292317799059674,37.96068375983843,44.06567850046285,41.83663011074908,42.599999999999994,42.599999999999994,42.599999999999994,42.599999999999994
2025-12-22T18:01:09.628693,5.250,388.57220574425475,3282.1310131468053,31.28524052587221,4100,1500,1520,40.0,35.0,20.0,3282.1310131468053,23.46393039440416,1500,1520,800,0,0,31.28524052587221,31.28524052587221,15.642620262936106,0.0,4100,4200,390.0,23.46393039440416,30.525,25.0,25.0,0.4939202986100938,-0.8695071814659817,0.9999999999999999,0.0,0.0,0.0,0.0,38.84988427661283,39.18297868250684,39.545565259171816,44.6325571779744,42.62499999999999,42.62499999999999,42.62499999999999,42.62499999999999
2025-12-22T18:01:09.679220,5.300,388.7258077381747,3335.465115552186,33.41860462208743,4100,1500,1520,40.0,35.0,20.0,3335.465115552186,25.06395346656557,1500,1520,800,0,0,33.41860462208743,33.41860462208743,16.709302311043714,0.0,4100,4200,390.0,25.06395346656557,30.529999999999998,25.0,25.0,0.47203054128988736,-0.8815821958782833,1.0,0.0,0.0,0.0,0.0,35.751833289811266,35.16616751698788,35.47424583889429,43.641186196773134,42.64999999999999,42.64999999999999,42.64999999999999,42.64999999999999
2025-12-22T18:01:09.730752,5.350,388.49781413076516,3392.9596882956757,35.71838753182702,4100,1500,1520,40.0,35.0,20.0,3392.9596882956757,26.788790648870265,1500,1520,800,0,0,35.71838753182702,35.71838753182702,17.85919376591351,0.0,4100,4200,390.0,26.788790648870265,30.535,25.0,25.0,0.44984578024663213,-0.8931062501149003,1.0,0.0,0.0,0.0,0.0,41.35657708186816,38.35726835230438,36.05839031398654,36.579885954543236,42.675,42.675,42.675,42.675
2025-12-22T18:01:09.781517,5.400,388.5419852776302,3454.471024888011,38.178840995520446,4100,1500,1520,40.0,35.0,20.0,3454.471024888011,28.634130746640334,1500,1520,800,0,0,38.178840995520446,38.178840995520446,19.089420497760223,0.0,4100,4200,390.0,28.634130746640334,30.54,25.0,25.0,0.427379880233835,-0.9040721420170588,1.0,0.0,0.0,0.0,0.0,36.382732388800186,38.07570473352704,39.295229372658156,40.74072446061348,42.699999999999996,42.699999999999996,42.699999999999996,42.699999999999996
2025-12-22T18:01:09.831911,5.450,388.7643158372962,3519.8453790221956,40.79381516088783,4100,1500,1520,40.0,35.0,20.0,3519.8453790221956,30.595361370665874,1500,1520,800,0,0,40.79381516088783,40.79381516088783,20.396907580443916,0.0,4100,4200,390.0,30.595361370665877,30.544999999999998,25.0,25.0,0.40464688170770735,-0.9144730182592752,1.0,0.0,0.0,0.0,0.0,35.82303390378154,36.5814873374158,42.209272838391605,38.13598685122193,42.724999999999994,42.724999999999994,42.724999999999994,42.724999999999994
2025-12-22T18:01:09.882830,5.500,388.0627435146817,3588.9193488592,43.556773954368,4100,1500,1520,40.0,35.0,20.0,3588.9193488592,32.667580465776,1500,1520,800,0,0,43.556773954368,43.556773954368,21.778386977184,0.0,4100,4200,390.0,32.667580465776,30.549999999999997,25.0,25.0,0.38166099205233706,-0.9243023786324613,1.0,0.0,0.0,0.0,0.0,44.671643204272534,43.896413535015036,42.1073203614737,38.91258455901455,42.74999999999999,42.74999999999999,42.74999999999999,42.74999999999999
2025-12-22T18:01:09.933932,5.550,388.11710208530445,3661.520285447459,46.460811417898356,4100,1500,1520,40.0,35.0,20.0,3661.520285447459,34.84560856342377,1500,1520,800,0,0,46.460811417898356,46.460811417898356,23.230405708949178,0.0,4100,4200,390.0,34.84560856342377,30.555,25.0,25.0,0.3584365767005356,-0.9335540801063434,1.0,0.0,0.0,0.0,0.0,43.073525029003775,43.591468310123176,39.94044229168494,35.42706208244027,42.77499999999999,42.77499999999999,42.77499999999999,42.77499999999999
2025-12-22T18:01:09.984270,5.600,388.18824948794503,3737.4667242553387,49.49866897021356,4100,1500,1520,40.0,35.0,20.0,3737.4667242553387,37.12400172766017,1500,1520,800,0,0,49.49866897021356,49.49866897021356,24.74933448510678,0.0,4100,4200,390.0,37.12400172766017,30.56,25.0,25.0,0.33498815015591055,-0.9422223406686562,1.0,0.0,0.0,0.0,0.0,39.60460577415063,41.34276632238222,41.14047559023939,38.56302422062247,42.8,42.8,42.8,42.8
2025-12-22T18:01:10.034750,5.650,388.12608748946644,3816.5688387379614,52.66275354951845,4100,1500,1520,40.0,35.0,20.0,3816.5688387379614,39.49706516213884,1500,1520,800,0,0,52.66275354951845,52.66275354951845,26.331376774759224,0.0,4100,4200,390.0,39.49706516213884,30.564999999999998,25.0,25.0,0.311330366921773,-0.9503017429387122,1.0,0.0,0.0,0.0,0.0,35.4278564503862,40.75268312884958,41.80149485124429,37.660670273746554,42.824999999999996,42.824999999999996,42.824999999999996,42.824999999999996
2025-12-22T18:01:10.088663,5.700,387.4115946098554,3898.628914804704,55.945156592188155,4100,1500,1520,40.0,35.0,20.0,3898.628914804704,41.95886744414112,1500,1520,800,0,0,55.945156592188155,55.945156592188155,27.972578296094078,0.0,4100,4200,390.0,41.95886744414112,30.57,25.0,25.0,0.2874780123425503,-0.9577872375530886,1.0,0.0,0.0,0.0,0.0,41.59637409217175,36.879507385834,35.53490958019382,42.447274809577785,42.849999999999994,42.849999999999994,42.849999999999994,42.849999999999994
2025-12-22T18:01:10.141762,5.750,387.3943446148499,3983.441845001462,59.337673800058475,4100,1500,1520,40.0,35.0,20.0,3983.441845001462,44.50325535004386,1500,1520,800,0,0,59.337673800058475,59.337673800058475,29.668836900029238,0.0,4100,4200,390.0,44.50325535004386,30.575,25.0,25.0,0.26344599336342683,-0.9646741463213147,0.9999999999999999,0.0,0.0,0.0,0.0,35.29437349262492,35.068637572899924,35.224046707389334,43.25221829083377,42.87499999999999,42.87499999999999,42.87499999999999,42.87499999999999
2025-12-22T18:01:10.192292,5.800,387.8871581450483,4070.7956411724635,62.83182564689853,4100,1500,1520,40.0,35.0,20.0,4070.7956411724635,47.1238692351739,1500,1520,800,0,0,62.83182564689853,62.83182564689853,31.415912823449265,0.0,4100,4200,390.0,47.1238692351739,30.58,25.0,25.0,0.23924932921398845,-0.970958165149589,1.0,0.0,0.0,0.0,0.0,42.01611400467998,42.9688708321663,37.47707737729753,44.587095214089345,42.89999999999999,42.89999999999999,42.89999999999999,42.89999999999999
2025-12-22T18:01:10.243692,5.850,387.57977198285516,4160.471964320258,66.41887857281033,4100,1500,1520,40.0,35.0,20.0,4160.471964320258,49.81415892960774,1500,1520,800,0,0,66.41887857281033,66.41887857281033,33.209439286405164,0.0,4100,4200,390.0,49.81415892960774,30.584999999999997,25.0,25.0,0.21490314202169317,-0.9766353667306975,1.0,0.0,0.0,0.0,0.0,42.86538420451148,39.804072642186696,43.825713010199166,40.3257747729307,42.925,42.925,42.925,42.925
2025-12-22T18:01:10.294645,5.900,387.4111303795457,4252.246670339503,70.08986681358013,4100,1500,1520,40.0,35.0,20.0,4252.246670339503,52.5674001101851,1500,1520,800,0,0,70.08986681358013,70.08986681358013,35.044933406790065,0.0,4100,4200,390.0,52.5674001101851,30.59,25.0,25.0,0.1904226473610336,-0.9817022029984528,1.0,0.0,0.0,0.0,0.0,40.64143009152321,37.6990007106108,43.70497577485935,35.871590786112186,42.949999999999996,42.949999999999996,42.949999999999996,42.949999999999996
2025-12-22T18:01:10.344814,5.950,387.67337149696397,4345.890370260494,73.83561481041974,4100,1500,1520,40.0,35.0,20.0,4345.890370260494,55.376711107814806,1500,1520,800,0,0,73.83561481041974,73.83561481041974,36.91780740520987,0.0,4100,4200,390.0,55.37671110781481,30.595,25.0,25.0,0.1658231447442981,-0.9861555073451203,1.0,0.0,0.0,0.0,0.0,44.97513367437285,44.228767142256714,41.7808048317031,40.75875720121108,42.974999999999994,42.974999999999994,42.974999999999994,42.974999999999994
2025-12-22T18:01:10.395455,6.000,386.76610930593955,4441.169003602123,77.64676014408491,4100,1500,1520,40.0,35.0,20.0,4441.169003602123,58.23507010806368,1500,1520,800,0,0,77.64676014408491,77.64676014408491,38.823380072042454,0.0,4100,4200,390.0,58.23507010806368,30.599999999999998,25.0,25.0,0.14112000805987382,-0.9899924966004445,1.0,0.0,0.0,0.0,0.0,43.461833848923646,38.983646885444074,40.952086595892034,41.71760212933311,42.99999999999999,42.99999999999999,42.99999999999999,42.99999999999999
2025-12-22T18:01:10.445814,6.050,386.5223546924133,4537.8444234011895,81.51377693604758,4100,1500,1520,40.0,35.0,20.0,4537.8444234011895,61.13533270203568,1500,1520,800,0,0,81.51377693604758,81.51377693604758,40.75688846802379,0.0,4100,4200,390.0,61.13533270203568,30.604999999999997,25.0,25.0,0.11632867596406667,-0.9932107727710404,1.0,0.0,0.0,0.0,0.0,43.283732470972545,35.880700423595385,44.29113333803408,41.99895247799401,43.02499999999999,43.02499999999999,43.02499999999999,43.02499999999999
2025-12-22T18:01:10.496565,6.100,386.3206661158189,4635.674991455782,85.42699965823128,4100,1500,1520,40.0,35.0,20.0,4635.674991455782,64.07024974367346,1500,1520,800,0,0,85.42699965823128,85.42699965823128,42.71349982911564,0.0,4100,4200,390.0,64.07024974367346,30.61,25.0,25.0,0.09146464223244383,-0.9958083245390607,1.0,0.0,0.0,0.0,0.0,41.38503002717296,44.541579645195725,37.79122391231532,42.22665417240762,43.04999999999999,43.04999999999999,43.04999999999999,43.04999999999999
2025-12-22T18:01:10.552937,6.150,386.7469586864529,4734.416182294938,89.37664729179754,4100,1500,1520,40.0,35.0,20.0,4734.416182294938,67.03248546884815,1500,1520,800,0,0,89.37664729179754,89.37664729179754,44.68832364589877,0.0,4100,4200,390.0,67.03248546884815,30.615,25.0,25.0,0.06654344607672835,-0.9977835285192042,0.9999999999999999,0.0,0.0,0.0,0.0,44.84661538911308,36.57860036867588,42.70329893250627,40.65227700516695,43.074999999999996,43.074999999999996,43.074999999999996,43.074999999999996
2025-12-22T18:01:10.606485,6.200,386.89951428422813,4833.8211943649785,93.35284777459916,4100,1500,1520,40.0,35.0,20.0,4833.8211943649785,70.01463583094937,1500,1520,800,0,0,93.35284777459916,93.35284777459916,46.67642388729958,0.0,4100,4200,390.0,70.01463583094937,30.619999999999997,25.0,25.0,0.04158066243329759,-0.9991351502732791,0.9999999999999999,0.0,0.0,0.0,0.0,41.95387581365607,40.37776725028098,44.84811913341298,38.85427257646928,43.099999999999994,43.099999999999994,43.099999999999994,43.099999999999994
2025-12-22T18:01:10.657514,6.250,386.8340874224199,4933.641566904858,97.34566267619432,4100,1500,1520,40.0,35.0,20.0,4933.641566904858,73.00924700714575,1500,1520,800,0,0,97.34566267619432,97.34566267619432,48.67283133809716,0.0,4100,4200,390.0,73.00924700714575,30.625,25.0,25.0,0.016591892229355008,-0.9998623450816865,1.0,0.0,0.0,0.0,0.0,36.58245589990727,44.33156855189628,42.08248663202542,36.40247169757139,43.12499999999999,43.12499999999999,43.12499999999999,43.12499999999999
2025-12-22T18:01:10.708149,6.300,385.7849105185642,5033.627800968671,101.34511203874683,4100,1500,1520,40.0,35.0,20.0,5033.627800968671,76.00883402906013,1500,1520,800,0,0,101.34511203874683,101.34511203874683,50.67255601937342,0.0,4100,4200,390.0,76.00883402906013,30.63,25.0,25.0,-0.008407247367141513,-0.999964658471342,0.9999999999999999,0.0,0.0,0.0,0.0,44.882237850187536,40.874026974644984,41.10759361289348,44.72626342607306,43.14999999999999,43.14999999999999,43.14999999999999,43.14999999999999
2025-12-22T18:01:10.758708,6.350,385.81166409477237,5133.529983043082,105.34119932172331,4100,1500,1520,40.0,35.0,20.0,5133.529983043082,79.00589949129248,1500,1520,800,0,0,105.34119932172331,105.34119932172331,52.670599660861654,0.0,4100,4200,390.0,79.00589949129248,30.634999999999998,25.0,25.0,-0.033401132707701287,-0.9994420264997077,0.9999999999999999,0.0,0.0,0.0,0.0,41.141200326903615,38.538705780140134,42.781827582171545,38.80586681874782,43.17499999999999,43.17499999999999,43.17499999999999,43.17499999999999
2025-12-22T18:01:10.809012,6.400,386.1240664018454,5233.098409700957,109.32393638803829,4100,1500,1520,40.0,35.0,20.0,5233.098409700957,81.99295229102871,1500,1520,800,0,0,109.32393638803829,109.32393638803829,54.661968194019146,0.0,4100,4200,390.0,81.99295229102871,30.639999999999997,25.0,25.0,-0.05837414342757255,-0.9982947757947536,1.0,0.0,0.0,0.0,0.0,42.89987474654664,44.7762041867938,35.667929187612934,44.520440363336675,43.199999999999996,43.199999999999996,43.199999999999996,43.199999999999996
2025-12-22T18:01:10.859415,6.450,385.9936853853352,5332.084211729884,113.28336846919538,4100,1500,1520,40.0,35.0,20.0,5332.084211729884,84.96252635189654,1500,1520,800,0,0,113.28336846919538,113.28336846919538,56.64168423459769,0.0,4100,4200,390.0,84.96252635189654,30.645,25.0,25.0,-0.08331067220796197,-0.9965236233508253,1.0,0.0,0.0,0.0,0.0,36.763232999505185,36.031478622522634,44.422187667068826,41.94514649278764,43.224999999999994,43.224999999999994,43.224999999999994,43.224999999999994
2025-12-22T18:01:10.909694,6.500,385.9586505152582,5430.239976175601,117.20959904702406,4100,1500,1520,40.0,35.0,20.0,5430.239976175601,87.90719928526804,1500,1520,800,0,0,117.20959904702406,117.20959904702406,58.60479952351203,0.0,4100,4200,390.0,87.90719928526804,30.65,25.0,25.0,-0.10819513453010088,-0.994129676080547,1.0,0.0,0.0,0.0,0.0,35.70595306011487,35.49767797457321,35.92220627060691,43.31069897592629,43.24999999999999,43.24999999999999,43.24999999999999,43.24999999999999
2025-12-22T18:01:10.960479,6.550,385.08113469821745,5527.3203647455275,121.0928145898211,4100,1500,1520,40.0,35.0,20.0,5527.3203647455275,90.81961094236583,1500,1520,800,0,0,121.0928145898211,121.0928145898211,60.54640729491055,0.0,4100,4200,390.0,90.81961094236583,30.654999999999998,25.0,25.0,-0.13301197841506213,-0.9911144301230363,1.0,0.0,0.0,0.0,0.0,35.860555389635614,42.90797395794742,36.7218485086064,35.503320673014684,43.27499999999999,43.27499999999999,43.27499999999999,43.27499999999999
2025-12-22T18:01:11.010848,6.600,385.1982199308224,5623.082727026727,124.92330908106908,4100,1500,1520,40.0,35.0,20.0,5623.082727026727,93.69248181080181,1500,1520,800,0,0,124.92330908106908,124.92330908106908,62.46165454053454,0.0,4100,4200,390.0,93.69248181080181,30.66,25.0,25.0,-0.15774569414324074,-0.9874797699088661,1.0,0.0,0.0,0.0,0.0,42.816000428151185,38.09778225582495,40.695281083572816,41.75729721094941,43.29999999999999,43.29999999999999,43.29999999999999,43.29999999999999
2025-12-22T18:01:11.063894,6.650,385.37415043291355,5717.287706985571,128.69150827942283,4100,1500,1520,40.0,35.0,20.0,5717.287706985571,96.51863120956713,1500,1520,800,0,0,128.69150827942283,128.69150827942283,64.34575413971142,0.0,4100,4200,390.0,96.51863120956713,30.665,25.0,25.0,-0.18238082394742386,-0.9832279669823569,1.0,0.0,0.0,0.0,0.0,43.016585439931845,38.561117971716286,44.39957810866437,36.97483944179888,43.32499999999999,43.32499999999999,43.32499999999999,43.32499999999999
2025-12-22T18:01:11.114457,6.700,384.7024663755886,5809.699841233168,132.3879936493267,4100,1500,1520,40.0,35.0,20.0,5809.699841233168,99.29099523699502,1500,1520,800,0,0,132.3879936493267,132.3879936493267,66.19399682466334,0.0,4100,4200,390.0,99.29099523699502,30.669999999999998,25.0,25.0,-0.20690197167339194,-0.9783616785819357,1.0,0.0,0.0,0.0,0.0,42.59580790716884,37.221710782781024,43.106936818393194,36.75422694469432,43.349999999999994,43.349999999999994,43.349999999999994,43.349999999999994
2025-12-22T18:01:11.164735,6.750,384.52382277262024,5900.088147561207,136.00352590244827,4100,1500,1520,40.0,35.0,20.0,5900.088147561207,102.00264442683621,1500,1520,800,0,0,136.00352590244827,136.00352590244827,68.00176295122414,0.0,4100,4200,390.0,102.00264442683621,30.674999999999997,25.0,25.0,-0.23129381240201405,-0.9728839459794483,1.0,0.0,0.0,0.0,0.0,40.17165517540432,36.94774531147124,38.47393766906152,41.8632974626573,43.37499999999999,43.37499999999999,43.37499999999999,43.37499999999999
2025-12-22T18:01:11.217781,6.800,384.7007845663894,5988.226702277188,139.52906809108754,4100,1500,1520,40.0,35.0,20.0,5988.226702277188,104.64680106831565,1500,1520,800,0,0,139.52906809108754,139.52906809108754,69.76453404554377,0.0,4100,4200,390.0,104.64680106831565,30.68,25.0,25.0,-0.2555411020268235,-0.9667981925794631,1.0,0.0,0.0,0.0,0.0,40.18151948559383,40.65114837662204,39.42754924610872,36.37936618128603,43.39999999999999,43.39999999999999,43.39999999999999,43.39999999999999
2025-12-22T18:01:11.268323,6.850,385.00895044384055,6073.8952048959945,142.9558081958398,4100,1500,1520,40.0,35.0,20.0,6073.8952048959945,107.21685614687985,1500,1520,800,0,0,142.9558081958398,142.9558081958398,71.4779040979199,0.0,4100,4200,390.0,107.21685614687985,30.685,25.0,25.0,-0.27962868678108815,-0.9601082217797554,1.0,0.0,0.0,0.0,0.0,36.10207533077146,35.66608397558512,38.04673519972968,35.54928028714057,43.42499999999999,43.42499999999999,43.42499999999999,43.42499999999999
2025-12-22T18:01:11.318778,6.900,384.021253090633,6156.879528776372,146.2751811510549,4100,1500,1520,40.0,35.0,20.0,6156.879528776372,109.70638586329119,1500,1520,800,0,0,146.2751811510549,146.2751811510549,73.13759057552745,0.0,4100,4200,390.0,109.70638586329119,30.689999999999998,25.0,25.0,-0.3035415127084213,-0.9528182145943073,1.0,0.0,0.0,0.0,0.0,42.93199677616295,43.19154608252256,38.947481520415295,42.6953149654736,43.44999999999999,43.44999999999999,43.44999999999999,43.44999999999999
2025-12-22T18:01:11.369300,6.950,384.01292700547214,6236.972256326021,149.47889025304084,4100,1500,1520,40.0,35.0,20.0,6236.972256326021,112.10916768978063,1500,1520,800,0,0,149.47889025304084,149.47889025304084,74.73944512652042,0.0,4100,4200,390.0,112.10916768978063,30.694999999999997,25.0,25.0,-0.32726463507101444,-0.9449327270403093,1.0,0.0,0.0,0.0,0.0,36.07594686652599,36.15496873355102,37.333146682456004,40.11701429618418,43.474999999999994,43.474999999999994,43.474999999999994,43.474999999999994
2025-12-22T18:01:11.419878,7.000,384.15547921203904,6313.973197437553,152.55892789750212,4100,1500,1520,40.0,35.0,20.0,6313.973197437553,114.41919592312658,1500,1520,800,0,0,152.55892789750212,152.55892789750212,76.27946394875106,0.0,4100,4200,390.0,114.41919592312658,30.7,25.0,25.0,-0.35078322768961195,-0.9364566872907993,1.0,0.0,0.0,0.0,0.0,38.225980824900034,44.62225882106229,40.573329582758205,43.36500571835745,43.49999999999999,43.49999999999999,43.49999999999999,43.49999999999999
2025-12-22T18:01:11.470594,7.050,383.98998879628135,6387.689889859503,155.50759559438012,4100,1500,1520,40.0,35.0,20.0,6387.689889859503,116.63069669578509,1500,1520,800,0,0,155.50759559438012,155.50759559438012,77.75379779719006,0.0,4100,4200,390.0,116.63069669578508,30.705,25.0,25.0,-0.37408259220939044,-0.9273953925947136,1.0,0.0,0.0,0.0,0.0,40.83043594822459,44.748570059020146,42.2835334823814,35.39258077392466,43.52499999999999,43.52499999999999,43.52499999999999,43.52499999999999
2025-12-22T18:01:11.521550,7.100,383.91164194421856,6457.938080251729,158.31752321006917,4100,1500,1520,40.0,35.0,20.0,6457.938080251729,118.73814240755188,1500,1520,800,0,0,158.31752321006917,158.31752321006917,79.15876160503458,0.0,4100,4200,390.0,118.73814240755186,30.709999999999997,25.0,25.0,-0.39714816728595204,-0.9177545059662793,0.9999999999999999,0.0,0.0,0.0,0.0,38.38352456089722,44.793665439286556,40.23282314761529,44.529549257380005,43.54999999999999,43.54999999999999,43.54999999999999,43.54999999999999
2025-12-22T18:01:11.573195,7.150,383.97820156843454,6524.5421847228,160.98168738891198,4100,1500,1520,40.0,35.0,20.0,6524.5421847228,120.73626554168399,1500,1520,800,0,0,160.98168738891198,160.98168738891198,80.49084369445599,0.0,4100,4200,390.0,120.73626554168399,30.715,25.0,25.0,-0.41996553768569084,-0.9075400526458149,1.0,0.0,0.0,0.0,0.0,44.649498459914504,36.752482388080985,44.72830026341349,43.620357702182424,43.57499999999999,43.57499999999999,43.57499999999999,43.57499999999999
2025-12-22T18:01:11.626739,7.200,384.171996054002,6587.335727698284,163.49342910793138,4100,1500,1520,40.0,35.0,20.0,6587.335727698284,122.62007183094853,1500,1520,800,0,0,163.49342910793138,163.49342910793138,81.74671455396569,0.0,4100,4200,390.0,122.62007183094855,30.72,25.0,25.0,-0.4425204432948445,-0.8967584163341509,1.0,0.0,0.0,0.0,0.0,37.3906283218568,35.40300434473947,36.82854360256295,38.95096865892162,43.599999999999994,43.599999999999994,43.599999999999994,43.599999999999994
2025-12-22T18:01:11.677753,7.250,383.9923661066043,6646.16175802299,165.84647032091965,4100,1500,1520,40.0,35.0,20.0,6646.16175802299,124.38485274068974,1500,1520,800,0,0,165.84647032091965,165.84647032091965,82.92323516045983,0.0,4100,4200,390.0,124.38485274068974,30.724999999999998,25.0,25.0,-0.46479878803160113,-0.8854163352030245,1.0,0.0,0.0,0.0,0.0,43.06746293582174,43.77979470877477,43.94324086021234,40.616670355600846,43.62499999999999,43.62499999999999,43.62499999999999,43.62499999999999
2025-12-22T18:01:11.727837,7.300,383.7137283949641,6700.87324125711,168.03492965028443,4100,1500,1520,40.0,35.0,20.0,6700.87324125711,126.02619723771332,1500,1520,800,0,0,168.03492965028443,168.03492965028443,84.01746482514221,0.0,4100,4200,390.0,126.02619723771332,30.729999999999997,25.0,25.0,-0.48678664865569166,-0.8735208976839423,1.0,0.0,0.0,0.0,0.0,44.022960429564485,39.79409089934485,36.93075034400278,38.41627505913815,43.64999999999999,43.64999999999999,43.64999999999999,43.64999999999999
2025-12-22T18:01:11.778190,7.350,383.8863675215979,6751.3334271857475,170.0533370874299,4100,1500,1520,40.0,35.0,20.0,6751.3334271857475,127.54000281557242,1500,1520,800,0,0,170.0533370874299,170.0533370874299,85.02666854371495,0.0,4100,4200,390.0,127.54000281557242,30.735,25.0,25.0,-0.5084702834699618,-0.8610795380381401,1.0,0.0,0.0,0.0,0.0,37.20616080563198,35.397924026532074,42.007376764687415,39.71926753908339,43.67499999999999,43.67499999999999,43.67499999999999,43.67499999999999
2025-12-22T18:01:11.828705,7.400,383.1154981577776,6797.416191623237,171.8966476649295,4100,1500,1520,40.0,35.0,20.0,6797.416191623237,128.9224857486971,1500,1520,800,0,0,171.8966476649295,171.8966476649295,85.94832383246475,0.0,4100,4200,390.0,128.9224857486971,30.74,25.0,25.0,-0.5298361409084854,-0.848100031710413,1.0,0.0,0.0,0.0,0.0,42.37420536933732,39.22346443339198,36.879966584063844,41.68241329026458,43.69999999999999,43.69999999999999,43.69999999999999,43.69999999999999
2025-12-22T18:01:11.879418,7.450,383.9216766277701,6839.006351657927,173.56025406631707,4100,1500,1520,40.0,35.0,20.0,6839.006351657927,130.1701905497378,1500,1520,800,0,0,173.56025406631707,173.56025406631707,86.78012703315854,0.0,4100,4200,390.0,130.1701905497378,30.744999999999997,25.0,25.0,-0.5508708680058522,-0.8345904904697147,1.0,0.0,0.0,0.0,0.0,43.434226061446275,35.101491403964985,44.1398122335478,35.55324027971933,43.724999999999994,43.724999999999994,43.724999999999994,43.724999999999994
2025-12-22T18:01:11.930565,7.500,383.0143437173317,6875.999953549464,175.03999814197857,4100,1500,1520,40.0,35.0,20.0,6875.999953549464,131.27999860648393,1500,1520,800,0,0,175.03999814197857,175.03999814197857,87.51999907098929,0.0,4100,4200,390.0,131.27999860648393,30.75,25.0,25.0,-0.5715613187423361,-0.8205593573395661,1.0,0.0,0.0,0.0,0.0,35.85276894421693,35.573731832360465,40.53701658197034,42.946159096634425,43.74999999999999,43.74999999999999,43.74999999999999,43.74999999999999
2025-12-22T18:01:11.980835,7.550,383.0353604715915,6908.304532559018,176.33218130236074,4100,1500,1520,40.0,35.0,20.0,6908.304532559018,132.24913597677056,1500,1520,800,0,0,176.33218130236074,176.33218130236074,88.16609065118037,0.0,4100,4200,390.0,132.24913597677056,30.755,25.0,25.0,-0.5918945622597301,-0.8060154013214403,1.0,0.0,0.0,0.0,0.0,43.327329259326916,42.60261926222094,38.57579805362332,38.33561893029222,43.77499999999999,43.77499999999999,43.77499999999999,43.77499999999999
2025-12-22T18:01:12.031372,7.600,383.2034160733676,6935.839344062963,177.43357376251853,4100,1500,1520,40.0,35.0,20.0,6935.839344062963,133.0751803218889,1500,1520,800,0,0,177.43357376251853,177.43357376251853,88.71678688125927,0.0,4100,4200,390.0,133.0751803218889,30.759999999999998,25.0,25.0,-0.6118578909427116,-0.7909677119144225,1.0,0.0,0.0,0.0,0.0,43.633456306212885,43.19945183434303,41.08093369096447,36.199290484709024,43.79999999999999,43.79999999999999,43.79999999999999,43.79999999999999
2025-12-22T18:01:12.082951,7.650,383.5603261622939,6958.535565372392,178.3414226148957,4100,1500,1520,40.0,35.0,20.0,6958.535565372392,133.75606696117177,1500,1520,800,0,0,178.3414226148957,178.3414226148957,89.17071130744785,0.0,4100,4200,390.0,133.75606696117177,30.764999999999997,25.0,25.0,-0.6314388283606879,-0.7754256934345687,0.9999999999999999,0.0,0.0,0.0,0.0,36.69444489848699,40.21726883492247,41.347650861391976,35.16786698049184,43.82499999999999,43.82499999999999,43.82499999999999,43.82499999999999
2025-12-22T18:01:12.136496,7.700,382.975303851794,6976.336467753995,179.0534587101598,4100,1500,1520,40.0,35.0,20.0,6976.336467753995,134.29009403261983,1500,1520,800,0,0,179.0534587101598,179.0534587101598,89.5267293550799,0.0,4100,4200,390.0,134.29009403261983,30.77,25.0,25.0,-0.6506251370651599,-0.7593990591375142,0.9999999999999999,0.0,0.0,0.0,0.0,36.585217413459176,43.546189269363,37.400147984055806,40.27868433279848,43.84999999999999,43.84999999999999,43.84999999999999,43.84999999999999
2025-12-22T18:01:12.188019,7.750,382.9128259909583,6989.197558222349,179.56790232889392,4100,1500,1520,40.0,35.0,20.0,6989.197558222349,134.67592674667043,1500,1520,800,0,0,179.56790232889392,179.56790232889392,89.78395116444696,0.0,4100,4200,390.0,134.67592674667043,30.775,25.0,25.0,-0.6694048262377288,-0.7428978251480053,1.0,0.0,0.0,0.0,0.0,37.677311428300015,43.64643715825696,40.905093833331165,37.769794044452716,43.87499999999999,43.87499999999999,43.87499999999999,43.87499999999999
2025-12-22T18:01:12.238569,7.800,383.2446755530745,6997.086690749207,179.88346762996832,4100,1500,1520,40.0,35.0,20.0,6997.086690749207,134.91260072247624,1500,1520,800,0,0,179.88346762996832,179.88346762996832,89.94173381498416,0.0,4100,4200,390.0,134.91260072247624,30.779999999999998,25.0,25.0,-0.6877661591839667,-0.7259323042001469,1.0,0.0,0.0,0.0,0.0,41.70664834275582,37.098045158306576,40.97713909357663,36.29345078429279,43.89999999999999,43.89999999999999,43.89999999999999,43.89999999999999
2025-12-22T18:01:12.289596,7.850,383.3230175855743,6999.984146611838,179.99936586447348,4100,1500,1520,40.0,35.0,20.0,6999.984146611838,134.9995243983551,1500,1520,800,0,0,179.99936586447348,179.99936586447348,89.99968293223674,0.0,4100,4200,390.0,134.9995243983551,30.784999999999997,25.0,25.0,-0.7056976606684695,-0.70851309919228,1.0,0.0,0.0,0.0,0.0,40.78223773736384,38.88407693029848,38.85661375839418,38.4474080784476,43.92499999999999,43.92499999999999,43.92499999999999,43.92499999999999
2025-12-22T18:01:12.339771,7.900,383.0185701057083,6997.882683679546,179.91530734718185,4100,1500,1520,40.0,35.0,20.0,6997.882683679546,134.9364805103864,1500,1520,800,0,0,179.91530734718185,179.91530734718185,89.95765367359093,0.0,4100,4200,390.0,134.9364805103864,30.79,25.0,25.0,-0.723188124086505,-0.6906510965605149,1.0,0.0,0.0,0.0,0.0,41.92369217066066,43.88176379189019,40.42141200484111,38.3668293509716,43.94999999999999,43.94999999999999,43.94999999999999,43.94999999999999
2025-12-22T18:01:12.389920,7.950,383.7241580021978,6990.787554515244,179.63150218060974,4100,1500,1520,40.0,35.0,20.0,6990.787554515244,134.72362663545732,1500,1520,800,0,0,179.63150218060974,179.63150218060974,89.81575109030487,0.0,4100,4200,390.0,134.72362663545732,30.794999999999998,25.0,25.0,-0.7402266184677763,-0.6723574594750632,1.0,0.0,0.0,0.0,0.0,37.55308406834673,36.16259936794582,40.0261340415642,37.86256627202175,43.97499999999999,43.97499999999999,43.97499999999999,43.97499999999999
2025-12-22T18:01:12.440296,8.000,383.1823551524238,6978.7164932467695,179.1486597298708,4100,1500,1520,40.0,35.0,20.0,6978.7164932467695,134.36149479740308,1500,1520,800,0,0,179.1486597298708,179.1486597298708,89.5743298649354,0.0,4100,4200,390.0,134.36149479740308,30.799999999999997,25.0,25.0,-0.7568024953079215,-0.6536436208636196,0.9999999999999999,0.0,0.0,0.0,0.0,38.88636110114459,36.779239628488796,43.8568725597751,38.4064571733488,43.99999999999999,43.99999999999999,43.99999999999999,43.99999999999999
2025-12-22T18:01:12.490879,8.050,383.07787886463166,6961.699671240807,178.4679868496323,4100,1500,1520,40.0,35.0,20.0,6961.699671240807,133.85099013722422,1500,1520,800,0,0,178.4679868496323,178.4679868496323,89.23399342481615,0.0,4100,4200,390.0,133.85099013722422,30.805,25.0,25.0,-0.7729053952234841,-0.6345212762661546,0.9999999999999999,0.0,0.0,0.0,0.0,38.761980046596115,43.968357288882444,39.44204948641105,43.39539304433397,44.02499999999999,44.02499999999999,44.02499999999999,44.02499999999999
2025-12-22T18:01:12.541446,8.100,383.51202425657897,6939.7796216901825,177.5911848676073,4100,1500,1520,40.0,35.0,20.0,6939.7796216901825,133.19338865070546,1500,1520,800,0,0,177.5911848676073,177.5911848676073,88.79559243380365,0.0,4100,4200,390.0,133.19338865070546,30.81,25.0,25.0,-0.788525254426189,-0.6150023765255822,1.0,0.0,0.0,0.0,0.0,41.815381446500375,40.286732626731805,35.54034977489203,37.2388284876722,44.04999999999999,44.04999999999999,44.04999999999999,44.04999999999999
2025-12-22T18:01:12.595561,8.150,383.74937011399714,6913.011133303029,176.5204453321212,4100,1500,1520,40.0,35.0,20.0,6913.011133303029,132.3903339990909,1500,1520,800,0,0,176.5204453321212,176.5204453321212,88.2602226660606,0.0,4100,4200,390.0,132.3903339990909,30.814999999999998,25.0,25.0,-0.8036523110124825,-0.5950991203188727,1.0,0.0,0.0,0.0,0.0,43.148516038288776,42.07933374301779,42.27460248489003,43.60170029765964,44.07499999999999,44.07499999999999,44.07499999999999,44.07499999999999
2025-12-22T18:01:12.649161,8.200,383.28782409771054,6881.461113359558,175.25844453438233,4100,1500,1520,40.0,35.0,20.0,6881.461113359558,131.44383340078676,1500,1520,800,0,0,175.25844453438233,175.25844453438233,87.62922226719117,0.0,4100,4200,390.0,131.44383340078676,30.819999999999997,25.0,25.0,-0.8182771110644051,-0.5748239465332765,1.0,0.0,0.0,0.0,0.0,37.466954150275,44.398060233841775,39.35289008769712,35.74169124844054,44.099999999999994,44.099999999999994,44.099999999999994,44.099999999999994
2025-12-22T18:01:12.700678,8.250,383.3094125177412,6845.208420478694,173.80833681914777,4100,1500,1520,40.0,35.0,20.0,6845.208420478694,130.3562526143608,1500,1520,800,0,0,173.80833681914777,173.80833681914777,86.90416840957388,0.0,4100,4200,390.0,130.3562526143608,30.825,25.0,25.0,-0.8323905145579824,-0.5541895264924241,1.0,0.0,0.0,0.0,0.0,41.70362792735584,35.97210814537837,41.83722756110799,42.32914094446981,44.12499999999999,44.12499999999999,44.12499999999999,44.12499999999999
2025-12-22T18:01:12.751258,8.300,383.91365037247033,6804.343667512602,172.17374670050407,4100,1500,1520,40.0,35.0,20.0,6804.343667512602,129.13031002537804,1500,1520,800,0,0,172.17374670050407,172.17374670050407,86.08687335025203,0.0,4100,4200,390.0,129.13031002537804,30.83,25.0,25.0,-0.8459837010754417,-0.5332087560371619,1.0,0.0,0.0,0.0,0.0,35.30271543645394,42.4119784927172,42.24815483816582,41.36399660418567,44.14999999999999,44.14999999999999,44.14999999999999,44.14999999999999
2025-12-22T18:01:12.802039,8.350,383.9376330503211,6758.968995061745,170.3587598024698,4100,1500,1520,40.0,35.0,20.0,6758.968995061745,127.76906985185235,1500,1520,800,0,0,170.3587598024698,170.3587598024698,85.1793799012349,0.0,4100,4200,390.0,127.76906985185235,30.834999999999997,25.0,25.0,-0.8590481753176872,-0.5118947474660707,1.0,0.0,0.0,0.0,0.0,39.85459694626609,40.45975837751107,44.57862694408587,38.13336191432777,44.17499999999999,44.17499999999999,44.17499999999999,44.17499999999999
2025-12-22T18:01:12.852570,8.400,383.82379198639336,6709.197816176577,168.3679126470631,4100,1500,1520,40.0,35.0,20.0,6709.197816176577,126.27593448529731,1500,1520,800,0,0,168.3679126470631,168.3679126470631,84.18395632353155,0.0,4100,4200,390.0,126.27593448529731,30.84,25.0,25.0,-0.8715757724135842,-0.49026082134070637,1.0,0.0,0.0,0.0,0.0,38.03769636106957,41.47419601958955,36.311557532439515,42.17349021162084,44.19999999999999,44.19999999999999,44.19999999999999,44.19999999999999
2025-12-22T18:01:12.902808,8.450,383.8935477634216,6655.154532883984,166.20618131535934,4100,1500,1520,40.0,35.0,20.0,6655.154532883984,124.65463598651951,1500,1520,800,0,0,166.20618131535934,166.20618131535934,83.10309065767967,0.0,4100,4200,390.0,124.6546359865195,30.845,25.0,25.0,-0.8835586630227389,-0.46832049816068283,1.0,0.0,0.0,0.0,0.0,36.62378936278468,44.283391827599644,38.65724984007568,42.5795363490177,44.224999999999994,44.224999999999994,44.224999999999994,44.224999999999994
2025-12-22T18:01:12.953380,8.500,383.7513522500777,6596.974225246998,163.8789690098799,4100,1500,1520,40.0,35.0,20.0,6596.974225246998,122.90922675740993,1500,1520,800,0,0,163.8789690098799,163.8789690098799,81.93948450493995,0.0,4100,4200,390.0,122.90922675740993,30.849999999999998,25.0,25.0,-0.8949893582285804,-0.44608748991379915,1.0,0.0,0.0,0.0,0.0,42.99001771782765,38.206717965237424,36.36258382693591,43.70772384841892,44.24999999999999,44.24999999999999,44.24999999999999,44.24999999999999
2025-12-22T18:01:13.004033,8.550,383.58138331307623,6534.802313734993,161.3920925493997,4100,1500,1520,40.0,35.0,20.0,6534.802313734993,121.04406941204978,1500,1520,800,0,0,161.3920925493997,161.3920925493997,80.69604627469985,0.0,4100,4200,390.0,121.04406941204977,30.854999999999997,25.0,25.0,-0.9058607142186902,-0.423575691506494,1.0,0.0,0.0,0.0,0.0,42.72653897845118,39.720203121268995,41.51896250386014,42.20406170344194,44.27499999999999,44.27499999999999,44.27499999999999,44.27499999999999
2025-12-22T18:01:13.055166,8.600,383.75637636800127,6468.7941957482435,158.75176782992975,4100,1500,1520,40.0,35.0,20.0,6468.7941957482435,119.06382587244731,1500,1520,800,0,0,158.75176782992975,158.75176782992975,79.37588391496487,0.0,4100,4200,390.0,119.06382587244732,30.86,25.0,25.0,-0.9161659367494525,-0.40079917207998117,1.0,0.0,0.0,0.0,0.0,39.73526013006664,41.90589257107015,44.990228904672435,41.14257427702727,44.3,44.3,44.3,44.3
2025-12-22T18:01:13.105706,8.650,383.7394214004286,6399.1148572053535,155.96459428821416,4100,1500,1520,40.0,35.0,20.0,6399.1148572053535,116.97344571616063,1500,1520,800,0,0,155.96459428821416,155.96459428821416,77.98229714410708,0.0,4100,4200,390.0,116.97344571616063,30.865,25.0,25.0,-0.9258985853922349,-0.3777721662174946,1.0,0.0,0.0,0.0,0.0,36.46636235737672,38.01361488592925,41.594530439664844,44.25923460567391,44.324999999999996,44.324999999999996,44.324999999999996,44.324999999999996
2025-12-22T18:01:13.156251,8.700,384.25012796475653,6325.938460164382,153.03753840657532,4100,1500,1520,40.0,35.0,20.0,6325.938460164382,114.77815380493149,1500,1520,800,0,0,153.03753840657532,153.03753840657532,76.51876920328766,0.0,4100,4200,390.0,114.77815380493148,30.869999999999997,25.0,25.0,-0.9350525775584472,-0.35450906504813695,1.0,0.0,0.0,0.0,0.0,35.830729946135214,43.185036439989084,39.861659545806695,42.62290518210924,44.349999999999994,44.349999999999994,44.349999999999994,44.349999999999994
2025-12-22T18:01:13.210790,8.750,384.2249154813238,6249.447907508402,149.97791630033606,4100,1500,1520,40.0,35.0,20.0,6249.447907508402,112.48343722525205,1500,1520,800,0,0,149.97791630033606,149.97791630033606,74.98895815016803,0.0,4100,4200,390.0,112.48343722525206,30.875,25.0,25.0,-0.9436221923009607,-0.3310244072528924,1.0,0.0,0.0,0.0,0.0,43.81206128948125,38.73346274004614,40.691284961463936,44.64388766941966,44.37499999999999,44.37499999999999,44.37499999999999,44.37499999999999
2025-12-22T18:01:13.261406,8.800,384.5712269266661,6169.834385783541,146.79337543134164,4100,1500,1520,40.0,35.0,20.0,6169.834385783541,110.09503157350623,1500,1520,800,0,0,146.79337543134164,146.79337543134164,73.39668771567082,0.0,4100,4200,390.0,110.09503157350623,30.88,25.0,25.0,-0.9516020738895145,-0.3073328699784244,1.0,0.0,0.0,0.0,0.0,44.74935730696335,42.86748673899228,38.373673365550296,44.981674762060386,44.39999999999999,44.39999999999999,44.39999999999999,44.39999999999999
2025-12-22T18:01:13.312557,8.850,384.9776283042518,6087.296887332192,143.49187549328767,4100,1500,1520,40.0,35.0,20.0,6087.296887332192,107.61890661996574,1500,1520,800,0,0,143.49187549328767,143.49187549328767,71.74593774664383,0.0,4100,4200,390.0,107.61890661996574,30.884999999999998,25.0,25.0,-0.9589872351578719,-0.28344925966433665,1.0,0.0,0.0,0.0,0.0,42.199431238633835,44.62167498193623,43.30492893129965,44.522953425342294,44.425,44.425,44.425,44.425
2025-12-22T18:01:13.363086,8.900,384.6930314957113,6002.041712915785,140.0816685166314,4100,1500,1520,40.0,35.0,20.0,6002.041712915785,105.06125138747355,1500,1520,800,0,0,140.0816685166314,140.0816685166314,70.0408342583157,0.0,4100,4200,390.0,105.06125138747355,30.89,25.0,25.0,-0.9657730606206377,-0.25938850278963044,1.0,0.0,0.0,0.0,0.0,40.09980326319904,41.800994102082704,38.94457684532728,38.15124806252131,44.449999999999996,44.449999999999996,44.449999999999996,44.449999999999996
2025-12-22T18:01:13.413618,8.950,384.8156854207937,5914.281956070325,136.57127824281298,4100,1500,1520,40.0,35.0,20.0,5914.281956070325,102.42845868210973,1500,1520,800,0,0,136.57127824281298,136.57127824281298,68.28563912140649,0.0,4100,4200,390.0,102.42845868210972,30.895,25.0,25.0,-0.9719553093577857,-0.23516563654414088,1.0,0.0,0.0,0.0,0.0,44.67080014144431,37.1669073925732,43.09389259828272,42.98524936180774,44.474999999999994,44.474999999999994,44.474999999999994,44.474999999999994
2025-12-22T18:01:13.464204,9.000,384.9754838677075,5824.236970483526,132.96947881934105,4100,1500,1520,40.0,35.0,20.0,5824.236970483526,99.7271091145058,1500,1520,800,0,0,132.96947881934105,132.96947881934105,66.48473940967052,0.0,4100,4200,390.0,99.7271091145058,30.9,25.0,25.0,-0.9775301176650963,-0.21079579943078317,1.0,0.0,0.0,0.0,0.0,40.47377668320312,37.84776278751968,41.84859160501803,37.44959949861653,44.5,44.5,44.5,44.5
2025-12-22T18:01:13.514713,9.050,384.94944202929645,5732.131821724835,129.28527286899342,4100,1500,1520,40.0,35.0,20.0,5732.131821724835,96.96395465174507,1500,1520,800,0,0,129.28527286899342,129.28527286899342,64.64263643449671,0.0,4100,4200,390.0,96.96395465174507,30.905,25.0,25.0,-0.982494001468845,-0.18629422180448071,0.9999999999999999,0.0,0.0,0.0,0.0,43.013693966063634,35.55226904680157,40.24861266472042,39.461434246503764,44.525,44.525,44.525,44.525
2025-12-22T18:01:13.569053,9.100,385.1199908676343,5638.196724698714,125.52786898794858,4100,1500,1520,40.0,35.0,20.0,5638.196724698714,94.14590174096143,1500,1520,800,0,0,125.52786898794858,125.52786898794858,62.76393449397429,0.0,4100,4200,390.0,94.14590174096143,30.91,25.0,25.0,-0.9868438585032361,-0.16167621635368912,1.0,0.0,0.0,0.0,0.0,43.85753074678288,43.86787294469067,36.74492575909944,36.309833745973876,44.55,44.55,44.55,44.55
2025-12-22T18:01:13.621618,9.150,385.0743066557126,5542.666468227276,121.70665872909103,4100,1500,1520,40.0,35.0,20.0,5542.666468227276,91.27999404681827,1500,1520,800,0,0,121.70665872909103,121.70665872909103,60.853329364545516,0.0,4100,4200,390.0,91.27999404681827,30.915,25.0,25.0,-0.9905769702492169,-0.1369571685304645,1.0,0.0,0.0,0.0,0.0,42.643737139491066,42.196368100284346,44.031558813551825,39.685699710949365,44.574999999999996,44.574999999999996,44.574999999999996,44.574999999999996
2025-12-22T18:01:13.671650,9.200,385.9319366641064,5445.779828200502,117.83119312802009,4100,1500,1520,40.0,35.0,20.0,5445.779828200502,88.37339484601506,1500,1520,800,0,0,117.83119312802009,117.83119312802009,58.915596564010045,0.0,4100,4200,390.0,88.37339484601506,30.919999999999998,25.0,25.0,-0.9936910036334642,-0.11215252693505663,1.0,0.0,0.0,0.0,0.0,35.69662720264747,35.25886816998342,38.11607641531683,42.808754466666116,44.599999999999994,44.599999999999994,44.599999999999994,44.599999999999994
2025-12-22T18:01:13.722191,9.250,385.9166322382735,5347.7789707608745,113.91115883043497,4100,1500,1520,40.0,35.0,20.0,5347.7789707608745,85.43336912282624,1500,1520,800,0,0,113.91115883043497,113.91115883043497,56.955579415217485,0.0,4100,4200,390.0,85.43336912282624,30.925,25.0,25.0,-0.996184012486479,-0.08727779366103669,0.9999999999999999,0.0,0.0,0.0,0.0,36.6570385556667,36.33668797722089,39.68254567280039,35.315143793218446,44.625,44.625,44.625,44.625
2025-12-22T18:01:13.773837,9.300,386.21385314020904,5248.9088470141305,109.95635388056522,4100,1500,1520,40.0,35.0,20.0,5248.9088470141305,82.46726541042392,1500,1520,800,0,0,109.95635388056522,109.95635388056522,54.97817694028261,0.0,4100,4200,390.0,82.46726541042392,30.93,25.0,25.0,-0.9980544387588793,-0.06234851460699343,1.0,0.0,0.0,0.0,0.0,39.61769072162369,41.48046940987792,43.75281085363649,42.67335821782306,44.65,44.65,44.65,44.65
2025-12-22T18:01:13.824505,9.350,386.1061274356945,5149.416580779073,105.97666323116292,4100,1500,1520,40.0,35.0,20.0,5149.416580779073,79.4824974233722,1500,1520,800,0,0,105.97666323116292,105.97666323116292,52.98833161558146,0.0,4100,4200,390.0,79.4824974233722,30.935,25.0,25.0,-0.9993011134951296,-0.037380269760852555,1.0,0.0,0.0,0.0,0.0,44.05809764973684,44.31005063439086,39.78558526232269,37.89334398220887,44.675,44.675,44.675,44.675
2025-12-22T18:01:13.875171,9.400,386.0181154655241,5049.5508509067195,101.98203403626876,4100,1500,1520,40.0,35.0,20.0,5049.5508509067195,76.48652552720156,1500,1520,800,0,0,101.98203403626876,101.98203403626876,50.99101701813438,0.0,4100,4200,390.0,76.48652552720156,30.94,25.0,25.0,-0.9999232575641008,-0.012388663462891447,1.0,0.0,0.0,0.0,0.0,35.32293017850302,40.193471130605175,44.01840235838537,42.42679735910948,44.7,44.7,44.7,44.7
2025-12-22T18:01:13.925734,9.450,386.341408984955,4949.561269712683,97.98245078850731,4100,1500,1520,40.0,35.0,20.0,4949.561269712683,73.48683809138048,1500,1520,800,0,0,97.98245078850731,97.98245078850731,48.991225394253654,0.0,4100,4200,390.0,73.48683809138048,30.945,25.0,25.0,-0.9999204821460017,0.01261068534646556,1.0,0.0,0.0,0.0,0.0,35.38851113574323,39.402818578620185,39.03706924183014,41.56482241708337,44.725,44.725,44.725,44.725
2025-12-22T18:01:13.975899,9.500,386.34911709254067,4849.697759076382,93.98791036305525,4100,1500,1520,40.0,35.0,20.0,4849.697759076382,70.49093277229144,1500,1520,800,0,0,93.98791036305525,93.98791036305525,46.993955181527625,0.0,4100,4200,390.0,70.49093277229144,30.95,25.0,25.0,-0.999292788975378,0.03760215288797655,1.0,0.0,0.0,0.0,0.0,37.45400027292363,38.71572156654975,43.33188992875494,42.382115628735164,44.75,44.75,44.75,44.75
2025-12-22T18:01:14.026200,9.550,386.20113359323693,4750.209925766495,90.00839703065981,4100,1500,1520,40.0,35.0,20.0,4750.209925766495,67.50629777299486,1500,1520,800,0,0,90.00839703065981,90.00839703065981,45.004198515329904,0.0,4100,4200,390.0,67.50629777299486,30.955,25.0,25.0,-0.998040570340029,0.06257012030793548,0.9999999999999999,0.0,0.0,0.0,0.0,43.51147562204554,37.048583722360775,40.98711607724301,36.033508154558035,44.775,44.775,44.775,44.775
2025-12-22T18:01:14.076553,9.600,386.4361113077672,4651.346437554037,86.05385750216149,4100,1500,1520,40.0,35.0,20.0,4651.346437554037,64.54039312662113,1500,1520,800,0,0,86.05385750216149,86.05385750216149,43.026928751080746,0.0,4100,4200,390.0,64.54039312662113,30.96,25.0,25.0,-0.9961646088358406,0.08749898343944727,0.9999999999999999,0.0,0.0,0.0,0.0,37.333970425639656,43.69327552192962,35.40980257971197,39.87430440038827,44.8,44.8,44.8,44.8
2025-12-22T18:01:14.129096,9.650,387.0403952811874,4553.354401672429,82.13417606689715,4100,1500,1520,40.0,35.0,20.0,4553.354401672429,61.60063205017286,1500,1520,800,0,0,82.13417606689715,82.13417606689715,41.06708803344858,0.0,4100,4200,390.0,61.60063205017286,30.965,25.0,25.0,-0.9936660768776876,0.11237316255452429,1.0,0.0,0.0,0.0,0.0,42.68260586050403,38.9869807576853,36.56042785012616,43.89702348710805,44.825,44.825,44.825,44.825
2025-12-22T18:01:14.179628,9.700,387.3696634532403,4456.478747178108,78.25914988712434,4100,1500,1520,40.0,35.0,20.0,4456.478747178108,58.69436241534325,1500,1520,800,0,0,78.25914988712434,78.25914988712434,39.12957494356217,0.0,4100,4200,390.0,58.69436241534324,30.97,25.0,25.0,-0.9905465359667129,0.13717711210090905,0.9999999999999999,0.0,0.0,0.0,0.0,39.98717122826097,38.65552007184189,44.861333671964765,38.724790021001645,44.85,44.85,44.85,44.85
2025-12-22T18:01:14.231179,9.750,387.0915660407789,4360.961612755446,74.43846451021784,4100,1500,1520,40.0,35.0,20.0,4360.961612755446,55.82884838266338,1500,1520,800,0,0,74.43846451021784,74.43846451021784,37.21923225510892,0.0,4100,4200,390.0,55.82884838266339,30.975,25.0,25.0,-0.9868079357144408,0.1618953304175385,0.9999999999999999,0.0,0.0,0.0,0.0,35.049108874833024,37.37943099325089,40.81432767252262,44.838206212232144,44.875,44.875,44.875,44.875
2025-12-22T18:01:14.282181,9.800,387.59835729339164,4267.041741496137,70.68166965984545,4100,1500,1520,40.0,35.0,20.0,4267.041741496137,53.01125224488409,1500,1520,800,0,0,70.68166965984545,70.68166965984545,35.34083482992273,0.0,4100,4200,390.0,53.01125224488409,30.98,25.0,25.0,-0.9824526126243321,0.1865123694225775,1.0,0.0,0.0,0.0,0.0,37.19912376359211,39.898212196530096,41.86828037943167,39.03112248688403,44.900000000000006,44.900000000000006,44.900000000000006,44.900000000000006
2025-12-22T18:01:14.332358,9.850,387.9856588152318,4174.953884165805,66.9981553666322,4100,1500,1520,40.0,35.0,20.0,4174.953884165805,50.24861652497415,1500,1520,800,0,0,66.9981553666322,66.9981553666322,33.4990776833161,0.0,4100,4200,390.0,50.24861652497415,30.985,25.0,25.0,-0.9774832886315462,0.21101284426796707,1.0,0.0,0.0,0.0,0.0,38.99113388500338,38.269711421478654,41.92638703688016,41.71014718831423,44.925000000000004,44.925000000000004,44.925000000000004,44.925000000000004
2025-12-22T18:01:14.383132,9.900,387.28993015776985,4084.928212449348,63.39712849797391,4100,1500,1520,40.0,35.0,20.0,4084.928212449348,47.54784637348043,1500,1520,800,0,0,63.39712849797391,63.39712849797391,31.698564248986955,0.0,4100,4200,390.0,47.54784637348043,30.990000000000002,25.0,25.0,-0.9719030694018201,0.23538144295445376,1.0,0.0,0.0,0.0,0.0,36.02744478884134,39.390709140648404,38.55009196705785,39.02083237593717,44.95,44.95,44.95,44.95
2025-12-22T18:01:14.433973,9.950,387.7318094113852,3997.189743641593,59.88758974566372,4100,1500,1520,40.0,35.0,20.0,3997.189743641593,44.91569230924779,1500,1520,800,0,0,59.88758974566372,59.88758974566372,29.94379487283186,0.0,4100,4200,390.0,44.91569230924779,30.995,25.0,25.0,-0.9657154423905285,0.2596029359010906,1.0,0.0,0.0,0.0,0.0,36.46081412169316,40.58180640298857,35.15258906491168,42.040954272208204,44.975,44.975,44.975,44.975
2025-12-22T18:01:14.484437,10.000,388.0510967090744,3911.957778221248,56.47831112884994,4100,1500,1520,40.0,35.0,20.0,3911.957778221248,42.35873334663745,1500,1520,800,0,0,56.47831112884994,56.47831112884994,28.23915556442497,0.0,4100,4200,390.0,42.35873334663745,31.0,25.0,25.0,-0.9589242746631375,0.2836621854632297,1.0,0.0,0.0,0.0,0.0,43.45442860545704,42.63074736909173,44.61410368984533,37.73628513936052,45.0,45.0,45.0,45.0
2025-12-22T18:01:14.534711,10.050,387.7262261492343,3829.4453517139154,53.17781406855663,4100,1500,1520,40.0,35.0,20.0,3829.4453517139154,39.88336055141747,1500,1520,800,0,0,53.17781406855663,53.17781406855663,26.588907034278314,0.0,4100,4200,390.0,39.88336055141747,31.005000000000003,25.0,25.0,-0.9515338104784146,0.3075441553930569,1.0,0.0,0.0,0.0,0.0,41.14961135012848,42.16064017166549,37.93405503137949,43.808247849517365,45.025000000000006,45.025000000000006,45.025000000000006,45.025000000000006
2025-12-22T18:01:14.585130,10.100,387.8957035895798,3749.858702214222,49.994348088568884,4100,1500,1520,40.0,35.0,20.0,3749.858702214222,37.49576106642667,1500,1520,800,0,0,49.994348088568884,49.994348088568884,24.997174044284442,0.0,4100,4200,390.0,37.49576106642667,31.01,25.0,25.0,-0.9435486686359051,0.3312339202367579,1.0,0.0,0.0,0.0,0.0,38.57283230280019,35.67736012360715,38.73078222109601,35.95105273258753,45.050000000000004,45.050000000000004,45.050000000000004,45.050000000000004
2025-12-22T18:01:14.636148,10.150,388.2363517443161,3673.396754897991,46.93587019591963,4100,1500,1520,40.0,35.0,20.0,3673.396754897991,35.20190264693972,1500,1520,800,0,0,46.93587019591963,46.93587019591963,23.467935097959813,0.0,4100,4200,390.0,35.20190264693972,31.015,25.0,25.0,-0.9349738395893333,0.35471667466244045,1.0,0.0,0.0,0.0,0.0,41.50816788715368,44.189804465508914,44.73846309442921,39.40007035415838,45.075,45.075,45.075,45.075
2025-12-22T18:01:14.686804,10.200,387.92557835234055,3600.2506248129002,44.010024992516,4100,1500,1520,40.0,35.0,20.0,3600.2506248129002,33.007518744387,1500,1520,800,0,0,44.010024992516,44.010024992516,22.005012496258,0.0,4100,4200,390.0,33.007518744387,31.02,25.0,25.0,-0.9258146823277305,0.3779777427129852,1.0,0.0,0.0,0.0,0.0,36.61820435701103,40.3608726722586,44.51926096309196,39.86919218938739,45.10000000000001,45.10000000000001,45.10000000000001,45.10000000000001
2025-12-22T18:01:14.744345,10.250,388.2745985121399,3530.603139190395,41.224125567615786,4100,1500,1520,40.0,35.0,20.0,3530.603139190395,30.91809417571184,1500,1520,800,0,0,41.224125567615786,41.224125567615786,20.612062783807893,0.0,4100,4200,390.0,30.918094175711836,31.025000000000002,25.0,25.0,-0.9160769210262415,0.4010025869780409,1.0,0.0,0.0,0.0,0.0,38.36069082877633,44.76012414631136,35.09856253517881,37.234763964704534,45.12500000000001,45.12500000000001,45.12500000000001,45.12500000000001
2025-12-22T18:01:14.794943,10.300,388.86769385968825,3464.628380472822,38.58513521891286,4100,1500,1520,40.0,35.0,20.0,3464.628380472822,28.938851414184647,1500,1520,800,0,0,38.58513521891286,38.58513521891286,19.29256760945643,0.0,4100,4200,390.0,28.938851414184647,31.03,25.0,25.0,-0.9057666414687022,0.42377681767943304,1.0,0.0,0.0,0.0,0.0,41.2245737148771,39.796912069148505,44.1330053990868,40.38720557260204,45.150000000000006,45.150000000000006,45.150000000000006,45.150000000000006
2025-12-22T18:01:14.845498,10.350,388.2633180119024,3402.4912511979846,36.099650047919376,4100,1500,1520,40.0,35.0,20.0,3402.4912511979846,27.074737535939533,1500,1520,800,0,0,36.099650047919376,36.099650047919376,18.049825023959688,0.0,4100,4200,390.0,27.074737535939533,31.035,25.0,25.0,-0.8948902872442219,0.44628620166430644,1.0,0.0,0.0,0.0,0.0,42.57498204647583,35.1996161529059,40.618072723021356,37.91283744929253,45.175000000000004,45.175000000000004,45.175000000000004,45.175000000000004
2025-12-22T18:01:14.895960,10.400,388.90635627944266,3344.3470618286788,33.773882473147154,4100,1500,1520,40.0,35.0,20.0,3344.3470618286788,25.330411854860365,1500,1520,800,0,0,33.773882473147154,33.773882473147154,16.886941236573577,0.0,4100,4200,390.0,25.330411854860365,31.040000000000003,25.0,25.0,-0.8834546557201503,0.4685166713003826,1.0,0.0,0.0,0.0,0.0,44.329992237894274,42.71183390564245,44.932760762504884,42.91194033420837,45.2,45.2,45.2,45.2
2025-12-22T18:01:14.946336,10.450,388.9364384725256,3290.3411425574195,31.61364570229678,4100,1500,1520,40.0,35.0,20.0,3290.3411425574195,23.710234276722584,1500,1520,800,0,0,31.61364570229678,31.61364570229678,15.80682285114839,0.0,4100,4200,390.0,23.710234276722584,31.045,25.0,25.0,-0.8714668937939439,0.490454333267772,0.9999999999999999,0.0,0.0,0.0,0.0,37.14496620023565,37.984350683736494,36.18391198117224,37.11049633756684,45.22500000000001,45.22500000000001,45.22500000000001,45.22500000000001
2025-12-22T18:01:14.996685,10.500,389.13224267051254,3240.6084800566464,29.62433920226586,4100,1500,1520,40.0,35.0,20.0,3240.6084800566464,22.218254401699394,1500,1520,800,0,0,29.62433920226586,29.62433920226586,14.81216960113293,0.0,4100,4200,390.0,22.218254401699394,31.05,25.0,25.0,-0.8589344934265883,0.5120854772418468,1.0,0.0,0.0,0.0,0.0,43.40863266460357,37.17602343363512,40.56039157059093,40.66215012094625,45.25000000000001,45.25000000000001,45.25000000000001,45.25000000000001
2025-12-22T18:01:15.049031,10.550,389.3493567699871,3195.2733800823407,27.810935203293624,4100,1500,1520,40.0,35.0,20.0,3195.2733800823407,20.85820140247022,1500,1520,800,0,0,27.810935203293624,27.810935203293624,13.905467601646812,0.0,4100,4200,390.0,20.85820140247022,31.055,25.0,25.0,-0.8458652869603659,0.5333965844617472,0.9999999999999999,0.0,0.0,0.0,0.0,36.27765505400698,37.08134236282514,43.0682001386982,40.077627166168966,45.275000000000006,45.275000000000006,45.275000000000006,45.275000000000006
2025-12-22T18:01:15.100555,10.600,389.1169964853764,3154.4491567743744,26.177966270974977,4100,1500,1520,40.0,35.0,20.0,3154.4491567743744,19.633474703231233,1500,1520,800,0,0,26.177966270974977,26.177966270974977,13.088983135487489,0.0,4100,4200,390.0,19.633474703231233,31.060000000000002,25.0,25.0,-0.8322674422238968,0.5543743361791674,0.9999999999999999,0.0,0.0,0.0,0.0,41.23829597083589,42.445216771811715,43.17753282356871,41.9717854960966,45.30000000000001,45.30000000000001,45.30000000000001,45.30000000000001
2025-12-22T18:01:15.152082,10.650,388.82577753239696,3118.2378494301734,24.729513977206935,4100,1500,1520,40.0,35.0,20.0,3118.2378494301734,18.5471354829052,1500,1520,800,0,0,24.729513977206935,24.729513977206935,12.364756988603467,0.0,4100,4200,390.0,18.5471354829052,31.065,25.0,25.0,-0.8181494574275125,0.5750056219821392,1.0,0.0,0.0,0.0,0.0,38.96896737835982,39.79843850547556,41.15389350951504,36.730425174658365,45.32500000000001,45.32500000000001,45.32500000000001,45.32500000000001
2025-12-22T18:01:15.203594,10.700,388.95190086354256,3086.729967459614,23.46919869838456,4100,1500,1520,40.0,35.0,20.0,3086.729967459614,17.60189902378842,1500,1520,800,0,0,23.46919869838456,23.46919869838456,11.73459934919228,0.0,4100,4200,390.0,17.60189902378842,31.07,25.0,25.0,-0.8035201558521505,0.5952775479886132,1.0,0.0,0.0,0.0,0.0,35.00976958532693,38.71771070165365,37.68783005741249,35.76513431010488,45.35000000000001,45.35000000000001,45.35000000000001,45.35000000000001
2025-12-22T18:01:15.255117,10.750,389.50972102471815,3060.004264158634,22.400170566345366,4100,1500,1520,40.0,35.0,20.0,3060.004264158634,16.800127924759025,1500,1520,800,0,0,22.400170566345366,22.400170566345366,11.200085283172683,0.0,4100,4200,390.0,16.800127924759025,31.075000000000003,25.0,25.0,-0.788388680335091,0.6151774449047149,1.0,0.0,0.0,0.0,0.0,39.65426064701938,36.36360747488119,36.102019141923165,39.02841682659936,45.37500000000001,45.37500000000001,45.37500000000001,45.37500000000001
2025-12-22T18:01:15.305609,10.800,388.75880736849575,3038.12753986701,21.525101594680393,4100,1500,1520,40.0,35.0,20.0,3038.12753986701,16.143826196010295,1500,1520,800,0,0,21.525101594680393,21.525101594680393,10.762550797340197,0.0,4100,4200,390.0,16.143826196010295,31.080000000000002,25.0,25.0,-0.7727644875559815,0.6346928759426415,0.9999999999999999,0.0,0.0,0.0,0.0,36.67726533223622,36.68600935689435,38.831116310821926,43.08988477325515,45.400000000000006,45.400000000000006,45.400000000000006,45.400000000000006
2025-12-22T18:01:15.356289,10.850,388.99603542308665,3021.154475002292,20.846179000091695,4100,1500,1520,40.0,35.0,20.0,3021.154475002292,15.634634250068771,1500,1520,800,0,0,20.846179000091695,20.846179000091695,10.423089500045847,0.0,4100,4200,390.0,15.634634250068771,31.085,25.0,25.0,-0.7566573421267194,0.6538116445932488,1.0,0.0,0.0,0.0,0.0,42.81155163770885,37.95664925196434,42.81530656829297,35.31934573025304,45.42500000000001,45.42500000000001,45.42500000000001,45.42500000000001
2025-12-22T18:01:15.406940,10.900,389.32212237677226,3009.1274933872414,20.36509973548965,4100,1500,1520,40.0,35.0,20.0,3009.1274933872414,15.273824801617238,1500,1520,800,0,0,20.36509973548965,20.36509973548965,10.182549867744825,0.0,4100,4200,390.0,15.273824801617238,31.090000000000003,25.0,25.0,-0.7400773104888878,0.6725218022484731,1.0,0.0,0.0,0.0,0.0,42.704298118366346,44.33941773377775,40.82716500129662,43.06650530255695,45.45000000000001,45.45000000000001,45.45000000000001,45.45000000000001
2025-12-22T18:01:15.457463,10.950,388.9395287585894,3002.0766562123645,20.083066248494575,4100,1500,1520,40.0,35.0,20.0,3002.0766562123645,15.062299686370931,1500,1520,800,0,0,20.083066248494575,20.083066248494575,10.041533124247287,0.0,4100,4200,390.0,15.062299686370931,31.095000000000002,25.0,25.0,-0.723034754622557,0.6908116556688217,0.9999999999999999,0.0,0.0,0.0,0.0,41.613617694516584,42.95009149303556,37.900909133317306,42.72620169050923,45.47500000000001,45.47500000000001,45.47500000000001,45.47500000000001
2025-12-22T18:01:15.507911,11.000,389.61919414672434,3000.019586898593,20.000783475943734,4100,1500,1520,40.0,35.0,20.0,3000.019586898593,15.0005876069578,1500,1520,800,0,0,20.000783475943734,20.000783475943734,10.000391737971867,0.0,4100,4200,390.0,15.000587606957799,31.1,25.0,25.0,-0.7055403255703844,0.7086697742912675,1.0,0.0,0.0,0.0,0.0,36.04341548659559,39.13170121362632,43.33620657950024,35.18219994370535,45.500000000000014,45.500000000000014,45.500000000000014,45.500000000000014
2025-12-22T18:01:15.559968,11.050,389.71013812849935,3002.9614270479115,20.11845708191646,4100,1500,1520,40.0,35.0,20.0,3002.9614270479115,15.088842811437345,1500,1520,800,0,0,20.11845708191646,20.11845708191646,10.05922854095823,0.0,4100,4200,390.0,15.088842811437345,31.105000000000004,25.0,25.0,-0.6876049567810592,0.7260849973729782,1.0,0.0,0.0,0.0,0.0,42.857254038432075,40.622325431884335,37.905800810103116,42.9647158300264,45.52500000000001,45.52500000000001,45.52500000000001,45.52500000000001
2025-12-22T18:01:15.613523,11.100,388.7396712928233,3010.894823592026,20.43579294368105,4100,1500,1520,40.0,35.0,20.0,3010.894823592026,15.326844707760788,1500,1520,800,0,0,20.43579294368105,20.43579294368105,10.217896471840525,0.0,4100,4200,390.0,15.326844707760788,31.110000000000003,25.0,25.0,-0.6692398572762535,0.7430464409664176,1.0,0.0,0.0,0.0,0.0,37.5152850981604,42.84018948743417,36.643701704086475,40.97150252188518,45.55000000000001,45.55000000000001,45.55000000000001,45.55000000000001
2025-12-22T18:01:15.664580,11.150,389.24087137886767,3023.799947171211,20.95199788684843,4100,1500,1520,40.0,35.0,20.0,3023.799947171211,15.713998415136324,1500,1520,800,0,0,20.95199788684843,20.95199788684843,10.475998943424216,0.0,4100,4200,390.0,15.713998415136325,31.115000000000002,25.0,25.0,-0.6504565046453478,0.7595435047214588,1.0,0.0,0.0,0.0,0.0,40.7103753500777,42.36535752410932,38.944184669405736,35.930219141352765,45.57500000000001,45.57500000000001,45.57500000000001,45.57500000000001
2025-12-22T18:01:15.716683,11.200,388.9812468929844,3041.6445416973756,21.66578166789502,4100,1500,1520,40.0,35.0,20.0,3041.6445416973756,16.249336250921264,1500,1520,800,0,0,21.66578166789502,21.66578166789502,10.83289083394751,0.0,4100,4200,390.0,16.249336250921264,31.12,25.0,25.0,-0.631266637872312,0.7755658785102574,1.0,0.0,0.0,0.0,0.0,40.002270424829845,42.292424113048234,42.34183168992173,42.32985603509606,45.60000000000001,45.60000000000001,45.60000000000001,45.60000000000001
2025-12-22T18:01:15.767713,11.250,389.6531134101862,3064.38400497749,22.575360199099592,4100,1500,1520,40.0,35.0,20.0,3064.38400497749,16.931520149324694,1500,1520,800,0,0,22.575360199099592,22.575360199099592,11.287680099549796,0.0,4100,4200,390.0,16.931520149324694,31.125000000000004,25.0,25.0,-0.611682249999222,0.7911035488707463,1.0,0.0,0.0,0.0,0.0,43.18480395156403,42.100750108667626,40.49563589689073,44.78841284134792,45.625000000000014,45.625000000000014,45.625000000000014,45.625000000000014
2025-12-22T18:01:15.818475,11.300,388.9997719280661,3091.961500195837,23.67846000783348,4100,1500,1520,40.0,35.0,20.0,3091.961500195837,17.75884500587511,1500,1520,800,0,0,23.67846000783348,23.67846000783348,11.83923000391674,0.0,4100,4200,390.0,17.75884500587511,31.130000000000003,25.0,25.0,-0.5917155806309994,0.806146805264723,1.0,0.0,0.0,0.0,0.0,43.943766625665646,40.78497158583524,39.96639801116683,39.57527833068379,45.65000000000001,45.65000000000001,45.65000000000001,45.65000000000001
2025-12-22T18:01:15.868870,11.350,389.5050626332678,3124.308097976453,24.972323919058127,4100,1500,1520,40.0,35.0,20.0,3124.308097976453,18.729242939293595,1500,1520,800,0,0,24.972323919058127,24.972323919058127,12.486161959529063,0.0,4100,4200,390.0,18.729242939293595,31.135,25.0,25.0,-0.5713791082860559,0.8206862461466207,1.0,0.0,0.0,0.0,0.0,35.45227848380362,37.29193057599817,38.81823146800572,36.017708340414416,45.67500000000001,45.67500000000001,45.67500000000001,45.67500000000001
2025-12-22T18:01:15.919669,11.400,389.4227929348526,3161.34294867067,26.453717946826785,4100,1500,1520,40.0,35.0,20.0,3161.34294867067,19.84028846012009,1500,1520,800,0,0,26.453717946826785,26.453717946826785,13.226858973413393,0.0,4100,4200,390.0,19.84028846012009,31.140000000000004,25.0,25.0,-0.5506855425976265,0.8347127848391671,1.0,0.0,0.0,0.0,0.0,40.532562812865145,43.012602172659456,43.13942602553433,38.10684220794174,45.70000000000002,45.70000000000002,45.70000000000002,45.70000000000002
2025-12-22T18:01:15.970054,11.450,388.76172114210317,3202.973484439128,28.118939377565113,4100,1500,1520,40.0,35.0,20.0,3202.973484439128,21.089204533173834,1500,1520,800,0,0,28.118939377565113,28.118939377565113,14.059469688782556,0.0,4100,4200,390.0,21.089204533173834,31.145000000000003,25.0,25.0,-0.5296478163706618,0.8482176552122631,1.0,0.0,0.0,0.0,0.0,38.23734485981729,42.702130245605204,40.18291442051335,35.347125059608246,45.725000000000016,45.725000000000016,45.725000000000016,45.725000000000016
2025-12-22T18:01:16.020792,11.500,388.46771338010177,3249.0956506231705,29.963826024926817,4100,1500,1520,40.0,35.0,20.0,3249.0956506231705,22.472869518695113,1500,1520,800,0,0,29.963826024926817,29.963826024926817,14.981913012463409,0.0,4100,4200,390.0,22.472869518695113,31.150000000000002,25.0,25.0,-0.5082790774992461,0.8611924171615281,1.0,0.0,0.0,0.0,0.0,42.26776911087612,36.15690919785467,37.236036945218245,43.68175065874114,45.750000000000014,45.750000000000014,45.750000000000014,45.750000000000014
2025-12-22T18:01:16.071294,11.550,388.39028367325125,3299.5941658272973,31.98376663309189,4100,1500,1520,40.0,35.0,20.0,3299.5941658272973,23.987824974818917,1500,1520,800,0,0,31.98376663309189,31.98376663309189,15.991883316545945,0.0,4100,4200,390.0,23.987824974818917,31.155,25.0,25.0,-0.48659268074959156,0.8736289618830904,1.0,0.0,0.0,0.0,0.0,36.44211661621263,38.11635727715188,41.9868975777224,43.678887531914846,45.77500000000001,45.77500000000001,45.77500000000001,45.77500000000001
2025-12-22T18:01:16.123937,11.600,389.1945896754462,3354.342810062617,34.17371240250466,4100,1500,1520,40.0,35.0,20.0,3354.342810062617,25.630284301878497,1500,1520,800,0,0,34.17371240250466,34.17371240250466,17.08685620125233,0.0,4100,4200,390.0,25.630284301878497,31.160000000000004,25.0,25.0,-0.464602179413744,0.8855195169413259,1.0,0.0,0.0,0.0,0.0,44.457673592248746,43.401152308464106,35.11619204496011,35.8574089884255,45.80000000000001,45.80000000000001,45.80000000000001,45.80000000000001
2025-12-22T18:01:16.179467,11.650,388.20077522996587,3413.2047402310827,36.52818960924331,4100,1500,1520,40.0,35.0,20.0,3413.2047402310827,27.396142206932485,1500,1520,800,0,0,36.52818960924331,36.52818960924331,18.264094804621656,0.0,4100,4200,390.0,27.396142206932485,31.165000000000003,25.0,25.0,-0.44232131683921666,0.8968566511263778,1.0,0.0,0.0,0.0,0.0,38.11685250636743,43.10365804264595,39.60332523753713,39.92904594760165,45.82500000000002,45.82500000000002,45.82500000000002,45.82500000000002
2025-12-22T18:01:16.230511,11.700,388.0700726707335,3476.032832161975,39.041313286478996,4100,1500,1520,40.0,35.0,20.0,3476.032832161975,29.280984964859247,1500,1520,800,0,0,39.041313286478996,39.041313286478996,19.520656643239498,0.0,4100,4200,390.0,29.28098496485925,31.17,25.0,25.0,-0.4197640178398452,0.9076332790984198,0.9999999999999999,0.0,0.0,0.0,0.0,39.91166100305001,39.19226209021052,35.692354261481036,40.41789539785883,45.850000000000016,45.850000000000016,45.850000000000016,45.850000000000016
2025-12-22T18:01:16.281354,11.750,388.45809362703056,3542.670048345704,41.70680193382815,4100,1500,1520,40.0,35.0,20.0,3542.670048345704,31.280101450371113,1500,1520,800,0,0,41.70680193382815,41.70680193382815,20.853400966914077,0.0,4100,4200,390.0,31.280101450371113,31.175000000000004,25.0,25.0,-0.3969443799932324,0.917842665815764,0.9999999999999999,0.0,0.0,0.0,0.0,38.24828519700257,38.92724098018985,42.250849728441054,42.53059473212037,45.875000000000014,45.875000000000014,45.875000000000014,45.875000000000014
2025-12-22T18:01:16.331646,11.800,387.9892507068717,3612.949830445801,44.51799321783206,4100,1500,1520,40.0,35.0,20.0,3612.949830445801,33.388494913374046,1500,1520,800,0,0,44.51799321783206,44.51799321783206,22.25899660891603,0.0,4100,4200,390.0,33.388494913374046,31.180000000000003,25.0,25.0,-0.3738766648302212,0.9274784307440419,1.0,0.0,0.0,0.0,0.0,39.5249545240108,38.5890271535077,40.16872695346006,43.49892763624358,45.90000000000002,45.90000000000002,45.90000000000002,45.90000000000002
2025-12-22T18:01:16.382338,11.850,388.69355869382565,3686.6965156080205,47.46786062432081,4100,1500,1520,40.0,35.0,20.0,3686.6965156080205,35.60089546824061,1500,1520,800,0,0,47.46786062432081,47.46786062432081,23.733930312160403,0.0,4100,4200,390.0,35.60089546824061,31.185000000000002,25.0,25.0,-0.35057528892190193,0.9365345518438308,1.0,0.0,0.0,0.0,0.0,35.236234697506156,35.33334090435766,39.419206890264284,38.34452447874537,45.92500000000002,45.92500000000002,45.92500000000002,45.92500000000002
2025-12-22T18:01:16.433028,11.900,388.4409384260605,3763.7257755259866,50.54903102103946,4100,1500,1520,40.0,35.0,20.0,3763.7257755259866,37.911773265779594,1500,1520,800,0,0,50.54903102103946,50.54903102103946,25.27451551051973,0.0,4100,4200,390.0,37.911773265779594,31.190000000000005,25.0,25.0,-0.3270548148697247,0.945005369334233,1.0,0.0,0.0,0.0,0.0,39.79796035413207,40.65970065745614,39.53308380967348,43.031579701904164,45.95000000000002,45.95000000000002,45.95000000000002,45.95000000000002
2025-12-22T18:01:16.483713,11.950,388.0999495917378,3843.8450771659677,53.75380308663871,4100,1500,1520,40.0,35.0,20.0,3843.8450771659677,40.31535231497904,1500,1520,800,0,0,53.75380308663871,53.75380308663871,26.876901543319356,0.0,4100,4200,390.0,40.31535231497904,31.195000000000004,25.0,25.0,-0.30332994220434767,0.952885589230054,1.0,0.0,0.0,0.0,0.0,36.548733243840005,36.59066205261819,38.4814699876049,41.16607154582428,45.975000000000016,45.975000000000016,45.975000000000016,45.975000000000016
2025-12-22T18:01:16.534330,12.000,387.96021423269224,3926.85416399919,57.0741665599676,4100,1500,1520,40.0,35.0,20.0,3926.85416399919,42.8056249199757,1500,1520,800,0,0,57.0741665599676,57.0741665599676,28.5370832799838,0.0,4100,4200,390.0,42.8056249199757,31.200000000000003,25.0,25.0,-0.2794154981989088,0.960170286650371,1.0,0.0,0.0,0.0,0.0,40.986284397191845,35.61453631723791,36.05053459855277,37.450860790772076,46.000000000000014,46.000000000000014,46.000000000000014,46.000000000000014
2025-12-22T18:01:16.584940,12.050,387.8968762529727,4012.545556538867,60.50182226155468,4100,1500,1520,40.0,35.0,20.0,4012.545556538867,45.37636669616601,1500,1520,800,0,0,60.50182226155468,60.50182226155468,30.25091113077734,0.0,4100,4200,390.0,45.37636669616601,31.205000000000005,25.0,25.0,-0.2553264286024627,0.9668549088964236,1.0,0.0,0.0,0.0,0.0,43.15903818632037,35.12988245428198,44.63157519104304,44.70821291024585,46.02500000000002,46.02500000000002,46.02500000000002,46.02500000000002
2025-12-22T18:01:16.635476,12.100,387.1512368169976,4100.705070930864,64.02820283723455,4100,1500,1520,40.0,35.0,20.0,4100.705070930864,48.02115212792591,1500,1520,800,0,0,64.02820283723455,64.02820283723455,32.01410141861727,0.0,4100,4200,390.0,48.02115212792591,31.210000000000004,25.0,25.0,-0.2310777882993741,0.9729352782969017,1.0,0.0,0.0,0.0,0.0,36.94337038351762,39.65175638976437,35.06586086243457,38.713088540932816,46.05000000000002,46.05000000000002,46.05000000000002,46.05000000000002
2025-12-22T18:01:16.686130,12.150,387.26950179022504,4191.112354301788,67.64449417207152,4100,1500,1520,40.0,35.0,20.0,4191.112354301788,50.73337062905364,1500,1520,800,0,0,67.64449417207152,67.64449417207152,33.82224708603576,0.0,4100,4200,390.0,50.73337062905364,31.215000000000003,25.0,25.0,-0.20668473190050507,0.9784075948188548,0.9999999999999999,0.0,0.0,0.0,0.0,36.56318969822415,36.687767332127024,40.695438190432604,38.01943804555381,46.07500000000002,46.07500000000002,46.07500000000002,46.07500000000002
2025-12-22T18:01:16.736678,12.200,386.86856631871234,4283.541435526416,71.34165742105662,4100,1500,1520,40.0,35.0,20.0,4283.541435526416,53.50624306579247,1500,1520,800,0,0,71.34165742105662,71.34165742105662,35.67082871052831,0.0,4100,4200,390.0,53.50624306579247,31.220000000000002,25.0,25.0,-0.18216250427207667,0.983268438442588,0.9999999999999999,0.0,0.0,0.0,0.0,41.564665564056064,37.32134196432398,43.48846416987876,36.26908892721761,46.10000000000002,46.10000000000002,46.10000000000002,46.10000000000002
2025-12-22T18:01:16.788821,12.250,387.4729388800483,4377.76129003782,75.11045160151278,4100,1500,1520,40.0,35.0,20.0,4377.76129003782,56.332838701134584,1500,1520,800,0,0,75.11045160151278,75.11045160151278,37.55522580075639,0.0,4100,4200,390.0,56.332838701134584,31.225000000000005,25.0,25.0,-0.15752643100812372,0.9875147712990641,1.0,0.0,0.0,0.0,0.0,38.22724962562875,35.913734000695534,40.96755132671243,37.96882383942357,46.12500000000002,46.12500000000002,46.12500000000002,46.12500000000002
2025-12-22T18:01:16.839582,12.300,387.3529784891028,4473.536417268473,78.94145669073893,4100,1500,1520,40.0,35.0,20.0,4473.536417268473,59.2060925180542,1500,1520,800,0,0,78.94145669073893,78.94145669073893,39.470728345369466,0.0,4100,4200,390.0,59.2060925180542,31.230000000000004,25.0,25.0,-0.13279190885249736,0.9911439395684716,1.0,0.0,0.0,0.0,0.0,41.49700066885949,38.927274907838125,40.3930180382429,39.82428454578154,46.15000000000002,46.15000000000002,46.15000000000002,46.15000000000002
2025-12-22T18:01:16.890374,12.350,386.647460367509,4570.627429279022,82.8250971711609,4100,1500,1520,40.0,35.0,20.0,4570.627429279022,62.11882287837068,1500,1520,800,0,0,82.8250971711609,82.8250971711609,41.41254858558045,0.0,4100,4200,390.0,62.11882287837068,31.235000000000003,25.0,25.0,-0.10797439607640143,0.9941536751387767,1.0,0.0,0.0,0.0,0.0,41.453097078688195,42.201607467314616,40.48625282553955,40.97007330680899,46.17500000000002,46.17500000000002,46.17500000000002,46.17500000000002
2025-12-22T18:01:16.941050,12.400,386.5623289044997,4668.791649103462,86.75166596413847,4100,1500,1520,40.0,35.0,20.0,4668.791649103462,65.06374947310385,1500,1520,800,0,0,86.75166596413847,86.75166596413847,43.375832982069234,0.0,4100,4200,390.0,65.06374947310385,31.240000000000006,25.0,25.0,-0.08308940281747604,0.9965420970232192,1.0,0.0,0.0,0.0,0.0,38.125198145493684,35.32003145707949,40.41932961570621,42.40652356129942,46.20000000000002,46.20000000000002,46.20000000000002,46.20000000000002
2025-12-22T18:01:16.991638,12.450,386.4781491709011,4767.783717315167,90.7113486926067,4100,1500,1520,40.0,35.0,20.0,4767.783717315167,68.03351151945503,1500,1520,800,0,0,90.7113486926067,90.7113486926067,45.35567434630335,0.0,4100,4200,390.0,68.03351151945503,31.245000000000005,25.0,25.0,-0.05815248138646656,0.9983077125358677,1.0,0.0,0.0,0.0,0.0,35.71166771964147,41.727993539383775,43.64081012973429,43.634635337115135,46.22500000000002,46.22500000000002,46.22500000000002,46.22500000000002
2025-12-22T18:01:17.042414,12.500,386.78498961366967,4867.356205297684,94.69424821190735,4100,1500,1520,40.0,35.0,20.0,4867.356205297684,71.02068615893052,1500,1520,800,0,0,94.69424821190735,94.69424821190735,47.347124105953675,0.0,4100,4200,390.0,71.02068615893052,31.250000000000004,25.0,25.0,-0.033179216547535514,0.9994494182245001,0.9999999999999999,0.0,0.0,0.0,0.0,40.61457457154924,41.19229810242749,42.44438369936411,44.146101205519926,46.25000000000002,46.25000000000002,46.25000000000002,46.25000000000002
2025-12-22T18:01:17.093088,12.550,386.2529581571212,4967.260233687402,98.6904093474961,4100,1500,1520,40.0,35.0,20.0,4967.260233687402,74.01780701062208,1500,1520,800,0,0,98.6904093474961,98.6904093474961,49.34520467374805,0.0,4100,4200,390.0,74.01780701062208,31.255000000000003,25.0,25.0,-0.008185215778292378,0.9999665005602252,1.0,0.0,0.0,0.0,0.0,42.879891084680885,39.37034128700787,44.193865192971856,43.566368618479174,46.27500000000002,46.27500000000002,46.27500000000002,46.27500000000002
2025-12-22T18:01:17.144136,12.600,385.96196181426683,5067.246094442362,102.68984377769449,4100,1500,1520,40.0,35.0,20.0,5067.246094442362,77.01738283327087,1500,1520,800,0,0,102.68984377769449,102.68984377769449,51.344921888847246,0.0,4100,4200,390.0,77.01738283327087,31.260000000000005,25.0,25.0,0.016813900484371914,0.9998586363834148,1.0,0.0,0.0,0.0,0.0,40.89327011806208,37.5728702462463,43.87671087695571,40.50033509882475,46.300000000000026,46.300000000000026,46.300000000000026,46.300000000000026
2025-12-22T18:01:17.198935,12.650,386.35936411784803,5167.063874982305,106.6825549992922,4100,1500,1520,40.0,35.0,20.0,5167.063874982305,80.01191624946915,1500,1520,800,0,0,106.6825549992922,106.6825549992922,53.3412774996461,0.0,4100,4200,390.0,80.01191624946915,31.265000000000004,25.0,25.0,0.04180250860654956,0.9991258931056684,1.0,0.0,0.0,0.0,0.0,36.529972214259494,44.31976143358742,43.48874646034929,41.90226379451374,46.325000000000024,46.325000000000024,46.325000000000024,46.325000000000024
2025-12-22T18:01:17.250532,12.700,385.76502668393044,5266.464082839976,110.65856331359905,4100,1500,1520,40.0,35.0,20.0,5266.464082839976,82.99392248519928,1500,1520,800,0,0,110.65856331359905,110.65856331359905,55.32928165679952,0.0,4100,4200,390.0,82.99392248519928,31.270000000000003,25.0,25.0,0.06676499152157851,0.9977687286676825,0.9999999999999999,0.0,0.0,0.0,0.0,39.512106166152364,37.54169228937913,39.9014468297805,35.168876728510966,46.35000000000002,46.35000000000002,46.35000000000002,46.35000000000002
2025-12-22T18:01:17.301059,12.750,385.703021753429,5365.198269262359,114.60793077049435,4100,1500,1520,40.0,35.0,20.0,5365.198269262359,85.95594807787076,1500,1520,800,0,0,114.60793077049435,114.60793077049435,57.303965385247174,0.0,4100,4200,390.0,85.95594807787076,31.275000000000006,25.0,25.0,0.09168574849020075,0.9957879912530536,1.0,0.0,0.0,0.0,0.0,39.920827426915984,37.3962644056786,40.72852251178481,35.03692594348041,46.37500000000002,46.37500000000002,46.37500000000002,46.37500000000002
2025-12-22T18:01:17.351618,12.800,385.9197277818083,5463.019650203168,118.5207860081267,4100,1500,1520,40.0,35.0,20.0,5463.019650203168,88.89058950609503,1500,1520,800,0,0,118.5207860081267,118.5207860081267,59.26039300406335,0.0,4100,4200,390.0,88.89058950609503,31.280000000000005,25.0,25.0,0.11654920485051658,0.9931849187581899,1.0,0.0,0.0,0.0,0.0,39.0903872935488,43.50368110689102,41.34946068753622,41.16673628791329,46.40000000000002,46.40000000000002,46.40000000000002,46.40000000000002
2025-12-22T18:01:17.402215,12.850,385.54993560787045,5559.683723154441,122.38734892617765,4100,1500,1520,40.0,35.0,20.0,5559.683723154441,91.79051169463324,1500,1520,800,0,0,122.38734892617765,122.38734892617765,61.193674463088826,0.0,4100,4200,390.0,91.79051169463324,31.285000000000004,25.0,25.0,0.14133982175164123,0.989961138018667,1.0,0.0,0.0,0.0,0.0,41.7874674555985,37.37704222301451,38.696748827355876,35.48737150220698,46.425000000000026,46.425000000000026,46.425000000000026,46.425000000000026
2025-12-22T18:01:17.452893,12.900,385.6304311059147,5654.948878275477,126.19795513101907,4100,1500,1520,40.0,35.0,20.0,5654.948878275477,94.64846634826431,1500,1520,800,0,0,126.19795513101907,126.19795513101907,63.098977565509536,0.0,4100,4200,390.0,94.64846634826431,31.290000000000006,25.0,25.0,0.16604210586498086,0.9861186637925086,1.0,0.0,0.0,0.0,0.0,41.930513215978,43.43822931222229,42.14566664873708,43.19458919167582,46.450000000000024,46.450000000000024,46.450000000000024,46.450000000000024
2025-12-22T18:01:17.503573,12.950,384.93899051931646,5748.577002291606,129.94308009166423,4100,1500,1520,40.0,35.0,20.0,5748.577002291606,97.45731006874817,1500,1520,800,0,0,129.94308009166423,129.94308009166423,64.97154004583211,0.0,4100,4200,390.0,97.45731006874817,31.295000000000005,25.0,25.0,0.1906406190670588,0.9816598975010279,1.0,0.0,0.0,0.0,0.0,37.96999444673098,36.543318442009635,39.82802217676689,35.81914011427875,46.47500000000002,46.47500000000002,46.47500000000002,46.47500000000002
2025-12-22T18:01:17.554287,13.000,384.7672202964299,5840.334073653372,133.61336294613488,4100,1500,1520,40.0,35.0,20.0,5840.334073653372,100.21002220960116,1500,1520,800,0,0,133.61336294613488,133.61336294613488,66.80668147306744,0.0,4100,4200,390.0,100.21002220960116,31.300000000000004,25.0,25.0,0.2151199880878398,0.9765876257280182,1.0,0.0,0.0,0.0,0.0,40.32832216319979,35.23949060991989,40.30628958114489,36.49444397954161,46.50000000000003,46.50000000000003,46.50000000000003,46.50000000000003
2025-12-22T18:01:17.605351,13.050,384.67192984884093,5929.990747468531,137.19962989874122,4100,1500,1520,40.0,35.0,20.0,5929.990747468531,102.89972242405591,1500,1520,800,0,0,137.19962989874122,137.19962989874122,68.59981494937061,0.0,4100,4200,390.0,102.89972242405591,31.305000000000007,25.0,25.0,0.23946491411852383,0.9709050184782279,0.9999999999999999,0.0,0.0,0.0,0.0,37.54782580099454,40.375976900411466,35.59021113905128,39.66117897384529,46.52500000000003,46.52500000000003,46.52500000000003,46.52500000000003
2025-12-22T18:01:17.655886,13.100,384.31574875879306,6017.322928744836,140.69291714979346,4100,1500,1520,40.0,35.0,20.0,6017.322928744836,105.5196878623451,1500,1520,800,0,0,140.69291714979346,140.69291714979346,70.34645857489673,0.0,4100,4200,390.0,105.51968786234508,31.310000000000006,25.0,25.0,0.2636601823728032,0.9646156271962113,1.0,0.0,0.0,0.0,0.0,36.48474074546555,42.596699714566654,42.60524558817569,37.105856550599455,46.550000000000026,46.550000000000026,46.550000000000026,46.550000000000026
2025-12-22T18:01:17.710442,13.150,384.9222467600265,6102.112332510818,144.08449330043277,4100,1500,1520,40.0,35.0,20.0,6102.112332510818,108.06336997532458,1500,1520,800,0,0,144.08449330043277,144.08449330043277,72.04224665021638,0.0,4100,4200,390.0,108.06336997532458,31.315000000000005,25.0,25.0,0.287690671595609,0.9577233825467912,1.0,0.0,0.0,0.0,0.0,35.58395414184595,39.40720889651388,38.22719502311387,37.45853044825489,46.575000000000024,46.575000000000024,46.575000000000024,46.575000000000024
2025-12-22T18:01:17.760977,13.200,384.6692885182369,6184.147029414532,147.3658811765813,4100,1500,1520,40.0,35.0,20.0,6184.147029414532,110.52441088243597,1500,1520,800,0,0,147.3658811765813,147.3658811765813,73.68294058829065,0.0,4100,4200,390.0,110.52441088243597,31.320000000000004,25.0,25.0,0.31154136351340317,0.9502325919585213,1.0,0.0,0.0,0.0,0.0,37.758811715276146,40.10124690613286,35.36390821411618,35.76423040404963,46.60000000000002,46.60000000000002,46.60000000000002,46.60000000000002
2025-12-22T18:01:17.814520,13.250,384.5352683721909,6263.22197543656,150.5288790174624,4100,1500,1520,40.0,35.0,20.0,6263.22197543656,112.89665926309681,1500,1520,800,0,0,150.5288790174624,150.5288790174624,75.2644395087312,0.0,4100,4200,390.0,112.89665926309681,31.325000000000006,25.0,25.0,0.3351973522201106,0.9421479369316833,1.0,0.0,0.0,0.0,0.0,41.190566681793186,41.82205501317651,37.3427922474019,36.86128425306479,46.62500000000003,46.62500000000003,46.62500000000003,46.62500000000003
2025-12-22T18:01:17.865371,13.300,383.80956616787086,6339.139524393284,153.56558097573134,4100,1500,1520,40.0,35.0,20.0,6339.139524393284,115.1741857317985,1500,1520,800,0,0,153.56558097573134,153.56558097573134,76.78279048786567,0.0,4100,4200,390.0,115.1741857317985,31.330000000000005,25.0,25.0,0.35864385349282524,0.9334744701125023,1.0,0.0,0.0,0.0,0.0,35.10990210425662,42.5805414877658,41.326019097850484,39.39858170780557,46.65000000000003,46.65000000000003,46.65000000000003,46.65000000000003
2025-12-22T18:01:17.915557,13.350,384.5103903958138,6411.709921949407,156.46839687797626,4100,1500,1520,40.0,35.0,20.0,6411.709921949407,117.3512976584822,1500,1520,800,0,0,156.46839687797626,156.46839687797626,78.23419843898813,0.0,4100,4200,390.0,117.3512976584822,31.335000000000004,25.0,25.0,0.3818662140314683,0.9242176121354065,0.9999999999999999,0.0,0.0,0.0,0.0,44.33642193769805,42.81419635082155,35.10382919628764,44.79040100596441,46.675000000000026,46.675000000000026,46.675000000000026,46.675000000000026
2025-12-22T18:01:17.966094,13.400,384.43631308604324,6480.751779904971,159.23007119619885,4100,1500,1520,40.0,35.0,20.0,6480.751779904971,119.42255339714913,1500,1520,800,0,0,159.23007119619885,159.23007119619885,79.61503559809942,0.0,4100,4200,390.0,119.42255339714913,31.340000000000007,25.0,25.0,0.4048499206166235,0.9143831482353082,0.9999999999999999,0.0,0.0,0.0,0.0,43.250509208535945,36.863414286991855,42.091186626866055,36.775919232733735,46.70000000000003,46.70000000000003,46.70000000000003,46.70000000000003
2025-12-22T18:01:18.017074,13.450,383.51470141690095,6546.092529571392,161.8437011828557,4100,1500,1520,40.0,35.0,20.0,6546.092529571392,121.38277588714178,1500,1520,800,0,0,161.8437011828557,161.8437011828557,80.92185059142786,0.0,4100,4200,390.0,121.38277588714178,31.345000000000006,25.0,25.0,0.4275806091798271,0.9039772246320191,1.0,0.0,0.0,0.0,0.0,35.98570881794221,40.87198689153661,37.40274640436753,35.9589986895192,46.72500000000003,46.72500000000003,46.72500000000003,46.72500000000003
2025-12-22T18:01:18.067573,13.500,383.52135665452295,6607.568853103309,164.30275412413238,4100,1500,1520,40.0,35.0,20.0,6607.568853103309,123.22706559309928,1500,1520,800,0,0,164.30275412413238,164.30275412413238,82.15137706206619,0.0,4100,4200,390.0,123.2270655930993,31.350000000000005,25.0,25.0,0.450044073780643,0.8930063446890639,1.0,0.0,0.0,0.0,0.0,37.889763246937584,40.87263115110899,44.664128431889935,41.526584047931124,46.75000000000003,46.75000000000003,46.75000000000003,46.75000000000003
2025-12-22T18:01:18.123258,13.550,383.3580309684811,6665.0270917081425,166.6010836683257,4100,1500,1520,40.0,35.0,20.0,6665.0270917081425,124.95081275124429,1500,1520,800,0,0,166.6010836683257,166.6010836683257,83.30054183416286,0.0,4100,4200,390.0,124.95081275124429,31.355000000000004,25.0,25.0,0.4722262754849129,0.8814773648492893,1.0,0.0,0.0,0.0,0.0,43.83083640187429,41.69699026841228,35.78871391965688,42.82542972337768,46.77500000000003,46.77500000000003,46.77500000000003,46.77500000000003
2025-12-22T18:01:18.178335,13.600,383.65949487641194,6718.323629713052,168.73294518852208,4100,1500,1520,40.0,35.0,20.0,6718.323629713052,126.54970889139156,1500,1520,800,0,0,168.73294518852208,168.73294518852208,84.36647259426104,0.0,4100,4200,390.0,126.54970889139156,31.360000000000007,25.0,25.0,0.49411335113863364,0.8693974903498107,0.9999999999999999,0.0,0.0,0.0,0.0,38.501611653837585,41.43489890325191,37.632574173453634,36.915751306373465,46.800000000000026,46.800000000000026,46.800000000000026,46.800000000000026
2025-12-22T18:01:18.228848,13.650,384.08086172942285,6767.325253529325,170.693010141173,4100,1500,1520,40.0,35.0,20.0,6767.325253529325,128.01975760587976,1500,1520,800,0,0,170.693010141173,170.693010141173,85.3465050705865,0.0,4100,4200,390.0,128.01975760587976,31.365000000000006,25.0,25.0,0.5156916220319766,0.8567742707189736,1.0,0.0,0.0,0.0,0.0,39.188805130610724,39.20049122555935,41.1810757876121,41.49067146449426,46.82500000000003,46.82500000000003,46.82500000000003,46.82500000000003
2025-12-22T18:01:18.279373,13.700,383.7035954119183,6811.909484616975,172.47637938467898,4100,1500,1520,40.0,35.0,20.0,6811.909484616975,129.35728453850925,1500,1520,800,0,0,172.47637938467898,172.47637938467898,86.23818969233949,0.0,4100,4200,390.0,129.35728453850925,31.370000000000005,25.0,25.0,0.5369476024480364,0.8436155950581434,1.0,0.0,0.0,0.0,0.0,42.504893101382265,36.80384305962543,40.09498227079976,37.9811370059752,46.85000000000003,46.85000000000003,46.85000000000003,46.85000000000003
2025-12-22T18:01:18.329973,13.750,383.64809216139133,6851.9648856173,174.078595424692,4100,1500,1520,40.0,35.0,20.0,6851.9648856173,130.558946568519,1500,1520,800,0,0,174.078595424692,174.078595424692,87.039297712346,0.0,4100,4200,390.0,130.558946568519,31.375000000000007,25.0,25.0,0.5578680080909653,0.8299296871112749,1.0,0.0,0.0,0.0,0.0,40.75013197431439,38.484546456549026,36.160078746490335,37.834670933006414,46.87500000000003,46.87500000000003,46.87500000000003,46.87500000000003
2025-12-22T18:01:18.380279,13.800,383.49079897977543,6887.391338888249,175.49565355553,4100,1500,1520,40.0,35.0,20.0,6887.391338888249,131.6217401666475,1500,1520,800,0,0,175.49565355553,175.49565355553,87.747826777765,0.0,4100,4200,390.0,131.6217401666475,31.380000000000006,25.0,25.0,0.5784397643882248,0.8157251001253394,0.9999999999999999,0.0,0.0,0.0,0.0,44.06351561777029,41.10562630446151,37.49475677109369,43.396478915432716,46.900000000000034,46.900000000000034,46.900000000000034,46.900000000000034
2025-12-22T18:01:18.430611,13.850,383.1150690794666,6918.100296746386,176.72401186985547,4100,1500,1520,40.0,35.0,20.0,6918.100296746386,132.5430089023916,1500,1520,800,0,0,176.72401186985547,176.72401186985547,88.36200593492774,0.0,4100,4200,390.0,132.5430089023916,31.385000000000005,25.0,25.0,0.5986500146617688,0.8010107115048237,0.9999999999999999,0.0,0.0,0.0,0.0,37.36820483101395,36.5617717604731,35.593826836612365,37.32739139811869,46.92500000000003,46.92500000000003,46.92500000000003,46.92500000000003
2025-12-22T18:01:18.481078,13.900,383.2127025288426,6944.015002789982,177.76060011159925,4100,1500,1520,40.0,35.0,20.0,6944.015002789982,133.32045008369943,1500,1520,800,0,0,177.76060011159925,177.76060011159925,88.88030005579962,0.0,4100,4200,390.0,133.32045008369943,31.390000000000008,25.0,25.0,0.6184861281630484,0.7857957172636418,1.0,0.0,0.0,0.0,0.0,44.04980561508614,35.69666607819244,38.695908056789165,39.11783522877404,46.95000000000003,46.95000000000003,46.95000000000003,46.95000000000003
2025-12-22T18:01:18.531550,13.950,383.08624346092324,6965.070683750043,178.60282735000172,4100,1500,1520,40.0,35.0,20.0,6965.070683750043,133.9521205125013,1500,1520,800,0,0,178.60282735000172,178.60282735000172,89.30141367500086,0.0,4100,4200,390.0,133.9521205125013,31.395000000000007,25.0,25.0,0.6379357079668185,0.7700896262779249,1.0,0.0,0.0,0.0,0.0,38.80101229365548,38.99943481602139,37.95151996561019,42.941912987136625,46.97500000000003,46.97500000000003,46.97500000000003,46.97500000000003
2025-12-22T18:01:18.587140,14.000,383.6221661313933,6981.214711389758,179.24858845559032,4100,1500,1520,40.0,35.0,20.0,6981.214711389758,134.43644134169273,1500,1520,800,0,0,179.24858845559032,179.24858845559032,89.62429422779516,0.0,4100,4200,390.0,134.43644134169273,31.400000000000006,25.0,25.0,0.6569865987188132,0.7539022543432836,0.9999999999999999,0.0,0.0,0.0,0.0,42.98295107105094,37.67176184878474,39.33694598530203,35.907743642883624,47.00000000000003,47.00000000000003,47.00000000000003,47.00000000000003
2025-12-22T18:01:18.640726,14.050,382.8897309555694,6992.406734047674,179.69626936190699,4100,1500,1520,40.0,35.0,20.0,6992.406734047674,134.77220202143025,1500,1520,800,0,0,179.69626936190699,179.69626936190699,89.84813468095349,0.0,4100,4200,390.0,134.77220202143025,31.40500000000001,25.0,25.0,0.6756268942324455,0.7372437180402556,1.0,0.0,0.0,0.0,0.0,40.25893299039153,36.63151796940182,37.858711429442806,42.70949505695733,47.025000000000034,47.025000000000034,47.025000000000034,47.025000000000034
2025-12-22T18:01:18.691388,14.100,382.814030405572,6998.61877749584,179.9447510998336,4100,1500,1520,40.0,35.0,20.0,6998.61877749584,134.9585633248752,1500,1520,800,0,0,179.9447510998336,179.9447510998336,89.9723755499168,0.0,4100,4200,390.0,134.9585633248752,31.410000000000007,25.0,25.0,0.6938449449297873,0.7201244284117714,1.0,0.0,0.0,0.0,0.0,41.82777305420137,38.70861486848835,44.705885080352274,36.23920855344376,47.05000000000003,47.05000000000003,47.05000000000003,47.05000000000003
2025-12-22T18:01:18.742578,14.150,382.92861487515705,6999.835314860804,179.9934125944322,4100,1500,1520,40.0,35.0,20.0,6999.835314860804,134.99505944582415,1500,1520,800,0,0,179.9934125944322,179.9934125944322,89.9967062972161,0.0,4100,4200,390.0,134.99505944582415,31.415000000000006,25.0,25.0,0.711629365122176,0.7025550844565918,1.0,0.0,0.0,0.0,0.0,35.51392493131648,37.835992523092145,42.80608106004372,41.46721611775534,47.07500000000003,47.07500000000003,47.07500000000003,47.07500000000003
2025-12-22T18:01:18.794370,14.200,382.8845484454234,6996.053305432715,179.8421322173086,4100,1500,1520,40.0,35.0,20.0,6996.053305432715,134.88159916298144,1500,1520,800,0,0,179.8421322173086,179.8421322173086,89.9210661086543,0.0,4100,4200,390.0,134.88159916298144,31.420000000000005,25.0,25.0,0.728969040125899,0.684546666442782,1.0,0.0,0.0,0.0,0.0,36.28465816132795,44.50775021364785,35.44558342225486,42.6803256879245,47.10000000000004,47.10000000000004,47.10000000000004,47.10000000000004
2025-12-22T18:01:18.845381,14.250,383.52548930993424,6987.28220226551,179.4912880906204,4100,1500,1520,40.0,35.0,20.0,6987.28220226551,134.6184660679653,1500,1520,800,0,0,179.4912880906204,179.4912880906204,89.7456440453102,0.0,4100,4200,390.0,134.6184660679653,31.425000000000008,25.0,25.0,0.74585313320851,0.6661104290454014,1.0,0.0,0.0,0.0,0.0,37.66019413123027,39.15955633672851,42.322165131374334,38.77403707850074,47.125000000000036,47.125000000000036,47.125000000000036,47.125000000000036
2025-12-22T18:01:18.895946,14.300,383.5737555632027,6973.543928549205,178.9417571419682,4100,1500,1520,40.0,35.0,20.0,6973.543928549205,134.20631785647615,1500,1520,800,0,0,178.9417571419682,178.9417571419682,89.4708785709841,0.0,4100,4200,390.0,134.20631785647615,31.430000000000007,25.0,25.0,0.7622710923614331,0.6472578943126979,1.0,0.0,0.0,0.0,0.0,38.0541437158834,42.2814921884255,36.60590774736498,39.61165796633617,47.150000000000034,47.150000000000034,47.150000000000034,47.150000000000034
2025-12-22T18:01:18.946470,14.350,383.4126346406274,6954.872822813336,178.19491291253343,4100,1500,1520,40.0,35.0,20.0,6954.872822813336,133.64618468440005,1500,1520,800,0,0,178.19491291253343,178.19491291253343,89.09745645626671,0.0,4100,4200,390.0,133.64618468440005,31.435000000000006,25.0,25.0,0.7782126568946255,0.6280008444652029,1.0,0.0,0.0,0.0,0.0,37.053695604159806,42.3226976894393,39.2037610442101,43.788331401137036,47.17500000000003,47.17500000000003,47.17500000000003,47.17500000000003
2025-12-22T18:01:18.996666,14.400,383.0438714879097,6931.315553098519,177.25262212394074,4100,1500,1520,40.0,35.0,20.0,6931.315553098519,132.93946659295557,1500,1520,800,0,0,177.25262212394074,177.25262212394074,88.62631106197037,0.0,4100,4200,390.0,132.93946659295557,31.44000000000001,25.0,25.0,0.7936678638491742,0.608351314532227,1.0,0.0,0.0,0.0,0.0,38.359755660217076,43.332798760075946,36.05712155383075,35.2636652401515,47.20000000000003,47.20000000000003,47.20000000000003,47.20000000000003
2025-12-22T18:01:19.047014,14.450,383.6138586076107,6902.931000310652,176.11724001242607,4100,1500,1520,40.0,35.0,20.0,6902.931000310652,132.08793000931956,1500,1520,800,0,0,176.11724001242607,176.11724001242607,88.05862000621303,0.0,4100,4200,390.0,132.08793000931956,31.445000000000007,25.0,25.0,0.8086270542238214,0.5883215848303587,1.0,0.0,0.0,0.0,0.0,36.48155013906461,44.72005330060135,43.781914552010775,40.41429626080817,47.22500000000004,47.22500000000004,47.22500000000004,47.22500000000004
2025-12-22T18:01:19.097851,14.500,383.67544159031763,6869.790111049316,174.79160444197262,4100,1500,1520,40.0,35.0,20.0,6869.790111049316,131.09370333147947,1500,1520,800,0,0,174.79160444197262,174.79160444197262,87.39580222098631,0.0,4100,4200,390.0,131.09370333147947,31.450000000000006,25.0,25.0,0.8230808790115256,0.5679241732886656,1.0,0.0,0.0,0.0,0.0,35.32009755002601,38.65479181970933,42.021440639203206,44.63526902752757,47.250000000000036,47.250000000000036,47.250000000000036,47.250000000000036
2025-12-22T18:01:19.151633,14.550,383.4184487863003,6831.975720278221,173.27902881112885,4100,1500,1520,40.0,35.0,20.0,6831.975720278221,129.95927160834663,1500,1520,800,0,0,173.27902881112885,173.27902881112885,86.63951440556443,0.0,4100,4200,390.0,129.95927160834663,31.455000000000005,25.0,25.0,0.8370203050422867,0.547171827625397,0.9999999999999999,0.0,0.0,0.0,0.0,37.28428695480482,41.46236641475439,44.214433214464925,39.00151362122111,47.275000000000034,47.275000000000034,47.275000000000034,47.275000000000034
2025-12-22T18:01:19.204227,14.600,383.51021979961934,6789.582344280943,171.58329377123772,4100,1500,1520,40.0,35.0,20.0,6789.582344280943,128.68747032842828,1500,1520,800,0,0,171.58329377123772,171.58329377123772,85.79164688561886,0.0,4100,4200,390.0,128.68747032842828,31.460000000000008,25.0,25.0,0.8504366206285836,0.5260775173810743,1.0,0.0,0.0,0.0,0.0,36.279473740200835,42.95051399848084,38.578591839695974,39.98328180626019,47.30000000000004,47.30000000000004,47.30000000000004,47.30000000000004
2025-12-22T18:01:19.254732,14.650,383.67519740971665,6742.715944419431,169.70863777677724,4100,1500,1520,40.0,35.0,20.0,6742.715944419431,127.28147833258294,1500,1520,800,0,0,169.70863777677724,169.70863777677724,84.85431888838862,0.0,4100,4200,390.0,127.28147833258295,31.465000000000007,25.0,25.0,0.8633214410098945,0.504654425812951,1.0,0.0,0.0,0.0,0.0,42.81126854596976,36.25777294690527,44.96171549048304,43.69843678656217,47.32500000000004,47.32500000000004,47.32500000000004,47.32500000000004
2025-12-22T18:01:19.305582,14.700,383.90953502324726,6691.4936622857895,167.65974649143158,4100,1500,1520,40.0,35.0,20.0,6691.4936622857895,125.74480986857368,1500,1520,800,0,0,167.65974649143158,167.65974649143158,83.82987324571579,0.0,4100,4200,390.0,125.74480986857368,31.470000000000006,25.0,25.0,0.8756667135929003,0.4829159416559052,1.0,0.0,0.0,0.0,0.0,41.2555662987488,35.19873856284799,43.41357945364495,39.60478048700202,47.35000000000004,47.35000000000004,47.35000000000004,47.35000000000004
2025-12-22T18:01:19.355837,14.750,383.36591397598335,6636.043526909302,165.4417410763721,4100,1500,1520,40.0,35.0,20.0,6636.043526909302,124.08130580727908,1500,1520,800,0,0,165.4417410763721,165.4417410763721,82.72087053818605,0.0,4100,4200,390.0,124.08130580727907,31.47500000000001,25.0,25.0,0.8874647229840924,0.4608756507549169,1.0,0.0,0.0,0.0,0.0,39.575800880771475,39.420610134707005,37.631834871959995,44.73715307252452,47.375000000000036,47.375000000000036,47.375000000000036,47.375000000000036
2025-12-22T18:01:19.406411,14.800,383.8130303332503,6576.504134750541,163.0601653900216,4100,1500,1520,40.0,35.0,20.0,6576.504134750541,122.2951240425162,1500,1520,800,0,0,163.0601653900216,163.0601653900216,81.5300826950108,0.0,4100,4200,390.0,122.2951240425162,31.480000000000008,25.0,25.0,0.8987080958116432,0.4385473275743568,1.0,0.0,0.0,0.0,0.0,43.37468085563807,36.20720027387945,41.536125288559795,40.53600625391813,47.400000000000034,47.400000000000034,47.400000000000034,47.400000000000034
2025-12-22T18:01:19.457049,14.850,383.52686341403387,6513.024303282384,160.52097213129537,4100,1500,1520,40.0,35.0,20.0,6513.024303282384,120.39072909847152,1500,1520,800,0,0,160.52097213129537,160.52097213129537,80.26048606564768,0.0,4100,4200,390.0,120.39072909847152,31.485000000000007,25.0,25.0,0.9093898053335232,0.4159449265893945,1.0,0.0,0.0,0.0,0.0,36.960070457150614,35.32834241911156,35.92587541050962,39.799296770576284,47.42500000000004,47.42500000000004,47.42500000000004,47.42500000000004
2025-12-22T18:01:19.507302,14.900,383.9035536870772,6445.762699023847,157.83050796095387,4100,1500,1520,40.0,35.0,20.0,6445.762699023847,118.3728809707154,1500,1520,800,0,0,157.83050796095387,157.83050796095387,78.91525398047693,0.0,4100,4200,390.0,118.37288097071539,31.49000000000001,25.0,25.0,0.9195031758289857,0.39308257356490567,1.0,0.0,0.0,0.0,0.0,44.673289293879236,43.306581679947186,43.63950746344395,39.19701849195664,47.45000000000004,47.45000000000004,47.45000000000004,47.45000000000004
2025-12-22T18:01:19.558158,14.950,384.15793296415546,6374.887440956408,154.9954976382563,4100,1500,1520,40.0,35.0,20.0,6374.887440956408,116.24662322869221,1500,1520,800,0,0,154.9954976382563,154.9954976382563,77.49774881912815,0.0,4100,4200,390.0,116.24662322869221,31.495000000000008,25.0,25.0,0.9290418867706755,0.3699745567273288,1.0,0.0,0.0,0.0,0.0,36.284677351431,38.93422732685809,36.5484922664222,35.946963772116305,47.47500000000004,47.47500000000004,47.47500000000004,47.47500000000004
2025-12-22T18:01:19.610896,15.000,384.4058913845893,6300.575680314115,152.0230272125646,4100,1500,1520,40.0,35.0,20.0,6300.575680314115,114.01727040942346,1500,1520,800,0,0,152.0230272125646,152.0230272125646,76.0115136062823,0.0,4100,4200,390.0,114.01727040942346,31.500000000000007,25.0,25.0,0.9379999767747524,0.34663531783498913,1.0,0.0,0.0,0.0,0.0,40.62033221969956,41.71294017960167,43.87935757144825,35.22795260421325,47.50000000000004,47.50000000000004,47.50000000000004,47.50000000000004
2025-12-22T18:01:19.663426,15.050,383.96815446804806,6223.013157797758,148.92052631191032,4100,1500,1520,40.0,35.0,20.0,6223.013157797758,111.69039473393275,1500,1520,800,0,0,148.92052631191032,148.92052631191032,74.46026315595516,0.0,4100,4200,390.0,111.69039473393275,31.50500000000001,25.0,25.0,0.9463718473265624,0.3230794431524693,1.0,0.0,0.0,0.0,0.0,42.300373657886745,41.82670932626677,36.17478245142458,42.08476112275686,47.52500000000004,47.52500000000004,47.52500000000004,47.52500000000004
2025-12-22T18:01:19.713991,15.100,384.9077388033616,6142.393739319846,145.69574957279383,4100,1500,1520,40.0,35.0,20.0,6142.393739319846,109.27181217959537,1500,1520,800,0,0,145.69574957279383,145.69574957279383,72.84787478639691,0.0,4100,4200,390.0,109.27181217959537,31.51000000000001,25.0,25.0,0.9541522662795268,0.29932165433466895,1.0,0.0,0.0,0.0,0.0,41.529060543722295,36.62379476184007,43.92594159576505,37.28331953216585,47.55000000000004,47.55000000000004,47.55000000000004,47.55000000000004
2025-12-22T18:01:19.764583,15.150,384.1931418470095,6058.918931440793,142.35675725763173,4100,1500,1520,40.0,35.0,20.0,6058.918931440793,106.7675679432238,1500,1520,800,0,0,142.35675725763173,142.35675725763173,71.17837862881586,0.0,4100,4200,390.0,106.7675679432238,31.515000000000008,25.0,25.0,0.9613363711250634,0.27537679922624986,1.0,0.0,0.0,0.0,0.0,41.513660655844376,36.69939549403728,36.04029598068985,42.268553259778436,47.57500000000004,47.57500000000004,47.57500000000004,47.57500000000004
2025-12-22T18:01:19.815151,15.200,384.9405806650315,5972.797377707457,138.91189510829827,4100,1500,1520,40.0,35.0,20.0,5972.797377707457,104.1839213312237,1500,1520,800,0,0,138.91189510829827,138.91189510829827,69.45594755414913,0.0,4100,4200,390.0,104.1839213312237,31.520000000000007,25.0,25.0,0.9679196720314966,0.2512598425822162,1.0,0.0,0.0,0.0,0.0,40.99424076266562,43.292489365321906,35.655884396710476,36.949253330962456,47.60000000000004,47.60000000000004,47.60000000000004,47.60000000000004
2025-12-22T18:01:19.866015,15.250,384.6666360269879,5884.2443371529325,135.36977348611728,4100,1500,1520,40.0,35.0,20.0,5884.2443371529325,101.52733011458795,1500,1520,800,0,0,135.36977348611728,135.36977348611728,67.68488674305864,0.0,4100,4200,390.0,101.52733011458795,31.52500000000001,25.0,25.0,0.9738980546500555,0.22698585671542953,1.0,0.0,0.0,0.0,0.0,35.15310833137065,39.38567590442257,42.448073323134,37.47008480948178,47.62500000000004,47.62500000000004,47.62500000000004,47.62500000000004
2025-12-22T18:01:19.916600,15.300,385.3174234429883,5793.481146261074,131.73924585044296,4100,1500,1520,40.0,35.0,20.0,5793.481146261074,98.80443438783222,1500,1520,800,0,0,131.73924585044296,131.73924585044296,65.86962292522148,0.0,4100,4200,390.0,98.80443438783222,31.53000000000001,25.0,25.0,0.9792677826862083,0.2025700120769043,1.0,0.0,0.0,0.0,0.0,44.71024664380617,35.63787660185421,35.57208533946654,36.55309546458234,47.65000000000004,47.65000000000004,47.65000000000004,47.65000000000004
2025-12-22T18:01:19.967245,15.350,385.0646368890245,5700.734665740556,128.02938662962222,4100,1500,1520,40.0,35.0,20.0,5700.734665740556,96.02203997221667,1500,1520,800,0,0,128.02938662962222,128.02938662962222,64.01469331481111,0.0,4100,4200,390.0,96.02203997221667,31.535000000000007,25.0,25.0,0.9840255002347246,0.17802756777476958,1.0,0.0,0.0,0.0,0.0,38.10319974422709,35.55970940480714,39.632973985779444,44.29314924716563,47.67500000000004,47.67500000000004,47.67500000000004,47.67500000000004
2025-12-22T18:01:20.017841,15.400,385.1491025338595,5606.236713491246,124.24946853964983,4100,1500,1520,40.0,35.0,20.0,5606.236713491246,93.18710140473738,1500,1520,800,0,0,124.24946853964983,124.24946853964983,62.12473426982491,0.0,4100,4200,390.0,93.18710140473738,31.54000000000001,25.0,25.0,0.9881682338770068,0.1533738620378231,1.0,0.0,0.0,0.0,0.0,43.896311707572856,35.844466659735296,39.60477651676818,44.689174591945346,47.700000000000045,47.700000000000045,47.700000000000045,47.700000000000045
2025-12-22T18:01:20.068089,15.450,385.84953209849834,5510.223485180184,120.40893940720736,4100,1500,1520,40.0,35.0,20.0,5510.223485180184,90.30670455540552,1500,1520,800,0,0,120.40893940720736,120.40893940720736,60.20446970360368,0.0,4100,4200,390.0,90.30670455540552,31.54500000000001,25.0,25.0,0.9916933945393805,0.1286243026296377,1.0,0.0,0.0,0.0,0.0,41.92626936423903,38.892672512462376,43.66330595250229,35.32174450482895,47.725000000000044,47.725000000000044,47.725000000000044,47.725000000000044
2025-12-22T18:01:20.118293,15.500,385.30162793272825,5412.934963875427,116.51739855501705,4100,1500,1520,40.0,35.0,20.0,5412.934963875427,87.38804891626279,1500,1520,800,0,0,116.51739855501705,116.51739855501705,58.258699277508526,0.0,4100,4200,390.0,87.38804891626279,31.550000000000008,25.0,25.0,0.9945987791111806,0.10379435721921057,1.0,0.0,0.0,0.0,0.0,41.11136632705099,37.00805178544405,38.967114170852696,44.88247515426872,47.75000000000004,47.75000000000004,47.75000000000004,47.75000000000004
2025-12-22T18:01:20.168907,15.550,385.64194327193945,5314.614320213352,112.58457280853409,4100,1500,1520,40.0,35.0,20.0,5314.614320213352,84.43842960640058,1500,1520,800,0,0,112.58457280853409,112.58457280853409,56.292286404267045,0.0,4100,4200,390.0,84.43842960640058,31.555000000000007,25.0,25.0,0.996882571821624,0.0788995437141736,1.0,0.0,0.0,0.0,0.0,40.385266306955934,35.765996244494005,38.634992666325566,38.73755843985069,47.77500000000004,47.77500000000004,47.77500000000004,47.77500000000004
2025-12-22T18:01:20.223452,15.600,385.8993054702676,5215.507304598715,108.6202921839486,4100,1500,1520,40.0,35.0,20.0,5215.507304598715,81.46521913796145,1500,1520,800,0,0,108.6202921839486,108.6202921839486,54.3101460919743,0.0,4100,4200,390.0,81.46521913796145,31.56000000000001,25.0,25.0,0.9985433453746073,0.05395542056260629,1.0,0.0,0.0,0.0,0.0,43.73986171730051,41.66881772954876,43.86676444437064,42.09878562219964,47.80000000000004,47.80000000000004,47.80000000000004,47.80000000000004
2025-12-22T18:01:20.273980,15.650,386.39224240100106,5115.861632956616,104.63446531826463,4100,1500,1520,40.0,35.0,20.0,5115.861632956616,78.47584898869847,1500,1520,800,0,0,104.63446531826463,104.63446531826463,52.317232659132316,0.0,4100,4200,390.0,78.47584898869847,31.56500000000001,25.0,25.0,0.9995800618407206,0.02897757702951211,1.0,0.0,0.0,0.0,0.0,36.31519285909273,41.18535377401709,40.12678028344719,38.33214381072585,47.825000000000045,47.825000000000045,47.825000000000045,47.825000000000045
2025-12-22T18:01:20.324547,15.700,386.4851745736088,5015.9263675716975,100.63705470286789,4100,1500,1520,40.0,35.0,20.0,5015.9263675716975,75.47779102715091,1500,1520,800,0,0,100.63705470286789,100.63705470286789,50.31852735143394,0.0,4100,4200,390.0,75.47779102715091,31.570000000000007,25.0,25.0,0.9999920733059189,0.00398162345403533,1.0,0.0,0.0,0.0,0.0,39.7518126399956,41.025000726810866,44.09131982865489,41.42589905700143,47.850000000000044,47.850000000000044,47.850000000000044,47.850000000000044
2025-12-22T18:01:20.375389,15.750,386.81388225947256,4915.951294562141,96.63805178248563,4100,1500,1520,40.0,35.0,20.0,4915.951294562141,72.47853883686423,1500,1520,800,0,0,96.63805178248563,96.63805178248563,48.319025891242816,0.0,4100,4200,390.0,72.47853883686423,31.57500000000001,25.0,25.0,0.9997791222764482,-0.02101681850649278,1.0,0.0,0.0,0.0,0.0,35.282371584603915,42.76373249050595,43.53900248405412,38.265591730855114,47.87500000000004,47.87500000000004,47.87500000000004,47.87500000000004
2025-12-22T18:01:20.425984,15.800,386.4166863097173,4816.18629954446,92.64745198177839,4100,1500,1520,40.0,35.0,20.0,4816.18629954446,69.4855889863338,1500,1520,800,0,0,92.64745198177839,92.64745198177839,46.323725990889194,0.0,4100,4200,390.0,69.4855889863338,31.58000000000001,25.0,25.0,0.99894134183977,-0.04600212563958131,1.0,0.0,0.0,0.0,0.0,35.81011472698218,40.33737311118084,36.925742892649744,35.30527966026008,47.90000000000005,47.90000000000005,47.90000000000005,47.90000000000005
2025-12-22T18:01:20.476957,15.850,386.73582951334447,4716.880743049593,88.67522972198371,4100,1500,1520,40.0,35.0,20.0,4716.880743049593,66.50642229148778,1500,1520,800,0,0,88.67522972198371,88.67522972198371,44.337614860991856,0.0,4100,4200,390.0,66.50642229148778,31.585000000000008,25.0,25.0,0.9974792555813863,-0.07095868294157893,1.0,0.0,0.0,0.0,0.0,44.18419908275125,44.482435674615516,41.267483910985135,36.527113579482716,47.92500000000005,47.92500000000005,47.92500000000005,47.92500000000005
2025-12-22T18:01:20.527213,15.900,386.8472978571168,4618.282837251443,84.73131349005774,4100,1500,1520,40.0,35.0,20.0,4618.282837251443,63.54848511754331,1500,1520,800,0,0,84.73131349005774,84.73131349005774,42.36565674502887,0.0,4100,4200,390.0,63.54848511754331,31.59000000000001,25.0,25.0,0.9953937772576156,-0.0958708933765429,1.0,0.0,0.0,0.0,0.0,40.251487044400385,42.77791788705768,44.592026220542515,38.819495635302516,47.950000000000045,47.950000000000045,47.950000000000045,47.950000000000045
2025-12-22T18:01:20.577419,15.950,387.1270294298883,4520.63902556571,80.82556102262839,4100,1500,1520,40.0,35.0,20.0,4520.63902556571,60.619170766971294,1500,1520,800,0,0,80.82556102262839,80.82556102262839,40.412780511314196,0.0,4100,4200,390.0,60.619170766971294,31.59500000000001,25.0,25.0,0.992686210224525,-0.12072318762387883,1.0,0.0,0.0,0.0,0.0,44.357343858547715,40.47015018024531,42.38456659311951,36.39410016922142,47.975000000000044,47.975000000000044,47.975000000000044,47.975000000000044
2025-12-22T18:01:20.628118,16.000,387.08997357694585,4424.193366669692,76.9677346667877,4100,1500,1520,40.0,35.0,20.0,4424.193366669692,57.72580100009078,1500,1520,800,0,0,76.9677346667877,76.9677346667877,38.48386733339385,0.0,4100,4200,390.0,57.72580100009078,31.60000000000001,25.0,25.0,0.989358246623375,-0.14550003380865922,0.9999999999999999,0.0,0.0,0.0,0.0,36.142171240595474,42.709280990866255,44.865875753499225,39.437678606269586,48.00000000000004,48.00000000000004,48.00000000000004,48.00000000000004
2025-12-22T18:01:20.682450,16.050,387.5468481041744,4329.186924482703,73.16747697930813,4100,1500,1520,40.0,35.0,20.0,4329.186924482703,54.8756077344811,1500,1520,800,0,0,73.16747697930813,73.16747697930813,36.58373848965407,0.0,4100,4200,390.0,54.87560773448111,31.60500000000001,25.0,25.0,0.9854119663230867,-0.17018594720853975,1.0,0.0,0.0,0.0,0.0,37.96625999558966,37.453486389380586,40.74817939267106,41.20549635939642,48.02500000000005,48.02500000000005,48.02500000000005,48.02500000000005
2025-12-22T18:01:20.734556,16.100,387.3769345021078,4235.857165631811,69.43428662527245,4100,1500,1520,40.0,35.0,20.0,4235.857165631811,52.07571496895434,1500,1520,800,0,0,69.43428662527245,69.43428662527245,34.717143312636225,0.0,4100,4200,390.0,52.07571496895433,31.61000000000001,25.0,25.0,0.9808498356203905,-0.19476549993120668,1.0,0.0,0.0,0.0,0.0,42.04613695589602,40.12890604730903,42.682348136926336,40.20909229768482,48.05000000000005,48.05000000000005,48.05000000000005,48.05000000000005
2025-12-22T18:01:20.785072,16.150,387.3210648038753,4144.437365908944,65.77749463635777,4100,1500,1520,40.0,35.0,20.0,4144.437365908944,49.33312097726833,1500,1520,800,0,0,65.77749463635777,65.77749463635777,32.888747318178886,0.0,4100,4200,390.0,49.33312097726833,31.61500000000001,25.0,25.0,0.975674705698472,-0.21922333055630727,0.9999999999999999,0.0,0.0,0.0,0.0,39.172924696074546,38.46018763484679,41.73919602451381,38.82496964103383,48.075000000000045,48.075000000000045,48.075000000000045,48.075000000000045
2025-12-22T18:01:20.835806,16.200,387.5703293390144,4055.1560272028987,62.206241088115945,4100,1500,1520,40.0,35.0,20.0,4055.1560272028987,46.65468081608696,1500,1520,800,0,0,62.206241088115945,62.206241088115945,31.103120544057973,0.0,4100,4200,390.0,46.65468081608696,31.620000000000008,25.0,25.0,0.9698898108450746,-0.24354415373583763,1.0,0.0,0.0,0.0,0.0,42.29688532215129,35.77204221739239,38.1973956630045,38.616073413375304,48.10000000000005,48.10000000000005,48.10000000000005,48.10000000000005
2025-12-22T18:01:20.886657,16.250,388.21437931359185,3968.2363063636167,58.72945225454468,4100,1500,1520,40.0,35.0,20.0,3968.2363063636167,44.04708919090851,1500,1520,800,0,0,58.72945225454468,58.72945225454468,29.36472612727234,0.0,4100,4200,390.0,44.04708919090851,31.62500000000001,25.0,25.0,0.9634987664311753,-0.26771276974698754,1.0,0.0,0.0,0.0,0.0,41.59385089998047,44.22961166819644,37.88781451631102,42.25510513868597,48.12500000000005,48.12500000000005,48.12500000000005,48.12500000000005
2025-12-22T18:01:20.937204,16.300,387.88175112419833,3883.895457426282,55.355818297051286,4100,1500,1520,40.0,35.0,20.0,3883.895457426282,41.516863722788464,1500,1520,800,0,0,55.355818297051286,55.355818297051286,27.677909148525643,0.0,4100,4200,390.0,41.516863722788464,31.63000000000001,25.0,25.0,0.9565055666514951,-0.29171407399147237,1.0,0.0,0.0,0.0,0.0,35.10072296544704,41.04364515498475,44.716041961662825,43.09303453651596,48.15000000000005,48.15000000000005,48.15000000000005,48.15000000000005
2025-12-22T18:01:20.987791,16.350,388.1705182688563,3802.344288589372,52.09377154357489,4100,1500,1520,40.0,35.0,20.0,3802.344288589372,39.070328657681166,1500,1520,800,0,0,52.09377154357489,52.09377154357489,26.046885771787444,0.0,4100,4200,390.0,39.070328657681166,31.63500000000001,25.0,25.0,0.9489145820282581,-0.31553306643541557,1.0,0.0,0.0,0.0,0.0,41.51182902000058,43.150453706892165,40.78169361066008,40.40043644710431,48.17500000000005,48.17500000000005,48.17500000000005,48.17500000000005
2025-12-22T18:01:21.038383,16.400,388.36189766323173,3723.7866353039517,48.95146541215808,4100,1500,1520,40.0,35.0,20.0,3723.7866353039517,36.71359905911856,1500,1520,800,0,0,48.95146541215808,48.95146541215808,24.47573270607904,0.0,4100,4200,390.0,36.71359905911856,31.64000000000001,25.0,25.0,0.9407305566797562,-0.3391548609838813,0.9999999999999999,0.0,0.0,0.0,0.0,42.72767621554971,36.64997160711065,37.393932466557004,35.69274156725797,48.200000000000045,48.200000000000045,48.200000000000045,48.200000000000045
2025-12-22T18:01:21.102218,16.450,388.13541684071294,3648.4188507911995,45.936754031647986,4100,1500,1520,40.0,35.0,20.0,3648.4188507911995,34.45256552373599,1500,1520,800,0,0,45.936754031647986,45.936754031647986,22.968377015823993,0.0,4100,4200,390.0,34.45256552373599,31.64500000000001,25.0,25.0,0.9319586053554312,-0.36256469478419945,1.0,0.0,0.0,0.0,0.0,36.30301766023343,36.152744593651285,36.02960746283618,40.49691491122428,48.22500000000005,48.22500000000005,48.22500000000005,48.22500000000005
2025-12-22T18:01:21.152739,16.500,388.4281820251329,3576.429315261614,43.05717261046457,4100,1500,1520,40.0,35.0,20.0,3576.429315261614,32.29287945784843,1500,1520,800,0,0,43.05717261046457,43.05717261046457,21.528586305232285,0.0,4100,4200,390.0,32.29287945784843,31.65000000000001,25.0,25.0,0.922604210239321,-0.3857479374522677,1.0,0.0,0.0,0.0,0.0,44.46109084893925,41.31342667170726,35.43187228274662,42.76912686754264,48.25000000000005,48.25000000000005,48.25000000000005,48.25000000000005
2025-12-22T18:01:21.203760,16.550,388.75100909544756,3507.9979650625937,40.319918602503755,4100,1500,1520,40.0,35.0,20.0,3507.9979650625937,30.239938951877818,1500,1520,800,0,0,40.319918602503755,40.319918602503755,20.159959301251877,0.0,4100,4200,390.0,30.23993895187782,31.65500000000001,25.0,25.0,0.9126732175238749,-0.4086901002160657,1.0,0.0,0.0,0.0,0.0,41.13570982116648,38.026911393832016,43.27920353675677,40.042596086669306,48.27500000000005,48.27500000000005,48.27500000000005,48.27500000000005
2025-12-22T18:01:21.256557,16.600,388.21410332331607,3443.295842931278,37.73183371725112,4100,1500,1520,40.0,35.0,20.0,3443.295842931278,28.29887528793834,1500,1520,800,0,0,37.73183371725112,37.73183371725112,18.86591685862556,0.0,4100,4200,390.0,28.29887528793834,31.66000000000001,25.0,25.0,0.9021718337562719,-0.4313768449706657,0.9999999999999999,0.0,0.0,0.0,0.0,36.03993909950109,39.9577199012405,36.42729507233111,36.42085070164039,48.300000000000054,48.300000000000054,48.300000000000054,48.300000000000054
2025-12-22T18:01:21.308110,16.650,388.20221687184994,3382.4846704767815,35.29938681907126,4100,1500,1520,40.0,35.0,20.0,3382.4846704767815,26.474540114303444,1500,1520,800,0,0,35.29938681907126,35.29938681907126,17.64969340953563,0.0,4100,4200,390.0,26.474540114303444,31.66500000000001,25.0,25.0,0.8911066219595322,-0.4537939932390815,1.0,0.0,0.0,0.0,0.0,44.930068872053894,41.41531295137952,37.37681050301833,35.2898245450055,48.32500000000005,48.32500000000005,48.32500000000005,48.32500000000005
2025-12-22T18:01:21.359141,16.700,389.0651981722888,3325.716443960394,33.02865775841575,4100,1500,1520,40.0,35.0,20.0,3325.716443960394,24.77149331881181,1500,1520,800,0,0,33.02865775841575,33.02865775841575,16.514328879207874,0.0,4100,4200,390.0,24.77149331881181,31.67000000000001,25.0,25.0,0.8794844975308403,-0.47592753503335494,1.0,0.0,0.0,0.0,0.0,40.74156174842564,44.12381947245083,37.21728533242106,40.01555575397692,48.35000000000005,48.35000000000005,48.35000000000005,48.35000000000005
2025-12-22T18:01:21.409306,16.750,389.2848403504684,3273.133054384085,30.92532217536339,4100,1500,1520,40.0,35.0,20.0,3273.133054384085,23.193991631522543,1500,1520,800,0,0,30.92532217536339,30.92532217536339,15.462661087681695,0.0,4100,4200,390.0,23.193991631522543,31.67500000000001,25.0,25.0,0.867312723919648,-0.4977636376103426,1.0,0.0,0.0,0.0,0.0,41.42617269378234,38.45407654852767,37.50334898413989,40.361366182282005,48.37500000000005,48.37500000000005,48.37500000000005,48.37500000000005
2025-12-22T18:01:21.459633,16.800,388.8594874303686,3224.865932836896,28.994637313475835,4100,1500,1520,40.0,35.0,20.0,3224.865932836896,21.745977985106876,1500,1520,800,0,0,28.994637313475835,28.994637313475835,14.497318656737917,0.0,4100,4200,390.0,21.745977985106876,31.68000000000001,25.0,25.0,0.8545989080882537,-0.5192886541167296,0.9999999999999999,0.0,0.0,0.0,0.0,41.32508916244081,39.28633033634705,36.74272316407763,37.08994354492796,48.40000000000005,48.40000000000005,48.40000000000005,48.40000000000005
2025-12-22T18:01:21.510121,16.850,389.1422957538801,3181.035721985664,27.241428879426564,4100,1500,1520,40.0,35.0,20.0,3181.035721985664,20.431071659569923,1500,1520,800,0,0,27.241428879426564,27.241428879426564,13.620714439713282,0.0,4100,4200,390.0,20.431071659569923,31.68500000000001,25.0,25.0,0.8413509957576996,-0.5404891321178691,1.0,0.0,0.0,0.0,0.0,36.97598295815256,43.135738440358686,43.591580381247965,39.306034318665105,48.425000000000054,48.425000000000054,48.425000000000054,48.425000000000054
2025-12-22T18:01:21.560666,16.900,389.0956660951739,3141.7519745311847,25.67007898124737,4100,1500,1520,40.0,35.0,20.0,3141.7519745311847,19.25255923593553,1500,1520,800,0,0,25.67007898124737,25.67007898124737,12.835039490623686,0.0,4100,4200,390.0,19.25255923593553,31.690000000000012,25.0,25.0,0.8275772664419541,-0.5613518220051156,1.0,0.0,0.0,0.0,0.0,36.33426163785851,41.64387927303807,39.73151163294979,37.28748040480454,48.45000000000005,48.45000000000005,48.45000000000005,48.45000000000005
2025-12-22T18:01:21.611307,16.950,388.67943627797797,3107.1128793835132,24.28451517534053,4100,1500,1520,40.0,35.0,20.0,3107.1128793835132,18.213386381505398,1500,1520,800,0,0,24.28451517534053,24.28451517534053,12.142257587670265,0.0,4100,4200,390.0,18.213386381505398,31.69500000000001,25.0,25.0,0.8132863282734852,-0.5818636852763994,1.0,0.0,0.0,0.0,0.0,40.03226438148041,36.60825551321526,43.27382933505821,40.95975494857279,48.47500000000005,48.47500000000005,48.47500000000005,48.47500000000005
2025-12-22T18:01:21.664863,17.000,389.1095211872418,3077.2050162408277,23.08820064963311,4100,1500,1520,40.0,35.0,20.0,3077.2050162408277,17.31615048722483,1500,1520,800,0,0,23.08820064963311,23.08820064963311,11.544100324816554,0.0,4100,4200,390.0,17.31615048722483,31.70000000000001,25.0,25.0,0.7984871126234582,-0.6020119026848662,1.0,0.0,0.0,0.0,0.0,40.69344335918327,43.64344570999263,39.66551818483639,36.56474521290909,48.50000000000006,48.50000000000006,48.50000000000006,48.50000000000006
2025-12-22T18:01:21.715874,17.050,388.92691499212907,3052.1031391852703,22.084125567410823,4100,1500,1520,40.0,35.0,20.0,3052.1031391852703,16.563094175558117,1500,1520,800,0,0,22.084125567410823,22.084125567410823,11.042062783705411,0.0,4100,4200,390.0,16.563094175558117,31.705000000000013,25.0,25.0,0.7831888685199191,-0.6217838822504882,1.0,0.0,0.0,0.0,0.0,42.850619981063204,43.09119657880926,39.0193599062511,40.3964740384266,48.525000000000055,48.525000000000055,48.525000000000055,48.525000000000055
2025-12-22T18:01:21.769737,17.100,389.3078521964566,3031.8699898366754,21.274799593467023,4100,1500,1520,40.0,35.0,20.0,3031.8699898366754,15.956099695100267,1500,1520,800,0,0,21.274799593467023,21.274799593467023,10.637399796733511,0.0,4100,4200,390.0,15.956099695100267,31.71000000000001,25.0,25.0,0.7674011568674531,-0.6411672671296427,1.0,0.0,0.0,0.0,0.0,40.46304514142938,39.08815890055983,40.566146936352226,43.17712573883211,48.550000000000054,48.550000000000054,48.550000000000054,48.550000000000054
2025-12-22T18:01:21.820166,17.150,389.5317570506365,3016.5561405311937,20.66224562124775,4100,1500,1520,40.0,35.0,20.0,3016.5561405311937,15.496684215935812,1500,1520,800,0,0,20.66224562124775,20.66224562124775,10.331122810623874,0.0,4100,4200,390.0,15.496684215935812,31.71500000000001,25.0,25.0,0.751133844471931,-0.6601499433377367,1.0,0.0,0.0,0.0,0.0,37.119913915208585,40.98333097982345,38.3672548684155,41.16284642084038,48.57500000000005,48.57500000000005,48.57500000000005,48.57500000000005
2025-12-22T18:01:21.870710,17.200,389.5026991885601,3006.1998679167905,20.247994716671627,4100,1500,1520,40.0,35.0,20.0,3006.1998679167905,15.18599603750372,1500,1520,800,0,0,20.247994716671627,20.247994716671627,10.123997358335814,0.0,4100,4200,390.0,15.185996037503719,31.72000000000001,25.0,25.0,0.734397097874076,-0.6787200473200529,1.0,0.0,0.0,0.0,0.0,37.303015779502395,42.079815757045864,40.92868343299096,40.436844738386775,48.60000000000005,48.60000000000005,48.60000000000005,48.60000000000005
2025-12-22T18:01:21.921553,17.250,389.55946477767634,3000.827057281559,20.03308229126236,4100,1500,1520,40.0,35.0,20.0,3000.827057281559,15.02481171844677,1500,1520,800,0,0,20.03308229126236,20.03308229126236,10.01654114563118,0.0,4100,4200,390.0,15.02481171844677,31.725000000000012,25.0,25.0,0.7172013769957072,-0.6968659733660852,1.0,0.0,0.0,0.0,0.0,35.76722450704081,42.98291193560875,38.74381924513465,40.66059102057437,48.62500000000006,48.62500000000006,48.62500000000006,48.62500000000006
2025-12-22T18:01:21.972183,17.300,388.7877019801173,3000.4511378539823,20.018045514159297,4100,1500,1520,40.0,35.0,20.0,3000.4511378539823,15.013534135619473,1500,1520,800,0,0,20.018045514159297,20.018045514159297,10.009022757079649,0.0,4100,4200,390.0,15.013534135619471,31.73000000000001,25.0,25.0,0.6995574286026287,-0.7145763808627306,1.0,0.0,0.0,0.0,0.0,43.745808142254944,36.534677965815824,40.83770353447497,40.51495362995436,48.650000000000055,48.650000000000055,48.650000000000055,48.650000000000055
2025-12-22T18:01:22.022884,17.350,389.19652320301606,3005.073049236854,20.202921969474147,4100,1500,1520,40.0,35.0,20.0,3005.073049236854,15.15219147710561,1500,1520,800,0,0,20.202921969474147,20.202921969474147,10.101460984737074,0.0,4100,4200,390.0,15.152191477105612,31.73500000000001,25.0,25.0,0.6814762795882507,-0.7318402013818017,0.9999999999999999,0.0,0.0,0.0,0.0,44.45414024323327,36.47819507255525,37.36716940462695,44.406313308867084,48.675000000000054,48.675000000000054,48.675000000000054,48.675000000000054
2025-12-22T18:01:22.073255,17.400,389.28957374643966,3014.681239058761,20.58724956235045,4100,1500,1520,40.0,35.0,20.0,3014.681239058761,15.440437171762838,1500,1520,800,0,0,20.58724956235045,20.58724956235045,10.293624781175225,0.0,4100,4200,390.0,15.440437171762838,31.740000000000013,25.0,25.0,0.6629692300821408,-0.7486466455974364,1.0,0.0,0.0,0.0,0.0,39.991504512390534,35.28838973384807,43.32451721034213,35.56328933562426,48.70000000000006,48.70000000000006,48.70000000000006,48.70000000000006
2025-12-22T18:01:22.128744,17.450,389.52900526327943,3029.2516918489982,21.170067673959934,4100,1500,1520,40.0,35.0,20.0,3029.2516918489982,15.87755075546995,1500,1520,800,0,0,21.170067673959934,21.170067673959934,10.585033836979967,0.0,4100,4200,390.0,15.87755075546995,31.74500000000001,25.0,25.0,0.6440478463878094,-0.7649852100290728,1.0,0.0,0.0,0.0,0.0,41.02060862961549,37.37599718286472,41.508319135981026,38.74495241525092,48.72500000000006,48.72500000000006,48.72500000000006,48.72500000000006
2025-12-22T18:01:22.179285,17.500,389.4787962967617,3048.747989063735,21.949919562549397,4100,1500,1520,40.0,35.0,20.0,3048.747989063735,16.462439671912048,1500,1520,800,0,0,21.949919562549397,21.949919562549397,10.974959781274698,0.0,4100,4200,390.0,16.462439671912048,31.75000000000001,25.0,25.0,0.624723953754148,-0.7808456836057847,1.0,0.0,0.0,0.0,0.0,38.79050454205798,41.40557239728212,43.2693939122909,35.72125693686601,48.75000000000006,48.75000000000006,48.75000000000006,48.75000000000006
2025-12-22T18:01:22.230322,17.550,389.22609007061243,3073.121400113409,22.924856004536366,4100,1500,1520,40.0,35.0,20.0,3073.121400113409,17.193642003402275,1500,1520,800,0,0,22.924856004536366,22.924856004536366,11.462428002268183,0.0,4100,4200,390.0,17.193642003402275,31.75500000000001,25.0,25.0,0.6050096289850329,-0.796218154047867,1.0,0.0,0.0,0.0,0.0,37.38468446867971,44.100288911759215,43.619979412795615,36.332393545327115,48.775000000000055,48.775000000000055,48.775000000000055,48.775000000000055
2025-12-22T18:01:22.283461,17.600,388.63342441557865,3102.311004163824,24.092440166552947,4100,1500,1520,40.0,35.0,20.0,3102.311004163824,18.06933012491471,1500,1520,800,0,0,24.092440166552947,24.092440166552947,12.046220083276474,0.0,4100,4200,390.0,18.06933012491471,31.760000000000012,25.0,25.0,0.5849171928917156,-0.8110930140616892,1.0,0.0,0.0,0.0,0.0,37.35363824174297,38.40675034056341,41.51675828496798,37.859240350537796,48.800000000000054,48.800000000000054,48.800000000000054,48.800000000000054
2025-12-22T18:01:22.334171,17.650,388.73847683323925,3136.243842406505,25.449753696260203,4100,1500,1520,40.0,35.0,20.0,3136.243842406505,19.087315272195152,1500,1520,800,0,0,25.449753696260203,25.449753696260203,12.724876848130101,0.0,4100,4200,390.0,19.087315272195152,31.76500000000001,25.0,25.0,0.5644592025927175,-0.8254609673439401,0.9999999999999999,0.0,0.0,0.0,0.0,40.54690869050485,35.63222613267511,35.29201392214489,43.532163177599834,48.82500000000006,48.82500000000006,48.82500000000006,48.82500000000006
2025-12-22T18:01:22.384681,17.700,388.6353826282292,3174.8351004177266,26.99340401670908,4100,1500,1520,40.0,35.0,20.0,3174.8351004177266,20.24505301253181,1500,1520,800,0,0,26.99340401670908,26.99340401670908,13.49670200835454,0.0,4100,4200,390.0,20.24505301253181,31.77000000000001,25.0,25.0,0.5436484436660391,-0.8393130343915156,1.0,0.0,0.0,0.0,0.0,42.38442796215294,37.65136050796932,41.126769812448686,42.04046379721058,48.85000000000006,48.85000000000006,48.85000000000006,48.85000000000006
2025-12-22T18:01:22.435128,17.750,388.9884456699587,3217.9883201504,28.71953280601599,4100,1500,1520,40.0,35.0,20.0,3217.9883201504,21.539649604511993,1500,1520,800,0,0,28.71953280601599,28.71953280601599,14.359766403007995,0.0,4100,4200,390.0,21.539649604511993,31.775000000000013,25.0,25.0,0.5224979221585904,-0.8526405581134149,1.0,0.0,0.0,0.0,0.0,38.13946118773453,40.43115734932202,36.973247775524804,38.21246606482619,48.87500000000006,48.87500000000006,48.87500000000006,48.87500000000006
2025-12-22T18:01:22.485789,17.800,389.27234156895065,3265.5956410289537,30.623825641158163,4100,1500,1520,40.0,35.0,20.0,3265.5956410289537,22.967869230868622,1500,1520,800,0,0,30.623825641158163,30.623825641158163,15.311912820579082,0.0,4100,4200,390.0,22.967869230868622,31.780000000000012,25.0,25.0,0.5010208564578339,-0.8654352092411416,1.0,0.0,0.0,0.0,0.0,41.67005141189428,42.99976181821466,36.11986238734764,42.511559898851665,48.90000000000006,48.90000000000006,48.90000000000006,48.90000000000006
2025-12-22T18:01:22.536201,17.850,388.3329117811619,3317.538069544607,32.70152278178428,4100,1500,1520,40.0,35.0,20.0,3317.538069544607,24.526142086338208,1500,1520,800,0,0,32.70152278178428,32.70152278178428,16.35076139089214,0.0,4100,4200,390.0,24.526142086338208,31.78500000000001,25.0,25.0,0.47923066903072425,-0.8776889915342247,1.0,0.0,0.0,0.0,0.0,36.926872378958755,43.19902718444267,39.5725770677184,36.027986077231674,48.92500000000006,48.92500000000006,48.92500000000006,48.92500000000006
2025-12-22T18:01:22.593795,17.900,388.78432322437783,3373.6857766771636,34.947431067086555,4100,1500,1520,40.0,35.0,20.0,3373.6857766771636,26.210573300314916,1500,1520,800,0,0,34.947431067086555,34.947431067086555,17.473715533543277,0.0,4100,4200,390.0,26.210573300314916,31.790000000000013,25.0,25.0,0.45714097803510206,-0.8893942467776089,1.0,0.0,0.0,0.0,0.0,43.848917549419774,43.16244020932085,39.02045019702263,37.659903463868616,48.95000000000006,48.95000000000006,48.95000000000006,48.95000000000006
2025-12-22T18:01:22.647150,17.950,388.89875529618934,3433.8984223999532,37.35593689599811,4100,1500,1520,40.0,35.0,20.0,3433.8984223999532,28.016952671998585,1500,1520,800,0,0,37.35593689599811,37.35593689599811,18.677968447999056,0.0,4100,4200,390.0,28.016952671998588,31.795000000000012,25.0,25.0,0.4347655888087891,-0.9005436595677896,1.0,0.0,0.0,0.0,0.0,37.29458463336493,35.82027528999629,41.836295933004074,35.51626327989328,48.97500000000006,48.97500000000006,48.97500000000006,48.97500000000006
2025-12-22T18:01:22.697683,18.000,388.6957138137857,3498.0255064568073,39.92102025827229,4100,1500,1520,40.0,35.0,20.0,3498.0255064568073,29.94076519370422,1500,1520,800,0,0,39.92102025827229,39.92102025827229,19.960510129136146,0.0,4100,4200,390.0,29.94076519370422,31.80000000000001,25.0,25.0,0.4121184852417015,-0.9111302618847019,1.0,0.0,0.0,0.0,0.0,37.85223326391847,41.37034263445595,38.13978733351448,36.1833474993221,49.00000000000006,49.00000000000006,49.00000000000006,49.00000000000006
2025-12-22T18:01:22.750232,18.050,388.5413320750509,3565.906744534325,42.636269781372995,4100,1500,1520,40.0,35.0,20.0,3565.906744534325,31.977202336029748,1500,1520,800,0,0,42.636269781372995,42.636269781372995,21.318134890686498,0.0,4100,4200,390.0,31.977202336029745,31.805000000000014,25.0,25.0,0.38921382103637364,-0.9211474374465065,1.0,0.0,0.0,0.0,0.0,44.17655671041048,35.44539479103225,44.449922512089884,43.13419556196779,49.02500000000006,49.02500000000006,49.02500000000006,49.02500000000006
2025-12-22T18:01:22.801252,18.100,387.8179052068682,3637.372468889177,45.49489875556708,4100,1500,1520,40.0,35.0,20.0,3637.372468889177,34.12117406667531,1500,1520,800,0,0,45.49489875556708,45.49489875556708,22.74744937778354,0.0,4100,4200,390.0,34.12117406667531,31.810000000000013,25.0,25.0,0.3660659108623548,-0.9305889258445506,0.9999999999999999,0.0,0.0,0.0,0.0,44.9009221942432,41.075395123259455,40.65035329386305,44.6386211322122,49.05000000000006,49.05000000000006,49.05000000000006,49.05000000000006
2025-12-22T18:01:22.851889,18.150,388.1519394023905,3712.244052429106,48.48976209716425,4100,1500,1520,40.0,35.0,20.0,3712.244052429106,36.36732157287319,1500,1520,800,0,0,48.48976209716425,48.48976209716425,24.244881048582126,0.0,4100,4200,390.0,36.36732157287319,31.815000000000012,25.0,25.0,0.3426892214100068,-0.939448826455919,1.0,0.0,0.0,0.0,0.0,43.47036508121322,36.646445663074644,38.55085850017872,41.16107361752633,49.07500000000006,49.07500000000006,49.07500000000006,49.07500000000006
2025-12-22T18:01:22.902417,18.200,387.57846950885306,3790.3343551876296,51.613374207505196,4100,1500,1520,40.0,35.0,20.0,3790.3343551876296,38.7100306556289,1500,1520,800,0,0,51.613374207505196,51.613374207505196,25.806687103752598,0.0,4100,4200,390.0,38.7100306556289,31.82000000000001,25.0,25.0,0.3190983623492932,-0.9477216021311318,1.0,0.0,0.0,0.0,0.0,39.920682265138886,40.21495927140353,36.43043145388094,36.86084189994079,49.100000000000065,49.100000000000065,49.100000000000065,49.100000000000065
2025-12-22T18:01:22.952950,18.250,387.91363083774297,3871.4481920764947,54.8579276830598,4100,1500,1520,40.0,35.0,20.0,3871.4481920764947,41.143445762294846,1500,1520,800,0,0,54.8579276830598,54.8579276830598,27.4289638415299,0.0,4100,4200,390.0,41.143445762294846,31.825000000000014,25.0,25.0,0.29530807719921137,-0.9554020826546824,1.0,0.0,0.0,0.0,0.0,39.46269486120539,40.52680089868036,41.43535819936419,41.547104845096186,49.125000000000064,49.125000000000064,49.125000000000064,49.125000000000064
2025-12-22T18:01:23.003504,18.300,387.85449479283193,3955.382820746749,58.21531282986996,4100,1500,1520,40.0,35.0,20.0,3955.382820746749,43.66148462240247,1500,1520,800,0,0,58.21531282986996,58.21531282986996,29.10765641493498,0.0,4100,4200,390.0,43.66148462240247,31.830000000000013,25.0,25.0,0.2713332341135729,-0.9624854679762542,1.0,0.0,0.0,0.0,0.0,36.310323546611265,36.8450450866742,35.24810541071252,35.66496488182608,49.15000000000006,49.15000000000006,49.15000000000006,49.15000000000006
2025-12-22T18:01:23.054057,18.350,387.5679064045474,4041.928448339026,61.67713793356104,4100,1500,1520,40.0,35.0,20.0,4041.928448339026,46.257853450170785,1500,1520,800,0,0,61.67713793356104,61.67713793356104,30.83856896678052,0.0,4100,4200,390.0,46.257853450170785,31.83500000000001,25.0,25.0,0.24718881658889147,-0.9689673312105952,1.0,0.0,0.0,0.0,0.0,37.55524049638024,41.51006443533322,37.938723981741084,43.39312819267114,49.17500000000006,49.17500000000006,49.17500000000006,49.17500000000006
2025-12-22T18:01:23.104573,18.400,387.3758651707971,4130.868755856437,65.23475023425748,4100,1500,1520,40.0,35.0,20.0,4130.868755856437,48.9260626756931,1500,1520,800,0,0,65.23475023425748,65.23475023425748,32.61737511712874,0.0,4100,4200,390.0,48.9260626756931,31.840000000000014,25.0,25.0,0.2228899141001853,-0.9748436214041778,0.9999999999999999,0.0,0.0,0.0,0.0,40.60637373666877,39.01753532215852,37.711577090950954,43.443811006501356,49.20000000000006,49.20000000000006,49.20000000000006,49.20000000000006
2025-12-22T18:01:23.155513,18.450,387.5193742643404,4221.981438849405,68.87925755397619,4100,1500,1520,40.0,35.0,20.0,4221.981438849405,51.659443165482145,1500,1520,800,0,0,68.87925755397619,68.87925755397619,34.439628776988094,0.0,4100,4200,390.0,51.65944316548214,31.845000000000013,25.0,25.0,0.19845171267054643,-0.9801106660669126,1.0,0.0,0.0,0.0,0.0,40.72770991264527,38.59899628256507,39.107055944168025,37.2359365114611,49.225000000000065,49.225000000000065,49.225000000000065,49.225000000000065
2025-12-22T18:01:23.208121,18.500,387.3564264661606,4315.038763061015,72.6015505224406,4100,1500,1520,40.0,35.0,20.0,4315.038763061015,54.45116289183045,1500,1520,800,0,0,72.6015505224406,72.6015505224406,36.3007752612203,0.0,4100,4200,390.0,54.45116289183045,31.850000000000012,25.0,25.0,0.17388948538037058,-0.9847651734673347,0.9999999999999999,0.0,0.0,0.0,0.0,44.20735331381691,44.21602169482685,36.32255693822034,41.54319768417199,49.250000000000064,49.250000000000064,49.250000000000064,49.250000000000064
2025-12-22T18:01:23.258622,18.550,386.72995652706413,4409.808133644056,76.39232534576227,4100,1500,1520,40.0,35.0,20.0,4409.808133644056,57.2942440093217,1500,1520,800,0,0,76.39232534576227,76.39232534576227,38.19616267288114,0.0,4100,4200,390.0,57.2942440093217,31.85500000000001,25.0,25.0,0.14921858282217906,-0.98880423468983,0.9999999999999999,0.0,0.0,0.0,0.0,35.81730389419303,40.92071661151413,37.32016038947474,38.73543524365608,49.27500000000006,49.27500000000006,49.27500000000006,49.27500000000006
2025-12-22T18:01:23.309162,18.600,387.25595248086654,4506.052676527006,80.24210706108025,4100,1500,1520,40.0,35.0,20.0,4506.052676527006,60.181580295810186,1500,1520,800,0,0,80.24210706108025,80.24210706108025,40.121053530540124,0.0,4100,4200,390.0,60.18158029581018,31.860000000000014,25.0,25.0,0.12445442350699826,-0.9922253254526114,1.0,0.0,0.0,0.0,0.0,41.883271596108365,43.153528711310024,36.21626842811323,37.268739920732614,49.30000000000007,49.30000000000007,49.30000000000007,49.30000000000007
2025-12-22T18:01:23.359992,18.650,386.3978120954352,4603.531830475845,84.14127321903379,4100,1500,1520,40.0,35.0,20.0,4603.531830475845,63.105954914275344,1500,1520,800,0,0,84.14127321903379,84.14127321903379,42.070636609516896,0.0,4100,4200,390.0,63.105954914275344,31.865000000000013,25.0,25.0,0.09961248422829191,-0.9950263076853135,0.9999999999999999,0.0,0.0,0.0,0.0,44.48578129779353,36.58466915254184,35.094281326456716,44.33877541461745,49.32500000000007,49.32500000000007,49.32500000000007,49.32500000000007
2025-12-22T18:01:23.410667,18.700,386.9923154986649,4702.001948371862,88.0800779348745,4100,1500,1520,40.0,35.0,20.0,4702.001948371862,66.06005845115587,1500,1520,800,0,0,88.0800779348745,88.0800779348745,44.04003896743725,0.0,4100,4200,390.0,66.06005845115587,31.87000000000001,25.0,25.0,0.07470829038946925,-0.9972054308652168,1.0,0.0,0.0,0.0,0.0,42.989050312185384,43.004272442474644,37.72427127704614,40.633464812129134,49.350000000000065,49.350000000000065,49.350000000000065,49.350000000000065
2025-12-22T18:01:23.461205,18.750,386.7764824881366,4801.216906202565,92.04867624810261,4100,1500,1520,40.0,35.0,20.0,4801.216906202565,69.03650718607696,1500,1520,800,0,0,92.04867624810261,92.04867624810261,46.024338124051305,0.0,4100,4200,390.0,69.03650718607696,31.875000000000014,25.0,25.0,0.04975740630101297,-0.9987613331112674,1.0,0.0,0.0,0.0,0.0,41.57737074271051,43.357930012615164,41.32330417922482,37.70975647874409,49.375000000000064,49.375000000000064,49.375000000000064,49.375000000000064
2025-12-22T18:01:23.511643,18.800,386.3067229331621,4900.928718243527,96.0371487297411,4100,1500,1520,40.0,35.0,20.0,4900.928718243527,72.02786154730583,1500,1520,800,0,0,96.0371487297411,96.0371487297411,48.01857436487055,0.0,4100,4200,390.0,72.02786154730583,31.880000000000013,25.0,25.0,0.02477542545329206,-0.9996930420352081,1.0,0.0,0.0,0.0,0.0,36.86632829231649,36.135156555918606,36.57592249373723,41.32957953095294,49.40000000000006,49.40000000000006,49.40000000000006,49.40000000000006
2025-12-22T18:01:23.562493,18.850,386.5582630616213,5000.888156893555,100.03552627574221,4100,1500,1520,40.0,35.0,20.0,5000.888156893555,75.02664470680666,1500,1520,800,0,0,100.03552627574221,100.03552627574221,50.01776313787111,0.0,4100,4200,390.0,75.02664470680666,31.885000000000012,25.0,25.0,-0.00022203922886224547,-0.9999999753492901,0.9999999999999999,0.0,0.0,0.0,0.0,42.9394051472583,41.92012758418241,40.04444055648062,40.41423361351391,49.42500000000007,49.42500000000007,49.42500000000007,49.42500000000007
2025-12-22T18:01:23.613250,18.900,386.4326323856513,5100.845375613892,104.03381502455568,4100,1500,1520,40.0,35.0,20.0,5100.845375613892,78.02536126841676,1500,1520,800,0,0,104.03381502455568,104.03381502455568,52.01690751227784,0.0,4100,4200,390.0,78.02536126841676,31.890000000000015,25.0,25.0,-0.0252193651437262,-0.9996819412301832,1.0,0.0,0.0,0.0,0.0,37.50413503983212,44.71840150168873,40.351826539374386,42.85621751997985,49.45000000000007,49.45000000000007,49.45000000000007,49.45000000000007
2025-12-22T18:01:23.665818,18.950,386.3882424624929,5200.550533414451,108.02202133657802,4100,1500,1520,40.0,35.0,20.0,5200.550533414451,81.01651600243352,1500,1520,800,0,0,108.02202133657802,108.02202133657802,54.01101066828901,0.0,4100,4200,390.0,81.01651600243352,31.895000000000014,25.0,25.0,-0.050200929776301105,-0.9987391384388593,1.0,0.0,0.0,0.0,0.0,43.25462939304192,42.766441086515115,39.549711616239776,35.10539821342474,49.475000000000065,49.475000000000065,49.475000000000065,49.475000000000065
2025-12-22T18:01:23.716827,19.000,385.9227152422556,5299.754419326172,111.99017677304687,4100,1500,1520,40.0,35.0,20.0,5299.754419326172,83.99263257978515,1500,1520,800,0,0,111.99017677304687,111.99017677304687,55.995088386523435,0.0,4100,4200,390.0,83.99263257978515,31.900000000000013,25.0,25.0,-0.07515112046187662,-0.9971721561963734,1.0,0.0,0.0,0.0,0.0,43.738807955412966,41.92957208625538,42.641899975209576,38.15946075017483,49.50000000000007,49.50000000000007,49.50000000000007,49.50000000000007
2025-12-22T18:01:23.770015,19.050,385.1578530884945,5398.2090752986605,115.92836301194644,4100,1500,1520,40.0,35.0,20.0,5398.2090752986605,86.94627225895984,1500,1520,800,0,0,115.92836301194644,115.92836301194644,57.96418150597322,0.0,4100,4200,390.0,86.94627225895984,31.905000000000015,25.0,25.0,-0.10005434414343803,-0.9949819738156197,1.0,0.0,0.0,0.0,0.0,36.005194840086304,37.007615516284005,39.592861909382364,44.72229542429114,49.52500000000007,49.52500000000007,49.52500000000007,49.52500000000007
2025-12-22T18:01:23.821089,19.100,385.1165186899851,5495.668415966181,119.82673663864725,4100,1500,1520,40.0,35.0,20.0,5495.668415966181,89.87005247898543,1500,1520,800,0,0,119.82673663864725,119.82673663864725,59.913368319323624,0.0,4100,4200,390.0,89.87005247898543,31.910000000000014,25.0,25.0,-0.12489503711681929,-0.9921699600892925,0.9999999999999999,0.0,0.0,0.0,0.0,39.84301283129412,43.24254335325713,35.272957216316186,44.898152610105036,49.55000000000007,49.55000000000007,49.55000000000007,49.55000000000007
2025-12-22T18:01:23.871420,19.150,385.7315961241128,5591.888843732907,123.67555374931626,4100,1500,1520,40.0,35.0,20.0,5591.888843732907,92.7566653119872,1500,1520,800,0,0,123.67555374931626,123.67555374931626,61.83777687465813,0.0,4100,4200,390.0,92.7566653119872,31.915000000000013,25.0,25.0,-0.1496576747575115,-0.9887378724344359,1.0,0.0,0.0,0.0,0.0,41.390735444696844,43.24529206670398,37.52446144476045,37.03661119263502,49.57500000000007,49.57500000000007,49.57500000000007,49.57500000000007
2025-12-22T18:01:23.921997,19.200,385.5130015005094,5686.629857640051,127.46519430560204,4100,1500,1520,40.0,35.0,20.0,5686.629857640051,95.59889572920153,1500,1520,800,0,0,127.46519430560204,127.46519430560204,63.73259715280102,0.0,4100,4200,390.0,95.59889572920153,31.920000000000012,25.0,25.0,-0.17432678122304784,-0.9846878557941149,1.0,0.0,0.0,0.0,0.0,42.4251786892599,35.31423695643763,41.20252349205886,42.63462272414031,49.600000000000065,49.600000000000065,49.600000000000065,49.600000000000065
2025-12-22T18:01:23.972434,19.250,385.38407964186365,5779.6546544930125,131.1861861797205,4100,1500,1520,40.0,35.0,20.0,5779.6546544930125,98.38963963479037,1500,1520,800,0,0,131.1861861797205,131.1861861797205,65.59309308986025,0.0,4100,4200,390.0,98.38963963479037,31.925000000000015,25.0,25.0,-0.1988869391249015,-0.9800224412968959,1.0,0.0,0.0,0.0,0.0,37.013006720972925,38.898630810257394,37.395244886052915,43.354186187135326,49.62500000000007,49.62500000000007,49.62500000000007,49.62500000000007
2025-12-22T18:01:24.022850,19.300,384.74459624180076,5870.730720746036,134.82922882984144,4100,1500,1520,40.0,35.0,20.0,5870.730720746036,101.12192162238108,1500,1520,800,0,0,134.82922882984144,134.82922882984144,67.41461441492072,0.0,4100,4200,390.0,101.12192162238108,31.930000000000014,25.0,25.0,-0.22332279916385142,-0.9747445446749738,1.0,0.0,0.0,0.0,0.0,41.61298217524693,35.87838479161209,39.72512960696447,37.7703559821279,49.65000000000007,49.65000000000007,49.65000000000007,49.65000000000007
2025-12-22T18:01:24.073609,19.350,385.00099988892913,5959.630413664988,138.3852165465995,4100,1500,1520,40.0,35.0,20.0,5959.630413664988,103.78891240994963,1500,1520,800,0,0,138.3852165465995,138.3852165465995,69.19260827329975,0.0,4100,4200,390.0,103.78891240994963,31.935000000000013,25.0,25.0,-0.24761908972279484,-0.9688574644419345,1.0,0.0,0.0,0.0,0.0,44.84926857784989,44.81288689941552,37.469940027831775,40.47093610012022,49.67500000000007,49.67500000000007,49.67500000000007,49.67500000000007
2025-12-22T18:01:24.124144,19.400,384.2446670080695,6046.131530315635,141.84526121262542,4100,1500,1520,40.0,35.0,20.0,6046.131530315635,106.38394590946906,1500,1520,800,0,0,141.84526121262542,141.84526121262542,70.92263060631271,0.0,4100,4200,390.0,106.38394590946908,31.940000000000015,25.0,25.0,-0.27176062641101084,-0.9623648798312909,1.0,0.0,0.0,0.0,0.0,36.38996746438831,36.17271033360855,39.82447300777133,35.07796432629167,49.700000000000074,49.700000000000074,49.700000000000074,49.700000000000074
2025-12-22T18:01:24.174702,19.450,384.1522230533679,6130.017862955263,145.2007145182105,4100,1500,1520,40.0,35.0,20.0,6130.017862955263,108.90053588865788,1500,1520,800,0,0,145.2007145182105,145.2007145182105,72.60035725910525,0.0,4100,4200,390.0,108.9005358886579,31.945000000000014,25.0,25.0,-0.29573232155391016,-0.9552708484970819,1.0,0.0,0.0,0.0,0.0,37.015582192784755,43.97442907822976,42.69945976705087,35.43101360600777,49.72500000000007,49.72500000000007,49.72500000000007,49.72500000000007
2025-12-22T18:01:24.227851,19.500,384.06027675819433,6211.0797394394285,148.44318957757713,4100,1500,1520,40.0,35.0,20.0,6211.0797394394285,111.33239218318285,1500,1520,800,0,0,148.44318957757713,148.44318957757713,74.22159478878856,0.0,4100,4200,390.0,111.33239218318286,31.950000000000014,25.0,25.0,-0.319519193622341,-0.9475798039779705,1.0,0.0,0.0,0.0,0.0,44.68483734026658,37.449965464688674,42.1445530744799,36.84068940859227,49.75000000000007,49.75000000000007,49.75000000000007,49.75000000000007
2025-12-22T18:01:24.278380,19.550,384.26507484294086,6289.114547293131,151.56458189172525,4100,1500,1520,40.0,35.0,20.0,6289.114547293131,113.67343641879394,1500,1520,800,0,0,151.56458189172525,151.56458189172525,75.78229094586263,0.0,4100,4200,390.0,113.67343641879395,31.955000000000013,25.0,25.0,-0.34310637659555654,-0.939296552926427,0.9999999999999999,0.0,0.0,0.0,0.0,43.0873379975546,44.317007972273565,37.672926291260545,38.270796088248794,49.77500000000007,49.77500000000007,49.77500000000007,49.77500000000007
2025-12-22T18:01:24.328921,19.600,384.67499527218234,6363.927240136479,154.55708960545917,4100,1500,1520,40.0,35.0,20.0,6363.927240136479,115.91781720409438,1500,1520,800,0,0,154.55708960545917,154.55708960545917,77.27854480272958,0.0,4100,4200,390.0,115.91781720409438,31.960000000000015,25.0,25.0,-0.3664791292519945,-0.9304262721047272,1.0,0.0,0.0,0.0,0.0,44.59454533049106,43.83665961376608,41.55684487852369,43.0035768402841,49.80000000000007,49.80000000000007,49.80000000000007,49.80000000000007
2025-12-22T18:01:24.379175,19.650,383.70937653361597,6435.330825199061,157.41323300796245,4100,1500,1520,40.0,35.0,20.0,6435.330825199061,118.05992475597183,1500,1520,800,0,0,157.41323300796245,157.41323300796245,78.70661650398122,0.0,4100,4200,390.0,118.05992475597183,31.965000000000014,25.0,25.0,-0.38962284438206063,-0.9209745051496445,1.0,0.0,0.0,0.0,0.0,37.54859678761146,37.94410309246769,41.172465001475025,35.220344134331874,49.825000000000074,49.825000000000074,49.825000000000074,49.825000000000074
2025-12-22T18:01:24.429593,19.700,384.09201534067665,6503.146830704489,160.12587322817956,4100,1500,1520,40.0,35.0,20.0,6503.146830704489,120.09440492113467,1500,1520,800,0,0,160.12587322817956,160.12587322817956,80.06293661408978,0.0,4100,4200,390.0,120.09440492113467,31.970000000000013,25.0,25.0,-0.41252305791715904,-0.9109471591078575,1.0,0.0,0.0,0.0,0.0,38.36928952776604,35.970759679345555,44.4052407351484,40.802071161286676,49.85000000000007,49.85000000000007,49.85000000000007,49.85000000000007
2025-12-22T18:01:24.480001,19.750,383.89160985683424,6567.205751956892,162.68823007827567,4100,1500,1520,40.0,35.0,20.0,6567.205751956892,122.01617255870676,1500,1520,800,0,0,162.68823007827567,162.68823007827567,81.34411503913783,0.0,4100,4200,390.0,122.01617255870676,31.975000000000016,25.0,25.0,-0.4351654579692644,-0.9003505007442382,1.0,0.0,0.0,0.0,0.0,41.62645494457668,43.56364662499864,35.12398013401922,39.0945063797767,49.87500000000007,49.87500000000007,49.87500000000007,49.87500000000007
2025-12-22T18:01:24.530511,19.800,383.97934088954787,6627.34747501438,165.09389900057522,4100,1500,1520,40.0,35.0,20.0,6627.34747501438,123.82042425043142,1500,1520,800,0,0,165.09389900057522,165.09389900057522,82.54694950028761,0.0,4100,4200,390.0,123.82042425043142,31.980000000000015,25.0,25.0,-0.4575358937753861,-0.8891911526253276,1.0,0.0,0.0,0.0,0.0,41.94771189159188,38.63811165476883,36.78131080929083,44.23721122589531,49.90000000000008,49.90000000000008,49.90000000000008,49.90000000000008
2025-12-22T18:01:24.581081,19.850,384.033373530612,6683.421676890514,167.33686707562055,4100,1500,1520,40.0,35.0,20.0,6683.421676890514,125.50265030671541,1500,1520,800,0,0,167.33686707562055,167.33686707562055,83.66843353781027,0.0,4100,4200,390.0,125.50265030671542,31.985000000000014,25.0,25.0,-0.4796203845413345,-0.8774760889804476,0.9999999999999999,0.0,0.0,0.0,0.0,44.568510580158694,39.34799049054128,44.07553291620965,42.431133128847605,49.925000000000075,49.925000000000075,49.925000000000075,49.925000000000075
2025-12-22T18:01:24.631591,19.900,383.94518882035317,6735.288201283483,169.41152805133933,4100,1500,1520,40.0,35.0,20.0,6735.288201283483,127.05864603850449,1500,1520,800,0,0,169.41152805133933,169.41152805133933,84.70576402566967,0.0,4100,4200,390.0,127.0586460385045,31.990000000000016,25.0,25.0,-0.501405128179262,-0.8652126313430346,1.0,0.0,0.0,0.0,0.0,35.82139948439592,38.842922908468644,36.7115765288732,38.10532301061724,49.950000000000074,49.950000000000074,49.950000000000074,49.950000000000074
2025-12-22T18:01:24.686214,19.950,383.84252411850156,6782.817408893869,171.31269635575472,4100,1500,1520,40.0,35.0,20.0,6782.817408893869,128.48452226681604,1500,1520,800,0,0,171.31269635575472,171.31269635575472,85.65634817787736,0.0,4100,4200,390.0,128.48452226681604,31.995000000000015,25.0,25.0,-0.5228765099335189,-0.8524084439749191,1.0,0.0,0.0,0.0,0.0,42.74378531810075,39.421036994412034,43.864310469916276,43.53714517940351,49.97500000000007,49.97500000000007,49.97500000000007,49.97500000000007
2025-12-22T18:01:24.737755,20.000,383.65689679719804,6825.890501455377,173.03562005821507,4100,1500,1520,40.0,35.0,20.0,6825.890501455377,129.7767150436613,1500,1520,800,0,0,173.03562005821507,173.03562005821507,86.51781002910754,0.0,4100,4200,390.0,129.7767150436613,32.000000000000014,25.0,25.0,-0.5440211108894324,-0.8390715290764119,1.0,0.0,0.0,0.0,0.0,41.91872531482862,43.84643107239852,40.96290199485935,40.2705112858069,50.00000000000007,50.00000000000007,50.00000000000007,50.00000000000007
2025-12-22T18:01:24.788281,20.050,383.2898424235668,6864.3998186686385,174.57599274674553,4100,1500,1520,40.0,35.0,20.0,6864.3998186686385,130.93199456005914,1500,1520,800,0,0,174.57599274674553,174.57599274674553,87.28799637337276,0.0,4100,4200,390.0,130.93199456005914,32.00500000000002,25.0,25.0,-0.5648257163596917,-0.8252102217851892,1.0,0.0,0.0,0.0,0.0,40.21220936002357,42.793246479007045,41.731700532562016,43.843573772546904,50.02500000000008,50.02500000000008,50.02500000000008,50.02500000000008
2025-12-22T18:01:24.839293,20.100,383.6182005168043,6898.249107295883,175.92996429183532,4100,1500,1520,40.0,35.0,20.0,6898.249107295883,131.9474732188765,1500,1520,800,0,0,175.92996429183532,175.92996429183532,87.96498214591766,0.0,4100,4200,390.0,131.9474732188765,32.01000000000001,25.0,25.0,-0.5852773241430969,-0.810833184967103,0.9999999999999999,0.0,0.0,0.0,0.0,35.31656176061955,36.00907858637786,39.56290526358785,36.80666606799811,50.050000000000075,50.050000000000075,50.050000000000075,50.050000000000075
2025-12-22T18:01:24.889671,20.150,383.8484762579342,6927.353761743912,177.09415046975653,4100,1500,1520,40.0,35.0,20.0,6927.353761743912,132.8206128523174,1500,1520,800,0,0,177.09415046975653,177.09415046975653,88.54707523487826,0.0,4100,4200,390.0,132.8206128523174,32.015000000000015,25.0,25.0,-0.605363152650512,-0.7959494038021719,1.0,0.0,0.0,0.0,0.0,37.43491436407051,35.463661749918444,41.068424759424,37.445026727825336,50.075000000000074,50.075000000000074,50.075000000000074,50.075000000000074
2025-12-22T18:01:24.940282,20.200,383.70087536539256,6951.641035534018,178.0656414213607,4100,1500,1520,40.0,35.0,20.0,6951.641035534018,133.54923106602052,1500,1520,800,0,0,178.0656414213607,178.0656414213607,89.03282071068035,0.0,4100,4200,390.0,133.54923106602052,32.02000000000002,25.0,25.0,-0.6250706488929417,-0.780568180169136,1.0,0.0,0.0,0.0,0.0,38.837758104259116,37.04249136853556,35.10332288917278,39.0881812273784,50.10000000000008,50.10000000000008,50.10000000000008,50.10000000000008
2025-12-22T18:01:24.990815,20.250,383.77361462831567,6971.050223130291,178.84200892521164,4100,1500,1520,40.0,35.0,20.0,6971.050223130291,134.13150669390873,1500,1520,800,0,0,178.84200892521164,178.84200892521164,89.42100446260582,0.0,4100,4200,390.0,134.13150669390873,32.02500000000001,25.0,25.0,-0.6443874963267413,-0.7646991268320855,1.0,0.0,0.0,0.0,0.0,39.73717781886483,35.83270273582467,38.25828868500882,43.34935338819707,50.12500000000008,50.12500000000008,50.12500000000008,50.12500000000008
2025-12-22T18:01:25.041445,20.300,383.6877707793841,6985.532811671851,179.42131246687404,4100,1500,1520,40.0,35.0,20.0,6985.532811671851,134.56598435015553,1500,1520,800,0,0,179.42131246687404,179.42131246687404,89.71065623343702,0.0,4100,4200,390.0,134.56598435015553,32.030000000000015,25.0,25.0,-0.6633016225510552,-0.7483521614327959,0.9999999999999999,0.0,0.0,0.0,0.0,40.15981793918179,44.0039201453001,36.469367602771456,43.68455695463678,50.15000000000008,50.15000000000008,50.15000000000008,50.15000000000008
2025-12-22T18:01:25.091585,20.350,383.6151812279614,6995.05260222973,179.80210408918919,4100,1500,1520,40.0,35.0,20.0,6995.05260222973,134.85157806689188,1500,1520,800,0,0,179.80210408918919,179.80210408918919,89.90105204459459,0.0,4100,4200,390.0,134.85157806689188,32.03500000000002,25.0,25.0,-0.6818012068526744,-0.7315375002925254,0.9999999999999999,0.0,0.0,0.0,0.0,38.28711249249929,42.38755490363041,44.78043373675717,41.30277794737407,50.175000000000075,50.175000000000075,50.175000000000075,50.175000000000075
2025-12-22T18:01:25.142125,20.400,382.8477432570903,6999.585800285345,179.9834320114138,4100,1500,1520,40.0,35.0,20.0,6999.585800285345,134.98757400856036,1500,1520,800,0,0,179.9834320114138,179.9834320114138,89.9917160057069,0.0,4100,4200,390.0,134.98757400856036,32.04000000000001,25.0,25.0,-0.6998746875935982,-0.7142656520271455,1.0,0.0,0.0,0.0,0.0,41.49288573253527,44.81764638716376,44.195528461355366,35.757086083112924,50.200000000000074,50.200000000000074,50.200000000000074,50.200000000000074
2025-12-22T18:01:25.197214,20.450,383.4215911511259,6999.1210752044,179.964843008176,4100,1500,1520,40.0,35.0,20.0,6999.1210752044,134.973632256132,1500,1520,800,0,0,179.964843008176,179.964843008176,89.982421504088,0.0,4100,4200,390.0,134.973632256132,32.045000000000016,25.0,25.0,-0.7175107694366804,-0.6965474109795993,0.9999999999999999,0.0,0.0,0.0,0.0,38.04073652264672,41.32798180114479,36.451438387463575,40.2393639098527,50.22500000000008,50.22500000000008,50.22500000000008,50.22500000000008
2025-12-22T18:01:25.249351,20.500,383.63059010517617,6993.659588557573,179.74638354230296,4100,1500,1520,40.0,35.0,20.0,6993.659588557573,134.80978765672722,1500,1520,800,0,0,179.74638354230296,179.74638354230296,89.87319177115148,0.0,4100,4200,390.0,134.80978765672722,32.05000000000002,25.0,25.0,-0.7346984304048485,-0.6783938504737879,1.0,0.0,0.0,0.0,0.0,39.926424134606705,37.56476536908971,44.748261322402314,41.03307346919779,50.25000000000008,50.25000000000008,50.25000000000008,50.25000000000008
2025-12-22T18:01:25.300353,20.550,383.6171675123021,6983.214991217195,179.32859964868783,4100,1500,1520,40.0,35.0,20.0,6983.214991217195,134.49644973651587,1500,1520,800,0,0,179.32859964868783,179.32859964868783,89.66429982434391,0.0,4100,4200,390.0,134.49644973651587,32.055000000000014,25.0,25.0,-0.7514269287694798,-0.6598163158941034,1.0,0.0,0.0,0.0,0.0,39.606436594958076,41.53783883905252,35.34562415340004,39.34225841947299,50.27500000000008,50.27500000000008,50.27500000000008,50.27500000000008
2025-12-22T18:01:25.350955,20.600,382.9821785585165,6967.813389237176,178.71253556948704,4100,1500,1520,40.0,35.0,20.0,6967.813389237176,134.03440167711528,1500,1520,800,0,0,178.71253556948704,178.71253556948704,89.35626778474352,0.0,4100,4200,390.0,134.03440167711528,32.06000000000002,25.0,25.0,-0.7676858097636325,-0.6408264175949333,1.0,0.0,0.0,0.0,0.0,35.906765075640166,35.728231186161864,41.20670131664967,42.6176978094653,50.30000000000008,50.30000000000008,50.30000000000008,50.30000000000008
2025-12-22T18:01:25.401605,20.650,383.66285113210273,6947.493278601466,177.89973114405865,4100,1500,1520,40.0,35.0,20.0,6947.493278601466,133.42479835804397,1500,1520,800,0,0,177.89973114405865,177.89973114405865,88.94986557202932,0.0,4100,4200,390.0,133.42479835804397,32.06500000000002,25.0,25.0,-0.7834649121159348,-0.6214360236445667,1.0,0.0,0.0,0.0,0.0,35.686833823305435,38.559864005071915,41.47472907082753,35.42828899939863,50.32500000000008,50.32500000000008,50.32500000000008,50.32500000000008
2025-12-22T18:01:25.452311,20.700,383.8215090059051,6922.305449004145,176.8922179601658,4100,1500,1520,40.0,35.0,20.0,6922.305449004145,132.66916347012435,1500,1520,800,0,0,176.8922179601658,176.8922179601658,88.4461089800829,0.0,4100,4200,390.0,132.66916347012435,32.070000000000014,25.0,25.0,-0.7987543744010485,-0.6016572524080381,1.0,0.0,0.0,0.0,0.0,40.96944728613889,43.73431422874758,41.389762449572665,41.47841367667577,50.35000000000008,50.35000000000008,50.35000000000008,50.35000000000008
2025-12-22T18:01:25.502882,20.750,383.83692280567436,6892.312856901638,175.69251427606554,4100,1500,1520,40.0,35.0,20.0,6892.312856901638,131.76938570704914,1500,1520,800,0,0,175.69251427606554,175.69251427606554,87.84625713803277,0.0,4100,4200,390.0,131.76938570704914,32.07500000000002,25.0,25.0,-0.8135446412027387,-0.5815024649735434,1.0,0.0,0.0,0.0,0.0,35.539174613168676,43.50946753693205,39.603192738021946,37.430210681353856,50.37500000000008,50.37500000000008,50.37500000000008,50.37500000000008
2025-12-22T18:01:25.553453,20.800,383.34894809083306,6857.5904681543625,174.30361872617448,4100,1500,1520,40.0,35.0,20.0,6857.5904681543625,130.72771404463086,1500,1520,800,0,0,174.30361872617448,174.30361872617448,87.15180936308724,0.0,4100,4200,390.0,130.72771404463086,32.08000000000001,25.0,25.0,-0.8278264690856985,-0.5609842574271626,1.0,0.0,0.0,0.0,0.0,36.479127149374314,41.704871247081776,44.72233668290146,37.08030223800235,50.40000000000008,50.40000000000008,50.40000000000008,50.40000000000008
2025-12-22T18:01:25.604208,20.850,383.15038133099625,6818.225070651115,172.7290028260446,4100,1500,1520,40.0,35.0,20.0,6818.225070651115,129.54675211953344,1500,1520,800,0,0,172.7290028260446,172.7290028260446,86.3645014130223,0.0,4100,4200,390.0,129.54675211953344,32.085000000000015,25.0,25.0,-0.8415909323723946,-0.5401154529807156,1.0,0.0,0.0,0.0,0.0,43.07644162905735,35.58947466253417,42.84887098522485,41.66126514280923,50.42500000000008,50.42500000000008,50.42500000000008,50.42500000000008
2025-12-22T18:01:25.655243,20.900,383.7843499498842,6774.315057384551,170.97260229538205,4100,1500,1520,40.0,35.0,20.0,6774.315057384551,128.22945172153652,1500,1520,800,0,0,170.97260229538205,170.97260229538205,85.48630114769102,0.0,4100,4200,390.0,128.22945172153652,32.09000000000002,25.0,25.0,-0.8548294287213252,-0.5189090939576727,1.0,0.0,0.0,0.0,0.0,44.230050576735465,40.254006576640215,37.63748913027855,35.91263152609044,50.45000000000008,50.45000000000008,50.45000000000008,50.45000000000008
2025-12-22T18:01:25.706772,20.950,383.25147095241647,6725.970180519946,169.03880722079782,4100,1500,1520,40.0,35.0,20.0,6725.970180519946,126.77910541559837,1500,1520,800,0,0,169.03880722079782,169.03880722079782,84.51940361039891,0.0,4100,4200,390.0,126.77910541559837,32.09500000000001,25.0,25.0,-0.8675336845032041,-0.4973784336421264,1.0,0.0,0.0,0.0,0.0,42.99310675277844,39.505299487835195,36.4101756637883,41.7955350230019,50.47500000000008,50.47500000000008,50.47500000000008,50.47500000000008
2025-12-22T18:01:25.756787,21.000,383.26606331313076,6673.311277071933,166.93245108287732,4100,1500,1520,40.0,35.0,20.0,6673.311277071933,125.19933831215799,1500,1520,800,0,0,166.93245108287732,166.93245108287732,83.46622554143866,0.0,4100,4200,390.0,125.19933831215799,32.100000000000016,25.0,25.0,-0.8796957599717089,-0.4755369279959206,0.9999999999999999,0.0,0.0,0.0,0.0,35.89159230788984,35.348627491785415,36.37845270850772,37.60645880468762,50.500000000000085,50.500000000000085,50.500000000000085,50.500000000000085
2025-12-22T18:01:25.808870,21.050,384.1155979590774,6616.469966874908,164.65879867499632,4100,1500,1520,40.0,35.0,20.0,6616.469966874908,123.49409900624724,1500,1520,800,0,0,164.65879867499632,164.65879867499632,82.32939933749816,0.0,4100,4200,390.0,123.49409900624724,32.10500000000002,25.0,25.0,-0.8913080542255646,-0.45339822724911266,1.0,0.0,0.0,0.0,0.0,41.97808211087062,43.365871894198776,38.68195486137482,35.059414200812185,50.525000000000084,50.525000000000084,50.525000000000084,50.525000000000084
2025-12-22T18:01:25.860011,21.100,383.78324100543944,6555.58832360198,162.2235329440792,4100,1500,1520,40.0,35.0,20.0,6555.58832360198,121.6676497080594,1500,1520,800,0,0,162.2235329440792,162.2235329440792,81.1117664720396,0.0,4100,4200,390.0,121.66764970805939,32.110000000000014,25.0,25.0,-0.9023633099588588,-0.4309761673690234,1.0,0.0,0.0,0.0,0.0,40.929167567160796,38.1649378683057,41.170404200608495,35.84738516774969,50.55000000000008,50.55000000000008,50.55000000000008,50.55000000000008
2025-12-22T18:01:25.910781,21.150,383.71506286001664,6490.818519654786,159.63274078619142,4100,1500,1520,40.0,35.0,20.0,6490.818519654786,119.72455558964356,1500,1520,800,0,0,159.63274078619142,159.63274078619142,79.81637039309571,0.0,4100,4200,390.0,119.72455558964357,32.115000000000016,25.0,25.0,-0.9128546179966225,-0.4082847614132083,1.0,0.0,0.0,0.0,0.0,43.99102738738037,44.41128656717882,36.26664880367201,42.716233584902014,50.57500000000008,50.57500000000008,50.57500000000008,50.57500000000008
2025-12-22T18:01:25.961243,21.200,383.79567820777834,6422.32244581173,156.8928978324692,4100,1500,1520,40.0,35.0,20.0,6422.32244581173,117.6696733743519,1500,1520,800,0,0,156.8928978324692,156.8928978324692,78.4464489162346,0.0,4100,4200,390.0,117.6696733743519,32.12000000000002,25.0,25.0,-0.9227754216128388,-0.38533819077175263,1.0,0.0,0.0,0.0,0.0,40.198840613889146,40.51194817044063,35.778995132653456,35.727012530094484,50.60000000000008,50.60000000000008,50.60000000000008,50.60000000000008
2025-12-22T18:01:26.011828,21.250,384.0300295951532,6350.271306585356,154.01085226341422,4100,1500,1520,40.0,35.0,20.0,6350.271306585356,115.50813919756067,1500,1520,800,0,0,154.01085226341422,154.01085226341422,77.00542613170711,0.0,4100,4200,390.0,115.50813919756067,32.125000000000014,25.0,25.0,-0.9321195206281837,-0.3621507963043642,1.0,0.0,0.0,0.0,0.0,40.37444040671584,43.15947462328792,35.66133246609868,37.969503510830556,50.625000000000085,50.625000000000085,50.625000000000085,50.625000000000085
2025-12-22T18:01:26.062303,21.300,384.46949976283435,6274.84519230022,150.99380769200883,4100,1500,1520,40.0,35.0,20.0,6274.84519230022,113.24535576900662,1500,1520,800,0,0,150.99380769200883,150.99380769200883,75.49690384600441,0.0,4100,4200,390.0,113.24535576900662,32.13000000000002,25.0,25.0,-0.9408810752849361,-0.3387370693778028,1.0,0.0,0.0,0.0,0.0,41.71165387016856,43.18895279877205,35.585580809429466,38.08242354361155,50.650000000000084,50.650000000000084,50.650000000000084,50.650000000000084
2025-12-22T18:01:26.119757,21.350,384.21307665517065,6196.232628960875,147.84930515843504,4100,1500,1520,40.0,35.0,20.0,6196.232628960875,110.88697886882628,1500,1520,800,0,0,147.84930515843504,147.84930515843504,73.92465257921752,0.0,4100,4200,390.0,110.88697886882628,32.13500000000002,25.0,25.0,-0.9490546098966366,-0.31511164280924786,1.0,0.0,0.0,0.0,0.0,35.42796065670807,36.23469591112139,37.83619269477146,42.03859629326778,50.67500000000008,50.67500000000008,50.67500000000008,50.67500000000008
2025-12-22T18:01:26.172292,21.400,384.5540885052821,6114.63010703504,144.5852042814016,4100,1500,1520,40.0,35.0,20.0,6114.63010703504,108.43890321105118,1500,1520,800,0,0,144.5852042814016,144.5852042814016,72.2926021407008,0.0,4100,4200,390.0,108.43890321105118,32.140000000000015,25.0,25.0,-0.9566350162702127,-0.29128928172126395,1.0,0.0,0.0,0.0,0.0,44.003409155082,43.04271255473604,41.29893012111471,39.98055335338058,50.70000000000009,50.70000000000009,50.70000000000009,50.70000000000009
2025-12-22T18:01:26.222817,21.450,385.0348277311687,6030.241590329753,141.20966361319014,4100,1500,1520,40.0,35.0,20.0,6030.241590329753,105.9072477098926,1500,1520,800,0,0,141.20966361319014,141.20966361319014,70.60483180659507,0.0,4100,4200,390.0,105.90724770989259,32.14500000000002,25.0,25.0,-0.963617556898434,-0.26728487431407966,1.0,0.0,0.0,0.0,0.0,39.02011610354894,35.69744863393898,38.39296271504052,36.603381014839435,50.72500000000009,50.72500000000009,50.72500000000009,50.72500000000009
2025-12-22T18:01:26.273850,21.500,385.04513916915823,5943.278006188091,137.73112024752368,4100,1500,1520,40.0,35.0,20.0,5943.278006188091,103.29834018564276,1500,1520,800,0,0,137.73112024752368,137.73112024752368,68.86556012376184,0.0,4100,4200,390.0,103.29834018564274,32.15000000000002,25.0,25.0,-0.9699978679206992,-0.24311342256094728,0.9999999999999999,0.0,0.0,0.0,0.0,41.21375878897035,41.302381436211824,44.59542664871078,37.65503638888444,50.750000000000085,50.750000000000085,50.750000000000085,50.750000000000085
2025-12-22T18:01:26.327041,21.550,384.94544286214483,5853.956718280649,134.15826873122592,4100,1500,1520,40.0,35.0,20.0,5853.956718280649,100.61870154841944,1500,1520,800,0,0,134.15826873122592,134.15826873122592,67.07913436561296,0.0,4100,4200,390.0,100.61870154841944,32.155000000000015,25.0,25.0,-0.9757719618503077,-0.21879003283239784,1.0,0.0,0.0,0.0,0.0,39.74336101900854,39.011839112829556,43.75763939684931,37.73919016293463,50.775000000000084,50.775000000000084,50.775000000000084,50.775000000000084
2025-12-22T18:01:26.377216,21.600,384.9989963951468,5762.500983309565,130.50003933238258,4100,1500,1520,40.0,35.0,20.0,5762.500983309565,97.87502949928694,1500,1520,800,0,0,130.50003933238258,130.50003933238258,65.25001966619129,0.0,4100,4200,390.0,97.87502949928694,32.16000000000002,25.0,25.0,-0.9809362300665081,-0.19432990645525117,1.0,0.0,0.0,0.0,0.0,39.26970510329714,42.21824092810297,35.85934694815946,42.11265670363205,50.80000000000008,50.80000000000008,50.80000000000008,50.80000000000008
2025-12-22T18:01:26.427528,21.650,385.49330803049975,5669.139392983044,126.76557571932173,4100,1500,1520,40.0,35.0,20.0,5669.139392983044,95.07418178949129,1500,1520,800,0,0,126.76557571932173,126.76557571932173,63.382787859660866,0.0,4100,4200,390.0,95.07418178949129,32.16500000000002,25.0,25.0,-0.9854874450697696,-0.16974833021228145,0.9999999999999999,0.0,0.0,0.0,0.0,38.504265625366955,44.449572469492466,42.45678470161598,39.23107462851631,50.82500000000009,50.82500000000009,50.82500000000009,50.82500000000009
2025-12-22T18:01:26.478185,21.700,385.3416766204818,5574.1053026551235,122.96421210620494,4100,1500,1520,40.0,35.0,20.0,5574.1053026551235,92.2231590796537,1500,1520,800,0,0,122.96421210620494,122.96421210620494,61.48210605310247,0.0,4100,4200,390.0,92.2231590796537,32.170000000000016,25.0,25.0,-0.9894227624988636,-0.14506066678847576,0.9999999999999999,0.0,0.0,0.0,0.0,38.22145439880431,41.803184312125246,35.04404987752853,44.520310553652095,50.85000000000009,50.85000000000009,50.85000000000009,50.85000000000009
2025-12-22T18:01:26.528635,21.750,385.78622792987596,5477.636248058828,119.1054499223531,4100,1500,1520,40.0,35.0,20.0,5477.636248058828,89.32908744176483,1500,1520,800,0,0,119.1054499223531,119.1054499223531,59.55272496117655,0.0,4100,4200,390.0,89.32908744176483,32.17500000000002,25.0,25.0,-0.9927397229084971,-0.12028234516985578,1.0,0.0,0.0,0.0,0.0,36.57147553548198,41.29991226276789,44.48739257699117,41.86936887368387,50.875000000000085,50.875000000000085,50.875000000000085,50.875000000000085
2025-12-22T18:01:26.579375,21.800,386.0160120636051,5379.973351590534,115.19893406362135,4100,1500,1520,40.0,35.0,20.0,5379.973351590534,86.39920054771602,1500,1520,800,0,0,115.19893406362135,115.19893406362135,57.599467031810676,0.0,4100,4200,390.0,86.39920054771602,32.18000000000002,25.0,25.0,-0.9954362533063857,-0.09542885100086401,1.0,0.0,0.0,0.0,0.0,44.31088912647033,37.27783816187881,38.97984232035326,42.95415383989522,50.90000000000009,50.90000000000009,50.90000000000009,50.90000000000009
2025-12-22T18:01:26.630496,21.850,386.04722094088,5281.36071962956,111.25442878518238,4100,1500,1520,40.0,35.0,20.0,5281.36071962956,83.44082158888679,1500,1520,800,0,0,111.25442878518238,111.25442878518238,55.62721439259119,0.0,4100,4200,390.0,83.44082158888679,32.18500000000002,25.0,25.0,-0.9975106684488065,-0.07051571690633988,0.9999999999999999,0.0,0.0,0.0,0.0,36.48997706596427,39.842483759959705,36.26820044564265,40.404010669653275,50.92500000000009,50.92500000000009,50.92500000000009,50.92500000000009
2025-12-22T18:01:26.681514,21.900,385.5423594432507,5182.044832399342,107.28179329597367,4100,1500,1520,40.0,35.0,20.0,5182.044832399342,80.46134497198025,1500,1520,800,0,0,107.28179329597367,107.28179329597367,53.640896647986835,0.0,4100,4200,390.0,80.46134497198025,32.19000000000002,25.0,25.0,-0.9989616718938209,-0.045558512784134975,1.0,0.0,0.0,0.0,0.0,40.53371727711174,35.98252370172323,42.28547304666589,37.87202953500119,50.95000000000009,50.95000000000009,50.95000000000009,50.95000000000009
2025-12-22T18:01:26.732265,21.950,385.8335697637726,5082.273927895242,103.29095711580968,4100,1500,1520,40.0,35.0,20.0,5082.273927895242,77.46821783685726,1500,1520,800,0,0,103.29095711580968,103.29095711580968,51.64547855790484,0.0,4100,4200,390.0,77.46821783685726,32.195000000000014,25.0,25.0,-0.9997883568115076,-0.020572836074433585,0.9999999999999999,0.0,0.0,0.0,0.0,36.31824273145687,35.10294087425244,35.445312987471304,43.801103206254155,50.97500000000009,50.97500000000009,50.97500000000009,50.97500000000009
2025-12-22T18:01:26.785685,22.000,386.6789350403847,4982.297381418837,99.29189525675348,4100,1500,1520,40.0,35.0,20.0,4982.297381418837,74.4689214425651,1500,1520,800,0,0,99.29189525675348,99.29189525675348,49.64594762837674,0.0,4100,4200,390.0,74.4689214425651,32.20000000000002,25.0,25.0,-0.999990206550703,0.004425697988139602,0.9999999999999999,0.0,0.0,0.0,0.0,40.81111283556003,44.289398873100254,39.59560953768468,44.395403229884785,51.000000000000085,51.000000000000085,51.000000000000085,51.000000000000085
2025-12-22T18:01:26.836332,22.050,385.981999681797,4882.36508226954,95.29460329078158,4100,1500,1520,40.0,35.0,20.0,4882.36508226954,71.47095246808618,1500,1520,800,0,0,95.29460329078158,95.29460329078158,47.64730164539079,0.0,4100,4200,390.0,71.47095246808618,32.20500000000002,25.0,25.0,-0.9995670949618907,0.029421466133532893,1.0,0.0,0.0,0.0,0.0,42.21321831909769,40.244358294144284,35.03278002785567,38.36057438997143,51.02500000000009,51.02500000000009,51.02500000000009,51.02500000000009
2025-12-22T18:01:26.886540,22.100,386.8945979028619,4782.726809151487,91.3090723660595,4100,1500,1520,40.0,35.0,20.0,4782.726809151487,68.48180427454463,1500,1520,800,0,0,91.3090723660595,91.3090723660595,45.65453618302975,0.0,4100,4200,390.0,68.48180427454463,32.210000000000015,25.0,25.0,-0.9985192864760406,0.05439884682030279,1.0,0.0,0.0,0.0,0.0,43.17768723171447,40.87723211575972,39.060101852319384,40.76008629664559,51.05000000000009,51.05000000000009,51.05000000000009,51.05000000000009
2025-12-22T18:01:26.937173,22.150,386.5174222515517,4683.631605856866,87.34526423427464,4100,1500,1520,40.0,35.0,20.0,4683.631605856866,65.50894817570598,1500,1520,800,0,0,87.34526423427464,87.34526423427464,43.67263211713732,0.0,4100,4200,390.0,65.50894817570598,32.21500000000002,25.0,25.0,-0.9968474359393489,0.0793422299985689,1.0,0.0,0.0,0.0,0.0,42.71804525447842,44.496942429776695,37.46107795113906,35.897515399234734,51.07500000000009,51.07500000000009,51.07500000000009,51.07500000000009
2025-12-22T18:01:26.988086,22.200,387.03007307453447,4585.327158786128,83.41308635144512,4100,1500,1520,40.0,35.0,20.0,4585.327158786128,62.55981476358384,1500,1520,800,0,0,83.41308635144512,83.41308635144512,41.70654317572256,0.0,4100,4200,390.0,62.55981476358384,32.22000000000002,25.0,25.0,-0.9945525882039797,0.10423602686578698,1.0,0.0,0.0,0.0,0.0,36.49350238538188,44.196240015605255,44.71576257940534,39.31612706770049,51.100000000000094,51.100000000000094,51.100000000000094,51.100000000000094
2025-12-22T18:01:27.038871,22.250,386.8582724868071,4488.059177860983,79.52236711443935,4100,1500,1520,40.0,35.0,20.0,4488.059177860983,59.64177533582951,1500,1520,800,0,0,79.52236711443935,79.52236711443935,39.761183557219674,0.0,4100,4200,390.0,59.64177533582951,32.225000000000016,25.0,25.0,-0.9916361774750674,0.1290646796092431,0.9999999999999999,0.0,0.0,0.0,0.0,39.56182671531639,44.4123220357707,44.81483094059517,40.834398547436685,51.12500000000009,51.12500000000009,51.12500000000009,51.12500000000009
2025-12-22T18:01:27.089272,22.300,386.67608972063914,4392.070782377561,75.68283129510243,4100,1500,1520,40.0,35.0,20.0,4392.070782377561,56.762123471326824,1500,1520,800,0,0,75.68283129510243,75.68283129510243,37.841415647551216,0.0,4100,4200,390.0,56.762123471326824,32.23000000000002,25.0,25.0,-0.9881000264143842,0.1538126711291801,1.0,0.0,0.0,0.0,0.0,36.3595787941563,41.12703947145822,41.032397844187315,43.638490793247726,51.15000000000009,51.15000000000009,51.15000000000009,51.15000000000009
2025-12-22T18:01:27.144818,22.350,387.52661784089497,4297.601893334778,71.90407573339111,4100,1500,1520,40.0,35.0,20.0,4297.601893334778,53.928056800043336,1500,1520,800,0,0,71.90407573339111,71.90407573339111,35.952037866695555,0.0,4100,4200,390.0,53.928056800043336,32.23500000000002,25.0,25.0,-0.9839463450012362,0.17846453473647994,1.0,0.0,0.0,0.0,0.0,35.95654981123574,40.031095550971756,40.95187609453606,36.52323574227916,51.17500000000009,51.17500000000009,51.17500000000009,51.17500000000009
2025-12-22T18:01:27.195828,22.400,387.41170082167577,4204.888633756796,68.1955453502718,4100,1500,1520,40.0,35.0,20.0,4204.888633756796,51.14665901270385,1500,1520,800,0,0,68.1955453502718,68.1955453502718,34.0977726751359,0.0,4100,4200,390.0,51.14665901270385,32.240000000000016,25.0,25.0,-0.9791777291512986,0.20300486381884084,1.0,0.0,0.0,0.0,0.0,38.62068198384634,35.98257145075883,38.13769191003411,40.077014491942265,51.20000000000009,51.20000000000009,51.20000000000009,51.20000000000009
2025-12-22T18:01:27.246355,22.450,387.730138045881,4114.162738508426,64.56650954033705,4100,1500,1520,40.0,35.0,20.0,4114.162738508426,48.42488215525279,1500,1520,800,0,0,64.56650954033705,64.56650954033705,32.283254770168526,0.0,4100,4200,390.0,48.42488215525279,32.24500000000002,25.0,25.0,-0.9737971590942525,0.22741832146940857,1.0,0.0,0.0,0.0,0.0,40.4868839565501,43.11637483481307,39.468456667515845,40.958978271550144,51.225000000000094,51.225000000000094,51.225000000000094,51.225000000000094
2025-12-22T18:01:27.297808,22.500,387.3682799249307,4025.650975078658,61.02603900314633,4100,1500,1520,40.0,35.0,20.0,4025.650975078658,45.769529252359746,1500,1520,800,0,0,61.02603900314633,61.02603900314633,30.513019501573165,0.0,4100,4200,390.0,45.769529252359746,32.25000000000002,25.0,25.0,-0.9678079975112381,0.2516896500718438,0.9999999999999999,0.0,0.0,0.0,0.0,37.27061860821135,40.57036780586299,39.473324433117526,42.68452576510133,51.25000000000009,51.25000000000009,51.25000000000009,51.25000000000009
2025-12-22T18:01:27.348585,22.550,388.11177660003506,3939.574576780031,57.58298307120124,4100,1500,1520,40.0,35.0,20.0,3939.574576780031,43.187237303400934,1500,1520,800,0,0,57.58298307120124,57.58298307120124,28.79149153560062,0.0,4100,4200,390.0,43.187237303400934,32.25500000000002,25.0,25.0,-0.9612139874332897,0.27580368083583595,1.0,0.0,0.0,0.0,0.0,35.74309984979831,43.60544803203795,42.528740399885514,35.62778501351285,51.27500000000009,51.27500000000009,51.27500000000009,51.27500000000009
2025-12-22T18:01:27.399639,22.600,388.4095130463904,3856.148689780569,54.24594759122277,4100,1500,1520,40.0,35.0,20.0,3856.148689780569,40.68446069341708,1500,1520,800,0,0,54.24594759122277,54.24594759122277,27.122973795611387,0.0,4100,4200,390.0,40.68446069341708,32.26000000000002,25.0,25.0,-0.9540192499020613,0.299745343277103,1.0,0.0,0.0,0.0,0.0,41.20994361178373,43.16084470105217,36.494059737891334,40.384005193336385,51.3000000000001,51.3000000000001,51.3000000000001,51.3000000000001
2025-12-22T18:01:27.450202,22.650,388.54584541518864,3775.581835350409,51.02327341401637,4100,1500,1520,40.0,35.0,20.0,3775.581835350409,38.267455060512276,1500,1520,800,0,0,51.02327341401637,51.02327341401637,25.511636707008186,0.0,4100,4200,390.0,38.267455060512276,32.26500000000002,25.0,25.0,-0.9462282813943113,0.323499674635954,1.0,0.0,0.0,0.0,0.0,42.21055246875663,35.685431989594136,40.10992555655436,40.43020486804362,51.325000000000095,51.325000000000095,51.325000000000095,51.325000000000095
2025-12-22T18:01:27.500555,22.700,387.88898495937264,3698.0753886672205,47.923015546688816,4100,1500,1520,40.0,35.0,20.0,3698.0753886672205,35.94226166001661,1500,1520,800,0,0,47.923015546688816,47.923015546688816,23.961507773344408,0.0,4100,4200,390.0,35.94226166001661,32.27000000000002,25.0,25.0,-0.93784595101175,0.34705182922852656,1.0,0.0,0.0,0.0,0.0,35.427832098877346,38.267359114325686,36.13711392408985,42.11964832384662,51.350000000000094,51.350000000000094,51.350000000000094,51.350000000000094
2025-12-22T18:01:27.551272,22.750,388.37010430250064,3623.823075483133,44.95292301932531,4100,1500,1520,40.0,35.0,20.0,3623.823075483133,33.71469226449398,1500,1520,800,0,0,44.95292301932531,44.95292301932531,22.476461509662656,0.0,4100,4200,390.0,33.71469226449398,32.27500000000002,25.0,25.0,-0.9288774974380097,0.37038708772485596,1.0,0.0,0.0,0.0,0.0,42.21606293622428,35.27931533700417,35.265708461414604,38.408903069740454,51.37500000000009,51.37500000000009,51.37500000000009,51.37500000000009
2025-12-22T18:01:27.602032,22.800,388.18052838575534,3553.01048791125,42.12041951645,4100,1500,1520,40.0,35.0,20.0,3553.01048791125,31.5903146373375,1500,1520,800,0,0,42.12041951645,42.12041951645,21.060209758225,0.0,4100,4200,390.0,31.590314637337496,32.280000000000015,25.0,25.0,-0.9193285256646386,0.3934908663479775,1.0,0.0,0.0,0.0,0.0,43.94644609674934,38.118592297267554,40.44490909333576,41.23122744600825,51.40000000000009,51.40000000000009,51.40000000000009,51.40000000000009
2025-12-22T18:01:27.652920,22.850,388.0411358496704,3485.814620542019,39.432584821680756,4100,1500,1520,40.0,35.0,20.0,3485.814620542019,29.574438616260565,1500,1520,800,0,0,39.432584821680756,39.432584821680756,19.716292410840378,0.0,4100,4200,390.0,29.57443861626057,32.28500000000002,25.0,25.0,-0.9092050034881624,0.4163487259883121,0.9999999999999999,0.0,0.0,0.0,0.0,36.863140506925234,41.941179167432544,42.56731057033874,39.45601477801318,51.4250000000001,51.4250000000001,51.4250000000001,51.4250000000001
2025-12-22T18:01:27.708456,22.900,388.4490749560053,3422.4034280489313,36.89613712195725,4100,1500,1520,40.0,35.0,20.0,3422.4034280489313,27.67210284146794,1500,1520,800,0,0,36.89613712195725,36.89613712195725,18.448068560978626,0.0,4100,4200,390.0,27.67210284146794,32.29000000000002,25.0,25.0,-0.8985132577804065,0.4389463812276401,1.0,0.0,0.0,0.0,0.0,36.75836355652835,37.12036633197656,44.850198827852594,35.12146389178817,51.450000000000095,51.450000000000095,51.450000000000095,51.450000000000095
2025-12-22T18:01:27.759008,22.950,388.87865311481875,3362.9354053893094,34.51741621557237,4100,1500,1520,40.0,35.0,20.0,3362.9354053893094,25.888062161679276,1500,1520,800,0,0,34.51741621557237,34.51741621557237,17.258708107786184,0.0,4100,4200,390.0,25.88806216167928,32.295000000000016,25.0,25.0,-0.887259970534407,0.4612697092670223,1.0,0.0,0.0,0.0,0.0,41.63146030786816,43.43205553521774,41.35631866451739,38.13323180063955,51.475000000000094,51.475000000000094,51.475000000000094,51.475000000000094
2025-12-22T18:01:27.809539,23.000,388.670957767104,3307.559191649454,32.30236766597817,4100,1500,1520,40.0,35.0,20.0,3307.559191649454,24.226775749483625,1500,1520,800,0,0,32.30236766597817,32.30236766597817,16.151183832989084,0.0,4100,4200,390.0,24.226775749483625,32.30000000000002,25.0,25.0,-0.8754521746883822,0.48330475875308987,1.0,0.0,0.0,0.0,0.0,44.57017185370117,44.77733434044487,35.36452016812255,42.66017222097419,51.5000000000001,51.5000000000001,51.5000000000001,51.5000000000001
2025-12-22T18:01:27.860064,23.050,388.5351664857996,3256.413198524341,30.256527940973655,4100,1500,1520,40.0,35.0,20.0,3256.413198524341,22.69239595573024,1500,1520,800,0,0,30.256527940973655,30.256527940973655,15.128263970486827,0.0,4100,4200,390.0,22.69239595573024,32.30500000000002,25.0,25.0,-0.8630972497303756,0.5050377584971857,1.0,0.0,0.0,0.0,0.0,44.50161917950414,35.59712208048381,39.099478935204196,35.29442151657216,51.5250000000001,51.5250000000001,51.5250000000001,51.5250000000001
2025-12-22T18:01:27.910489,23.100,389.31025340681146,3209.6252643604657,28.385010574418615,4100,1500,1520,40.0,35.0,20.0,3209.6252643604657,21.28875793081396,1500,1520,800,0,0,28.385010574418615,28.385010574418615,14.192505287209308,0.0,4100,4200,390.0,21.28875793081396,32.31000000000002,25.0,25.0,-0.8502029170863158,0.5264551260819096,1.0,0.0,0.0,0.0,0.0,41.00947939528247,43.380716750261264,39.170606765094924,39.245404666679576,51.5500000000001,51.5500000000001,51.5500000000001,51.5500000000001
2025-12-22T18:01:27.961110,23.150,389.20628439548705,3167.31233462655,26.692493385062022,4100,1500,1520,40.0,35.0,20.0,3167.31233462655,20.019370038796517,1500,1520,800,0,0,26.692493385062022,26.692493385062022,13.346246692531011,0.0,4100,4200,390.0,20.019370038796517,32.31500000000002,25.0,25.0,-0.8367772352943766,0.5475434763496863,1.0,0.0,0.0,0.0,0.0,35.07498796970708,43.162060283091556,39.86934095170976,40.590692659511426,51.575000000000095,51.575000000000095,51.575000000000095,51.575000000000095
2025-12-22T18:01:28.011995,23.200,388.87920259841985,3129.5801696107837,25.18320678443135,4100,1500,1520,40.0,35.0,20.0,3129.5801696107837,18.88740508832351,1500,1520,800,0,0,25.18320678443135,25.18320678443135,12.591603392215674,0.0,4100,4200,390.0,18.88740508832351,32.32000000000002,25.0,25.0,-0.8228285949686532,0.568289629768054,0.9999999999999999,0.0,0.0,0.0,0.0,39.64256611287361,36.843760237926126,41.38134569666499,43.4370687111466,51.600000000000094,51.600000000000094,51.600000000000094,51.600000000000094
2025-12-22T18:01:28.062749,23.250,388.88189717562665,3096.5230800751733,23.86092320300692,4100,1500,1520,40.0,35.0,20.0,3096.5230800751733,17.89569240225519,1500,1520,800,0,0,23.86092320300692,23.86092320300692,11.93046160150346,0.0,4100,4200,390.0,17.89569240225519,32.32500000000002,25.0,25.0,-0.8083657135553015,0.5886806206664427,1.0,0.0,0.0,0.0,0.0,42.198419578789355,38.048417175342195,39.9621825011279,35.982892838949695,51.6250000000001,51.6250000000001,51.6250000000001,51.6250000000001
2025-12-22T18:01:28.113184,23.300,388.65611820200144,3068.223691527758,22.72894766111031,4100,1500,1520,40.0,35.0,20.0,3068.223691527758,17.046710745832733,1500,1520,800,0,0,22.72894766111031,22.72894766111031,11.364473830555156,0.0,4100,4200,390.0,17.046710745832733,32.33000000000002,25.0,25.0,-0.7933976298844175,0.6087037053392962,1.0,0.0,0.0,0.0,0.0,37.84090756555703,42.91444474415468,38.021534100191815,41.06356975697038,51.6500000000001,51.6500000000001,51.6500000000001,51.6500000000001
2025-12-22T18:01:28.167812,23.350,389.60407261458784,3044.7527377018705,21.79010950807482,4100,1500,1520,40.0,35.0,20.0,3044.7527377018705,16.342582131056115,1500,1520,800,0,0,21.79010950807482,21.79010950807482,10.89505475403741,0.0,4100,4200,390.0,16.342582131056115,32.33500000000002,25.0,25.0,-0.7779336985210635,0.6283463700104737,1.0,0.0,0.0,0.0,0.0,40.974214667936835,38.41998586440384,41.40659384591828,43.65811988482722,51.6750000000001,51.6750000000001,51.6750000000001,51.6750000000001
2025-12-22T18:01:28.218857,23.400,389.4493577988853,3026.1688837586385,21.046755350345535,4100,1500,1520,40.0,35.0,20.0,3026.1688837586385,15.785066512759151,1500,1520,800,0,0,21.046755350345535,21.046755350345535,10.523377675172767,0.0,4100,4200,390.0,15.785066512759153,32.34000000000002,25.0,25.0,-0.7619835839189688,0.6475963386539517,0.9999999999999999,0.0,0.0,0.0,0.0,38.15346014448731,41.299679175213285,41.45566015304181,40.95379607231718,51.7000000000001,51.7000000000001,51.7000000000001,51.7000000000001
2025-12-22T18:01:28.269591,23.450,388.887392396426,3012.518579654636,20.500743186185446,4100,1500,1520,40.0,35.0,20.0,3012.518579654636,15.375557389639084,1500,1520,800,0,0,20.500743186185446,20.500743186185446,10.250371593092723,0.0,4100,4200,390.0,15.375557389639084,32.34500000000002,25.0,25.0,-0.7455572543805612,0.666441580665942,1.0,0.0,0.0,0.0,0.0,38.92649997373519,41.94851793133259,44.50627684295109,37.66833277879823,51.7250000000001,51.7250000000001,51.7250000000001,51.7250000000001
2025-12-22T18:01:28.322180,23.500,389.08640232628403,3003.8359440411828,20.15343776164731,4100,1500,1520,40.0,35.0,20.0,3003.8359440411828,15.115078321235483,1500,1520,800,0,0,20.15343776164731,20.15343776164731,10.076718880823655,0.0,4100,4200,390.0,15.115078321235483,32.35000000000002,25.0,25.0,-0.7286649758271019,0.6848703183836258,0.9999999999999999,0.0,0.0,0.0,0.0,38.605353098693755,43.169361126067486,35.379947141611346,36.52389471054753,51.7500000000001,51.7500000000001,51.7500000000001,51.7500000000001
2025-12-22T18:01:28.372930,23.550,389.2224489397256,3000.142678985483,20.005707159419316,4100,1500,1520,40.0,35.0,20.0,3000.142678985483,15.004280369564487,1500,1520,800,0,0,20.005707159419316,20.005707159419316,10.002853579709658,0.0,4100,4200,390.0,15.004280369564487,32.35500000000002,25.0,25.0,-0.7113173053828195,0.7028710344458111,0.9999999999999999,0.0,0.0,0.0,0.0,37.86641254552091,39.17630451876707,39.52565136147567,37.57215326989114,51.7750000000001,51.7750000000001,51.7750000000001,51.7750000000001
2025-12-22T18:01:28.423386,23.600,389.70131252673536,3001.44801572676,20.057920629070395,4100,1500,1520,40.0,35.0,20.0,3001.44801572676,15.043440471802796,1500,1520,800,0,0,20.057920629070395,20.057920629070395,10.028960314535198,0.0,4100,4200,390.0,15.043440471802796,32.36000000000002,25.0,25.0,-0.6935250847770507,0.7204324789909077,1.0,0.0,0.0,0.0,0.0,44.67969062956689,36.893597039242614,41.82951874402855,38.20658181658209,51.8000000000001,51.8000000000001,51.8000000000001,51.8000000000001
2025-12-22T18:01:28.473838,23.650,389.18191444493146,3007.7486916029675,20.30994766411868,4100,1500,1520,40.0,35.0,20.0,3007.7486916029675,15.23246074808901,1500,1520,800,0,0,20.30994766411868,20.30994766411868,10.15497383205934,0.0,4100,4200,390.0,15.23246074808901,32.36500000000002,25.0,25.0,-0.6752994335685122,0.7375436766877244,0.9999999999999999,0.0,0.0,0.0,0.0,42.616322794018195,39.076788410374576,42.048563716589896,37.742520730094,51.8250000000001,51.8250000000001,51.8250000000001,51.8250000000001
2025-12-22T18:01:28.524265,23.700,389.446282942276,3019.028958205743,20.761158328229712,4100,1500,1520,40.0,35.0,20.0,3019.028958205743,15.570868746172284,1500,1520,800,0,0,20.761158328229712,20.761158328229712,10.380579164114856,0.0,4100,4200,390.0,15.570868746172284,32.37000000000002,25.0,25.0,-0.6566517421959389,0.7541939335946943,1.0,0.0,0.0,0.0,0.0,39.53704808515075,38.37059429237027,39.054872054356636,40.969728236977964,51.8500000000001,51.8500000000001,51.8500000000001,51.8500000000001
2025-12-22T18:01:28.574513,23.750,389.23349908076807,3035.260620743229,21.410424829729166,4100,1500,1520,40.0,35.0,20.0,3035.260620743229,16.057818622296875,1500,1520,800,0,0,21.410424829729166,21.410424829729166,10.705212414864583,0.0,4100,4200,390.0,16.057818622296875,32.37500000000002,25.0,25.0,-0.63759366485943,0.7703728438432399,1.0,0.0,0.0,0.0,0.0,38.08299014191319,37.80280368239381,35.84558438922676,36.63912712173336,51.8750000000001,51.8750000000001,51.8750000000001,51.8750000000001
2025-12-22T18:01:28.625256,23.800,389.4745262421391,3056.403108512369,22.25612434049475,4100,1500,1520,40.0,35.0,20.0,3056.403108512369,16.692093255371063,1500,1520,800,0,0,22.25612434049475,22.25612434049475,11.128062170247375,0.0,4100,4200,390.0,16.692093255371063,32.380000000000024,25.0,25.0,-0.6181371122369537,0.7860702961411019,0.9999999999999999,0.0,0.0,0.0,0.0,42.77260448011309,44.93219492225663,36.79274665552449,40.23441028794395,51.900000000000105,51.900000000000105,51.900000000000105,51.900000000000105
2025-12-22T18:01:28.676822,23.850,389.2413176937812,3082.403576304534,23.29614305218135,4100,1500,1520,40.0,35.0,20.0,3082.403576304534,17.472107289136012,1500,1520,800,0,0,23.29614305218135,23.29614305218135,11.648071526090675,0.0,4100,4200,390.0,17.472107289136012,32.38500000000002,25.0,25.0,-0.5982942440405609,0.8012764800915685,1.0,0.0,0.0,0.0,0.0,43.42382640935466,43.921841464451745,36.58571526912167,36.861546366184704,51.925000000000104,51.925000000000104,51.925000000000104,51.925000000000104
2025-12-22T18:01:28.730358,23.900,389.1974670136544,3113.1970364910258,24.527881459641037,4100,1500,1520,40.0,35.0,20.0,3113.1970364910258,18.395911094730778,1500,1520,800,0,0,24.527881459641037,24.527881459641037,12.263940729820519,0.0,4100,4200,390.0,18.395911094730778,32.39000000000002,25.0,25.0,-0.578077461416961,0.8159818923246532,1.0,0.0,0.0,0.0,0.0,36.861995393692105,44.63490638633701,40.78891569083852,37.734028799014,51.9500000000001,51.9500000000001,51.9500000000001,51.9500000000001
2025-12-22T18:01:28.780879,23.950,389.3855316660024,3148.706521458302,25.948260858332077,4100,1500,1520,40.0,35.0,20.0,3148.706521458302,19.461195643749058,1500,1520,800,0,0,25.948260858332077,25.948260858332077,12.974130429166038,0.0,4100,4200,390.0,19.461195643749058,32.39500000000002,25.0,25.0,-0.5574993991972093,0.8301773424363922,1.0,0.0,0.0,0.0,0.0,40.00033148241624,35.34864635614633,35.4012994287522,44.86837462007705,51.9750000000001,51.9750000000001,51.9750000000001,51.9750000000001
2025-12-22T18:01:28.832415,24.000,388.617770654626,3188.8432759869274,27.553731039477086,4100,1500,1520,40.0,35.0,20.0,3188.8432759869274,20.665298279607814,1500,1520,800,0,0,27.553731039477086,27.553731039477086,13.776865519738543,0.0,4100,4200,390.0,20.665298279607814,32.40000000000002,25.0,25.0,-0.536572918000348,0.8438539587325474,1.0,0.0,0.0,0.0,0.0,39.251726122740436,42.77023426246945,35.53830909280725,44.796363647398906,52.0000000000001,52.0000000000001,52.0000000000001,52.0000000000001
2025-12-22T18:01:28.885727,24.050,388.4121445572199,3233.5069790933967,29.340279163735886,4100,1500,1520,40.0,35.0,20.0,3233.5069790933967,22.005209372801914,1500,1520,800,0,0,29.340279163735886,29.340279163735886,14.670139581867943,0.0,4100,4200,390.0,22.005209372801914,32.40500000000002,25.0,25.0,-0.5153110961959391,0.8570031937731268,1.0,0.0,0.0,0.0,0.0,37.755355298872054,40.20126009593132,41.18032603027889,38.63455669317853,52.025000000000105,52.025000000000105,52.025000000000105,52.025000000000105
2025-12-22T18:01:28.936757,24.100,388.4251630153561,3282.585994780352,31.30343979121409,4100,1500,1520,40.0,35.0,20.0,3282.585994780352,23.477579843410567,1500,1520,800,0,0,31.30343979121409,31.30343979121409,15.651719895607044,0.0,4100,4200,390.0,23.477579843410567,32.41000000000002,25.0,25.0,-0.49372722173050787,0.8696168297142564,1.0,0.0,0.0,0.0,0.0,40.27373130157053,41.094784384341956,44.78463278243774,41.30647159928034,52.050000000000104,52.050000000000104,52.050000000000104,52.050000000000104
2025-12-22T18:01:28.987384,24.150,389.0353700782782,3335.957651068433,33.438306042737324,4100,1500,1520,40.0,35.0,20.0,3335.957651068433,25.078729532052993,1500,1520,800,0,0,33.438306042737324,33.438306042737324,16.719153021368662,0.0,4100,4200,390.0,25.078729532052993,32.41500000000002,25.0,25.0,-0.4718347838230099,0.8816869834440642,0.9999999999999999,0.0,0.0,0.0,0.0,44.282980199831584,36.617998657243305,35.14603854892998,44.863220721307265,52.0750000000001,52.0750000000001,52.0750000000001,52.0750000000001
2025-12-22T18:01:29.037817,24.200,388.2978907787246,3393.48854661234,35.7395418644936,4100,1500,1520,40.0,35.0,20.0,3393.48854661234,26.804656398370202,1500,1520,800,0,0,35.7395418644936,35.7395418644936,17.8697709322468,0.0,4100,4200,390.0,26.804656398370202,32.42000000000002,25.0,25.0,-0.4496474645345079,0.8932061115093697,1.0,0.0,0.0,0.0,0.0,41.823976295444425,36.20146894623794,41.978571777578765,44.97017743006714,52.10000000000011,52.10000000000011,52.10000000000011,52.10000000000011
2025-12-22T18:01:29.088317,24.250,388.1216092100973,3455.034884134725,38.201395365389004,4100,1500,1520,40.0,35.0,20.0,3455.034884134725,28.651046524041753,1500,1520,800,0,0,38.201395365389004,38.201395365389004,19.100697682694502,0.0,4100,4200,390.0,28.651046524041753,32.42500000000002,25.0,25.0,-0.4271791302173285,0.9041670148300958,0.9999999999999999,0.0,0.0,0.0,0.0,39.74394898192091,41.95386951762671,39.32647517911238,44.25732033372332,52.12500000000011,52.12500000000011,52.12500000000011,52.12500000000011
2025-12-22T18:01:29.139510,24.300,388.74280776211134,3520.4428298444955,40.81771319377981,4100,1500,1520,40.0,35.0,20.0,3520.4428298444955,30.613284895334857,1500,1520,800,0,0,40.81771319377981,40.81771319377981,20.408856596889905,0.0,4100,4200,390.0,30.613284895334857,32.43000000000002,25.0,25.0,-0.40444382284904423,0.9145628431984599,0.9999999999999999,0.0,0.0,0.0,0.0,43.5704258363179,42.46490418489473,37.38371563009935,41.16349854635139,52.150000000000105,52.150000000000105,52.150000000000105,52.150000000000105
2025-12-22T18:01:29.193590,24.350,388.3318508522402,3589.5488979411757,43.581955917647015,4100,1500,1520,40.0,35.0,20.0,3589.5488979411757,32.68646693823526,1500,1520,800,0,0,43.581955917647015,43.581955917647015,21.790977958823508,0.0,4100,4200,390.0,32.68646693823526,32.435000000000024,25.0,25.0,-0.3814557512566941,0.9243870995601308,1.0,0.0,0.0,0.0,0.0,38.56361651325143,37.307214693486486,35.02598894343842,44.97742307432439,52.175000000000104,52.175000000000104,52.175000000000104,52.175000000000104
2025-12-22T18:01:29.244592,24.400,387.9483583263537,3662.1803592442684,46.48721436977073,4100,1500,1520,40.0,35.0,20.0,3662.1803592442684,34.86541077732805,1500,1520,800,0,0,46.48721436977073,46.48721436977073,23.243607184885366,0.0,4100,4200,390.0,34.86541077732805,32.44000000000002,25.0,25.0,-0.35822928223672923,0.9336336440746755,1.0,0.0,0.0,0.0,0.0,38.746917301695014,38.346147276984965,42.296882194074826,38.32139662798475,52.2000000000001,52.2000000000001,52.2000000000001,52.2000000000001
2025-12-22T18:01:29.296407,24.450,387.8001206049943,3738.15567292625,49.52622691705002,4100,1500,1520,40.0,35.0,20.0,3738.15567292625,37.14467018778751,1500,1520,800,0,0,49.52622691705002,49.52622691705002,24.76311345852501,0.0,4100,4200,390.0,37.14467018778751,32.44500000000002,25.0,25.0,-0.3347789315762329,0.9422966979527605,1.0,0.0,0.0,0.0,0.0,38.97471678478228,42.81209228942593,37.47508776751506,35.59901966488429,52.22500000000011,52.22500000000011,52.22500000000011,52.22500000000011
2025-12-22T18:01:29.347975,24.500,387.60974063896936,3817.284940270095,52.691397610803804,4100,1500,1520,40.0,35.0,20.0,3817.284940270095,39.51854820810286,1500,1520,800,0,0,52.691397610803804,52.691397610803804,26.345698805401902,0.0,4100,4200,390.0,39.51854820810286,32.450000000000024,25.0,25.0,-0.31111935498102605,0.9503708470677067,1.0,0.0,0.0,0.0,0.0,43.53160127112759,38.71653770744739,39.001372155223144,40.7197270564715,52.25000000000011,52.25000000000011,52.25000000000011,52.25000000000011
2025-12-22T18:01:29.398888,24.550,387.6808591612493,3899.370379317168,55.97481517268673,4100,1500,1520,40.0,35.0,20.0,3899.370379317168,41.98111137951505,1500,1520,800,0,0,55.97481517268673,55.97481517268673,27.987407586343366,0.0,4100,4200,390.0,41.98111137951505,32.45500000000002,25.0,25.0,-0.2872653389163282,0.957851045339142,1.0,0.0,0.0,0.0,0.0,37.05983330131381,44.58553558594881,35.632698475543194,43.7956871867607,52.275000000000105,52.275000000000105,52.275000000000105,52.275000000000105
2025-12-22T18:01:29.449469,24.600,388.1726492520807,3984.206819219123,59.368272768764925,4100,1500,1520,40.0,35.0,20.0,3984.206819219123,44.52620457657369,1500,1520,800,0,0,59.368272768764925,59.368272768764925,29.684136384382462,0.0,4100,4200,390.0,44.52620457657369,32.46000000000002,25.0,25.0,-0.26323179136569813,0.9647326178866379,1.0,0.0,0.0,0.0,0.0,39.11335953177705,35.8023099069807,38.30810420753061,36.28953885942913,52.30000000000011,52.30000000000011,52.30000000000011,52.30000000000011
2025-12-22T18:01:29.500228,24.650,387.51987434162885,4071.582213058168,62.86328852232672,4100,1500,1520,40.0,35.0,20.0,4071.582213058168,47.14746639174504,1500,1520,800,0,0,62.86328852232672,62.86328852232672,31.43164426116336,0.0,4100,4200,390.0,47.14746639174504,32.465000000000025,25.0,25.0,-0.23903373251402918,0.9710112639513568,1.0,0.0,0.0,0.0,0.0,35.785988588423486,38.18420805938827,40.80167939778139,42.88766614467744,52.32500000000011,52.32500000000011,52.32500000000011,52.32500000000011
2025-12-22T18:01:29.550440,24.700,387.5701001748073,4161.27816785393,66.45112671415723,4100,1500,1520,40.0,35.0,20.0,4161.27816785393,49.83834503561792,1500,1520,800,0,0,66.45112671415723,66.45112671415723,33.22556335707861,0.0,4100,4200,390.0,49.83834503561792,32.47000000000002,25.0,25.0,-0.21468628536042283,0.9766830595838872,0.9999999999999999,0.0,0.0,0.0,0.0,36.31078469588388,44.68905935791597,37.79501058111831,40.49741955793984,52.35000000000011,52.35000000000011,52.35000000000011,52.35000000000011
2025-12-22T18:01:29.601258,24.750,387.4299967321832,4253.070490432173,70.12281961728691,4100,1500,1520,40.0,35.0,20.0,4253.070490432173,52.592114712965184,1500,1520,800,0,0,70.12281961728691,70.12281961728691,35.061409808643454,0.0,4100,4200,390.0,52.59211471296519,32.47500000000002,25.0,25.0,-0.1902046662668065,0.9817444600965838,1.0,0.0,0.0,0.0,0.0,43.94213832572587,43.84338003072298,42.65015147116232,38.897570652305454,52.37500000000011,52.37500000000011,52.37500000000011,52.37500000000011
2025-12-22T18:01:29.651786,24.800,386.74429776038005,4346.729747790965,73.86918991163861,4100,1500,1520,40.0,35.0,20.0,4346.729747790965,55.40189243372896,1500,1520,800,0,0,73.86918991163861,73.86918991163861,36.93459495581931,0.0,4100,4200,390.0,55.40189243372896,32.48000000000002,25.0,25.0,-0.16560417544820252,0.9861923022788815,0.9999999999999999,0.0,0.0,0.0,0.0,40.20249528419784,41.91043577229944,35.98623894661194,39.701276410355526,52.400000000000105,52.400000000000105,52.400000000000105,52.400000000000105
2025-12-22T18:01:29.702130,24.850,386.68710368122953,4442.02184056371,77.68087362254839,4100,1500,1520,40.0,35.0,20.0,4442.02184056371,58.26065521691129,1500,1520,800,0,0,77.68087362254839,77.68087362254839,38.840436811274195,0.0,4100,4200,390.0,58.26065521691129,32.48500000000002,25.0,25.0,-0.14090018741059207,0.9900238063742003,1.0,0.0,0.0,0.0,0.0,37.38899084320157,39.130677463811786,36.40680507437913,41.186664769513136,52.42500000000011,52.42500000000011,52.42500000000011,52.42500000000011
2025-12-22T18:01:29.754224,24.900,386.8248026391096,4538.708588145637,81.54834352582549,4100,1500,1520,40.0,35.0,20.0,4538.708588145637,61.161257644369115,1500,1520,800,0,0,81.54834352582549,81.54834352582549,40.774171762912744,0.0,4100,4200,390.0,61.161257644369115,32.49000000000002,25.0,25.0,-0.11610814134234906,0.9932365778172012,1.0,0.0,0.0,0.0,0.0,42.29486937862262,35.85239526841531,39.4595903449054,36.51066761071397,52.45000000000011,52.45000000000011,52.45000000000011,52.45000000000011
2025-12-22T18:01:29.807789,24.950,386.41344694384617,4636.548324021277,85.4619329608511,4100,1500,1520,40.0,35.0,20.0,4636.548324021277,64.09644972063833,1500,1520,800,0,0,85.4619329608511,85.4619329608511,42.73096648042555,0.0,4100,4200,390.0,64.09644972063833,32.49500000000002,25.0,25.0,-0.09124353146525024,0.9958286087303125,1.0,0.0,0.0,0.0,0.0,37.708662601752145,35.45483898324757,41.56153467082172,35.15498693334251,52.47500000000011,52.47500000000011,52.47500000000011,52.47500000000011
2025-12-22T18:01:29.858322,25.000,387.10432168500756,4735.29649980489,89.41185999219562,4100,1500,1520,40.0,35.0,20.0,4735.29649980489,67.05889499414671,1500,1520,800,0,0,89.41185999219562,89.41185999219562,44.70592999609781,0.0,4100,4200,390.0,67.05889499414671,32.50000000000002,25.0,25.0,-0.0663218973510908,0.997798279178588,1.0,0.0,0.0,0.0,0.0,44.70929913128586,42.75825947444337,44.26490001433298,41.40524989201093,52.500000000000114,52.500000000000114,52.500000000000114,52.500000000000114
2025-12-22T18:01:29.909427,25.050,386.73606512765605,4834.706296484073,93.38825185936294,4100,1500,1520,40.0,35.0,20.0,4834.706296484073,70.04118889452221,1500,1520,800,0,0,93.38825185936294,93.38825185936294,46.69412592968147,0.0,4100,4200,390.0,70.04118889452221,32.505000000000024,25.0,25.0,-0.04135881420995787,0.9991443581821128,0.9999999999999999,0.0,0.0,0.0,0.0,43.2600127399854,40.35409281748589,38.62757328741075,39.95017067023094,52.52500000000011,52.52500000000011,52.52500000000011,52.52500000000011
2025-12-22T18:01:29.959866,25.100,386.18328714768245,4934.52924133875,97.38116965354999,4100,1500,1520,40.0,35.0,20.0,4934.52924133875,73.03587724016249,1500,1520,800,0,0,97.38116965354999,97.38116965354999,48.690584826774995,0.0,4100,4200,390.0,73.03587724016249,32.51000000000002,25.0,25.0,-0.016369883156231245,0.9998660044853267,1.0,0.0,0.0,0.0,0.0,36.60805208878571,35.217300090322,42.410537638215686,40.53756164349248,52.55000000000011,52.55000000000011,52.55000000000011,52.55000000000011
2025-12-22T18:01:30.010527,25.150,385.8966658632073,5034.515828993567,101.38063315974267,4100,1500,1520,40.0,35.0,20.0,5034.515828993567,76.035474869807,1500,1520,800,0,0,101.38063315974267,101.38063315974267,50.690316579871336,0.0,4100,4200,390.0,76.035474869807,32.51500000000002,25.0,25.0,0.008629278541605329,0.9999627670827806,1.0,0.0,0.0,0.0,0.0,37.82283860934308,38.38115615187371,37.579530490530324,36.885184460525906,52.57500000000011,52.57500000000011,52.57500000000011,52.57500000000011
2025-12-22T18:01:30.060949,25.200,385.6233482596601,5134.416145051397,105.37664580205586,4100,1500,1520,40.0,35.0,20.0,5134.416145051397,79.0324843515419,1500,1520,800,0,0,105.37664580205586,105.37664580205586,52.68832290102793,0.0,4100,4200,390.0,79.0324843515419,32.520000000000024,25.0,25.0,0.03362304722124854,0.9994345855010011,1.0,0.0,0.0,0.0,0.0,37.32878198098225,39.14641738922555,43.59129675317202,37.13318624532533,52.60000000000011,52.60000000000011,52.60000000000011,52.60000000000011
2025-12-22T18:01:30.111516,25.250,385.7917677709551,5233.9804907491725,109.3592196299669,4100,1500,1520,40.0,35.0,20.0,5233.9804907491725,82.01941472247518,1500,1520,800,0,0,109.3592196299669,109.3592196299669,54.67960981498345,0.0,4100,4200,390.0,82.01941472247518,32.52500000000002,25.0,25.0,0.05859580259085591,0.9982817898362834,1.0,0.0,0.0,0.0,0.0,41.05545039680701,43.938354096640815,43.44962425745057,36.67014670677933,52.625000000000114,52.625000000000114,52.625000000000114,52.625000000000114
2025-12-22T18:01:30.164110,25.300,385.74043455899175,5332.96000707476,113.3184002829904,4100,1500,1520,40.0,35.0,20.0,5332.96000707476,84.9888002122428,1500,1520,800,0,0,113.3184002829904,113.3184002829904,56.6592001414952,0.0,4100,4200,390.0,84.9888002122428,32.53000000000002,25.0,25.0,0.0835319374912197,0.996505100548393,0.9999999999999999,0.0,0.0,0.0,0.0,44.464233669585,37.40777276934247,41.89847030469884,37.13490344505656,52.65000000000011,52.65000000000011,52.65000000000011,52.65000000000011
2025-12-22T18:01:30.216726,25.350,385.1235455493971,5431.1072967848795,117.24429187139519,4100,1500,1520,40.0,35.0,20.0,5431.1072967848795,87.93321890354639,1500,1520,800,0,0,117.24429187139519,117.24429187139519,58.622145935697596,0.0,4100,4200,390.0,87.93321890354639,32.535000000000025,25.0,25.0,0.10841586764973342,0.9941056280103012,0.9999999999999999,0.0,0.0,0.0,0.0,39.54119648420307,43.27680921538983,40.08343034698496,38.27505885414486,52.67500000000011,52.67500000000011,52.67500000000011,52.67500000000011
2025-12-22T18:01:30.268843,25.400,385.736787335367,5528.177042769377,121.12708171077509,4100,1500,1520,40.0,35.0,20.0,5528.177042769377,90.84531128308132,1500,1520,800,0,0,121.12708171077509,121.12708171077509,60.563540855387544,0.0,4100,4200,390.0,90.84531128308132,32.54000000000002,25.0,25.0,0.13323204142005488,0.9910848718142381,0.9999999999999999,0.0,0.0,0.0,0.0,41.56217365221511,38.9244656540837,37.72030684773227,43.89215184303356,52.70000000000012,52.70000000000012,52.70000000000012,52.70000000000012
2025-12-22T18:01:30.319859,25.450,385.55695024343584,5623.926621216238,124.95706484864952,4100,1500,1520,40.0,35.0,20.0,5623.926621216238,93.71779863648715,1500,1520,800,0,0,124.95706484864952,124.95706484864952,62.47853242432476,0.0,4100,4200,390.0,93.71779863648715,32.54500000000002,25.0,25.0,0.157964949501379,0.9874447198344962,1.0,0.0,0.0,0.0,0.0,41.180081255274835,35.67255360249262,40.83979622997433,36.73550904503149,52.725000000000115,52.725000000000115,52.725000000000115,52.725000000000115
2025-12-22T18:01:30.370383,25.500,385.4391382837109,5718.116708044761,128.72466832179043,4100,1500,1520,40.0,35.0,20.0,5718.116708044761,96.54350124134282,1500,1520,800,0,0,128.72466832179043,128.72466832179043,64.36233416089522,0.0,4100,4200,390.0,96.54350124134282,32.550000000000026,25.0,25.0,0.18259913463124577,0.983187447047571,1.0,0.0,0.0,0.0,0.0,42.21159417958105,35.07636863937926,35.19468916610588,35.87066624278571,52.750000000000114,52.750000000000114,52.750000000000114,52.750000000000114
2025-12-22T18:01:30.420997,25.550,385.3773594653712,5810.511877091124,132.42047508364496,4100,1500,1520,40.0,35.0,20.0,5810.511877091124,99.31535631273371,1500,1520,800,0,0,132.42047508364496,132.42047508364496,66.21023754182248,0.0,4100,4200,390.0,99.31535631273371,32.55500000000002,25.0,25.0,0.20711920124582647,0.9783157141103739,1.0,0.0,0.0,0.0,0.0,38.371330330521246,40.98554352667667,44.108438629219556,36.95567072866689,52.77500000000011,52.77500000000011,52.77500000000011,52.77500000000011
2025-12-22T18:01:30.471625,25.600,384.8260619154967,5900.881188551184,136.0352475420474,4100,1500,1520,40.0,35.0,20.0,5900.881188551184,102.02643565653554,1500,1520,800,0,0,136.0352475420474,136.0352475420474,68.0176237710237,0.0,4100,4200,390.0,102.02643565653554,32.560000000000024,25.0,25.0,0.23150982510164955,0.9728325656974091,1.0,0.0,0.0,0.0,0.0,38.830861717397426,44.940675277802384,42.40501485808194,38.94462509437846,52.80000000000011,52.80000000000011,52.80000000000011,52.80000000000011
2025-12-22T18:01:30.522171,25.650,385.08541950969106,5988.998766209721,139.55995064838882,4100,1500,1520,40.0,35.0,20.0,5988.998766209721,104.66996298629161,1500,1520,800,0,0,139.55995064838882,139.55995064838882,69.77997532419441,0.0,4100,4200,390.0,104.66996298629161,32.565000000000026,25.0,25.0,0.2557557628527542,0.9667414285979502,0.9999999999999999,0.0,0.0,0.0,0.0,35.109078116869995,38.026472661008235,35.49965957926982,38.19155503046853,52.82500000000012,52.82500000000012,52.82500000000012,52.82500000000012
2025-12-22T18:01:30.573105,25.700,384.2272381546592,6074.644362013333,142.98577448053334,4100,1500,1520,40.0,35.0,20.0,6074.644362013333,107.2393308604,1500,1520,800,0,0,142.98577448053334,142.98577448053334,71.49288724026667,0.0,4100,4200,390.0,107.23933086040002,32.57000000000002,25.0,25.0,0.27984186157728536,0.9600461095744097,1.0,0.0,0.0,0.0,0.0,38.61513917132342,41.699374537723195,35.22807228398072,44.21503254093595,52.850000000000115,52.850000000000115,52.850000000000115,52.850000000000115
2025-12-22T18:01:30.623634,25.750,384.7021135920454,6157.603906575877,146.30415626303508,4100,1500,1520,40.0,35.0,20.0,6157.603906575877,109.7281171972763,1500,1520,800,0,0,146.30415626303508,146.30415626303508,73.15207813151754,0.0,4100,4200,390.0,109.7281171972763,32.575000000000024,25.0,25.0,0.30375306824757653,0.952750792983235,0.9999999999999999,0.0,0.0,0.0,0.0,44.47515732198899,39.03035231042725,35.32102235382538,38.45188685147632,52.875000000000114,52.875000000000114,52.875000000000114,52.875000000000114
2025-12-22T18:01:30.674166,25.800,384.3160371506044,6237.670044240442,149.50680176961765,4100,1500,1520,40.0,35.0,20.0,6237.670044240442,112.13010132721324,1500,1520,800,0,0,149.50680176961765,149.50680176961765,74.75340088480883,0.0,4100,4200,390.0,112.13010132721324,32.58000000000003,25.0,25.0,0.32747443913780216,0.9448600381598229,1.0,0.0,0.0,0.0,0.0,44.35029611870826,44.011468327186364,37.81573172484295,44.895789724956835,52.90000000000012,52.90000000000012,52.90000000000012,52.90000000000012
2025-12-22T18:01:30.725702,25.850,384.28994236072333,6314.642651360503,152.58570605442014,4100,1500,1520,40.0,35.0,20.0,6314.642651360503,114.43927954081511,1500,1520,800,0,0,152.58570605442014,152.58570605442014,76.29285302721007,0.0,4100,4200,390.0,114.4392795408151,32.58500000000002,25.0,25.0,0.3509911491633198,0.9363787765690827,1.0,0.0,0.0,0.0,0.0,44.99757651171772,41.995179578032804,39.89729870877949,41.17215267857796,52.92500000000012,52.92500000000012,52.92500000000012,52.92500000000012
2025-12-22T18:01:30.776261,25.900,384.4578419584418,6388.329336504821,155.53317346019287,4100,1500,1520,40.0,35.0,20.0,6388.329336504821,116.64988009514465,1500,1520,800,0,0,155.53317346019287,155.53317346019287,77.76658673009644,0.0,4100,4200,390.0,116.64988009514465,32.590000000000025,25.0,25.0,0.3742885011458654,0.9273123087234318,0.9999999999999999,0.0,0.0,0.0,0.0,38.701413596248734,39.53738628507108,44.14710054212594,41.20551290883817,52.95000000000012,52.95000000000012,52.95000000000012,52.95000000000012
2025-12-22T18:01:30.827785,25.950,383.91299842237004,6458.545921335819,158.34183685343277,4100,1500,1520,40.0,35.0,20.0,6458.545921335819,118.75637764007458,1500,1520,800,0,0,158.34183685343277,158.34183685343277,79.17091842671638,0.0,4100,4200,390.0,118.75637764007459,32.59500000000003,25.0,25.0,0.3973519349988116,0.9176663008701476,1.0,0.0,0.0,0.0,0.0,44.77360349968342,36.3863019745307,43.84739871742408,37.71751587125647,52.975000000000115,52.975000000000115,52.975000000000115,52.975000000000115
2025-12-22T18:01:30.879024,26.000,383.5720455260984,6525.116900959509,161.00467603838035,4100,1500,1520,40.0,35.0,20.0,6525.116900959509,120.75350702878526,1500,1520,800,0,0,161.00467603838035,161.00467603838035,80.50233801919018,0.0,4100,4200,390.0,120.75350702878526,32.60000000000002,25.0,25.0,0.42016703682674733,0.907446781450147,1.0,0.0,0.0,0.0,0.0,37.4359387079587,40.01768918282817,38.24364624440117,42.538908185138915,53.000000000000114,53.000000000000114,53.000000000000114,53.000000000000114
2025-12-22T18:01:30.929591,26.050,383.93716513094165,6587.875882596328,163.5150353038531,4100,1500,1520,40.0,35.0,20.0,6587.875882596328,122.63627647788982,1500,1520,800,0,0,163.5150353038531,163.5150353038531,81.75751765192655,0.0,4100,4200,390.0,122.63627647788982,32.605000000000025,25.0,25.0,0.4427195479336938,0.8966601373304078,1.0,0.0,0.0,0.0,0.0,39.64325532059086,43.25742648876563,35.22814443659073,41.06292158132453,53.02500000000012,53.02500000000012,53.02500000000012,53.02500000000012
2025-12-22T18:01:30.980197,26.100,383.73508405460063,6646.666001476429,165.86664005905715,4100,1500,1520,40.0,35.0,20.0,6646.666001476429,124.39998004429286,1500,1520,800,0,0,165.86664005905715,165.86664005905715,82.93332002952857,0.0,4100,4200,390.0,124.39998004429285,32.61000000000002,25.0,25.0,0.46499537373432503,0.8853131098123846,1.0,0.0,0.0,0.0,0.0,42.08002842757058,36.9098726307928,39.319983919695424,38.00254925556614,53.05000000000012,53.05000000000012,53.05000000000012,53.05000000000012
2025-12-22T18:01:31.030375,26.150,384.1063975450428,6701.340312919915,168.05361251679662,4100,1500,1520,40.0,35.0,20.0,6701.340312919915,126.04020938759746,1500,1520,800,0,0,168.05361251679662,168.05361251679662,84.02680625839831,0.0,4100,4200,390.0,126.04020938759746,32.61500000000002,25.0,25.0,0.4869805925626251,0.8734127904189144,1.0,0.0,0.0,0.0,0.0,36.82528713067683,44.5391658759957,38.43191381042351,39.33891658381319,53.07500000000012,53.07500000000012,53.07500000000012,53.07500000000012
2025-12-22T18:01:31.081016,26.200,383.65779971551746,6751.762159622009,170.07048638488033,4100,1500,1520,40.0,35.0,20.0,6751.762159622009,127.55286478866024,1500,1520,800,0,0,170.07048638488033,170.07048638488033,85.03524319244016,0.0,4100,4200,390.0,127.55286478866023,32.620000000000026,25.0,25.0,0.5086614643724762,0.8609666164622459,1.0,0.0,0.0,0.0,0.0,42.57839905818879,36.51844117869333,42.728310478536216,36.45638405474291,53.10000000000012,53.10000000000012,53.10000000000012,53.10000000000012
2025-12-22T18:01:31.137291,26.250,383.65615766617583,6797.805513225143,171.9122205290057,4100,1500,1520,40.0,35.0,20.0,6797.805513225143,128.93416539675428,1500,1520,800,0,0,171.9122205290057,171.9122205290057,85.95611026450285,0.0,4100,4200,390.0,128.93416539675428,32.62500000000002,25.0,25.0,0.5300244393247399,0.8479823663959618,1.0,0.0,0.0,0.0,0.0,37.32063552915124,42.72046397799119,39.503907411042725,36.83468298473775,53.12500000000012,53.12500000000012,53.12500000000012,53.12500000000012
2025-12-22T18:01:31.189709,26.300,383.2117717934055,6839.355289324227,173.57421157296906,4100,1500,1520,40.0,35.0,20.0,6839.355289324227,130.1806586797268,1500,1520,800,0,0,173.57421157296906,173.57421157296906,86.78710578648453,0.0,4100,4200,390.0,130.1806586797268,32.630000000000024,25.0,25.0,0.5510561662554658,0.8344681549536977,1.0,0.0,0.0,0.0,0.0,42.95234895683558,41.728938184724356,44.609319874377164,37.264778275448435,53.15000000000012,53.15000000000012,53.15000000000012,53.15000000000012
2025-12-22T18:01:31.240224,26.350,383.4803289727113,6876.307635117717,175.05230540470865,4100,1500,1520,40.0,35.0,20.0,6876.307635117717,131.28922905353147,1500,1520,800,0,0,175.05230540470865,175.05230540470865,87.52615270235432,0.0,4100,4200,390.0,131.28922905353147,32.635000000000026,25.0,25.0,0.5717435010199347,0.8204324280776986,1.0,0.0,0.0,0.0,0.0,44.8238062064923,42.08335688653517,36.60229333479681,40.0305346072999,53.17500000000012,53.17500000000012,53.17500000000012,53.17500000000012
2025-12-22T18:01:31.290793,26.400,383.71536888305604,6908.570188985538,176.34280755942154,4100,1500,1520,40.0,35.0,20.0,6908.570188985538,132.25710566956616,1500,1520,800,0,0,176.34280755942154,176.34280755942154,88.17140377971077,0.0,4100,4200,390.0,132.25710566956616,32.64000000000002,25.0,25.0,0.5920735147073204,0.8058839576403792,1.0,0.0,0.0,0.0,0.0,38.34842391063546,38.5779848689414,38.82354554865123,35.99975145038478,53.20000000000012,53.20000000000012,53.20000000000012,53.20000000000012
2025-12-22T18:01:31.343388,26.450,383.61372642608364,6936.0623113450365,177.44249245380144,4100,1500,1520,40.0,35.0,20.0,6936.0623113450365,133.0818693403511,1500,1520,800,0,0,177.44249245380144,177.44249245380144,88.72124622690072,0.0,4100,4200,390.0,133.0818693403511,32.645000000000024,25.0,25.0,0.6120335017208388,0.7908318359621899,1.0,0.0,0.0,0.0,0.0,41.87317476344003,36.92933673079088,37.20939642593018,35.21214338190865,53.22500000000012,53.22500000000012,53.22500000000012,53.22500000000012
2025-12-22T18:01:31.393970,26.500,383.1948908688627,6958.715286207932,178.34861144831729,4100,1500,1520,40.0,35.0,20.0,6958.715286207932,133.76145858623795,1500,1520,800,0,0,178.34861144831729,178.34861144831729,89.17430572415864,0.0,4100,4200,390.0,133.76145858623795,32.65000000000003,25.0,25.0,0.6316109877183324,0.7752854701292117,1.0,0.0,0.0,0.0,0.0,43.20041030886787,42.82091379053559,36.86100877947339,38.97107896602576,53.25000000000012,53.25000000000012,53.25000000000012,53.25000000000012
2025-12-22T18:01:31.444514,26.550,383.3265675174064,6976.472492934509,179.05889971738037,4100,1500,1520,40.0,35.0,20.0,6976.472492934509,134.29417478803526,1500,1520,800,0,0,179.05889971738037,179.05889971738037,89.52944985869019,0.0,4100,4200,390.0,134.29417478803526,32.65500000000002,25.0,25.0,0.6507937374083269,0.759254576114034,0.9999999999999999,0.0,0.0,0.0,0.0,43.08142180636187,35.645129570906334,39.927072670495924,37.803056535561055,53.27500000000012,53.27500000000012,53.27500000000012,53.27500000000012
2025-12-22T18:01:31.494879,26.600,383.744414978293,6989.289547755727,179.57158191022904,4100,1500,1520,40.0,35.0,20.0,6989.289547755727,134.67868643267178,1500,1520,800,0,0,179.57158191022904,179.57158191022904,89.78579095511452,0.0,4100,4200,390.0,134.67868643267178,32.660000000000025,25.0,25.0,0.6695697621966921,0.7427491727035886,1.0,0.0,0.0,0.0,0.0,40.62581713490029,42.84572040005251,35.7587344252205,44.60881972887083,53.300000000000125,53.300000000000125,53.300000000000125,53.300000000000125
2025-12-22T18:01:31.545488,26.650,382.9751069887483,6997.134414709523,179.88537658838092,4100,1500,1520,40.0,35.0,20.0,6997.134414709523,134.91403244128568,1500,1520,800,0,0,179.88537658838092,179.88537658838092,89.94268829419046,0.0,4100,4200,390.0,134.91403244128568,32.66500000000003,25.0,25.0,0.6879273276791208,0.7257795752377326,1.0,0.0,0.0,0.0,0.0,41.54799168976203,40.114152618405924,35.914337001876426,39.29660209077112,53.325000000000124,53.325000000000124,53.325000000000124,53.325000000000124
2025-12-22T18:01:31.596006,26.700,383.1707562267047,6999.987485714043,179.99949942856173,4100,1500,1520,40.0,35.0,20.0,6999.987485714043,134.9996245714213,1500,1520,800,0,0,179.99949942856173,179.99949942856173,89.99974971428087,0.0,4100,4200,390.0,134.9996245714213,32.67000000000002,25.0,25.0,0.7058549609747512,0.7083563891624981,1.0,0.0,0.0,0.0,0.0,41.69940536508949,38.97925708448311,37.224566688609904,40.74461872513652,53.35000000000012,53.35000000000012,53.35000000000012,53.35000000000012
2025-12-22T18:01:31.646694,26.750,382.8948494854365,6997.841629577626,179.91366518310502,4100,1500,1520,40.0,35.0,20.0,6997.841629577626,134.93524888732878,1500,1520,800,0,0,179.91366518310502,179.91366518310502,89.95683259155251,0.0,4100,4200,390.0,134.93524888732878,32.675000000000026,25.0,25.0,0.7233414578963433,0.6904905034020328,1.0,0.0,0.0,0.0,0.0,39.13580311352202,41.58640196980845,42.9698370957386,42.671686377667946,53.37500000000012,53.37500000000012,53.37500000000012,53.37500000000012
2025-12-22T18:01:31.697794,26.800,383.43742051505745,6990.702209823071,179.62808839292285,4100,1500,1520,40.0,35.0,20.0,6990.702209823071,134.72106629469215,1500,1520,800,0,0,179.62808839292285,179.62808839292285,89.81404419646142,0.0,4100,4200,390.0,134.72106629469215,32.68000000000002,25.0,25.0,0.740375889952531,0.6721930835533774,1.0,0.0,0.0,0.0,0.0,38.55899339116869,35.877170627496824,42.42665894460929,38.355846390345796,53.40000000000012,53.40000000000012,53.40000000000012,53.40000000000012
2025-12-22T18:01:31.748861,26.850,383.62517028676376,6978.587071281629,179.14348285126513,4100,1500,1520,40.0,35.0,20.0,6978.587071281629,134.35761213844884,1500,1520,800,0,0,179.14348285126513,179.14348285126513,89.57174142563257,0.0,4100,4200,390.0,134.35761213844884,32.685000000000024,25.0,25.0,0.7569476111777739,0.6534755649083304,0.9999999999999999,0.0,0.0,0.0,0.0,44.59162120912618,43.675670810503,36.681173475162325,44.782897173779105,53.425000000000125,53.425000000000125,53.425000000000125,53.425000000000125
2025-12-22T18:01:31.799435,26.900,383.75908297695344,6961.526495490209,178.46105981960835,4100,1500,1520,40.0,35.0,20.0,6961.526495490209,133.84579486470625,1500,1520,800,0,0,178.46105981960835,178.46105981960835,89.23052990980418,0.0,4100,4200,390.0,133.84579486470625,32.690000000000026,25.0,25.0,0.7730462647857391,0.6343496453067637,1.0,0.0,0.0,0.0,0.0,38.84092557007613,43.62389954734826,36.935564295385504,42.449939839992126,53.450000000000124,53.450000000000124,53.450000000000124,53.450000000000124
2025-12-22T18:01:31.850512,26.950,383.14855109538655,6939.563125003315,177.5825250001326,4100,1500,1520,40.0,35.0,20.0,6939.563125003315,133.18689375009944,1500,1520,800,0,0,177.5825250001326,177.5825250001326,88.7912625000663,0.0,4100,4200,390.0,133.18689375009944,32.69500000000002,25.0,25.0,0.7886617896419554,0.6148272778258526,1.0,0.0,0.0,0.0,0.0,40.60892354032455,37.91299038046192,37.577417569675674,35.67172341107493,53.47500000000012,53.47500000000012,53.47500000000012,53.47500000000012
2025-12-22T18:01:31.901591,27.000,383.0516923589558,6912.751856808861,176.51007427235442,4100,1500,1520,40.0,35.0,20.0,6912.751856808861,132.38255570426583,1500,1520,800,0,0,176.51007427235442,176.51007427235442,88.25503713617721,0.0,4100,4200,390.0,132.38255570426583,32.700000000000024,25.0,25.0,0.8037844265516949,0.5949206633097921,1.0,0.0,0.0,0.0,0.0,36.14274192378467,41.32898510331267,38.552170558846655,42.17151933114681,53.50000000000013,53.50000000000013,53.50000000000013,53.50000000000013
2025-12-22T18:01:31.952223,27.050,383.18574688051797,6881.159705114295,175.24638820457182,4100,1500,1520,40.0,35.0,20.0,6881.159705114295,131.43479115342888,1500,1520,800,0,0,175.24638820457182,175.24638820457182,87.62319410228591,0.0,4100,4200,390.0,131.43479115342888,32.70500000000003,25.0,25.0,0.8184047243591521,0.5746422427446665,1.0,0.0,0.0,0.0,0.0,39.928447234801965,43.319186445817664,41.47815820788316,42.29364334014963,53.52500000000013,53.52500000000013,53.52500000000013,53.52500000000013
2025-12-22T18:01:32.002904,27.100,383.85413278800263,6844.86563384598,173.7946253538392,4100,1500,1520,40.0,35.0,20.0,6844.86563384598,130.3459690153794,1500,1520,800,0,0,173.7946253538392,173.7946253538392,86.8973126769196,0.0,4100,4200,390.0,130.3459690153794,32.71000000000002,25.0,25.0,0.8325135458541086,0.554004689483238,1.0,0.0,0.0,0.0,0.0,36.767015725931785,35.84188374626249,43.34199410403112,43.67823543388746,53.550000000000125,53.550000000000125,53.550000000000125,53.550000000000125
2025-12-22T18:01:32.053825,27.150,383.40718840957857,6803.960359280498,172.15841437121992,4100,1500,1520,40.0,35.0,20.0,6803.960359280498,129.11881077841494,1500,1520,800,0,0,172.15841437121992,172.15841437121992,86.07920718560996,0.0,4100,4200,390.0,129.11881077841494,32.715000000000025,25.0,25.0,0.8461020734823921,0.5330209013245136,1.0,0.0,0.0,0.0,0.0,35.901767457469006,41.78478856937146,43.48112179755218,39.087360085970886,53.575000000000124,53.575000000000124,53.575000000000124,53.575000000000124
2025-12-22T18:01:32.104608,27.200,384.011081081572,6758.546123301208,170.34184493204833,4100,1500,1520,40.0,35.0,20.0,6758.546123301208,127.75638369903625,1500,1520,800,0,0,170.34184493204833,170.34184493204833,85.17092246602417,0.0,4100,4200,390.0,127.75638369903625,32.72000000000003,25.0,25.0,0.8591618148565604,0.5117039924530407,1.0,0.0,0.0,0.0,0.0,43.21641017511176,37.41018576069957,40.85761134278751,43.329263460947544,53.60000000000012,53.60000000000012,53.60000000000012,53.60000000000012
2025-12-22T18:01:32.162965,27.250,383.2682386995598,6708.736437846783,168.3494575138713,4100,1500,1520,40.0,35.0,20.0,6708.736437846783,126.26209313540348,1500,1520,800,0,0,168.3494575138713,168.3494575138713,84.17472875693565,0.0,4100,4200,390.0,126.26209313540349,32.72500000000002,25.0,25.0,0.8716846080633677,0.49006728524296855,1.0,0.0,0.0,0.0,0.0,37.375764540902765,38.19025343550564,42.53727786048333,35.70533953266657,53.62500000000013,53.62500000000013,53.62500000000013,53.62500000000013
2025-12-22T18:01:32.217501,27.300,383.6919380528328,6654.655801190474,166.18623204761894,4100,1500,1520,40.0,35.0,20.0,6654.655801190474,124.63967403571421,1500,1520,800,0,0,166.18623204761894,166.18623204761894,83.09311602380947,0.0,4100,4200,390.0,124.63967403571421,32.730000000000025,25.0,25.0,0.8836626267646942,0.46812430193199833,1.0,0.0,0.0,0.0,0.0,36.64703500517489,42.8297801918349,42.53217587560076,40.7670341415342,53.65000000000013,53.65000000000013,53.65000000000013,53.65000000000013
2025-12-22T18:01:32.268046,27.350,384.0256510832373,6596.439386759272,163.85757547037088,4100,1500,1520,40.0,35.0,20.0,6596.439386759272,122.89318160277816,1500,1520,800,0,0,163.85757547037088,163.85757547037088,81.92878773518544,0.0,4100,4200,390.0,122.89318160277817,32.73500000000003,25.0,25.0,0.895088385088753,0.44588875617042445,1.0,0.0,0.0,0.0,0.0,43.26835978810294,35.48124247540174,42.478984827780856,44.04477985063754,53.675000000000125,53.675000000000125,53.675000000000125,53.675000000000125
2025-12-22T18:01:32.319070,27.400,383.82392381843385,6534.232705270732,161.36930821082927,4100,1500,1520,40.0,35.0,20.0,6534.232705270732,121.02698115812196,1500,1520,800,0,0,161.36930821082927,161.36930821082927,80.68465410541464,0.0,4100,4200,390.0,121.02698115812196,32.74000000000002,25.0,25.0,0.905954742308516,0.4233745444505496,1.0,0.0,0.0,0.0,0.0,40.359260953433186,35.05048942784887,39.978123089589424,36.701757778685426,53.70000000000013,53.70000000000013,53.70000000000013,53.70000000000013
2025-12-22T18:01:32.370692,27.450,384.29838973701214,6468.191241031962,158.7276496412785,4100,1500,1520,40.0,35.0,20.0,6468.191241031962,119.04573723095888,1500,1520,800,0,0,158.7276496412785,158.7276496412785,79.36382482063925,0.0,4100,4200,390.0,119.04573723095886,32.745000000000026,25.0,25.0,0.916254907304436,0.40059573742182947,1.0,0.0,0.0,0.0,0.0,36.87593755959118,44.42293586010439,37.41469017858259,41.16244694697299,53.72500000000013,53.72500000000013,53.72500000000013,53.72500000000013
2025-12-22T18:01:32.421304,27.500,383.73138135071576,6398.480063309829,155.93920253239318,4100,1500,1520,40.0,35.0,20.0,6398.480063309829,116.95440189929488,1500,1520,800,0,0,155.93920253239318,155.93920253239318,77.96960126619659,0.0,4100,4200,390.0,116.95440189929488,32.75000000000003,25.0,25.0,0.9259824428086755,0.3775665710971749,1.0,0.0,0.0,0.0,0.0,39.09855925466033,37.98290173286955,36.53399439855914,40.85021011254597,53.75000000000013,53.75000000000013,53.75000000000013,53.75000000000013
2025-12-22T18:01:32.471820,27.550,384.59554012578695,6325.27341374376,153.01093654975043,4100,1500,1520,40.0,35.0,20.0,6325.27341374376,114.75820241231281,1500,1520,800,0,0,153.01093654975043,153.01093654975043,76.50546827487521,0.0,4100,4200,390.0,114.75820241231281,32.755000000000024,25.0,25.0,0.9351312694281892,0.35430143795590696,1.0,0.0,0.0,0.0,0.0,39.74362062636561,40.72596763284667,38.60342004750858,39.33830232672446,53.77500000000013,53.77500000000013,53.77500000000013,53.77500000000013
2025-12-22T18:01:32.522636,27.600,384.6886089461386,6248.754270832384,149.95017083329532,4100,1500,1520,40.0,35.0,20.0,6248.754270832384,112.46262812497149,1500,1520,800,0,0,149.95017083329532,149.95017083329532,74.97508541664766,0.0,4100,4200,390.0,112.46262812497147,32.760000000000026,25.0,25.0,0.9436956694441472,0.3308148779489263,1.0,0.0,0.0,0.0,0.0,39.32980433441056,38.19764685800609,37.15633138561371,44.5294206908614,53.800000000000125,53.800000000000125,53.800000000000125,53.800000000000125
2025-12-22T18:01:32.572926,27.650,384.7693655691303,6169.113892582577,146.7645557033031,4100,1500,1520,40.0,35.0,20.0,6169.113892582577,110.07341677747732,1500,1520,800,0,0,146.7645557033031,146.7645557033031,73.38227785165155,0.0,4100,4200,390.0,110.07341677747732,32.76500000000003,25.0,25.0,0.9516702903853226,0.30712156941171664,1.0,0.0,0.0,0.0,0.0,38.223471348308436,40.293979761288725,42.457406067716555,43.70102482717904,53.82500000000013,53.82500000000013,53.82500000000013,53.82500000000013
2025-12-22T18:01:32.623328,27.700,384.2347892071417,6086.55133846406,143.4620535385624,4100,1500,1520,40.0,35.0,20.0,6086.55133846406,107.59654015392181,1500,1520,800,0,0,143.4620535385624,143.4620535385624,71.7310267692812,0.0,4100,4200,390.0,107.5965401539218,32.770000000000024,25.0,25.0,0.9590501483732123,0.2832363198908633,1.0,0.0,0.0,0.0,0.0,41.107082243479624,36.78485878037038,36.09907917702502,35.10599358104571,53.85000000000013,53.85000000000013,53.85000000000013,53.85000000000013
2025-12-22T18:01:32.673905,27.750,384.25809787103935,6001.272971864381,140.05091887457525,4100,1500,1520,40.0,35.0,20.0,6001.272971864381,105.03818915593143,1500,1520,800,0,0,140.05091887457525,140.05091887457525,70.02545943728762,0.0,4100,4200,390.0,105.03818915593142,32.77500000000003,25.0,25.0,0.9658306312367988,0.25917405688981837,1.0,0.0,0.0,0.0,0.0,36.98832458808367,36.21459384525946,36.89239155113464,43.8922681652067,53.87500000000013,53.87500000000013,53.87500000000013,53.87500000000013
2025-12-22T18:01:32.726456,27.800,384.5927789143922,5913.4919442879245,136.53967777151698,4100,1500,1520,40.0,35.0,20.0,5913.4919442879245,102.40475832863774,1500,1520,800,0,0,136.53967777151698,136.53967777151698,68.26983888575849,0.0,4100,4200,390.0,102.40475832863774,32.78000000000003,25.0,25.0,0.9720075013950065,0.23494981853969701,1.0,0.0,0.0,0.0,0.0,44.826293951780144,43.72800520520002,35.533029033173605,35.858014233626484,53.900000000000134,53.900000000000134,53.900000000000134,53.900000000000134
2025-12-22T18:01:32.777975,27.850,384.97841114577926,5823.427662588156,132.93710650352622,4100,1500,1520,40.0,35.0,20.0,5823.427662588156,99.70282987764466,1500,1520,800,0,0,132.93710650352622,132.93710650352622,66.46855325176311,0.0,4100,4200,390.0,99.70282987764466,32.785000000000025,25.0,25.0,0.9775768985050522,0.21057874420093511,1.0,0.0,0.0,0.0,0.0,35.17510768411529,40.515151714744306,41.43724662938439,43.33085464157829,53.92500000000013,53.92500000000013,53.92500000000013,53.92500000000013
2025-12-22T18:01:32.829508,27.900,384.7078798457988,5731.305240564753,129.25220962259013,4100,1500,1520,40.0,35.0,20.0,5731.305240564753,96.93915721694259,1500,1520,800,0,0,129.25220962259013,129.25220962259013,64.62610481129506,0.0,4100,4200,390.0,96.93915721694259,32.79000000000003,25.0,25.0,0.982535341875034,0.18607606500168164,0.9999999999999999,0.0,0.0,0.0,0.0,41.57542941142616,40.61082847753389,40.57758479977035,38.514633771195,53.95000000000013,53.95000000000013,53.95000000000013,53.95000000000013
2025-12-22T18:01:32.879031,27.950,385.12506934862,5637.354936296346,125.49419745185384,4100,1500,1520,40.0,35.0,20.0,5637.354936296346,94.12064808889038,1500,1520,800,0,0,125.49419745185384,125.49419745185384,62.74709872592692,0.0,4100,4200,390.0,94.12064808889038,32.79500000000003,25.0,25.0,0.9868797326392499,0.1614570943188395,1.0,0.0,0.0,0.0,0.0,41.90757599923947,36.489349941846,37.912079979173235,39.100043874339704,53.97500000000013,53.97500000000013,53.97500000000013,53.97500000000013
2025-12-22T18:01:32.929973,28.000,385.53057187248027,5541.811576615232,121.67246306460927,4100,1500,1520,40.0,35.0,20.0,5541.811576615232,91.25434729845696,1500,1520,800,0,0,121.67246306460927,121.67246306460927,60.83623153230464,0.0,4100,4200,390.0,91.25434729845696,32.800000000000026,25.0,25.0,0.9906073556948883,0.13673721820770338,1.0,0.0,0.0,0.0,0.0,38.61750348241858,39.35236092913851,43.68296188754382,43.60977675611423,54.00000000000013,54.00000000000013,54.00000000000013,54.00000000000013
2025-12-22T18:01:32.980579,28.050,385.21103610112704,5444.9139701625945,117.79655880650377,4100,1500,1520,40.0,35.0,20.0,5444.9139701625945,88.34741910487783,1500,1520,800,0,0,117.79655880650377,117.79655880650377,58.898279403251884,0.0,4100,4200,390.0,88.34741910487783,32.80500000000003,25.0,25.0,0.9937158813988788,0.11193188578617604,1.0,0.0,0.0,0.0,0.0,37.241290696697966,37.291178051138516,38.11673489430321,38.07953473238393,54.025000000000134,54.025000000000134,54.025000000000134,54.025000000000134
2025-12-22T18:01:33.031441,28.100,386.051679649141,5346.904310491266,113.87617241965066,4100,1500,1520,40.0,35.0,20.0,5346.904310491266,85.407129314738,1500,1520,800,0,0,113.87617241965066,113.87617241965066,56.93808620982533,0.0,4100,4200,390.0,85.407129314738,32.810000000000024,25.0,25.0,0.9962033670238432,0.08705659957957249,0.9999999999999999,0.0,0.0,0.0,0.0,35.6386869553682,43.8833124874252,42.29285403001276,39.387752155958516,54.05000000000013,54.05000000000013,54.05000000000013,54.05000000000013
2025-12-22T18:01:33.081890,28.150,386.19117668943926,5248.027570707983,109.92110282831932,4100,1500,1520,40.0,35.0,20.0,5248.027570707983,82.4408271212395,1500,1520,800,0,0,109.92110282831932,109.92110282831932,54.96055141415966,0.0,4100,4200,390.0,82.4408271212395,32.815000000000026,25.0,25.0,0.9980682579722371,0.06212690583204635,1.0,0.0,0.0,0.0,0.0,39.91461058180413,39.21647967371935,39.69562026702496,40.692456855582925,54.07500000000013,54.07500000000013,54.07500000000013,54.07500000000013
2025-12-22T18:01:33.132752,28.200,385.66091944022196,5148.530891168191,105.94123564672765,4100,1500,1520,40.0,35.0,20.0,5148.530891168191,79.45592673504574,1500,1520,800,0,0,105.94123564672765,105.94123564672765,52.970617823363824,0.0,4100,4200,390.0,79.45592673504574,32.82000000000003,25.0,25.0,0.9993093887479226,0.03715838479069327,1.0,0.0,0.0,0.0,0.0,44.46433830446361,44.54649698569559,36.78767853082388,36.394445748918955,54.100000000000136,54.100000000000136,54.100000000000136,54.100000000000136
2025-12-22T18:01:33.186313,28.250,386.6593675568816,5048.662961753872,101.94651847015487,4100,1500,1520,40.0,35.0,20.0,5048.662961753872,76.45988885261616,1500,1520,800,0,0,101.94651847015487,101.94651847015487,50.973259235077435,0.0,4100,4200,390.0,76.45988885261616,32.825000000000024,25.0,25.0,0.9999259836845655,0.012166640968403645,1.0,0.0,0.0,0.0,0.0,39.030103789475234,39.092915219779336,43.3643892477302,40.46303092173105,54.125000000000135,54.125000000000135,54.125000000000135,54.125000000000135
2025-12-22T18:01:33.237333,28.300,386.15329193452413,4948.673400278349,97.94693601113393,4100,1500,1520,40.0,35.0,20.0,4948.673400278349,73.46020200835045,1500,1520,800,0,0,97.94693601113393,97.94693601113393,48.973468005566964,0.0,4100,4200,390.0,73.46020200835045,32.83000000000003,25.0,25.0,0.9999176574304013,-0.012832706608449974,0.9999999999999999,0.0,0.0,0.0,0.0,39.240369460227605,38.026178817097254,42.92179391552933,36.31946380213009,54.150000000000134,54.150000000000134,54.150000000000134,54.150000000000134
2025-12-22T18:01:33.288403,28.350,386.20014347989485,4848.8121285717525,93.9524851428701,4100,1500,1520,40.0,35.0,20.0,4848.8121285717525,70.46436385715258,1500,1520,800,0,0,93.9524851428701,93.9524851428701,46.97624257143505,0.0,4100,4200,390.0,70.46436385715258,32.83500000000003,25.0,25.0,0.999284415189068,-0.037824034161395945,1.0,0.0,0.0,0.0,0.0,43.022911909613796,36.34372980045147,41.528068628405194,39.01042364791235,54.17500000000013,54.17500000000013,54.17500000000013,54.17500000000013
2025-12-22T18:01:33.339067,28.400,386.6632315195683,4749.328747806606,89.97314991226423,4100,1500,1520,40.0,35.0,20.0,4749.328747806606,67.47986243419817,1500,1520,800,0,0,89.97314991226423,89.97314991226423,44.98657495613212,0.0,4100,4200,390.0,67.47986243419817,32.840000000000025,25.0,25.0,0.9980266527163533,-0.0627917229242165,1.0,0.0,0.0,0.0,0.0,43.02739008855194,44.47605923921111,42.1483853960391,43.660021705707194,54.20000000000013,54.20000000000013,54.20000000000013,54.20000000000013
2025-12-22T18:01:33.389650,28.450,386.9218378403268,4650.471914624879,86.01887658499514,4100,1500,1520,40.0,35.0,20.0,4650.471914624879,64.51415743874635,1500,1520,800,0,0,86.01887658499514,86.01887658499514,43.00943829249757,0.0,4100,4200,390.0,64.51415743874635,32.84500000000003,25.0,25.0,0.9961451560728608,-0.08772016890416823,1.0,0.0,0.0,0.0,0.0,40.44634303739977,38.482194504130455,42.71619890554872,44.04951948884445,54.225000000000136,54.225000000000136,54.225000000000136,54.225000000000136
2025-12-22T18:01:33.442237,28.500,387.09108823203843,4552.488719625881,82.09954878503524,4100,1500,1520,40.0,35.0,20.0,4552.488719625881,61.57466158877643,1500,1520,800,0,0,82.09954878503524,82.09954878503524,41.04977439251762,0.0,4100,4200,390.0,61.57466158877643,32.85000000000003,25.0,25.0,0.9936411011327474,-0.11259379263396962,1.0,0.0,0.0,0.0,0.0,42.63080495608624,42.32879014982292,36.20763474306968,39.205546816787376,54.250000000000135,54.250000000000135,54.250000000000135,54.250000000000135
2025-12-22T18:01:33.492773,28.550,387.4410244604809,4455.624069768449,78.22496279073796,4100,1500,1520,40.0,35.0,20.0,4455.624069768449,58.668722093053475,1500,1520,800,0,0,78.22496279073796,78.22496279073796,39.11248139536898,0.0,4100,4200,390.0,58.668722093053475,32.855000000000025,25.0,25.0,0.99051605284884,-0.13739704890846094,1.0,0.0,0.0,0.0,0.0,38.89261724679697,39.490605310042234,37.15687664334502,42.95469522833346,54.275000000000134,54.275000000000134,54.275000000000134,54.275000000000134
2025-12-22T18:01:33.543299,28.600,387.3522124864726,4360.120076231092,74.40480304924368,4100,1500,1520,40.0,35.0,20.0,4360.120076231092,55.80360228693276,1500,1520,800,0,0,74.40480304924368,74.40480304924368,37.20240152462184,0.0,4100,4200,390.0,55.80360228693276,32.86000000000003,25.0,25.0,0.9867719642745915,-0.16211443649985147,1.0,0.0,0.0,0.0,0.0,36.42279310915321,36.73021513819957,44.99179106265882,38.17317714766107,54.30000000000014,54.30000000000014,54.30000000000014,54.30000000000014
2025-12-22T18:01:33.593840,28.650,387.48085561451853,4266.215449260135,70.64861797040541,4100,1500,1520,40.0,35.0,20.0,4266.215449260135,52.98646347780406,1500,1520,800,0,0,70.64861797040541,70.64861797040541,35.324308985202705,0.0,4100,4200,390.0,52.98646347780406,32.86500000000003,25.0,25.0,0.9824111753434853,-0.1867305078454823,1.0,0.0,0.0,0.0,0.0,36.6596035317935,42.00763844010915,38.50884415340741,37.963727324647955,54.32500000000014,54.32500000000014,54.32500000000014,54.32500000000014
2025-12-22T18:01:33.644435,28.700,387.01488606817037,4174.144901518422,66.96579606073686,4100,1500,1520,40.0,35.0,20.0,4174.144901518422,50.22434704555265,1500,1520,800,0,0,66.96579606073686,66.96579606073686,33.48289803036843,0.0,4100,4200,390.0,50.22434704555265,32.870000000000026,25.0,25.0,0.9774364114066537,-0.21122987870205012,1.0,0.0,0.0,0.0,0.0,35.06774896898209,43.17560843981365,37.75355200492934,36.32675029312975,54.350000000000136,54.350000000000136,54.350000000000136,54.350000000000136
2025-12-22T18:01:33.696090,28.750,387.227345176445,4084.1385614258907,63.36554245703563,4100,1500,1520,40.0,35.0,20.0,4084.1385614258907,47.52415684277672,1500,1520,800,0,0,63.36554245703563,63.36554245703563,31.682771228517815,0.0,4100,4200,390.0,47.52415684277672,32.87500000000003,25.0,25.0,0.9718507815296216,-0.23559723776025854,1.0,0.0,0.0,0.0,0.0,41.831463755237394,37.19617912142254,36.88191742546106,44.89205111348842,54.375000000000135,54.375000000000135,54.375000000000135,54.375000000000135
2025-12-22T18:01:33.747152,28.800,387.5711136222659,3996.4213979583783,59.85685591833514,4100,1500,1520,40.0,35.0,20.0,3996.4213979583783,44.89264193875135,1500,1520,800,0,0,59.85685591833514,59.85685591833514,29.92842795916757,0.0,4100,4200,390.0,44.89264193875135,32.880000000000024,25.0,25.0,0.9656577765492419,-0.2598173562138879,1.0,0.0,0.0,0.0,0.0,36.55011118620032,40.370616634355564,38.13022354891858,35.95068275452804,54.400000000000134,54.400000000000134,54.400000000000134,54.400000000000134
2025-12-22T18:01:33.799754,28.850,388.21027312877106,3911.212658342338,56.44850633369352,4100,1500,1520,40.0,35.0,20.0,3911.212658342338,42.33637975027014,1500,1520,800,0,0,56.44850633369352,56.44850633369352,28.22425316684676,0.0,4100,4200,390.0,42.33637975027014,32.885000000000026,25.0,25.0,0.9588612668920365,-0.28387509727730365,1.0,0.0,0.0,0.0,0.0,36.87925206701507,36.87557777451548,43.044142350837234,41.9996167811366,54.42500000000014,54.42500000000014,54.42500000000014,54.42500000000014
2025-12-22T18:01:33.852314,28.900,388.35552647739854,3828.725320050956,53.14901280203823,4100,1500,1520,40.0,35.0,20.0,3828.725320050956,39.861759601528675,1500,1520,800,0,0,53.14901280203823,53.14901280203823,26.574506401019114,0.0,4100,4200,390.0,39.861759601528675,32.89000000000003,25.0,25.0,0.9514655001553053,-0.3077554256454544,1.0,0.0,0.0,0.0,0.0,44.728904427045826,36.86270148961362,40.628225736318896,40.881336473967735,54.45000000000014,54.45000000000014,54.45000000000014,54.45000000000014
2025-12-22T18:01:33.902892,28.950,388.3669698253576,3749.1655584713844,49.96662233885537,4100,1500,1520,40.0,35.0,20.0,3749.1655584713844,37.47496675414153,1500,1520,800,0,0,49.96662233885537,49.96662233885537,24.983311169427687,0.0,4100,4200,390.0,37.47496675414153,32.895000000000024,25.0,25.0,0.9434750984525159,-0.3314434168904482,1.0,0.0,0.0,0.0,0.0,36.86820819335161,37.07804953321286,36.25260805909286,38.11362573159132,54.475000000000136,54.475000000000136,54.475000000000136,54.475000000000136
2025-12-22T18:01:33.953781,29.000,388.24353615235736,3672.73223157365,46.90928926294602,4100,1500,1520,40.0,35.0,20.0,3672.73223157365,35.18196694720952,1500,1520,800,0,0,46.90928926294602,46.90928926294602,23.45464463147301,0.0,4100,4200,390.0,35.18196694720952,32.90000000000003,25.0,25.0,0.9348950555246338,-0.3549242667888345,0.9999999999999999,0.0,0.0,0.0,0.0,37.454382234141036,40.6254165307088,42.4181435815631,44.041819246896544,54.50000000000014,54.50000000000014,54.50000000000014,54.50000000000014
2025-12-22T18:01:34.004402,29.050,388.3291593136044,3599.6163828692906,43.984655314771636,4100,1500,1520,40.0,35.0,20.0,3599.6163828692906,32.98849148607873,1500,1520,800,0,0,43.984655314771636,43.984655314771636,21.992327657385818,0.0,4100,4200,390.0,32.98849148607873,32.90500000000003,25.0,25.0,0.9257307336191967,-0.37818330057376137,1.0,0.0,0.0,0.0,0.0,36.8387133232446,36.081331958106176,41.639141850143105,44.691486349960506,54.52500000000014,54.52500000000014,54.52500000000014,54.52500000000014
2025-12-22T18:01:34.055231,29.100,388.26513083643005,3530.0007639020687,41.20003055608275,4100,1500,1520,40.0,35.0,20.0,3530.0007639020687,30.900022917062063,1500,1520,800,0,0,41.20003055608275,41.20003055608275,20.600015278041376,0.0,4100,4200,390.0,30.900022917062063,32.910000000000025,25.0,25.0,0.9159878601390836,-0.4012059821062275,1.0,0.0,0.0,0.0,0.0,37.8498142796507,40.80610265897535,40.98453755331509,38.62451920293552,54.55000000000014,54.55000000000014,54.55000000000014,54.55000000000014
2025-12-22T18:01:34.105820,29.150,388.9829538902004,3464.0593774642884,38.56237509857155,4100,1500,1520,40.0,35.0,20.0,3464.0593774642884,28.921781323928663,1500,1520,800,0,0,38.56237509857155,38.56237509857155,19.281187549285775,0.0,4100,4200,390.0,28.921781323928663,32.91500000000003,25.0,25.0,0.9056725240630756,-0.42397792295969566,0.9999999999999999,0.0,0.0,0.0,0.0,39.928642285305074,38.07057387860273,43.3849770367299,38.96699429799658,54.57500000000014,54.57500000000014,54.57500000000014,54.57500000000014
2025-12-22T18:01:34.159865,29.200,388.88960723955455,3401.957042680435,36.07828170721739,4100,1500,1520,40.0,35.0,20.0,3401.957042680435,27.058711280413043,1500,1520,800,0,0,36.07828170721739,36.07828170721739,18.039140853608696,0.0,4100,4200,390.0,27.058711280413043,32.92000000000003,25.0,25.0,0.8947911721404416,-0.44648489141239117,1.0,0.0,0.0,0.0,0.0,44.47094973807411,42.71215107759343,39.18190339852426,44.00324158179923,54.600000000000136,54.600000000000136,54.600000000000136,54.600000000000136
2025-12-22T18:01:34.210393,29.250,388.48069998293823,3343.8489830451963,33.753959321807855,4100,1500,1520,40.0,35.0,20.0,3343.8489830451963,25.31546949135589,1500,1520,800,0,0,33.753959321807855,33.753959321807855,16.876979660903928,0.0,4100,4200,390.0,25.31546949135589,32.925000000000026,25.0,25.0,0.8833506048619296,-0.4687128213416646,1.0,0.0,0.0,0.0,0.0,36.56151742008924,38.88301509181286,37.71146416233302,41.01269419274668,54.62500000000014,54.62500000000014,54.62500000000014,54.62500000000014
2025-12-22T18:01:34.263928,29.300,388.9435853219961,3289.8804384455684,31.595217537822734,4100,1500,1520,40.0,35.0,20.0,3289.8804384455684,23.69641315336705,1500,1520,800,0,0,31.595217537822734,31.595217537822734,15.797608768911367,0.0,4100,4200,390.0,23.69641315336705,32.93000000000003,25.0,25.0,0.8713579722096824,-0.4906478210148603,1.0,0.0,0.0,0.0,0.0,44.066284405225204,44.06718444249872,38.129371408518175,44.123070416863236,54.65000000000014,54.65000000000014,54.65000000000014,54.65000000000014
2025-12-22T18:01:34.317460,29.350,388.57817847559284,3240.186302136776,29.60745208547104,4100,1500,1520,40.0,35.0,20.0,3240.186302136776,22.20558906410328,1500,1520,800,0,0,29.60745208547104,29.60745208547104,14.80372604273552,0.0,4100,4200,390.0,22.20558906410328,32.93500000000003,25.0,25.0,0.8588207691887305,-0.5122761817711978,1.0,0.0,0.0,0.0,0.0,42.320070970338335,42.30079600660593,39.46696821253299,36.4718385843764,54.67500000000014,54.67500000000014,54.67500000000014,54.67500000000014
2025-12-22T18:01:34.369069,29.400,389.2214309953852,3194.8907835793843,27.795631343175387,4100,1500,1520,40.0,35.0,20.0,3194.8907835793843,20.84672350738154,1500,1520,800,0,0,27.795631343175387,27.795631343175387,13.897815671587693,0.0,4100,4200,390.0,20.84672350738154,32.940000000000026,25.0,25.0,0.8457468311428584,-0.5335843865892379,1.0,0.0,0.0,0.0,0.0,38.34487874581508,40.98090592334109,38.66324787675076,37.0006620225381,54.700000000000145,54.700000000000145,54.700000000000145,54.700000000000145
2025-12-22T18:01:34.419682,29.450,388.8055489018862,3154.107097980338,26.164283919213517,4100,1500,1520,40.0,35.0,20.0,3154.107097980338,19.623212939410138,1500,1520,800,0,0,26.164283919213517,26.164283919213517,13.082141959606759,0.0,4100,4200,390.0,19.623212939410138,32.94500000000003,25.0,25.0,0.8321443288577699,-0.5545591185345812,1.0,0.0,0.0,0.0,0.0,36.80440684735141,44.59881860369701,42.946621092162104,37.06016957733759,54.72500000000014,54.72500000000014,54.72500000000014,54.72500000000014
2025-12-22T18:01:34.470384,29.500,388.739824979599,3117.9371833139003,24.71748733255602,4100,1500,1520,40.0,35.0,20.0,3117.9371833139003,18.538115499417014,1500,1520,800,0,0,24.71748733255602,24.71748733255602,12.35874366627801,0.0,4100,4200,390.0,18.538115499417014,32.95000000000003,25.0,25.0,0.8180217634546124,-0.5751872690825189,1.0,0.0,0.0,0.0,0.0,37.724928021473595,44.77154679353849,44.44864719942064,38.27712991099629,54.75000000000014,54.75000000000014,54.75000000000014,54.75000000000014
2025-12-22T18:01:34.521110,29.550,389.49301638521206,3086.4714455298117,23.458857821192453,4100,1500,1520,40.0,35.0,20.0,3086.4714455298117,17.59414336589434,1500,1520,800,0,0,23.458857821192453,23.458857821192453,11.729428910596226,0.0,4100,4200,390.0,17.59414336589434,32.95500000000003,25.0,25.0,0.8033879610770537,-0.595455946310434,1.0,0.0,0.0,0.0,0.0,41.25725152635932,37.654720911477355,43.026520114008036,37.125379940369164,54.77500000000014,54.77500000000014,54.77500000000014,54.77500000000014
2025-12-22T18:01:34.571557,29.600,389.29699938947624,3059.7885325854913,22.391541303419643,4100,1500,1520,40.0,35.0,20.0,3059.7885325854913,16.793655977564732,1500,1520,800,0,0,22.391541303419643,22.391541303419643,11.195770651709822,0.0,4100,4200,390.0,16.793655977564732,32.96000000000003,25.0,25.0,0.7882520673752288,-0.6153524829548328,1.0,0.0,0.0,0.0,0.0,43.85216925711113,44.789934653345554,35.00329136485071,43.58311420985699,54.80000000000014,54.80000000000014,54.80000000000014,54.80000000000014
2025-12-22T18:01:34.621919,29.650,389.10632212292313,3037.9551378671085,21.51820551468434,4100,1500,1520,40.0,35.0,20.0,3037.9551378671085,16.138654136013255,1500,1520,800,0,0,21.51820551468434,21.51820551468434,10.75910275734217,0.0,4100,4200,390.0,16.138654136013255,32.96500000000003,25.0,25.0,0.7726235417900068,-0.6348644443279727,1.0,0.0,0.0,0.0,0.0,44.74234218952935,40.19931290330119,36.59755481148204,35.65201604047708,54.825000000000145,54.825000000000145,54.825000000000145,54.825000000000145
2025-12-22T18:01:34.672539,29.700,388.9164826844315,3021.0258334908467,20.841033339633867,4100,1500,1520,40.0,35.0,20.0,3021.0258334908467,15.6307750047254,1500,1520,800,0,0,20.841033339633867,20.841033339633867,10.420516669816934,0.0,4100,4200,390.0,15.630775004725399,32.97000000000003,25.0,25.0,0.7565121516411479,-0.6539796360891375,0.9999999999999999,0.0,0.0,0.0,0.0,36.779346947179945,44.38519887728412,41.82894198318778,37.01432465545974,54.85000000000014,54.85000000000014,54.85000000000014,54.85000000000014
2025-12-22T18:01:34.723230,29.750,388.84070398220007,3009.042933901035,20.36171735604141,4100,1500,1520,40.0,35.0,20.0,3009.042933901035,15.271288017031058,1500,1520,800,0,0,20.36171735604141,20.36171735604141,10.180858678020705,0.0,4100,4200,390.0,15.271288017031058,32.97500000000003,25.0,25.0,0.739927966023047,-0.6726861118657026,1.0,0.0,0.0,0.0,0.0,37.892430536047414,42.32272924540685,44.7699681948897,40.522242347454814,54.87500000000014,54.87500000000014,54.87500000000014,54.87500000000014
2025-12-22T18:01:34.774252,29.800,389.21914867845646,3002.0363901060755,20.081455604243004,4100,1500,1520,40.0,35.0,20.0,3002.0363901060755,15.061091703182253,1500,1520,800,0,0,20.081455604243004,20.081455604243004,10.040727802121502,0.0,4100,4200,390.0,15.061091703182253,32.98000000000003,25.0,25.0,0.7228813495118767,-0.6909721807192298,1.0,0.0,0.0,0.0,0.0,37.90577814315651,37.7176266836522,37.235093071562346,36.47013251758358,54.90000000000015,54.90000000000015,54.90000000000015,54.90000000000015
2025-12-22T18:01:34.824659,29.850,389.6114423843998,3000.023714816517,20.000948592660677,4100,1500,1520,40.0,35.0,20.0,3000.023714816517,15.000711444495508,1500,1520,800,0,0,20.000948592660677,20.000948592660677,10.000474296330339,0.0,4100,4200,390.0,15.000711444495508,32.98500000000003,25.0,25.0,0.705382955688065,-0.708826414451923,0.9999999999999999,0.0,0.0,0.0,0.0,38.640983538136766,36.010770476375455,35.732367361087114,42.370179603918665,54.925000000000146,54.925000000000146,54.925000000000146,54.925000000000146
2025-12-22T18:01:34.875800,29.900,388.80861132567964,3003.0099386724023,20.1203975468961,4100,1500,1520,40.0,35.0,20.0,3003.0099386724023,15.090298160172075,1500,1520,800,0,0,20.1203975468961,20.1203975468961,10.06019877344805,0.0,4100,4200,390.0,15.090298160172074,32.99000000000003,25.0,25.0,0.6874437204781547,-0.7262376547488795,1.0,0.0,0.0,0.0,0.0,35.27377963517298,35.40013907587381,35.013598443400284,35.09065693748769,54.950000000000145,54.950000000000145,54.950000000000145,54.950000000000145
2025-12-22T18:01:34.926499,29.950,388.84751340890944,3010.9875976692883,20.439503906771535,4100,1500,1520,40.0,35.0,20.0,3010.9875976692883,15.32962793007865,1500,1520,800,0,0,20.439503906771535,20.439503906771535,10.219751953385767,0.0,4100,4200,390.0,15.329627930078653,32.99500000000003,25.0,25.0,0.6690748553202047,-0.743195020151674,1.0,0.0,0.0,0.0,0.0,42.75345544928719,41.28418771132038,35.564928849974656,41.038858884222215,54.97500000000014,54.97500000000014,54.97500000000014,54.97500000000014
2025-12-22T18:01:34.976932,30.000,388.76362798468176,3023.9367518143663,20.95747007257465,4100,1500,1520,40.0,35.0,20.0,3023.9367518143663,15.718102554430988,1500,1520,800,0,0,20.95747007257465,20.95747007257465,10.478735036287325,0.0,4100,4200,390.0,15.718102554430988,33.00000000000003,25.0,25.0,0.6502878401570062,-0.759687912858916,1.0,0.0,0.0,0.0,0.0,43.61826226855323,42.49522411124049,39.78346983727683,37.356425091267056,55.00000000000014,55.00000000000014,55.00000000000014,55.00000000000014
2025-12-22T18:01:35.027425,30.050,389.01309658246475,3041.825034966063,21.673001398642512,4100,1500,1520,40.0,35.0,20.0,3041.825034966063,16.254751048981884,1500,1520,800,0,0,21.673001398642512,21.673001398642512,10.836500699321256,0.0,4100,4200,390.0,16.254751048981884,33.00500000000003,25.0,25.0,0.6310944162614925,-0.7757060253495301,0.9999999999999999,0.0,0.0,0.0,0.0,43.039270266706964,36.46527431258377,38.98708605584624,41.283076358725324,55.02500000000015,55.02500000000015,55.02500000000015,55.02500000000015
2025-12-22T18:01:35.078049,30.100,389.43854157153044,3064.6077357325366,22.584309429301456,4100,1500,1520,40.0,35.0,20.0,3064.6077357325366,16.938232071976092,1500,1520,800,0,0,22.584309429301456,22.584309429301456,11.292154714650728,0.0,4100,4200,390.0,16.938232071976092,33.010000000000026,25.0,25.0,0.6115065788988255,-0.791239346824622,1.0,0.0,0.0,0.0,0.0,39.998289144963984,36.61855402399671,38.96460286268836,35.978103186706235,55.050000000000146,55.050000000000146,55.050000000000146,55.050000000000146
2025-12-22T18:01:35.128664,30.150,389.0960916489832,3092.2279092268723,23.689116369074895,4100,1500,1520,40.0,35.0,20.0,3092.2279092268723,17.76683727680617,1500,1520,800,0,0,23.689116369074895,23.689116369074895,11.844558184537448,0.0,4100,4200,390.0,17.76683727680617,33.01500000000003,25.0,25.0,0.591536569829745,-0.8062781694639011,1.0,0.0,0.0,0.0,0.0,42.96372283344832,42.07935667424914,38.5439511794422,44.382579131063935,55.075000000000145,55.075000000000145,55.075000000000145,55.075000000000145
2025-12-22T18:01:35.180685,30.200,388.90878690488194,3124.6165193996426,24.984660775985702,4100,1500,1520,40.0,35.0,20.0,3124.6165193996426,18.738495581989277,1500,1520,800,0,0,24.984660775985702,24.984660775985702,12.492330387992851,0.0,4100,4200,390.0,18.738495581989277,33.02000000000003,25.0,25.0,0.5711968696598676,-0.8208130944927525,1.0,0.0,0.0,0.0,0.0,36.014882192760076,36.464473542075204,35.40296016728437,35.037501767472534,55.10000000000015,55.10000000000015,55.10000000000015,55.10000000000015
2025-12-22T18:01:35.231730,30.250,389.10763783470185,3161.692611593078,26.467704463723123,4100,1500,1520,40.0,35.0,20.0,3161.692611593078,19.850778347792343,1500,1520,800,0,0,26.467704463723123,26.467704463723123,13.233852231861562,0.0,4100,4200,390.0,19.850778347792343,33.02500000000003,25.0,25.0,0.5505001900397134,-0.8348350380561655,1.0,0.0,0.0,0.0,0.0,40.050862289784945,35.79047937642922,43.45515547529653,41.560141122193805,55.12500000000015,55.12500000000015,55.12500000000015,55.12500000000015
2025-12-22T18:01:35.282761,30.300,388.677590222516,3203.3635148855496,28.13454059542198,4100,1500,1520,40.0,35.0,20.0,3203.3635148855496,21.100905446566486,1500,1520,800,0,0,28.13454059542198,28.13454059542198,14.06727029771099,0.0,4100,4200,390.0,21.100905446566486,33.03000000000003,25.0,25.0,0.5294594657203392,-0.8483352368958471,1.0,0.0,0.0,0.0,0.0,36.20157604670436,36.541108905937016,35.61236448402204,37.31933946053245,55.15000000000015,55.15000000000015,55.15000000000015,55.15000000000015
2025-12-22T18:01:35.333310,30.350,389.1402808308446,3249.5250737206143,29.981002948824568,4100,1500,1520,40.0,35.0,20.0,3249.5250737206143,22.485752211618426,1500,1520,800,0,0,29.981002948824568,29.981002948824568,14.990501474412284,0.0,4100,4200,390.0,22.485752211618426,33.03500000000003,25.0,25.0,0.5080878464695393,-0.8613052538269726,1.0,0.0,0.0,0.0,0.0,38.68289935769326,39.50860826704406,35.88182071649788,39.29355586280737,55.175000000000146,55.175000000000146,55.175000000000146,55.175000000000146
2025-12-22T18:01:35.384856,30.400,388.5187623702169,3300.0619082416583,32.00247632966634,4100,1500,1520,40.0,35.0,20.0,3300.0619082416583,24.001857247249752,1500,1520,800,0,0,32.00247632966634,32.00247632966634,16.00123816483317,0.0,4100,4200,390.0,24.001857247249752,33.04000000000003,25.0,25.0,0.4863986888536693,-0.8737369830111528,1.0,0.0,0.0,0.0,0.0,43.29527607234535,42.27759524083006,37.74176532493945,44.7862002810295,55.200000000000145,55.200000000000145,55.200000000000145,55.200000000000145
2025-12-22T18:01:35.435593,30.450,388.54937907988017,3354.8477026814544,34.19390810725818,4100,1500,1520,40.0,35.0,20.0,3354.8477026814544,25.645431080443636,1500,1520,800,0,0,34.19390810725818,34.19390810725818,17.09695405362909,0.0,4100,4200,390.0,25.645431080443636,33.04500000000003,25.0,25.0,0.4644055478902266,-0.8856226550223173,1.0,0.0,0.0,0.0,0.0,43.455032276531,39.08601454720767,36.98485303932143,43.24215593825831,55.22500000000015,55.22500000000015,55.22500000000015,55.22500000000015
2025-12-22T18:01:35.486162,30.500,388.1830049514873,3413.7455210857934,36.54982084343173,4100,1500,1520,40.0,35.0,20.0,3413.7455210857934,27.4123656325738,1500,1520,800,0,0,36.54982084343173,36.54982084343173,18.274910421715866,0.0,4100,4200,390.0,27.412365632573803,33.05000000000003,25.0,25.0,0.44212216857640557,-0.8969548417023548,1.0,0.0,0.0,0.0,0.0,37.50190903350968,43.8170229101634,41.504457358761044,40.334418054835716,55.25000000000015,55.25000000000015,55.25000000000015,55.25000000000015
2025-12-22T18:01:35.536593,30.550,388.80731556318176,3476.6081495820545,39.06432598328219,4100,1500,1520,40.0,35.0,20.0,3476.6081495820545,29.29824448746164,1500,1520,800,0,0,39.06432598328219,39.06432598328219,19.532162991641094,0.0,4100,4200,390.0,29.29824448746164,33.05500000000003,25.0,25.0,0.41956247729892215,-0.9077264608034689,1.0,0.0,0.0,0.0,0.0,41.68459087894921,38.09522187177494,42.98202739327891,43.9374975440479,55.27500000000015,55.27500000000015,55.27500000000015,55.27500000000015
2025-12-22T18:01:35.587074,30.600,388.40572990631057,3543.2784643372224,41.731138573488884,4100,1500,1520,40.0,35.0,20.0,3543.2784643372224,31.29835393011666,1500,1520,800,0,0,41.731138573488884,41.731138573488884,20.865569286744442,0.0,4100,4200,390.0,31.29835393011666,33.06000000000003,25.0,25.0,0.3967405731304751,-0.9179307804143525,1.0,0.0,0.0,0.0,0.0,39.560760801648144,35.51520702083301,43.459709651218574,37.444135639437214,55.30000000000015,55.30000000000015,55.30000000000015,55.30000000000015
2025-12-22T18:01:35.637605,30.650,388.646892997582,3613.5898242856365,44.543592971425454,4100,1500,1520,40.0,35.0,20.0,3613.5898242856365,33.40769472856909,1500,1520,800,0,0,44.543592971425454,44.543592971425454,22.271796485712727,0.0,4100,4200,390.0,33.40769472856909,33.06500000000003,25.0,25.0,0.37367071901828464,-0.9275614231674139,1.0,0.0,0.0,0.0,0.0,36.4253632411742,36.25892430750561,44.266589100746685,38.00716763015541,55.32500000000015,55.32500000000015,55.32500000000015,55.32500000000015
2025-12-22T18:01:35.691672,30.700,388.2040348383252,3687.3664876448747,47.49465950579499,4100,1500,1520,40.0,35.0,20.0,3687.3664876448747,35.62099462934624,1500,1520,800,0,0,47.49465950579499,47.49465950579499,23.747329752897496,0.0,4100,4200,390.0,35.62099462934624,33.07000000000003,25.0,25.0,0.3503673328702147,-0.9366123702244233,1.0,0.0,0.0,0.0,0.0,36.894130193886014,39.79957761200065,43.27049199857608,43.84081143700821,55.35000000000015,55.35000000000015,55.35000000000015,55.35000000000015
2025-12-22T18:01:35.742254,30.750,387.9888081814384,3764.424051178683,50.57696204714732,4100,1500,1520,40.0,35.0,20.0,3764.424051178683,37.932721535360486,1500,1520,800,0,0,50.57696204714732,50.57696204714732,25.28848102357366,0.0,4100,4200,390.0,37.932721535360486,33.07500000000003,25.0,25.0,0.32684497854404987,-0.9450779650380912,0.9999999999999999,0.0,0.0,0.0,0.0,43.313551695889856,44.00117581875024,42.25203366377047,41.119181923306854,55.37500000000015,55.37500000000015,55.37500000000015,55.37500000000015
2025-12-22T18:01:35.793838,30.800,387.69237197838527,3844.5699111090294,53.78279644436118,4100,1500,1520,40.0,35.0,20.0,3844.5699111090294,40.33709733327089,1500,1520,800,0,0,53.78279644436118,53.78279644436118,26.89139822218059,0.0,4100,4200,390.0,40.33709733327089,33.08000000000003,25.0,25.0,0.30311835674555837,-0.952952916887226,1.0,0.0,0.0,0.0,0.0,42.93682203481383,37.65595812710731,43.23192980930622,41.1991915665909,55.40000000000015,55.40000000000015,55.40000000000015,55.40000000000015
2025-12-22T18:01:35.848422,30.850,388.00679139259887,3927.6037445252455,57.104149781009816,4100,1500,1520,40.0,35.0,20.0,3927.6037445252455,42.82811233575736,1500,1520,800,0,0,57.104149781009816,57.104149781009816,28.552074890504908,0.0,4100,4200,390.0,42.82811233575736,33.08500000000003,25.0,25.0,0.27920229584102935,-0.9602323041832629,0.9999999999999999,0.0,0.0,0.0,0.0,35.92097459659339,43.61134333476226,35.22760439545318,38.944242643371794,55.42500000000015,55.42500000000015,55.42500000000015,55.42500000000015
2025-12-22T18:01:35.898874,30.900,388.1816401010528,4013.318010086975,60.532720403479,4100,1500,1520,40.0,35.0,20.0,4013.318010086975,45.399540302609246,1500,1520,800,0,0,60.532720403479,60.532720403479,30.2663602017395,0.0,4100,4200,390.0,45.399540302609246,33.09000000000003,25.0,25.0,0.25511174259002667,-0.966911577546096,1.0,0.0,0.0,0.0,0.0,41.77462506434753,39.892795481929596,39.54695874866513,43.22090916521492,55.45000000000015,55.45000000000015,55.45000000000015,55.45000000000015
2025-12-22T18:01:35.949388,30.950,387.4602911863415,4101.49846676944,64.0599386707776,4100,1500,1520,40.0,35.0,20.0,4101.49846676944,48.0449540030832,1500,1520,800,0,0,64.0599386707776,64.0599386707776,32.0299693353888,0.0,4100,4200,390.0,48.0449540030832,33.09500000000003,25.0,25.0,0.23086175280415097,-0.9729865626472932,1.0,0.0,0.0,0.0,0.0,44.53227221576991,39.41422926947064,43.879520027417335,36.96178707765506,55.47500000000015,55.47500000000015,55.47500000000015,55.47500000000015
2025-12-22T18:01:36.000215,31.000,386.99507734918967,4191.924709354429,67.67698837417716,4100,1500,1520,40.0,35.0,20.0,4191.924709354429,50.75774128063287,1500,1520,800,0,0,67.67698837417716,67.67698837417716,33.83849418708858,0.0,4100,4200,390.0,50.75774128063287,33.10000000000003,25.0,25.0,0.2064674819376471,-0.9784534628189158,1.0,0.0,0.0,0.0,0.0,41.3856953220192,36.74628496033833,36.754697398536244,43.6761259885773,55.500000000000156,55.500000000000156,55.500000000000156,55.500000000000156
2025-12-22T18:01:36.050781,31.050,387.49250326552647,4284.370719328555,71.37482877314223,4100,1500,1520,40.0,35.0,20.0,4284.370719328555,53.53112157985667,1500,1520,800,0,0,71.37482877314223,71.37482877314223,35.68741438657111,0.0,4100,4200,390.0,53.53112157985667,33.10500000000003,25.0,25.0,0.1819441756157389,-0.9833088614263116,1.0,0.0,0.0,0.0,0.0,39.03964751735852,43.22766219833035,36.74277119908906,41.83247326899024,55.525000000000155,55.525000000000155,55.525000000000155,55.525000000000155
2025-12-22T18:01:36.101228,31.100,386.9524137126209,4378.605429811836,75.14421719247345,4100,1500,1520,40.0,35.0,20.0,4378.605429811836,56.35816289435509,1500,1520,800,0,0,75.14421719247345,75.14421719247345,37.572108596236724,0.0,4100,4200,390.0,56.35816289435509,33.11000000000003,25.0,25.0,0.1573071601066094,-0.987549724003401,0.9999999999999999,0.0,0.0,0.0,0.0,43.9089456593417,43.693038443179404,44.73398986496928,39.6472065525253,55.55000000000015,55.55000000000015,55.55000000000015,55.55000000000015
2025-12-22T18:01:36.152154,31.150,386.7720026644242,4474.393303104551,78.97573212418204,4100,1500,1520,40.0,35.0,20.0,4474.393303104551,59.23179909313653,1500,1520,800,0,0,78.97573212418204,78.97573212418204,39.48786606209102,0.0,4100,4200,390.0,59.23179909313653,33.11500000000003,25.0,25.0,0.13257183274298237,-0.9911734001491196,1.0,0.0,0.0,0.0,0.0,40.71310750811251,37.29670597265814,37.35070996989489,41.38531699614633,55.57500000000015,55.57500000000015,55.57500000000015,55.57500000000015
2025-12-22T18:01:36.202469,31.200,387.20745979357434,4571.4949194088285,82.85979677635314,4100,1500,1520,40.0,35.0,20.0,4571.4949194088285,62.14484758226485,1500,1520,800,0,0,82.85979677635314,82.85979677635314,41.42989838817657,0.0,4100,4200,390.0,62.14484758226486,33.12000000000003,25.0,25.0,0.10775365229929042,-0.9941776251838318,0.9999999999999999,0.0,0.0,0.0,0.0,39.48550927959428,35.38974467101987,38.76883420546631,43.994366430315445,55.60000000000015,55.60000000000015,55.60000000000015,55.60000000000015
2025-12-22T18:01:36.254570,31.250,386.3742282462534,4669.667575253452,86.78670301013807,4100,1500,1520,40.0,35.0,20.0,4669.667575253452,65.09002725760355,1500,1520,800,0,0,86.78670301013807,86.78670301013807,43.393351505069035,0.0,4100,4200,390.0,65.09002725760355,33.12500000000003,25.0,25.0,0.08286812933044421,-0.9965605215646829,1.0,0.0,0.0,0.0,0.0,37.13183241934554,43.747047095672954,43.94513496424591,44.15014041331811,55.625000000000156,55.625000000000156,55.625000000000156,55.625000000000156
2025-12-22T18:01:36.305102,31.300,386.83838223997225,4768.66589012614,90.74663560504561,4100,1500,1520,40.0,35.0,20.0,4768.66589012614,68.0599767037842,1500,1520,800,0,0,90.74663560504561,90.74663560504561,45.373317802522806,0.0,4100,4200,390.0,68.0599767037842,33.13000000000003,25.0,25.0,0.05793081647824053,-0.9983206000590013,0.9999999999999999,0.0,0.0,0.0,0.0,36.89401650032427,37.056983968905016,38.486065884089875,41.524165227824064,55.650000000000155,55.650000000000155,55.650000000000155,55.650000000000155
2025-12-22T18:01:36.356632,31.350,386.4274292789628,4868.242419797038,94.72969679188151,4100,1500,1520,40.0,35.0,20.0,4868.242419797038,71.04727259391113,1500,1520,800,0,0,94.72969679188151,94.72969679188151,47.364848395940754,0.0,4100,4200,390.0,71.04727259391113,33.13500000000003,25.0,25.0,0.03295729875146742,-0.9994567606750212,1.0,0.0,0.0,0.0,0.0,36.86172583323065,42.23305087512986,38.93511190286126,35.46357582751346,55.67500000000015,55.67500000000015,55.67500000000015,55.67500000000015
2025-12-22T18:01:36.408186,31.400,386.64335437295176,4968.148274800422,98.72593099201687,4100,1500,1520,40.0,35.0,20.0,4968.148274800422,74.04444824401266,1500,1520,800,0,0,98.72593099201687,98.72593099201687,49.362965496008435,0.0,4100,4200,390.0,74.04444824401266,33.14000000000003,25.0,25.0,0.00796318378578103,-0.9999682933493411,1.0,0.0,0.0,0.0,0.0,43.67397462194308,41.71439349166764,36.26939252114741,41.971295645455804,55.70000000000016,55.70000000000016,55.70000000000016,55.70000000000016
2025-12-22T18:01:36.459190,31.450,386.07866993585566,5068.133742528747,102.72534970114987,4100,1500,1520,40.0,35.0,20.0,5068.133742528747,77.0440122758624,1500,1520,800,0,0,102.72534970114987,102.72534970114987,51.36267485057493,0.0,4100,4200,390.0,77.0440122758624,33.14500000000003,25.0,25.0,-0.017035907910558652,-0.9998548783906908,1.0,0.0,0.0,0.0,0.0,37.8903061678276,43.182035900922685,36.79505630828329,41.490048181033174,55.72500000000016,55.72500000000016,55.72500000000016,55.72500000000016
2025-12-22T18:01:36.509737,31.500,386.3756544931576,5167.948911384116,106.71795645536467,4100,1500,1520,40.0,35.0,20.0,5167.948911384116,80.0384673415235,1500,1520,800,0,0,106.71795645536467,106.71795645536467,53.358978227682336,0.0,4100,4200,390.0,80.0384673415235,33.150000000000034,25.0,25.0,-0.042024352718996974,-0.9991165866797275,1.0,0.0,0.0,0.0,0.0,36.72952617205769,36.68052142894807,44.3552731432264,43.67800930699398,55.750000000000156,55.750000000000156,55.750000000000156,55.750000000000156
2025-12-22T18:01:36.560308,31.550,386.24336006598446,5267.344295427129,110.69377181708515,4100,1500,1520,40.0,35.0,20.0,5267.344295427129,83.02032886281387,1500,1520,800,0,0,110.69377181708515,110.69377181708515,55.346885908542575,0.0,4100,4200,390.0,83.02032886281387,33.15500000000003,25.0,25.0,-0.06698653367493766,-0.9977538796247382,1.0,0.0,0.0,0.0,0.0,37.70661263359216,36.10626933326196,44.424058743371305,36.346222923497926,55.775000000000155,55.775000000000155,55.775000000000155,55.775000000000155
2025-12-22T18:01:36.610878,31.600,385.3127755333552,5366.071457961791,114.64285831847162,4100,1500,1520,40.0,35.0,20.0,5366.071457961791,85.98214373885372,1500,1520,800,0,0,114.64285831847162,114.64285831847162,57.32142915923581,0.0,4100,4200,390.0,85.98214373885372,33.16000000000003,25.0,25.0,-0.0919068502278373,-0.9957676088732742,1.0,0.0,0.0,0.0,0.0,44.864127086181824,38.940163753124274,42.05545315034199,35.029439786711556,55.80000000000015,55.80000000000015,55.80000000000015,55.80000000000015
2025-12-22T18:01:36.671427,31.650,385.54571580096604,5463.883632497878,118.55534529991512,4100,1500,1520,40.0,35.0,20.0,5463.883632497878,88.91650897493633,1500,1520,800,0,0,118.55534529991512,118.55534529991512,59.27767264995756,0.0,4100,4200,390.0,88.91650897493633,33.165000000000035,25.0,25.0,-0.11676972799104166,-0.9931590157798993,1.0,0.0,0.0,0.0,0.0,40.96135546478085,35.26331201839095,40.932077562516774,39.08034465906122,55.82500000000016,55.82500000000016,55.82500000000016,55.82500000000016
2025-12-22T18:01:36.721952,31.700,385.3229851681174,5560.536339538646,122.42145358154585,4100,1500,1520,40.0,35.0,20.0,5560.536339538646,91.81609018615939,1500,1520,800,0,0,122.42145358154585,122.42145358154585,61.210726790772924,0.0,4100,4200,390.0,91.81609018615939,33.17000000000003,25.0,25.0,-0.14155962847527034,-0.9899297306303834,0.9999999999999999,0.0,0.0,0.0,0.0,37.78116692907365,42.497957278282776,37.20987087293567,41.57676178441933,55.85000000000016,55.85000000000016,55.85000000000016,55.85000000000016
2025-12-22T18:01:36.773071,31.750,385.2687240426368,5655.78799765225,126.23151990609,4100,1500,1520,40.0,35.0,20.0,5655.78799765225,94.6736399295675,1500,1520,800,0,0,126.23151990609,126.23151990609,63.115759953045,0.0,4100,4200,390.0,94.6736399295675,33.17500000000003,25.0,25.0,-0.16626105879966682,-0.9860817716228273,1.0,0.0,0.0,0.0,0.0,36.832333445062545,38.28100561396003,41.02870570014878,43.861695520498564,55.875000000000156,55.875000000000156,55.875000000000156,55.875000000000156
2025-12-22T18:01:36.827137,31.800,384.8862367603617,5749.40052729951,129.9760210919804,4100,1500,1520,40.0,35.0,20.0,5749.40052729951,97.4820158189853,1500,1520,800,0,0,129.9760210919804,129.9760210919804,64.9880105459902,0.0,4100,4200,390.0,97.4820158189853,33.180000000000035,25.0,25.0,-0.19085858137434458,-0.9816175436063542,1.0,0.0,0.0,0.0,0.0,42.141243275413636,37.35306105748969,38.13456267672031,36.845669835142274,55.90000000000016,55.90000000000016,55.90000000000016,55.90000000000016
2025-12-22T18:01:36.878763,31.850,384.83890650913855,5841.139945908772,133.64559783635087,4100,1500,1520,40.0,35.0,20.0,5841.139945908772,100.23419837726316,1500,1520,800,0,0,133.64559783635087,133.64559783635087,66.82279891817544,0.0,4100,4200,390.0,100.23419837726316,33.18500000000003,25.0,25.0,-0.21533682354837838,-0.9765398365781575,0.9999999999999999,0.0,0.0,0.0,0.0,36.433121917875624,37.40031975138459,37.84398801459325,35.88491219348535,55.92500000000016,55.92500000000016,55.92500000000016,55.92500000000016
2025-12-22T18:01:36.929341,31.900,384.9952862056252,5930.776952710477,137.23107810841907,4100,1500,1520,40.0,35.0,20.0,5930.776952710477,102.9233085813143,1500,1520,800,0,0,137.23107810841907,137.23107810841907,68.61553905420953,0.0,4100,4200,390.0,102.92330858131432,33.19000000000003,25.0,25.0,-0.23968048721721064,-0.9708518239398434,1.0,0.0,0.0,0.0,0.0,41.37746920408337,39.89262944259822,35.032327639605946,44.8741411117381,55.95000000000016,55.95000000000016,55.95000000000016,55.95000000000016
2025-12-22T18:01:36.980457,31.950,384.80554224743474,6018.087501869672,140.7235000747869,4100,1500,1520,40.0,35.0,20.0,6018.087501869672,105.54262505609017,1500,1520,800,0,0,140.7235000747869,140.7235000747869,70.36175003739345,0.0,4100,4200,390.0,105.54262505609017,33.195000000000036,25.0,25.0,-0.2638743583834688,-0.9645570605141578,0.9999999999999999,0.0,0.0,0.0,0.0,40.91630486037436,39.035556955183566,37.52065222646056,44.25007486212571,55.97500000000016,55.97500000000016,55.97500000000016,55.97500000000016
2025-12-22T18:01:37.030999,32.000,384.4934409520756,6102.853362483915,144.11413449935657,4100,1500,1520,40.0,35.0,20.0,6102.853362483915,108.08560087451743,1500,1520,800,0,0,144.11413449935657,144.11413449935657,72.05706724967828,0.0,4100,4200,390.0,108.08560087451743,33.20000000000003,25.0,25.0,-0.2879033166652184,-0.9576594803233386,1.0,0.0,0.0,0.0,0.0,42.79560152598178,35.778481648936534,37.947340426546795,42.07408466202292,56.000000000000156,56.000000000000156,56.000000000000156,56.000000000000156
2025-12-22T18:01:37.081583,32.050,384.0099436353276,6184.86266404687,147.39450656187478,4100,1500,1520,40.0,35.0,20.0,6184.86266404687,110.54587992140608,1500,1520,800,0,0,147.39450656187478,147.39450656187478,73.69725328093739,0.0,4100,4200,390.0,110.5458799214061,33.205000000000034,25.0,25.0,-0.31175234474570807,-0.9501633941304797,1.0,0.0,0.0,0.0,0.0,37.50128743615449,38.4596342084764,40.76555269275959,35.99463967052059,56.02500000000016,56.02500000000016,56.02500000000016,56.02500000000016
2025-12-22T18:01:37.132599,32.100,384.52847705539847,6263.910426014255,150.55641704057018,4100,1500,1520,40.0,35.0,20.0,6263.910426014255,112.91731278042764,1500,1520,800,0,0,150.55641704057018,150.55641704057018,75.27820852028509,0.0,4100,4200,390.0,112.91731278042764,33.21000000000003,25.0,25.0,-0.3354065377587086,-0.9420734867454428,1.0,0.0,0.0,0.0,0.0,44.47024673749058,43.32782413364474,41.39178673922494,35.93814978290943,56.05000000000015,56.05000000000015,56.05000000000015,56.05000000000015
2025-12-22T18:01:37.187217,32.150,384.0621610261442,6339.79907014843,153.5919628059372,4100,1500,1520,40.0,35.0,20.0,6339.79907014843,115.19397210445288,1500,1520,800,0,0,153.5919628059372,153.5919628059372,76.7959814029686,0.0,4100,4200,390.0,115.19397210445288,33.21500000000003,25.0,25.0,-0.35885111260356406,-0.9333948140970059,1.0,0.0,0.0,0.0,0.0,43.05978916144886,41.3188094730569,39.40570291092804,44.718196878205156,56.07500000000016,56.07500000000016,56.07500000000016,56.07500000000016
2025-12-22T18:01:37.238263,32.200,383.85264958264366,6412.338914361101,156.49355657444406,4100,1500,1520,40.0,35.0,20.0,6412.338914361101,117.37016743083305,1500,1520,800,0,0,156.49355657444406,156.49355657444406,78.24677828722203,0.0,4100,4200,390.0,117.37016743083305,33.22000000000003,25.0,25.0,-0.3820714171841503,-0.9241328000730712,1.0,0.0,0.0,0.0,0.0,36.441834782149556,35.85742147409606,36.714479590787775,37.09910959056279,56.10000000000015,56.10000000000015,56.10000000000015,56.10000000000015
2025-12-22T18:01:37.289080,32.250,383.73998083115555,6481.348646819759,159.25394587279033,4100,1500,1520,40.0,35.0,20.0,6481.348646819759,119.44045940459274,1500,1520,800,0,0,159.25394587279033,159.25394587279033,79.62697293639516,0.0,4100,4200,390.0,119.44045940459276,33.22500000000003,25.0,25.0,-0.40505293956595795,-0.9142932331309122,1.0,0.0,0.0,0.0,0.0,39.866071855106924,38.43839247702927,36.86152948298355,36.35895031012125,56.125000000000156,56.125000000000156,56.125000000000156,56.125000000000156
2025-12-22T18:01:37.340696,32.300,383.7139981975191,6546.655779132829,161.86623116531314,4100,1500,1520,40.0,35.0,20.0,6546.655779132829,121.39967337398485,1500,1520,800,0,0,161.86623116531314,161.86623116531314,80.93311558265657,0.0,4100,4200,390.0,121.39967337398484,33.23000000000003,25.0,25.0,-0.42778131704557926,-0.9038822626795757,0.9999999999999999,0.0,0.0,0.0,0.0,44.92663428867426,44.17939905847869,43.45191887797094,37.389027296567015,56.15000000000015,56.15000000000015,56.15000000000015,56.15000000000015
2025-12-22T18:01:37.391246,32.350,384.04362321675575,6608.097077480826,164.32388309923303,4100,1500,1520,40.0,35.0,20.0,6608.097077480826,123.24291232442476,1500,1520,800,0,0,164.32388309923303,164.32388309923303,82.16194154961651,0.0,4100,4200,390.0,123.24291232442476,33.23500000000003,25.0,25.0,-0.4502423451269301,-0.8929063952367025,1.0,0.0,0.0,0.0,0.0,37.94378873657968,44.03840376648019,44.95749694174573,41.90104162289809,56.17500000000015,56.17500000000015,56.17500000000015,56.17500000000015
2025-12-22T18:01:37.442449,32.400,383.45296707896546,6665.51897061589,166.6207588246356,4100,1500,1520,40.0,35.0,20.0,6665.51897061589,124.96556911847671,1500,1520,800,0,0,166.6207588246356,166.6207588246356,83.3103794123178,0.0,4100,4200,390.0,124.9655691184767,33.24000000000003,25.0,25.0,-0.47242198639859767,-0.8813724903621641,0.9999999999999999,0.0,0.0,0.0,0.0,39.23058357255931,39.130314822616995,37.69554203869788,41.18856843062088,56.200000000000145,56.200000000000145,56.200000000000145,56.200000000000145
2025-12-22T18:01:37.493412,32.450,383.3723320701342,6718.777933709927,168.7511173483971,4100,1500,1520,40.0,35.0,20.0,6718.777933709927,126.56333801129782,1500,1520,800,0,0,168.7511173483971,168.7511173483971,84.37555867419854,0.0,4100,4200,390.0,126.56333801129782,33.24500000000003,25.0,25.0,-0.49430637930676563,-0.8692877563710627,1.0,0.0,0.0,0.0,0.0,41.19238806976401,43.198363889645336,42.77360001041654,38.76154882689669,56.22500000000015,56.22500000000015,56.22500000000015,56.22500000000015
2025-12-22T18:01:37.543953,32.500,383.72187157136244,6767.740847091934,170.70963388367736,4100,1500,1520,40.0,35.0,20.0,6767.740847091934,128.032225412758,1500,1520,800,0,0,170.70963388367736,170.70963388367736,85.35481694183868,0.0,4100,4200,390.0,128.032225412758,33.25000000000003,25.0,25.0,-0.5158818468182341,-0.8566597458287672,1.0,0.0,0.0,0.0,0.0,41.09245339609174,39.53722447051569,40.28117940336644,41.94811024242226,56.25000000000014,56.25000000000014,56.25000000000014,56.25000000000014
2025-12-22T18:01:37.594473,32.550,383.732203504597,6812.285328977848,172.4914131591139,4100,1500,1520,40.0,35.0,20.0,6812.285328977848,129.36855986933543,1500,1520,800,0,0,172.4914131591139,172.4914131591139,86.24570657955695,0.0,4100,4200,390.0,129.36855986933543,33.25500000000003,25.0,25.0,-0.5371349049681202,-0.8434963508308073,0.9999999999999999,0.0,0.0,0.0,0.0,42.36193299641728,38.537976110842344,44.68171519749497,35.241333020225134,56.27500000000015,56.27500000000015,56.27500000000015,56.27500000000015
2025-12-22T18:01:37.645010,32.600,383.2885923963673,6852.300041361272,174.09200165445088,4100,1500,1520,40.0,35.0,20.0,6852.300041361272,130.56900124083816,1500,1520,800,0,0,174.09200165445088,174.09200165445088,87.04600082722544,0.0,4100,4200,390.0,130.56900124083816,33.260000000000026,25.0,25.0,-0.5580522712868973,-0.8298057980705698,1.0,0.0,0.0,0.0,0.0,43.7335969523271,42.86842397085223,38.861256393324794,38.18931860072746,56.30000000000014,56.30000000000014,56.30000000000014,56.30000000000014
2025-12-22T18:01:37.698680,32.650,383.4640936940201,6887.684968300507,175.50739873202025,4100,1500,1520,40.0,35.0,20.0,6887.684968300507,131.6305490490152,1500,1520,800,0,0,175.50739873202025,175.50739873202025,87.75369936601012,0.0,4100,4200,390.0,131.6305490490152,33.26500000000003,25.0,25.0,-0.5786208731015056,-0.8155966436978829,1.0,0.0,0.0,0.0,0.0,43.16516021272144,42.897479069012846,41.937303600489294,35.65511653820978,56.325000000000145,56.325000000000145,56.325000000000145,56.325000000000145
2025-12-22T18:01:37.749255,32.700,382.8911901718835,6918.351665906317,176.7340666362527,4100,1500,1520,40.0,35.0,20.0,6918.351665906317,132.55054997718952,1500,1520,800,0,0,176.7340666362527,176.7340666362527,88.36703331812635,0.0,4100,4200,390.0,132.55054997718952,33.270000000000024,25.0,25.0,-0.598827855705348,-0.8008777679717017,1.0,0.0,0.0,0.0,0.0,38.19946598145558,35.399874297743374,42.64504649032703,35.127958712340686,56.350000000000136,56.350000000000136,56.350000000000136,56.350000000000136
2025-12-22T18:01:37.800867,32.750,383.3273166823874,6944.223483405598,177.76893933622392,4100,1500,1520,40.0,35.0,20.0,6944.223483405598,133.32670450216796,1500,1520,800,0,0,177.76893933622392,177.76893933622392,88.88446966811196,0.0,4100,4200,390.0,133.32670450216796,33.27500000000003,25.0,25.0,-0.6186605903920628,-0.785658369710235,0.9999999999999999,0.0,0.0,0.0,0.0,36.11720265204596,39.132415711308234,40.64985432689887,41.92709601072662,56.37500000000014,56.37500000000014,56.37500000000014,56.37500000000014
2025-12-22T18:01:37.851885,32.800,382.80948351454884,6965.235754728382,178.60943018913528,4100,1500,1520,40.0,35.0,20.0,6965.235754728382,133.95707264185145,1500,1520,800,0,0,178.60943018913528,178.60943018913528,89.30471509456764,0.0,4100,4200,390.0,133.95707264185145,33.28000000000003,25.0,25.0,-0.6381066823480541,-0.7699479605419833,1.0,0.0,0.0,0.0,0.0,43.130555139665276,43.35245488154646,43.28748937516424,40.11733301710666,56.400000000000134,56.400000000000134,56.400000000000134,56.400000000000134
2025-12-22T18:01:37.902483,32.850,383.664829220816,6981.335960139341,179.25343840557366,4100,1500,1520,40.0,35.0,20.0,6981.335960139341,134.44007880418025,1500,1520,800,0,0,179.25343840557366,179.25343840557366,89.62671920278683,0.0,4100,4200,390.0,134.44007880418025,33.285000000000025,25.0,25.0,-0.6571539783988471,-0.753756358961281,1.0,0.0,0.0,0.0,0.0,35.585476172629456,42.93509053539546,41.3862896107048,39.24476908378847,56.42500000000014,56.42500000000014,56.42500000000014,56.42500000000014
2025-12-22T18:01:37.952721,32.900,382.9795768282689,6992.483857509774,179.69935430039095,4100,1500,1520,40.0,35.0,20.0,6992.483857509774,134.7745157252932,1500,1520,800,0,0,179.69935430039095,179.69935430039095,89.84967715019548,0.0,4100,4200,390.0,134.7745157252932,33.29000000000003,25.0,25.0,-0.6757905746044264,-0.7370936841920566,1.0,0.0,0.0,0.0,0.0,35.285030256838304,38.69043458492188,42.96344126751244,40.08961783744949,56.45000000000013,56.45000000000013,56.45000000000013,56.45000000000013
2025-12-22T18:01:38.003012,32.950,382.9728325354247,6998.651582901966,179.94606331607866,4100,1500,1520,40.0,35.0,20.0,6998.651582901966,134.959547487059,1500,1520,800,0,0,179.94606331607866,179.94606331607866,89.97303165803933,0.0,4100,4200,390.0,134.959547487059,33.29500000000003,25.0,25.0,-0.6940048236988106,-0.7199703498636474,1.0,0.0,0.0,0.0,0.0,44.568720684880674,44.524845835531664,35.874582449467326,44.864180283628784,56.475000000000136,56.475000000000136,56.475000000000136,56.475000000000136
2025-12-22T18:01:38.053499,33.000,383.0544512057331,6999.823720214527,179.9929488085811,4100,1500,1520,40.0,35.0,20.0,6999.823720214527,134.99471160643583,1500,1520,800,0,0,179.9929488085811,179.9929488085811,89.99647440429055,0.0,4100,4200,390.0,134.99471160643583,33.300000000000026,25.0,25.0,-0.7117853423692154,-0.7023970575026199,1.0,0.0,0.0,0.0,0.0,43.60374162426285,44.236652059936624,44.3437364225045,41.27602897413555,56.50000000000013,56.50000000000013,56.50000000000013,56.50000000000013
2025-12-22T18:01:38.103742,33.050,382.8596863432856,6995.997339714613,179.83989358858452,4100,1500,1520,40.0,35.0,20.0,6995.997339714613,134.87992019143837,1500,1520,800,0,0,179.83989358858452,179.83989358858452,89.91994679429226,0.0,4100,4200,390.0,134.87992019143837,33.30500000000003,25.0,25.0,-0.7291210183702526,-0.6843847898446647,1.0,0.0,0.0,0.0,0.0,36.58193220318205,43.68517344962435,40.567567307810236,35.816522200600254,56.525000000000134,56.525000000000134,56.525000000000134,56.525000000000134
2025-12-22T18:01:38.154369,33.100,382.96151865512115,6987.182005360732,179.4872802144293,4100,1500,1520,40.0,35.0,20.0,6987.182005360732,134.61546016082195,1500,1520,800,0,0,179.4872802144293,179.4872802144293,89.74364010721465,0.0,4100,4200,390.0,134.61546016082195,33.310000000000024,25.0,25.0,-0.7460010174687219,-0.6659448039707432,0.9999999999999999,0.0,0.0,0.0,0.0,44.72742699856251,39.807932878199274,42.055935990620824,39.44711124759556,56.550000000000125,56.550000000000125,56.550000000000125,56.550000000000125
2025-12-22T18:01:38.204815,33.150,383.69496318265107,6973.399750897833,178.9359900359133,4100,1500,1520,40.0,35.0,20.0,6973.399750897833,134.201992526935,1500,1520,800,0,0,178.9359900359133,178.9359900359133,89.46799501795665,0.0,4100,4200,390.0,134.201992526935,33.315000000000026,25.0,25.0,-0.762414790214655,-0.647088624271779,1.0,0.0,0.0,0.0,0.0,36.565641559700495,35.85654496971799,39.00635113347026,40.004493697056226,56.57500000000013,56.57500000000013,56.57500000000013,56.57500000000013
2025-12-22T18:01:38.255744,33.200,383.3196198859941,6954.685024784412,178.18740099137648,4100,1500,1520,40.0,35.0,20.0,6954.685024784412,133.64055074353234,1500,1520,800,0,0,178.18740099137648,178.18740099137648,89.09370049568824,0.0,4100,4200,390.0,133.64055074353234,33.32000000000002,25.0,25.0,-0.7783520785343766,-0.6278280352462892,1.0,0.0,0.0,0.0,0.0,43.43670862818171,40.87688401848802,35.44181265448777,40.25924182362603,56.60000000000012,56.60000000000012,56.60000000000012,56.60000000000012
2025-12-22T18:01:38.307315,33.250,383.0789368208225,6931.084604089313,177.24338416357253,4100,1500,1520,40.0,35.0,20.0,6931.084604089313,132.9325381226794,1500,1520,800,0,0,177.24338416357253,177.24338416357253,88.62169208178626,0.0,4100,4200,390.0,132.9325381226794,33.325000000000024,25.0,25.0,-0.7938029221414681,-0.6081750741354551,1.0,0.0,0.0,0.0,0.0,40.67814507743625,35.10105242942166,42.64135747729169,43.04734463492087,56.62500000000013,56.62500000000013,56.62500000000013,56.62500000000013
2025-12-22T18:01:38.357903,33.300,382.93528108771187,6902.6574775734125,176.10629910293648,4100,1500,1520,40.0,35.0,20.0,6902.6574775734125,132.07972432720237,1500,1520,800,0,0,176.10629910293648,176.10629910293648,88.05314955146824,0.0,4100,4200,390.0,132.07972432720237,33.33000000000003,25.0,25.0,-0.8087576647616218,-0.5881420234002397,1.0,0.0,0.0,0.0,0.0,35.22811300523495,39.034027541137064,39.59085667095192,43.29099134946022,56.65000000000012,56.65000000000012,56.65000000000012,56.65000000000012
2025-12-22T18:01:38.408966,33.350,383.29762756844565,6869.474698248438,174.7789879299375,4100,1500,1520,40.0,35.0,20.0,6869.474698248438,131.0842409474531,1500,1520,800,0,0,174.7789879299375,174.7789879299375,87.38949396496875,0.0,4100,4200,390.0,131.0842409474531,33.33500000000002,25.0,25.0,-0.8232069601674981,-0.5677414030452486,1.0,0.0,0.0,0.0,0.0,37.600781000995966,42.0986972686638,40.63880052653134,44.888166607847246,56.675000000000125,56.675000000000125,56.675000000000125,56.675000000000125
2025-12-22T18:01:38.459346,33.400,383.11163306862574,6831.619205781444,173.26476823125776,4100,1500,1520,40.0,35.0,20.0,6831.619205781444,129.9485761734433,1500,1520,800,0,0,173.26476823125776,173.26476823125776,86.63238411562888,0.0,4100,4200,390.0,129.9485761734433,33.340000000000025,25.0,25.0,-0.8371417780198129,-0.5469859627941345,1.0,0.0,0.0,0.0,0.0,43.44408391344726,37.53154832905019,40.33442844306921,44.770601043459706,56.70000000000012,56.70000000000012,56.70000000000012,56.70000000000012
2025-12-22T18:01:38.509758,33.450,383.1831891710863,6789.18561918884,171.5674247675536,4100,1500,1520,40.0,35.0,20.0,6789.18561918884,128.6755685756652,1500,1520,800,0,0,171.5674247675536,171.5674247675536,85.7837123837768,0.0,4100,4200,390.0,128.6755685756652,33.34500000000003,25.0,25.0,-0.8505534095110067,-0.5258886741214359,1.0,0.0,0.0,0.0,0.0,39.71293160734874,39.23379233012887,41.3376064548413,37.12185403493535,56.72500000000012,56.72500000000012,56.72500000000012,56.72500000000012
2025-12-22T18:01:38.560204,33.500,383.78201392425876,6742.280000338123,169.6912000135249,4100,1500,1520,40.0,35.0,20.0,6742.280000338123,127.26840001014368,1500,1520,800,0,0,169.6912000135249,169.6912000135249,84.84560000676245,0.0,4100,4200,390.0,127.26840001014368,33.35000000000002,25.0,25.0,-0.8634334728079648,-0.5044627221458268,1.0,0.0,0.0,0.0,0.0,44.5558130037993,42.18181561558434,38.78016753667819,42.58391788428988,56.750000000000114,56.750000000000114,56.750000000000114,56.750000000000114
2025-12-22T18:01:38.610643,33.550,383.9159709109248,6691.019588848443,167.64078355393775,4100,1500,1520,40.0,35.0,20.0,6691.019588848443,125.73058766545331,1500,1520,800,0,0,167.64078355393775,167.64078355393775,83.82039177696888,0.0,4100,4200,390.0,125.73058766545333,33.355000000000025,25.0,25.0,-0.8757739182903908,-0.482721497389847,1.0,0.0,0.0,0.0,0.0,39.44898343257642,39.66239737170791,41.22506326879234,44.570994583561635,56.77500000000012,56.77500000000012,56.77500000000012,56.77500000000012
2025-12-22T18:01:38.660963,33.600,383.4516537458954,6635.532509052622,165.4213003621049,4100,1500,1520,40.0,35.0,20.0,6635.532509052622,124.06597527157867,1500,1520,800,0,0,165.4213003621049,165.4213003621049,82.71065018105244,0.0,4100,4200,390.0,124.06597527157867,33.36000000000002,25.0,25.0,-0.8875670335815569,-0.4606785874112616,0.9999999999999999,0.0,0.0,0.0,0.0,44.7765834575482,35.371149060381384,40.225652187192026,43.70195348756978,56.80000000000011,56.80000000000011,56.80000000000011,56.80000000000011
2025-12-22T18:01:38.711493,33.650,384.2939678078791,6575.957449753034,163.03829799012135,4100,1500,1520,40.0,35.0,20.0,6575.957449753034,122.27872349259101,1500,1520,800,0,0,163.03829799012135,163.03829799012135,81.51914899506068,0.0,4100,4200,390.0,122.27872349259101,33.36500000000002,25.0,25.0,-0.8988054483682888,-0.4383477683112796,1.0,0.0,0.0,0.0,0.0,36.2733452014282,39.9866375459137,42.30060785452858,43.15081617638682,56.82500000000012,56.82500000000012,56.82500000000012,56.82500000000012
2025-12-22T18:01:38.764542,33.700,384.19104766361676,6512.443317571838,160.49773270287352,4100,1500,1520,40.0,35.0,20.0,6512.443317571838,120.37329952715514,1500,1520,800,0,0,160.49773270287352,160.49773270287352,80.24886635143676,0.0,4100,4200,390.0,120.37329952715513,33.37000000000002,25.0,25.0,-0.909482139007171,-0.41574299612493887,1.0,0.0,0.0,0.0,0.0,38.586516135950326,37.448171690913966,43.32046409123188,37.75454025971401,56.85000000000011,56.85000000000011,56.85000000000011,56.85000000000011
2025-12-22T18:01:38.820092,33.750,383.94501076468686,6445.148864761965,157.80595459047862,4100,1500,1520,40.0,35.0,20.0,6445.148864761965,118.35446594285897,1500,1520,800,0,0,157.80595459047862,157.80595459047862,78.90297729523931,0.0,4100,4200,390.0,118.35446594285898,33.37500000000002,25.0,25.0,-0.9195904329140953,-0.3928783980990388,1.0,0.0,0.0,0.0,0.0,41.40449468646243,40.06954334411632,35.06338735416883,37.32895528259006,56.875000000000114,56.875000000000114,56.875000000000114,56.875000000000114
2025-12-22T18:01:38.871599,33.800,384.2176285341,6374.242292409169,154.96969169636674,4100,1500,1520,40.0,35.0,20.0,6374.242292409169,116.22726877227505,1500,1520,800,0,0,154.96969169636674,154.96969169636674,77.48484584818337,0.0,4100,4200,390.0,116.22726877227505,33.380000000000024,25.0,25.0,-0.9291240127344091,-0.3697682638630708,1.0,0.0,0.0,0.0,0.0,38.855488596402,40.036557590572905,38.83802314453698,39.41301803383471,56.900000000000105,56.900000000000105,56.900000000000105,56.900000000000105
2025-12-22T18:01:38.922129,33.850,384.5087953620708,6299.9008300169,151.99603320067598,4100,1500,1520,40.0,35.0,20.0,6299.9008300169,113.99702490050699,1500,1520,800,0,0,151.99603320067598,151.99603320067598,75.99801660033799,0.0,4100,4200,390.0,113.997024900507,33.38500000000002,25.0,25.0,-0.9380769202910563,-0.34642703649866496,1.0,0.0,0.0,0.0,0.0,43.5104418873359,38.56750779126015,40.28162084296936,36.883776304344295,56.92500000000011,56.92500000000011,56.92500000000011,56.92500000000011
2025-12-22T18:01:38.975716,33.900,384.7141035731636,6222.310292524855,148.8924117009942,4100,1500,1520,40.0,35.0,20.0,6222.310292524855,111.66930877574563,1500,1520,800,0,0,148.8924117009942,148.8924117009942,74.4462058504971,0.0,4100,4200,390.0,111.66930877574563,33.39000000000002,25.0,25.0,-0.9464435603082434,-0.3228693035131343,1.0,0.0,0.0,0.0,0.0,36.86112893610902,43.33703753159703,37.00316890279259,42.8075087255072,56.9500000000001,56.9500000000001,56.9500000000001,56.9500000000001
2025-12-22T18:01:39.026307,33.950,384.6678817198378,6141.6646158683925,145.6665846347357,4100,1500,1520,40.0,35.0,20.0,6141.6646158683925,109.24993847605177,1500,1520,800,0,0,145.6665846347357,145.6665846347357,72.83329231736785,0.0,4100,4200,390.0,109.24993847605177,33.395000000000024,25.0,25.0,-0.9542187039083058,-0.2991097877227575,1.0,0.0,0.0,0.0,0.0,36.368881754255135,43.557054691310064,40.00247276933981,36.55712773202755,56.97500000000011,56.97500000000011,56.97500000000011,56.97500000000011
2025-12-22T18:01:39.077320,34.000,385.0811403645666,6058.165372239698,142.32661488958792,4100,1500,1520,40.0,35.0,20.0,6058.165372239698,106.74496116719094,1500,1520,800,0,0,142.32661488958792,142.32661488958792,71.16330744479396,0.0,4100,4200,390.0,106.74496116719095,33.40000000000002,25.0,25.0,-0.9613974918795852,-0.2751633380514979,1.0,0.0,0.0,0.0,0.0,40.05337664681957,36.314866812500526,44.99302270054672,40.12778060165622,57.0000000000001,57.0000000000001,57.0000000000001,57.0000000000001
2025-12-22T18:01:39.127854,34.050,385.1870299224331,5972.021266262277,138.88085065049108,4100,1500,1520,40.0,35.0,20.0,5972.021266262277,104.16063798786831,1500,1520,800,0,0,138.88085065049108,138.88085065049108,69.44042532524554,0.0,4100,4200,390.0,104.16063798786831,33.40500000000002,25.0,25.0,-0.9679754377132792,-0.2510449202509094,1.0,0.0,0.0,0.0,0.0,42.46166846509184,35.254536828749266,43.28667344779997,39.547651950688135,57.025000000000105,57.025000000000105,57.025000000000105,57.025000000000105
2025-12-22T18:01:39.178377,34.100,385.3390057706558,5883.44761333809,135.3379045335236,4100,1500,1520,40.0,35.0,20.0,5883.44761333809,101.50342840014271,1500,1520,800,0,0,135.3379045335236,135.3379045335236,67.6689522667618,0.0,4100,4200,390.0,101.50342840014271,33.41000000000002,25.0,25.0,-0.9739484304073632,-0.22676960754702902,1.0,0.0,0.0,0.0,0.0,35.46906465919521,41.38573129457039,40.825126495596045,41.8138429370341,57.0500000000001,57.0500000000001,57.0500000000001,57.0500000000001
2025-12-22T18:01:39.228741,34.150,384.67238326758957,5792.665801471182,131.70663205884728,4100,1500,1520,40.0,35.0,20.0,5792.665801471182,98.77997404413546,1500,1520,800,0,0,131.70663205884728,131.70663205884728,65.85331602942364,0.0,4100,4200,390.0,98.77997404413546,33.41500000000002,25.0,25.0,-0.9793127370358327,-0.20235257122010114,1.0,0.0,0.0,0.0,0.0,36.880392002625555,40.54814222946835,37.35802796267583,38.68130250718596,57.0750000000001,57.0750000000001,57.0750000000001,57.0750000000001
2025-12-22T18:01:39.280336,34.200,385.4132326772838,5699.902737912965,127.9961095165186,4100,1500,1520,40.0,35.0,20.0,5699.902737912965,95.99708213738896,1500,1520,800,0,0,127.9961095165186,127.9961095165186,63.9980547582593,0.0,4100,4200,390.0,95.99708213738896,33.420000000000016,25.0,25.0,-0.9840650050816604,-0.17780907112302125,0.9999999999999999,0.0,0.0,0.0,0.0,43.21191537459632,38.07742305709284,38.57945640651362,38.77095613103913,57.100000000000094,57.100000000000094,57.100000000000094,57.100000000000094
2025-12-22T18:01:39.331348,34.250,385.60253217488435,5605.390282012265,124.2156112804906,4100,1500,1520,40.0,35.0,20.0,5605.390282012265,93.16170846036795,1500,1520,800,0,0,124.2156112804906,124.2156112804906,62.1078056402453,0.0,4100,4200,390.0,93.16170846036795,33.42500000000002,25.0,25.0,-0.988202264532011,-0.15315444614442458,1.0,0.0,0.0,0.0,0.0,35.54348029726364,41.84290685934744,41.554621097920325,37.80681192512676,57.1250000000001,57.1250000000001,57.1250000000001,57.1250000000001
2025-12-22T18:01:39.383546,34.300,385.9394153407663,5509.364665687699,120.37458662750797,4100,1500,1520,40.0,35.0,20.0,5509.364665687699,90.28093997063098,1500,1520,800,0,0,120.37458662750797,120.37458662750797,60.18729331375398,0.0,4100,4200,390.0,90.28093997063098,33.43000000000002,25.0,25.0,-0.9917219297344013,-0.1284041046223801,0.9999999999999999,0.0,0.0,0.0,0.0,42.6490155715917,35.02859240788332,35.487877033903864,37.07564264591445,57.15000000000009,57.15000000000009,57.15000000000009,57.15000000000009
2025-12-22T18:01:39.435080,34.350,385.5467247134485,5412.065902970904,116.48263611883615,4100,1500,1520,40.0,35.0,20.0,5412.065902970904,87.36197708912712,1500,1520,800,0,0,116.48263611883615,116.48263611883615,58.24131805941808,0.0,4100,4200,390.0,87.36197708912712,33.43500000000002,25.0,25.0,-0.9946218010126502,-0.10357351471468071,1.0,0.0,0.0,0.0,0.0,41.31191338186044,36.372625619629446,44.17681085126553,43.81586703946903,57.1750000000001,57.1750000000001,57.1750000000001,57.1750000000001
2025-12-22T18:01:39.485766,34.400,385.91154498990835,5313.737190096455,112.54948760385821,4100,1500,1520,40.0,35.0,20.0,5313.737190096455,84.41211570289366,1500,1520,800,0,0,112.54948760385821,112.54948760385821,56.274743801929105,0.0,4100,4200,390.0,84.41211570289366,33.44000000000002,25.0,25.0,-0.9969000660416033,-0.07867819473174806,0.9999999999999999,0.0,0.0,0.0,0.0,42.74150029362704,39.914661629116345,44.61314108619787,42.10296559716873,57.20000000000009,57.20000000000009,57.20000000000009,57.20000000000009
2025-12-22T18:01:39.536338,34.450,386.42733047645055,5214.624297637935,108.58497190551742,4100,1500,1520,40.0,35.0,20.0,5214.624297637935,81.43872892913807,1500,1520,800,0,0,108.58497190551742,108.58497190551742,54.29248595275871,0.0,4100,4200,390.0,81.43872892913807,33.44500000000002,25.0,25.0,-0.9985553009797786,-0.053733703438193885,1.0,0.0,0.0,0.0,0.0,41.39268303862064,37.79620703599955,38.23039000601653,41.41703442680799,57.225000000000094,57.225000000000094,57.225000000000094,57.225000000000094
2025-12-22T18:01:39.586952,34.500,386.16789120473675,5114.974956209495,104.59899824837977,4100,1500,1520,40.0,35.0,20.0,5114.974956209495,78.44924868628483,1500,1520,800,0,0,104.59899824837977,104.59899824837977,52.299499124189886,0.0,4100,4200,390.0,78.44924868628483,33.45000000000002,25.0,25.0,-0.9995864713592197,-0.02875563032909838,1.0,0.0,0.0,0.0,0.0,37.448433421087046,39.778177713266956,35.98399144096898,37.59432378825274,57.250000000000085,57.250000000000085,57.250000000000085,57.250000000000085
2025-12-22T18:01:39.637312,34.550,385.73029533548055,5015.03823726833,100.60152949073318,4100,1500,1520,40.0,35.0,20.0,5015.03823726833,75.45114711804989,1500,1520,800,0,0,100.60152949073318,100.60152949073318,50.30076474536659,0.0,4100,4200,390.0,75.45114711804989,33.45500000000002,25.0,25.0,-0.9999929327320057,-0.003759585887083374,1.0,0.0,0.0,0.0,0.0,35.90848627776694,41.80346058687053,44.996897428124306,43.82995162128395,57.27500000000009,57.27500000000009,57.27500000000009,57.27500000000009
2025-12-22T18:01:39.687968,34.600,386.8477332115946,4915.063930565756,96.60255722263025,4100,1500,1520,40.0,35.0,20.0,4915.063930565756,72.45191791697269,1500,1520,800,0,0,96.60255722263025,96.60255722263025,48.30127861131513,0.0,4100,4200,390.0,72.45191791697269,33.460000000000015,25.0,25.0,-0.9997744310730093,0.02123880817373126,1.0,0.0,0.0,0.0,0.0,40.91878400592704,40.595729742199566,38.17422703456349,42.85450161048346,57.30000000000008,57.30000000000008,57.30000000000008,57.30000000000008
2025-12-22T18:01:39.738295,34.650,386.8272406526018,4815.301919802919,92.61207679211675,4100,1500,1520,40.0,35.0,20.0,4815.301919802919,69.45905759408757,1500,1520,800,0,0,92.61207679211675,92.61207679211675,46.306038396058376,0.0,4100,4200,390.0,69.45905759408757,33.46500000000002,25.0,25.0,-0.998931102938655,0.04622392867079036,1.0,0.0,0.0,0.0,0.0,40.992095490136634,35.33066861893021,36.15537656189652,36.22488705536186,57.32500000000009,57.32500000000009,57.32500000000009,57.32500000000009
2025-12-22T18:01:39.789924,34.700,386.46784343745446,4716.001558051673,88.64006232206692,4100,1500,1520,40.0,35.0,20.0,4716.001558051673,66.4800467415502,1500,1520,800,0,0,88.64006232206692,88.64006232206692,44.32003116103346,0.0,4100,4200,390.0,66.4800467415502,33.47000000000001,25.0,25.0,-0.9974634753815751,0.07118016071708405,0.9999999999999999,0.0,0.0,0.0,0.0,44.85463870439373,37.85026557893909,42.56987020677887,35.275875332555366,57.35000000000008,57.35000000000008,57.35000000000008,57.35000000000008
2025-12-22T18:01:39.841443,34.750,386.6956295730576,4617.411044501769,84.69644178007076,4100,1500,1520,40.0,35.0,20.0,4617.411044501769,63.52233133505307,1500,1520,800,0,0,84.69644178007076,84.69644178007076,42.34822089003538,0.0,4100,4200,390.0,63.52233133505307,33.475000000000016,25.0,25.0,-0.9953724656212196,0.09609190747994382,1.0,0.0,0.0,0.0,0.0,38.29271478357224,43.147789301509896,42.80874839910996,44.83992045758283,57.375000000000085,57.375000000000085,57.375000000000085,57.375000000000085
2025-12-22T18:01:39.894714,34.800,387.33886235575,4519.776804092134,80.79107216368536,4100,1500,1520,40.0,35.0,20.0,4519.776804092134,60.59330412276402,1500,1520,800,0,0,80.79107216368536,80.79107216368536,40.39553608184268,0.0,4100,4200,390.0,60.59330412276402,33.48000000000002,25.0,25.0,-0.9926593804706233,0.12094359992855525,1.0,0.0,0.0,0.0,0.0,39.33408582129885,35.75123127618046,36.80189779665694,41.108706593435116,57.40000000000008,57.40000000000008,57.40000000000008,57.40000000000008
2025-12-22T18:01:39.946234,34.850,387.57402395014884,4423.342871576862,76.9337148630745,4100,1500,1520,40.0,35.0,20.0,4423.342871576862,57.700286147305874,1500,1520,800,0,0,76.9337148630745,76.9337148630745,38.46685743153725,0.0,4100,4200,390.0,57.700286147305874,33.485000000000014,25.0,25.0,-0.9893259155196905,0.14571970656409547,1.0,0.0,0.0,0.0,0.0,43.92421294159366,44.34542996976933,35.03321099165703,38.044888626311426,57.42500000000008,57.42500000000008,57.42500000000008,57.42500000000008
2025-12-22T18:01:39.997004,34.900,387.4480303177821,4328.350281565422,73.13401126261687,4100,1500,1520,40.0,35.0,20.0,4328.350281565422,54.85050844696265,1500,1520,800,0,0,73.13401126261687,73.13401126261687,36.56700563130843,0.0,4100,4200,390.0,54.85050844696265,33.490000000000016,25.0,25.0,-0.9853741540755069,0.17040474312641435,1.0,0.0,0.0,0.0,0.0,40.609207896088066,40.1802865860261,37.697330949785545,40.63926833178421,57.450000000000074,57.450000000000074,57.450000000000074,57.450000000000074
2025-12-22T18:01:40.047591,34.950,386.93711899811626,4235.036466061656,69.40145864246622,4100,1500,1520,40.0,35.0,20.0,4235.036466061656,52.05109398184967,1500,1520,800,0,0,69.40145864246622,69.40145864246622,34.70072932123311,0.0,4100,4200,390.0,52.05109398184967,33.49500000000002,25.0,25.0,-0.9808065658603394,0.19498328227119305,1.0,0.0,0.0,0.0,0.0,38.820286336047474,41.242251288580185,37.549868697075055,44.157688321039224,57.47500000000008,57.47500000000008,57.47500000000008,57.47500000000008
2025-12-22T18:01:40.098469,35.000,387.72094428507876,4143.634661007428,65.74538644029712,4100,1500,1520,40.0,35.0,20.0,4143.634661007428,49.309039830222844,1500,1520,800,0,0,65.74538644029712,65.74538644029712,32.87269322014856,0.0,4100,4200,390.0,49.309039830222844,33.500000000000014,25.0,25.0,-0.9756260054681412,0.2194399632115321,1.0,0.0,0.0,0.0,0.0,35.37320525582772,38.6720082930042,41.154854585423735,42.87844275659129,57.50000000000007,57.50000000000007,57.50000000000007,57.50000000000007
2025-12-22T18:01:40.149198,35.050,387.8604155686053,4054.3733233142348,62.1749329325694,4100,1500,1520,40.0,35.0,20.0,4054.3733233142348,46.63119969942705,1500,1520,800,0,0,62.1749329325694,62.1749329325694,31.0874664662847,0.0,4100,4200,390.0,46.63119969942705,33.50500000000002,25.0,25.0,-0.9698357105805229,0.24375950131794313,1.0,0.0,0.0,0.0,0.0,40.30234903324644,37.691928809599155,38.3220427095207,37.16551890454898,57.52500000000008,57.52500000000008,57.52500000000008,57.52500000000008
2025-12-22T18:01:40.199700,35.100,387.6446982392119,3967.4755598399024,58.6990223935961,4100,1500,1520,40.0,35.0,20.0,3967.4755598399024,44.02426679519708,1500,1520,800,0,0,58.6990223935961,58.6990223935961,29.34951119679805,0.0,4100,4200,390.0,44.02426679519708,33.51000000000001,25.0,25.0,-0.9634392999433069,0.26792669767074473,0.9999999999999999,0.0,0.0,0.0,0.0,37.97779968681695,41.8412827504457,36.65486649201976,37.49382062316587,57.55000000000007,57.55000000000007,57.55000000000007,57.55000000000007
2025-12-22T18:01:40.253052,35.150,388.24758709757435,3883.1585697376368,55.32634278950547,4100,1500,1520,40.0,35.0,20.0,3883.1585697376368,41.4947570921291,1500,1520,800,0,0,55.32634278950547,55.32634278950547,27.663171394752734,0.0,4100,4200,390.0,41.4947570921291,33.515000000000015,25.0,25.0,-0.9564407711049295,0.29192644855889266,1.0,0.0,0.0,0.0,0.0,44.06836596751174,40.15731653080003,38.23670520031881,39.021787800342736,57.575000000000074,57.575000000000074,57.575000000000074,57.575000000000074
2025-12-22T18:01:40.305194,35.200,387.7234722889539,3801.633101571253,52.06532406285013,4100,1500,1520,40.0,35.0,20.0,3801.633101571253,39.0489930471376,1500,1520,800,0,0,52.06532406285013,52.06532406285013,26.032662031425065,0.0,4100,4200,390.0,39.0489930471376,33.52000000000001,25.0,25.0,-0.9488444979181027,0.3157437549193074,1.0,0.0,0.0,0.0,0.0,37.078075556080094,43.19684821997752,40.72192925050479,36.299742316997154,57.600000000000065,57.600000000000065,57.600000000000065,57.600000000000065
2025-12-22T18:01:40.357736,35.250,388.45465419727725,3723.1029265535253,48.924117062141015,4100,1500,1520,40.0,35.0,20.0,3723.1029265535253,36.69308779660576,1500,1520,800,0,0,48.924117062141015,48.924117062141015,24.462058531070507,0.0,4100,4200,390.0,36.69308779660576,33.52500000000001,25.0,25.0,-0.9406552278062987,0.3393637317108005,0.9999999999999999,0.0,0.0,0.0,0.0,41.635444429392564,44.264351941924474,44.20363250321956,44.48220133341475,57.62500000000007,57.62500000000007,57.62500000000007,57.62500000000007
2025-12-22T18:01:40.410801,35.300,388.3929545706549,3647.764329224273,45.9105731689709,4100,1500,1520,40.0,35.0,20.0,3647.764329224273,34.432929876728174,1500,1520,800,0,0,45.9105731689709,45.9105731689709,22.95528658448545,0.0,4100,4200,390.0,34.432929876728174,33.530000000000015,25.0,25.0,-0.9318780787967654,0.3627716172167406,1.0,0.0,0.0,0.0,0.0,38.23976921522615,37.453950487399155,39.19689119969338,43.126725581936455,57.65000000000006,57.65000000000006,57.65000000000006,57.65000000000006
2025-12-22T18:01:40.461304,35.350,388.3958954012149,3575.805616841235,43.032224673649395,4100,1500,1520,40.0,35.0,20.0,3575.805616841235,32.27416850523704,1500,1520,800,0,0,43.032224673649395,43.032224673649395,21.516112336824698,0.0,4100,4200,390.0,32.27416850523704,33.53500000000001,25.0,25.0,-0.9225185363219252,0.3859527822706463,1.0,0.0,0.0,0.0,0.0,36.781958288846276,43.672228741194544,42.201174286112234,42.45181108568962,57.67500000000007,57.67500000000007,57.67500000000007,57.67500000000007
2025-12-22T18:01:40.511625,35.400,388.7024534079928,3507.406648709997,40.296265948399885,4100,1500,1520,40.0,35.0,20.0,3507.406648709997,30.222199461299915,1500,1520,800,0,0,40.296265948399885,40.296265948399885,20.148132974199942,0.0,4100,4200,390.0,30.222199461299915,33.54000000000001,25.0,25.0,-0.9125824497911583,0.4088927393989382,1.0,0.0,0.0,0.0,0.0,40.37705267766508,41.432718565932156,36.62194639868756,41.75456160301292,57.70000000000006,57.70000000000006,57.70000000000006,57.70000000000006
2025-12-22T18:01:40.562240,35.450,388.50697810875374,3442.738386629393,37.70953546517573,4100,1500,1520,40.0,35.0,20.0,3442.738386629393,28.2821515988818,1500,1520,800,0,0,37.70953546517573,37.70953546517573,18.854767732587867,0.0,4100,4200,390.0,28.282151598881804,33.545000000000016,25.0,25.0,-0.9020760289351132,0.43157715187513906,1.0,0.0,0.0,0.0,0.0,41.23318248186422,38.39796528405418,43.23275291161731,42.934115648017055,57.725000000000065,57.725000000000065,57.725000000000065,57.725000000000065
2025-12-22T18:01:40.612622,35.500,388.43549532218395,3381.962467576045,35.278498703041805,4100,1500,1520,40.0,35.0,20.0,3381.962467576045,26.458874027281354,1500,1520,800,0,0,35.278498703041805,35.278498703041805,17.639249351520903,0.0,4100,4200,390.0,26.458874027281354,33.55000000000001,25.0,25.0,-0.891005839924826,0.4539918426798607,1.0,0.0,0.0,0.0,0.0,43.60151153057954,39.960171191697015,40.554896112684645,41.19935697563119,57.75000000000006,57.75000000000006,57.75000000000006,57.75000000000006
2025-12-22T18:01:40.663432,35.550,388.90683103424016,3325.230799696099,33.00923198784396,4100,1500,1520,40.0,35.0,20.0,3325.230799696099,24.75692399088297,1500,1520,800,0,0,33.00923198784396,33.00923198784396,16.50461599392198,0.0,4100,4200,390.0,24.75692399088297,33.555000000000014,25.0,25.0,-0.879378801268078,0.47612280336097984,1.0,0.0,0.0,0.0,0.0,38.01269798270562,44.38200064061122,43.14494977277343,39.46721269623162,57.77500000000006,57.77500000000006,57.77500000000006,57.77500000000006
2025-12-22T18:01:40.714294,35.600,388.71355206625594,3272.6851826139737,30.90740730455893,4100,1500,1520,40.0,35.0,20.0,3272.6851826139737,23.180555478419198,1500,1520,800,0,0,30.90740730455893,30.90740730455893,15.453703652279465,0.0,4100,4200,390.0,23.180555478419198,33.56000000000001,25.0,25.0,-0.8672021794855531,0.49795620278846475,1.0,0.0,0.0,0.0,0.0,37.10045819140703,38.36738960614345,42.615867140599406,37.30534308685359,57.800000000000054,57.800000000000054,57.800000000000054,57.800000000000054
2025-12-22T18:01:40.770912,35.650,388.90649503607136,3224.456953007145,28.978278120285808,4100,1500,1520,40.0,35.0,20.0,3224.456953007145,21.733708590214356,1500,1520,800,0,0,28.978278120285808,28.978278120285808,14.489139060142904,0.0,4100,4200,390.0,21.733708590214356,33.56500000000001,25.0,25.0,-0.8544835845694992,0.519478395798381,0.9999999999999999,0.0,0.0,0.0,0.0,42.64156485077292,38.17020968244738,41.564194095552935,35.556651029229755,57.82500000000006,57.82500000000006,57.82500000000006,57.82500000000006
2025-12-22T18:01:40.825446,35.700,389.3200569504168,3180.6666563328554,27.226666253314207,4100,1500,1520,40.0,35.0,20.0,3180.6666563328554,20.419999689985655,1500,1520,800,0,0,27.226666253314207,27.226666253314207,13.613333126657103,0.0,4100,4200,390.0,20.419999689985655,33.57000000000001,25.0,25.0,-0.841230965227731,0.540675931720675,1.0,0.0,0.0,0.0,0.0,43.78890143196603,42.094044726485436,41.48981647093794,37.59045675316938,57.85000000000005,57.85000000000005,57.85000000000005,57.85000000000005
2025-12-22T18:01:40.876978,35.750,389.08373006822717,3141.423745527243,25.656949821089725,4100,1500,1520,40.0,35.0,20.0,3141.423745527243,19.242712365817294,1500,1520,800,0,0,25.656949821089725,25.656949821089725,12.828474910544863,0.0,4100,4200,390.0,19.242712365817294,33.57500000000001,25.0,25.0,-0.8274526039159454,0.561535562785405,1.0,0.0,0.0,0.0,0.0,40.90820596841833,37.84872765636662,43.749473173458334,42.09575670332923,57.87500000000006,57.87500000000006,57.87500000000006,57.87500000000006
2025-12-22T18:01:40.929525,35.800,389.07153074248026,3106.8263074300103,24.273052297200422,4100,1500,1520,40.0,35.0,20.0,3106.8263074300103,18.204789222900317,1500,1520,800,0,0,24.273052297200422,24.273052297200422,12.136526148600211,0.0,4100,4200,390.0,18.204789222900317,33.58000000000001,25.0,25.0,-0.8131571116614574,0.5820442524021657,1.0,0.0,0.0,0.0,0.0,42.297898368232325,40.0946241949691,39.23448920871198,35.2512533398674,57.90000000000005,57.90000000000005,57.90000000000005,57.90000000000005
2025-12-22T18:01:40.980538,35.850,388.8138558396931,3076.9608176184024,23.0784327047361,4100,1500,1520,40.0,35.0,20.0,3076.9608176184024,17.308824528552076,1500,1520,800,0,0,23.0784327047361,23.0784327047361,11.53921635236805,0.0,4100,4200,390.0,17.308824528552076,33.58500000000001,25.0,25.0,-0.7983534226815877,0.6021891833075335,1.0,0.0,0.0,0.0,0.0,39.92542079926524,44.57695972361197,44.97841176403851,43.47075178347677,57.925000000000054,57.925000000000054,57.925000000000054,57.925000000000054
2025-12-22T18:01:41.031107,35.900,388.86652759201064,3051.901924263302,22.076076970532085,4100,1500,1520,40.0,35.0,20.0,3051.901924263302,16.557057727899064,1500,1520,800,0,0,22.076076970532085,22.076076970532085,11.038038485266043,0.0,4100,4200,390.0,16.557057727899064,33.59000000000001,25.0,25.0,-0.7830507888000678,0.6219577655754381,1.0,0.0,0.0,0.0,0.0,44.90554344549433,39.32617658676649,44.7106152182579,40.9463157474073,57.950000000000045,57.950000000000045,57.950000000000045,57.950000000000045
2025-12-22T18:01:41.081577,35.950,388.90464110919595,3031.7122615476774,21.268490461907106,4100,1500,1520,40.0,35.0,20.0,3031.7122615476774,15.95136784643033,1500,1520,800,0,0,21.268490461907106,21.268490461907106,10.634245230953553,0.0,4100,4200,390.0,15.95136784643033,33.59500000000001,25.0,25.0,-0.7672587736649513,0.6413376444854574,0.9999999999999999,0.0,0.0,0.0,0.0,39.49501985846031,42.733639002997,41.76039904271305,43.701679614717776,57.97500000000005,57.97500000000005,57.97500000000005,57.97500000000005
2025-12-22T18:01:41.132357,36.000,389.2756590192699,3016.442293113745,20.657691724549792,4100,1500,1520,40.0,35.0,20.0,3016.442293113745,15.493268793412344,1500,1520,800,0,0,20.657691724549792,20.657691724549792,10.328845862274896,0.0,4100,4200,390.0,15.493268793412344,33.60000000000001,25.0,25.0,-0.7509872467716456,0.6603167082441148,1.0,0.0,0.0,0.0,0.0,42.673697899355865,43.96068196221216,35.1730535520658,36.07314342335228,58.00000000000004,58.00000000000004,58.00000000000004,58.00000000000004
2025-12-22T18:01:41.183159,36.050,389.3487852377265,3006.130185930143,20.24520743720572,4100,1500,1520,40.0,35.0,20.0,3006.130185930143,15.18390557790429,1500,1520,800,0,0,20.24520743720572,20.24520743720572,10.12260371860286,0.0,4100,4200,390.0,15.183905577904289,33.60500000000001,25.0,25.0,-0.7342463772947978,0.6788830955543564,1.0,0.0,0.0,0.0,0.0,38.57512051482214,41.878769994004394,44.01718344576287,37.74578852414301,58.02500000000005,58.02500000000005,58.02500000000005,58.02500000000005
2025-12-22T18:01:41.233837,36.100,389.7167066547811,3000.801714894389,20.03206859577557,4100,1500,1520,40.0,35.0,20.0,3000.801714894389,15.024051446831677,1500,1520,800,0,0,20.03206859577557,20.03206859577557,10.016034297887785,0.0,4100,4200,390.0,15.024051446831677,33.61000000000001,25.0,25.0,-0.7170466277328921,0.6970252030284754,1.0,0.0,0.0,0.0,0.0,36.753510200038065,38.64371180537235,41.12088725740767,44.02895396502437,58.05000000000004,58.05000000000004,58.05000000000004,58.05000000000004
2025-12-22T18:01:41.290383,36.150,389.0307022509708,3000.470198409059,20.018807936362364,4100,1500,1520,40.0,35.0,20.0,3000.470198409059,15.014105952271773,1500,1520,800,0,0,20.018807936362364,20.018807936362364,10.009403968181182,0.0,4100,4200,390.0,15.014105952271773,33.61500000000001,25.0,25.0,-0.6993987473695287,0.7147316924398514,1.0,0.0,0.0,0.0,0.0,38.82133515503288,37.42249394975701,36.01293965459266,40.39402224306935,58.075000000000045,58.075000000000045,58.075000000000045,58.075000000000045
2025-12-22T18:01:41.341398,36.200,389.5697303177038,3005.1364650927153,20.205458603708607,4100,1500,1520,40.0,35.0,20.0,3005.1364650927153,15.154093952781455,1500,1520,800,0,0,20.205458603708607,20.205458603708607,10.102729301854303,0.0,4100,4200,390.0,15.154093952781455,33.620000000000005,25.0,25.0,-0.6813137655554714,0.7319914978089733,1.0,0.0,0.0,0.0,0.0,36.34647251242723,39.993418347086276,44.71609212167671,38.28487662055494,58.10000000000004,58.10000000000004,58.10000000000004,58.10000000000004
2025-12-22T18:01:41.392161,36.250,388.896130792907,3014.7888517087936,20.59155406835174,4100,1500,1520,40.0,35.0,20.0,3014.7888517087936,15.443665551263805,1500,1520,800,0,0,20.59155406835174,20.59155406835174,10.29577703417587,0.0,4100,4200,390.0,15.443665551263805,33.62500000000001,25.0,25.0,-0.6628029848156624,0.7487938323193166,1.0,0.0,0.0,0.0,0.0,41.55815661854018,40.39131581565451,37.19899186706665,38.06493393494602,58.12500000000004,58.12500000000004,58.12500000000004,58.12500000000004
2025-12-22T18:01:41.444705,36.300,388.94340323402594,3029.4032323176193,21.176129292704772,4100,1500,1520,40.0,35.0,20.0,3029.4032323176193,15.882096969528579,1500,1520,800,0,0,21.176129292704772,21.176129292704772,10.588064646352386,0.0,4100,4200,390.0,15.882096969528579,33.63000000000001,25.0,25.0,-0.6438779737855121,0.7651281950587518,1.0,0.0,0.0,0.0,0.0,38.35913973322408,36.894152364839236,38.280329952090774,39.6804909805675,58.150000000000034,58.150000000000034,58.150000000000034,58.150000000000034
2025-12-22T18:01:41.494918,36.350,388.7009143234864,3048.9430785786926,21.957723143147703,4100,1500,1520,40.0,35.0,20.0,3048.9430785786926,16.468292357360777,1500,1520,800,0,0,21.957723143147703,21.957723143147703,10.978861571573852,0.0,4100,4200,390.0,16.468292357360777,33.635000000000005,25.0,25.0,-0.6245505599808788,0.7809843775822732,1.0,0.0,0.0,0.0,0.0,40.80925832197402,42.54761848784148,36.85026904329705,36.070326787711075,58.17500000000004,58.17500000000004,58.17500000000004,58.17500000000004
2025-12-22T18:01:41.545472,36.400,388.9818069461383,3073.3595510525165,22.93438204210065,4100,1500,1520,40.0,35.0,20.0,3073.3595510525165,17.20078653157549,1500,1520,800,0,0,22.93438204210065,22.93438204210065,11.467191021050326,0.0,4100,4200,390.0,17.20078653157549,33.64000000000001,25.0,25.0,-0.6048328224062558,0.7963524702919447,1.0,0.0,0.0,0.0,0.0,40.140623663676855,35.45867717387128,41.28498151905779,40.795677255673226,58.20000000000003,58.20000000000003,58.20000000000003,58.20000000000003
2025-12-22T18:01:41.596015,36.450,388.7744608895568,3102.5916212737593,24.103664850950366,4100,1500,1520,40.0,35.0,20.0,3102.5916212737593,18.077748638212775,1500,1520,800,0,0,24.103664850950366,24.103664850950366,12.051832425475183,0.0,4100,4200,390.0,18.077748638212775,33.64500000000001,25.0,25.0,-0.5847370840057873,0.8112228686300756,1.0,0.0,0.0,0.0,0.0,37.760922721516614,42.521351703146955,44.42280454257994,41.86085960135452,58.22500000000004,58.22500000000004,58.22500000000004,58.22500000000004
2025-12-22T18:01:41.646623,36.500,389.3824535322445,3136.5662242906355,25.462648971625413,4100,1500,1520,40.0,35.0,20.0,3136.5662242906355,19.09698672871906,1500,1520,800,0,0,25.462648971625413,25.462648971625413,12.731324485812706,0.0,4100,4200,390.0,19.09698672871906,33.650000000000006,25.0,25.0,-0.5642759039618288,0.8255862790817572,1.0,0.0,0.0,0.0,0.0,41.441006197407965,36.103101310797854,40.5106023310318,36.531096451918266,58.25000000000003,58.25000000000003,58.25000000000003,58.25000000000003
2025-12-22T18:01:41.697310,36.550,389.29347883490743,3175.1984412892343,27.007937651569364,4100,1500,1520,40.0,35.0,20.0,3175.1984412892343,20.255953238677023,1500,1520,800,0,0,27.007937651569364,27.007937651569364,13.503968825784682,0.0,4100,4200,390.0,20.255953238677023,33.65500000000001,25.0,25.0,-0.5434620698458679,0.8394337249830061,1.0,0.0,0.0,0.0,0.0,37.607151069506926,37.21549876232807,43.949110065497905,36.0565514481841,58.275000000000034,58.275000000000034,58.275000000000034,58.275000000000034
2025-12-22T18:01:41.750153,36.600,388.48444603291705,3218.3917118463287,28.735668473853153,4100,1500,1520,40.0,35.0,20.0,3218.3917118463287,21.551751355389865,1500,1520,800,0,0,28.735668473853153,28.735668473853153,14.367834236926576,0.0,4100,4200,390.0,21.551751355389865,33.660000000000004,25.0,25.0,-0.5223085896267072,0.852756552130888,0.9999999999999999,0.0,0.0,0.0,0.0,36.559323694988535,43.2316262080217,43.495321846225714,42.43110592268846,58.300000000000026,58.300000000000026,58.300000000000026,58.300000000000026
2025-12-22T18:01:41.800666,36.650,389.0658349263258,3266.038075280147,30.641523011205877,4100,1500,1520,40.0,35.0,20.0,3266.038075280147,22.981142258404407,1500,1520,800,0,0,30.641523011205877,30.641523011205877,15.320761505602938,0.0,4100,4200,390.0,22.981142258404407,33.665000000000006,25.0,25.0,-0.5008286835409086,0.8655464341921122,1.0,0.0,0.0,0.0,0.0,41.51908662421366,44.14368189071631,42.70582205146944,43.10927694548997,58.32500000000003,58.32500000000003,58.32500000000003,58.32500000000003
2025-12-22T18:01:41.852288,36.700,388.6831264787336,3318.018440495851,32.720737619834026,4100,1500,1520,40.0,35.0,20.0,3318.018440495851,24.54055321487552,1500,1520,800,0,0,32.720737619834026,32.720737619834026,16.360368809917013,0.0,4100,4200,390.0,24.54055321487552,33.67,25.0,25.0,-0.4790357758305743,0.8777953779067191,1.0,0.0,0.0,0.0,0.0,44.551289764998764,39.878335666414614,40.63978142105694,44.35553937441899,58.35000000000002,58.35000000000002,58.35000000000002,58.35000000000002
2025-12-22T18:01:41.902847,36.750,388.44626315847614,3374.2028836512513,34.968115346050055,4100,1500,1520,40.0,35.0,20.0,3374.2028836512513,26.22608650953754,1500,1520,800,0,0,34.968115346050055,34.968115346050055,17.484057673025028,0.0,4100,4200,390.0,26.226086509537545,33.675000000000004,25.0,25.0,-0.4569434863536335,0.8894957280836073,1.0,0.0,0.0,0.0,0.0,44.041331714792065,40.820666709938905,36.53696368026458,39.39869134944634,58.37500000000003,58.37500000000003,58.37500000000003,58.37500000000003
2025-12-22T18:01:41.954424,36.800,388.1883471498497,3434.450972898753,37.37803891595013,4100,1500,1520,40.0,35.0,20.0,3434.450972898753,28.033529186962596,1500,1520,800,0,0,37.37803891595013,37.37803891595013,18.689019457975064,0.0,4100,4200,390.0,28.033529186962596,33.68000000000001,25.0,25.0,-0.4345656220718743,0.9006401723847792,1.0,0.0,0.0,0.0,0.0,35.7327568661177,40.903354257043304,35.116550979896836,35.885507407458334,58.40000000000002,58.40000000000002,58.40000000000002,58.40000000000002
2025-12-22T18:01:42.005462,36.850,388.4501383035222,3498.612119391835,39.944484775673416,4100,1500,1520,40.0,35.0,20.0,3498.612119391835,29.958363581755062,1500,1520,800,0,0,39.944484775673416,39.944484775673416,19.972242387836708,0.0,4100,4200,390.0,29.95836358175506,33.685,25.0,25.0,-0.4119161684220419,0.9112217458953139,1.0,0.0,0.0,0.0,0.0,44.18836005045446,43.449910213253574,44.34346145163438,44.30026199422095,58.425000000000026,58.425000000000026,58.425000000000026,58.425000000000026
2025-12-22T18:01:42.055668,36.900,388.22525910163085,3566.5259536787444,42.66103814714978,4100,1500,1520,40.0,35.0,20.0,3566.5259536787444,31.995778610362336,1500,1520,800,0,0,42.66103814714978,42.66103814714978,21.33051907357489,0.0,4100,4200,390.0,31.995778610362333,33.690000000000005,25.0,25.0,-0.3890092805753958,0.9212338354762123,1.0,0.0,0.0,0.0,0.0,39.75156426970122,43.77103692192154,36.93555269138423,41.08030497538631,58.45000000000002,58.45000000000002,58.45000000000002,58.45000000000002
2025-12-22T18:01:42.106338,36.950,387.97414520218314,3638.0227265426047,45.52090906170419,4100,1500,1520,40.0,35.0,20.0,3638.0227265426047,34.140681796278145,1500,1520,800,0,0,45.52090906170419,45.52090906170419,22.760454530852094,0.0,4100,4200,390.0,34.140681796278145,33.69500000000001,25.0,25.0,-0.36585927459118883,0.930670183897394,1.0,0.0,0.0,0.0,0.0,40.20687569354342,43.33921238556133,38.82510709856394,43.20527874436958,58.47500000000002,58.47500000000002,58.47500000000002,58.47500000000002
2025-12-22T18:01:42.156708,37.000,388.0848240350153,3712.9237332860557,48.51694933144222,4100,1500,1520,40.0,35.0,20.0,3712.9237332860557,36.387711998581665,1500,1520,800,0,0,48.51694933144222,48.51694933144222,24.25847466572111,0.0,4100,4200,390.0,36.387711998581665,33.7,25.0,25.0,-0.3424806184695959,0.9395248937482621,1.0,0.0,0.0,0.0,0.0,42.91713192209155,41.85658039151241,42.05016779289868,43.49810246263422,58.500000000000014,58.500000000000014,58.500000000000014,58.500000000000014
2025-12-22T18:01:42.207515,37.050,388.3203901777329,3791.041760399929,51.641670415997154,4100,1500,1520,40.0,35.0,20.0,3791.041760399929,38.73125281199786,1500,1520,800,0,0,51.641670415997154,51.641670415997154,25.820835207998577,0.0,4100,4200,390.0,38.73125281199786,33.705000000000005,25.0,25.0,-0.31888792310968483,0.9477924311233931,1.0,0.0,0.0,0.0,0.0,43.783053331873944,39.58105418098914,41.54154219615114,36.04553164112482,58.52500000000002,58.52500000000002,58.52500000000002,58.52500000000002
2025-12-22T18:01:42.260629,37.100,388.35639331075885,3872.181553499522,54.88726213998088,4100,1500,1520,40.0,35.0,20.0,3872.181553499522,41.16544660498566,1500,1520,800,0,0,54.88726213998088,54.88726213998088,27.44363106999044,0.0,4100,4200,390.0,41.16544660498566,33.71,25.0,25.0,-0.2950959331780802,0.9554676290810474,1.0,0.0,0.0,0.0,0.0,35.61733809616949,38.663918562770185,39.827094964565,35.44030880887618,58.55000000000001,58.55000000000001,58.55000000000001,58.55000000000001
2025-12-22T18:01:42.312700,37.150,388.0096846401473,3956.140305358874,58.24561221435494,4100,1500,1520,40.0,35.0,20.0,3956.140305358874,43.68420916076621,1500,1520,800,0,0,58.24561221435494,58.24561221435494,29.12280610717747,0.0,4100,4200,390.0,43.68420916076621,33.715,25.0,25.0,-0.2711195178940266,0.9625456908723401,1.0,0.0,0.0,0.0,0.0,42.098754342433054,42.56063928155973,43.57292716424739,41.8769757065844,58.57500000000002,58.57500000000002,58.57500000000002,58.57500000000002
2025-12-22T18:01:42.363227,37.200,387.20718474670446,4042.7081628232077,61.7083265129283,4100,1500,1520,40.0,35.0,20.0,4042.7081628232077,46.28124488469623,1500,1520,800,0,0,61.7083265129283,61.7083265129283,30.85416325646415,0.0,4100,4200,390.0,46.28124488469623,33.72,25.0,25.0,-0.24697366173661056,0.9690221929390525,0.9999999999999999,0.0,0.0,0.0,0.0,39.4533927957751,38.2920380030545,36.53322910445759,37.64806088634288,58.60000000000001,58.60000000000001,58.60000000000001,58.60000000000001
2025-12-22T18:01:42.414764,37.250,387.98755846007606,4131.668751332532,65.26675005330128,4100,1500,1520,40.0,35.0,20.0,4131.668751332532,48.95006253997596,1500,1520,800,0,0,65.26675005330128,65.26675005330128,32.63337502665064,0.0,4100,4200,390.0,48.95006253997596,33.725,25.0,25.0,-0.22267345507994887,0.974893087678212,1.0,0.0,0.0,0.0,0.0,35.04490784139428,42.09642031178355,43.02707602311471,43.198619765420545,58.625000000000014,58.625000000000014,58.625000000000014,58.625000000000014
2025-12-22T18:01:42.466284,37.300,387.5057589740676,4222.799715745353,68.9119886298141,4100,1500,1520,40.0,35.0,20.0,4222.799715745353,51.683991472360574,1500,1520,800,0,0,68.9119886298141,68.9119886298141,34.45599431490705,0.0,4100,4200,390.0,51.683991472360574,33.730000000000004,25.0,25.0,-0.1982340847621961,0.9801547059717126,1.0,0.0,0.0,0.0,0.0,42.969083913630804,37.38874623428187,35.43062476369859,37.03001619755506,58.650000000000006,58.650000000000006,58.650000000000006,58.650000000000006
2025-12-22T18:01:42.517151,37.350,387.646670945747,4315.873276110726,72.63493104442904,4100,1500,1520,40.0,35.0,20.0,4315.873276110726,54.47619828332178,1500,1520,800,0,0,72.63493104442904,72.63493104442904,36.31746552221452,0.0,4100,4200,390.0,54.47619828332178,33.735,25.0,25.0,-0.17367082459426494,0.984803759479394,1.0,0.0,0.0,0.0,0.0,35.81368130569357,38.51906708075661,41.41403938232558,44.67260119124536,58.67500000000001,58.67500000000001,58.67500000000001,58.67500000000001
2025-12-22T18:01:42.567734,37.400,387.1888758204476,4410.656796999512,76.42627187998048,4100,1500,1520,40.0,35.0,20.0,4410.656796999512,57.31970390998536,1500,1520,800,0,0,76.42627187998048,76.42627187998048,38.21313593999024,0.0,4100,4200,390.0,57.31970390998536,33.74,25.0,25.0,-0.14899902581419178,0.9888373426941469,1.0,0.0,0.0,0.0,0.0,38.48375740341948,43.04332753437281,41.91397801842762,44.12192911170548,58.7,58.7,58.7,58.7
2025-12-22T18:01:42.618270,37.450,386.9857897444028,4506.913368971792,80.27653475887169,4100,1500,1520,40.0,35.0,20.0,4506.913368971792,60.20740106915377,1500,1520,800,0,0,80.27653475887169,80.27653475887169,40.138267379435845,0.0,4100,4200,390.0,60.20740106915376,33.745000000000005,25.0,25.0,-0.12423410749311242,0.9922529347577611,0.9999999999999999,0.0,0.0,0.0,0.0,43.49580338436448,35.3642097789922,38.470299947459644,36.17025897650649,58.72500000000001,58.72500000000001,58.72500000000001,58.72500000000001
2025-12-22T18:01:42.669012,37.500,387.26630163035486,4604.402400727089,84.17609602908358,4100,1500,1520,40.0,35.0,20.0,4604.402400727089,63.13207202181269,1500,1520,800,0,0,84.17609602908358,84.17609602908358,42.08804801454179,0.0,4100,4200,390.0,63.13207202181269,33.75,25.0,25.0,-0.09939154689884463,0.9950484010363791,1.0,0.0,0.0,0.0,0.0,42.59577217586599,43.7686915325188,41.9084584613138,38.573320992108265,58.75,58.75,58.75,58.75
2025-12-22T18:01:42.719330,37.550,386.6623579319906,4702.880220457322,88.11520881829287,4100,1500,1520,40.0,35.0,20.0,4702.880220457322,66.08640661371965,1500,1520,800,0,0,88.11520881829287,88.11520881829287,44.057604409146435,0.0,4100,4200,390.0,66.08640661371965,33.755,25.0,25.0,-0.07448686982309961,0.997221994454573,0.9999999999999999,0.0,0.0,0.0,0.0,38.89533761782274,39.559402361476494,40.006287796117185,39.971801725591995,58.775000000000006,58.775000000000006,58.775000000000006,58.775000000000006
2025-12-22T18:01:42.769767,37.600,386.62428342637344,4802.100684899421,92.08402739597683,4100,1500,1520,40.0,35.0,20.0,4802.100684899421,69.06302054698263,1500,1520,800,0,0,92.08402739597683,92.08402739597683,46.042013697988416,0.0,4100,4200,390.0,69.06302054698263,33.76,25.0,25.0,-0.04953564087836742,0.9987723565872102,1.0,0.0,0.0,0.0,0.0,39.21126769933231,37.64931420292625,38.947003241166726,40.7644528443577,58.8,58.8,58.8,58.8
2025-12-22T18:01:42.820853,37.650,386.3566029677471,4901.8157945653,96.07263178261202,4100,1500,1520,40.0,35.0,20.0,4901.8157945653,72.05447383695902,1500,1520,800,0,0,96.07263178261202,96.07263178261202,48.03631589130601,0.0,4100,4200,390.0,72.05447383695902,33.765,25.0,25.0,-0.024553453770540974,0.9996985185084241,1.0,0.0,0.0,0.0,0.0,36.75236888890375,37.87254192175873,43.40032931868231,36.72835517812438,58.825,58.825,58.825,58.825
2025-12-22T18:01:42.872426,37.700,386.3820482841647,5001.776313611421,100.07105254445683,4100,1500,1520,40.0,35.0,20.0,5001.776313611421,75.05328940834262,1500,1520,800,0,0,100.07105254445683,100.07105254445683,50.03552627222842,0.0,4100,4200,390.0,75.05328940834262,33.769999999999996,25.0,25.0,0.0004440784466426386,0.9999999013971618,1.0,0.0,0.0,0.0,0.0,41.26151071713942,35.17209185653735,37.005167432732954,38.80876004518097,58.849999999999994,58.849999999999994,58.849999999999994,58.849999999999994
2025-12-22T18:01:42.924039,37.750,385.9519433886447,5101.732392798599,104.06929571194397,4100,1500,1520,40.0,35.0,20.0,5101.732392798599,78.05197178395798,1500,1520,800,0,0,104.06929571194397,104.06929571194397,52.03464785597198,0.0,4100,4200,390.0,78.05197178395798,33.775,25.0,25.0,0.025441333129252477,0.9996763168989282,1.0,0.0,0.0,0.0,0.0,44.3372608211661,40.45713930942444,36.15905774000928,38.419489718967206,58.875,58.875,58.875,58.875
2025-12-22T18:01:42.974882,37.800,385.89287085038,5201.434193984987,108.05736775939948,4100,1500,1520,40.0,35.0,20.0,5201.434193984987,81.04302581954961,1500,1520,800,0,0,108.05736775939948,108.05736775939948,54.02868387969974,0.0,4100,4200,390.0,81.04302581954961,33.78,25.0,25.0,0.05042268780680768,0.9987279672435018,0.9999999999999999,0.0,0.0,0.0,0.0,37.1609675626047,43.19160264777818,42.26096742712022,35.57246239765085,58.89999999999999,58.89999999999999,58.89999999999999,58.89999999999999
2025-12-22T18:01:43.025122,37.850,385.55585809049785,5300.632514591312,112.0253005836525,4100,1500,1520,40.0,35.0,20.0,5300.632514591312,84.01897543773937,1500,1520,800,0,0,112.0253005836525,112.0253005836525,56.01265029182625,0.0,4100,4200,390.0,84.01897543773937,33.785,25.0,25.0,0.07537252994581296,0.9971554451185469,0.9999999999999999,0.0,0.0,0.0,0.0,41.625447330782585,38.34248638380302,42.132765070980945,44.59387181285139,58.925,58.925,58.925,58.925
2025-12-22T18:01:43.075714,37.900,385.5138241594192,5399.079410477547,115.96317641910187,4100,1500,1520,40.0,35.0,20.0,5399.079410477547,86.97238231432641,1500,1520,800,0,0,115.96317641910187,115.96317641910187,57.981588209550935,0.0,4100,4200,390.0,86.97238231432641,33.79,25.0,25.0,0.10027526670708388,0.9949597332992041,1.0,0.0,0.0,0.0,0.0,42.9402091063388,36.43721268538393,39.094993028273166,43.02182034047507,58.94999999999999,58.94999999999999,58.94999999999999,58.94999999999999
2025-12-22T18:01:43.126061,37.950,385.53455189768454,5496.528815674127,119.86115262696507,4100,1500,1520,40.0,35.0,20.0,5496.528815674127,89.8958644702238,1500,1520,800,0,0,119.86115262696507,119.86115262696507,59.93057631348253,0.0,4100,4200,390.0,89.8958644702238,33.795,25.0,25.0,0.12511533469076372,0.9921422040338865,0.9999999999999999,0.0,0.0,0.0,0.0,41.505360035486326,43.62889945166243,36.9222935134107,44.57581816759077,58.974999999999994,58.974999999999994,58.974999999999994,58.974999999999994
2025-12-22T18:01:43.176295,38.000,384.87478857061745,5592.73715741873,123.70948629674919,4100,1500,1520,40.0,35.0,20.0,5592.73715741873,92.78211472256189,1500,1520,800,0,0,123.70948629674919,123.70948629674919,61.854743148374595,0.0,4100,4200,390.0,92.78211472256189,33.8,25.0,25.0,0.1498772096629418,0.9887046181866709,1.0,0.0,0.0,0.0,0.0,44.18169002053591,42.60136129402856,41.905303200543294,39.28619986769377,58.999999999999986,58.999999999999986,58.999999999999986,58.999999999999986
2025-12-22T18:01:43.226732,38.050,385.06145871644134,5687.463964961331,127.49855859845323,4100,1500,1520,40.0,35.0,20.0,5687.463964961331,95.62391894883993,1500,1520,800,0,0,127.49855859845323,127.49855859845323,63.749279299226615,0.0,4100,4200,390.0,95.62391894883993,33.805,25.0,25.0,0.17454541625779432,0.9846491241368132,1.0,0.0,0.0,0.0,0.0,39.60457933336311,43.7261258151698,41.37407947086837,37.93672222175478,59.02499999999999,59.02499999999999,59.02499999999999,59.02499999999999
2025-12-22T18:01:43.279122,38.100,385.2545686330272,5780.47247061584,131.2188988246336,4100,1500,1520,40.0,35.0,20.0,5780.47247061584,98.41417411847522,1500,1520,800,0,0,131.2188988246336,131.2188988246336,65.6094494123168,0.0,4100,4200,390.0,98.41417411847522,33.809999999999995,25.0,25.0,0.1991045376491843,0.9799782564360826,1.0,0.0,0.0,0.0,0.0,38.239302067192185,42.693346429912154,37.02144368598831,38.75814687182917,59.04999999999998,59.04999999999998,59.04999999999998,59.04999999999998
2025-12-22T18:01:43.330139,38.150,385.4173839334979,5871.5302015560155,134.86120806224062,4100,1500,1520,40.0,35.0,20.0,5871.5302015560155,101.14590604668047,1500,1520,800,0,0,134.86120806224062,134.86120806224062,67.43060403112031,0.0,4100,4200,390.0,101.14590604668047,33.815,25.0,25.0,0.223539225185676,0.974694934224749,1.0,0.0,0.0,0.0,0.0,35.168341554222195,41.055912840124016,40.11419710472809,40.140937982180944,59.07499999999999,59.07499999999999,59.07499999999999,59.07499999999999
2025-12-22T18:01:43.380784,38.200,384.5575715682508,5960.4095608764555,138.4163824350582,4100,1500,1520,40.0,35.0,20.0,5960.4095608764555,103.81228682629366,1500,1520,800,0,0,138.4163824350582,138.4163824350582,69.2081912175291,0.0,4100,4200,390.0,103.81228682629367,33.81999999999999,25.0,25.0,0.24783420798294262,0.9688024594072145,1.0,0.0,0.0,0.0,0.0,36.81086803336348,36.31344038381347,35.58366339257199,40.5673570298964,59.09999999999998,59.09999999999998,59.09999999999998,59.09999999999998
2025-12-22T18:01:43.433329,38.250,384.3307437278175,6046.8883964663355,141.87553585865342,4100,1500,1520,40.0,35.0,20.0,6046.8883964663355,106.40665189399007,1500,1520,800,0,0,141.87553585865342,141.87553585865342,70.93776792932671,0.0,4100,4200,390.0,106.40665189399007,33.824999999999996,25.0,25.0,0.2719743024675716,0.962304514588432,0.9999999999999999,0.0,0.0,0.0,0.0,40.736799614256256,39.30129062212835,36.90814039278469,36.57063414551737,59.124999999999986,59.124999999999986,59.124999999999986,59.124999999999986
2025-12-22T18:01:43.484349,38.300,384.3835720142459,6130.750556273987,145.2300222509595,4100,1500,1520,40.0,35.0,20.0,6130.750556273987,108.92251668821963,1500,1520,800,0,0,145.2300222509595,145.2300222509595,72.61501112547975,0.0,4100,4200,390.0,108.92251668821964,33.83,25.0,25.0,0.2959444218663041,0.955205160772396,0.9999999999999999,0.0,0.0,0.0,0.0,38.97647178658835,35.886594458634406,37.93766429746198,40.7393645519377,59.14999999999998,59.14999999999998,59.14999999999998,59.14999999999998
2025-12-22T18:01:43.535120,38.350,384.9109095248958,6211.78642857446,148.4714571429784,4100,1500,1520,40.0,35.0,20.0,6211.78642857446,111.3535928572338,1500,1520,800,0,0,148.4714571429784,148.4714571429784,74.2357285714892,0.0,4100,4200,390.0,111.35359285723379,33.834999999999994,25.0,25.0,0.31972958563477694,0.9475088348241476,1.0,0.0,0.0,0.0,0.0,39.922602212622905,44.21714647024176,41.66747856696426,37.81945121350117,59.17499999999998,59.17499999999998,59.17499999999998,59.17499999999998
2025-12-22T18:01:43.585493,38.400,384.49258459028425,6289.793465889669,151.59173863558678,4100,1500,1520,40.0,35.0,20.0,6289.793465889669,113.69380397669008,1500,1520,800,0,0,151.59173863558678,151.59173863558678,75.79586931779339,0.0,4100,4200,390.0,113.69380397669008,33.839999999999996,25.0,25.0,0.34331492881987535,0.9392203466968782,1.0,0.0,0.0,0.0,0.0,35.55748703210783,43.60153144749992,42.7304842262475,35.66921659757309,59.199999999999974,59.199999999999974,59.199999999999974,59.199999999999974
2025-12-22T18:01:43.636022,38.450,383.80911400203206,6364.576691251607,154.58306765006427,4100,1500,1520,40.0,35.0,20.0,6364.576691251607,115.9373007375482,1500,1520,800,0,0,154.58306765006427,154.58306765006427,77.29153382503213,0.0,4100,4200,390.0,115.93730073754821,33.845,25.0,25.0,0.36668571134984473,0.9303448764258652,1.0,0.0,0.0,0.0,0.0,42.281151677269904,44.18765276789833,36.984598131219585,40.23256338060034,59.22499999999998,59.22499999999998,59.22499999999998,59.22499999999998
2025-12-22T18:01:43.686450,38.500,384.16270792948717,6435.949185543219,157.43796742172876,4100,1500,1520,40.0,35.0,20.0,6435.949185543219,118.07847556629656,1500,1520,800,0,0,157.43796742172876,157.43796742172876,78.71898371086438,0.0,4100,4200,390.0,118.07847556629656,33.849999999999994,25.0,25.0,0.38982732724635566,0.9208879708911192,1.0,0.0,0.0,0.0,0.0,35.07982727844412,39.672801745944675,38.015400094003105,36.504657405589526,59.24999999999997,59.24999999999997,59.24999999999997,59.24999999999997
2025-12-22T18:01:43.748005,38.550,383.8039001406728,6503.732554698852,160.1493021879541,4100,1500,1520,40.0,35.0,20.0,6503.732554698852,120.11197664096558,1500,1520,800,0,0,160.1493021879541,160.1493021879541,80.07465109397705,0.0,4100,4200,390.0,120.11197664096558,33.855,25.0,25.0,0.4127253137527649,0.9108555403507638,1.0,0.0,0.0,0.0,0.0,42.71991634196428,42.673082563610365,36.382100624635065,35.11621217242168,59.27499999999998,59.27499999999998,59.27499999999998,59.27499999999998
2025-12-22T18:01:43.798543,38.600,383.856042525861,6567.757375596515,162.71029502386062,4100,1500,1520,40.0,35.0,20.0,6567.757375596515,122.03272126789547,1500,1520,800,0,0,162.71029502386062,162.71029502386062,81.35514751193031,0.0,4100,4200,390.0,122.03272126789548,33.85999999999999,25.0,25.0,0.4353653603728676,0.9002538547473169,1.0,0.0,0.0,0.0,0.0,42.06122523035422,40.142394229517365,40.38894511059829,35.090298604379576,59.29999999999997,59.29999999999997,59.29999999999997,59.29999999999997
2025-12-22T18:01:43.849079,38.650,384.28249068507273,6627.863619527445,165.1145447810978,4100,1500,1520,40.0,35.0,20.0,6627.863619527445,123.83590858582335,1500,1520,800,0,0,165.1145447810978,165.1145447810978,82.5572723905489,0.0,4100,4200,390.0,123.83590858582333,33.864999999999995,25.0,25.0,0.45773331781449156,0.889089539789181,1.0,0.0,0.0,0.0,0.0,41.3180127476217,35.9000651826928,39.43562125838796,40.613404012199325,59.324999999999974,59.324999999999974,59.324999999999974,59.324999999999974
2025-12-22T18:01:43.899627,38.700,383.60989606863353,6683.901052184541,167.35604208738164,4100,1500,1520,40.0,35.0,20.0,6683.901052184541,125.51703156553623,1500,1520,800,0,0,167.35604208738164,167.35604208738164,83.67802104369082,0.0,4100,4200,390.0,125.51703156553621,33.86999999999999,25.0,25.0,0.4798152068323442,0.8773695728097908,1.0,0.0,0.0,0.0,0.0,39.19490332962501,38.32078414816654,41.446020377992795,38.36009408926845,59.349999999999966,59.349999999999966,59.349999999999966,59.349999999999966
2025-12-22T18:01:43.953178,38.750,384.0736479273416,6735.729609169892,169.42918436679565,4100,1500,1520,40.0,35.0,20.0,6735.729609169892,127.07188827509674,1500,1520,800,0,0,169.42918436679565,169.42918436679565,84.71459218339783,0.0,4100,4200,390.0,127.07188827509674,33.87499999999999,25.0,25.0,0.5015972269645858,0.865101278407007,1.0,0.0,0.0,0.0,0.0,40.48528791624391,44.07217908520484,35.972067645575166,40.89128829913334,59.37499999999997,59.37499999999997,59.37499999999997,59.37499999999997
2025-12-22T18:01:44.006664,38.800,383.7347392272998,6783.219746082823,171.32878984331293,4100,1500,1520,40.0,35.0,20.0,6783.219746082823,128.4965923824847,1500,1520,800,0,0,171.32878984331293,171.32878984331293,85.66439492165647,0.0,4100,4200,390.0,128.4965923824847,33.879999999999995,25.0,25.0,0.5230657651576691,0.852292323865481,0.9999999999999999,0.0,0.0,0.0,0.0,42.94197964485158,38.55615648457713,42.577613841658874,40.463516513152015,59.39999999999996,59.39999999999996,59.39999999999996,59.39999999999996
2025-12-22T18:01:44.057198,38.850,383.9119016085642,6826.25276231344,173.0501104925376,4100,1500,1520,40.0,35.0,20.0,6826.25276231344,129.7875828694032,1500,1520,800,0,0,173.0501104925376,173.0501104925376,86.5250552462688,0.0,4100,4200,390.0,129.7875828694032,33.88499999999999,25.0,25.0,0.5442074042740547,0.838950714364852,0.9999999999999999,0.0,0.0,0.0,0.0,42.338426607500374,42.86700242577183,42.92442277416709,40.03830463523448,59.42499999999997,59.42499999999997,59.42499999999997,59.42499999999997
2025-12-22T18:01:44.107757,38.900,383.0635312549409,6864.721097732327,174.58884390929308,4100,1500,1520,40.0,35.0,20.0,6864.721097732327,130.94163293196982,1500,1520,800,0,0,174.58884390929308,174.58884390929308,87.29442195464654,0.0,4100,4200,390.0,130.94163293196982,33.88999999999999,25.0,25.0,0.5650089314774847,0.8250847879767697,1.0,0.0,0.0,0.0,0.0,37.552087335505554,38.970163505742484,43.97503549755081,43.37590826469625,59.44999999999996,59.44999999999996,59.44999999999996,59.44999999999996
2025-12-22T18:01:44.158014,38.950,383.9014749613105,6898.528601534857,175.9411440613943,4100,1500,1520,40.0,35.0,20.0,6898.528601534857,131.95585804604573,1500,1520,800,0,0,175.9411440613943,175.9411440613943,87.97057203069716,0.0,4100,4200,390.0,131.95585804604573,33.894999999999996,25.0,25.0,0.5854573464905759,0.8107032104538712,1.0,0.0,0.0,0.0,0.0,36.73277329529613,43.005566974862234,38.93330696223906,37.811602682571284,59.474999999999966,59.474999999999966,59.474999999999966,59.474999999999966
2025-12-22T18:01:44.208554,39.000,383.493339040287,6927.590772568134,177.10363090272534,4100,1500,1520,40.0,35.0,20.0,6927.590772568134,132.827723177044,1500,1520,800,0,0,177.10363090272534,177.10363090272534,88.55181545136267,0.0,4100,4200,390.0,132.827723177044,33.89999999999999,25.0,25.0,0.60553986971957,0.7958149698139677,1.0,0.0,0.0,0.0,0.0,38.832282033568255,35.4351297619447,37.738700972376,44.72608501220926,59.49999999999996,59.49999999999996,59.49999999999996,59.49999999999996
2025-12-22T18:01:44.262103,39.050,383.40801998396614,6951.834970539859,178.07339882159437,4100,1500,1520,40.0,35.0,20.0,6951.834970539859,133.5550491161958,1500,1520,800,0,0,178.07339882159437,178.07339882159437,89.03669941079718,0.0,4100,4200,390.0,133.5550491161958,33.904999999999994,25.0,25.0,0.6252439502411629,0.780429370722826,1.0,0.0,0.0,0.0,0.0,41.335533182234286,40.43306026045807,42.99359845127522,38.46992063209204,59.52499999999996,59.52499999999996,59.52499999999996,59.52499999999996
2025-12-22T18:01:44.315641,39.100,383.23831351908086,6971.200597581237,178.8480239032495,4100,1500,1520,40.0,35.0,20.0,6971.200597581237,134.13601792743714,1500,1520,800,0,0,178.8480239032495,178.8480239032495,89.42401195162475,0.0,4100,4200,390.0,134.13601792743714,33.90999999999999,25.0,25.0,0.6445572736464242,0.7645560286790554,1.0,0.0,0.0,0.0,0.0,44.849190447667596,38.185521711682775,37.82913407359408,42.84560508548577,59.549999999999955,59.549999999999955,59.549999999999955,59.549999999999955
2025-12-22T18:01:44.367157,39.150,383.300576841564,6985.63924971009,179.42556998840357,4100,1500,1520,40.0,35.0,20.0,6985.63924971009,134.56917749130267,1500,1520,800,0,0,179.42556998840357,179.42556998840357,89.71278499420178,0.0,4100,4200,390.0,134.56917749130267,33.91499999999999,25.0,25.0,0.6634677697369017,0.7482048640047334,1.0,0.0,0.0,0.0,0.0,40.17813009087731,42.90191288246676,42.09046889708801,40.493336619734954,59.57499999999996,59.57499999999996,59.57499999999996,59.57499999999996
2025-12-22T18:01:44.417691,39.200,383.39158975293,6995.114837815598,179.8045935126239,4100,1500,1520,40.0,35.0,20.0,6995.114837815598,134.85344513446793,1500,1520,800,0,0,179.8045935126239,179.8045935126239,89.90229675631196,0.0,4100,4200,390.0,134.85344513446793,33.91999999999999,25.0,25.0,0.6819636200681017,0.7313860956455281,0.9999999999999999,0.0,0.0,0.0,0.0,43.86155526230043,44.788942674307464,35.37974431205615,36.86640858838523,59.59999999999995,59.59999999999995,59.59999999999995,59.59999999999995
2025-12-22T18:01:44.469228,39.250,383.53396265777053,6999.603677862289,179.98414711449155,4100,1500,1520,40.0,35.0,20.0,6999.603677862289,134.98811033586867,1500,1520,800,0,0,179.98414711449155,179.98414711449155,89.99207355724577,0.0,4100,4200,390.0,134.98811033586867,33.92499999999999,25.0,25.0,0.7000332653356335,0.7141102347841897,0.9999999999999999,0.0,0.0,0.0,0.0,44.52038110304311,41.22516687197873,40.80926612963144,43.37062866343017,59.62499999999996,59.62499999999996,59.62499999999996,59.62499999999996
2025-12-22T18:01:44.520134,39.300,382.99617899430365,6999.09455008779,179.9637820035116,4100,1500,1520,40.0,35.0,20.0,6999.09455008779,134.9728365026337,1500,1520,800,0,0,179.9637820035116,179.9637820035116,89.9818910017558,0.0,4100,4200,390.0,134.9728365026337,33.92999999999999,25.0,25.0,0.7176654125993969,0.6963880782714028,1.0,0.0,0.0,0.0,0.0,39.92419112529831,38.52844822310127,37.25450823237032,44.770680278361084,59.64999999999995,59.64999999999995,59.64999999999995,59.64999999999995
2025-12-22T18:01:44.570775,39.350,383.39069598482735,6993.588727046387,179.74354908185546,4100,1500,1520,40.0,35.0,20.0,6993.588727046387,134.8076618113916,1500,1520,800,0,0,179.74354908185546,179.74354908185546,89.87177454092773,0.0,4100,4200,390.0,134.8076618113916,33.93499999999999,25.0,25.0,0.7348490423413033,0.6782307018781067,0.9999999999999999,0.0,0.0,0.0,0.0,38.99972587781235,44.420237885469575,37.26491740950171,40.73411576890772,59.674999999999955,59.674999999999955,59.674999999999955,59.674999999999955
2025-12-22T18:01:44.620989,39.400,382.96262939522376,6983.099970428308,179.32399881713232,4100,1500,1520,40.0,35.0,20.0,6983.099970428308,134.49299911284925,1500,1520,800,0,0,179.32399881713232,179.32399881713232,89.66199940856616,0.0,4100,4200,390.0,134.49299911284925,33.93999999999999,25.0,25.0,0.7515734153521154,0.6596494533734993,0.9999999999999999,0.0,0.0,0.0,0.0,40.03004523217648,36.15038952151102,44.03797668666361,38.59728668355272,59.699999999999946,59.699999999999946,59.699999999999946,59.699999999999946
2025-12-22T18:01:44.671181,39.450,383.5153911398562,6967.654496662658,178.70617986650632,4100,1500,1520,40.0,35.0,20.0,6967.654496662658,134.02963489987974,1500,1520,800,0,0,178.70617986650632,178.70617986650632,89.35308993325316,0.0,4100,4200,390.0,134.02963489987974,33.94499999999999,25.0,25.0,0.7678280794431034,0.6406559454330502,1.0,0.0,0.0,0.0,0.0,35.04067257793778,40.027616288515716,36.71446599429365,44.654023560773894,59.72499999999995,59.72499999999995,59.72499999999995,59.72499999999995
2025-12-22T18:01:44.721661,39.500,383.0579365838807,6947.290911390005,177.89163645560018,4100,1500,1520,40.0,35.0,20.0,6947.290911390005,133.41872734170013,1500,1520,800,0,0,177.89163645560018,177.89163645560018,88.94581822780009,0.0,4100,4200,390.0,133.41872734170013,33.94999999999999,25.0,25.0,0.7836028759783222,0.6212620483809567,1.0,0.0,0.0,0.0,0.0,36.741333263841156,37.592432632348846,43.1695449164785,37.89975804980293,59.74999999999994,59.74999999999994,59.74999999999994,59.74999999999994
2025-12-22T18:01:44.772273,39.550,383.80414127960387,6922.060112968379,176.88240451873517,4100,1500,1520,40.0,35.0,20.0,6922.060112968379,132.66180338905139,1500,1520,800,0,0,176.88240451873517,176.88240451873517,88.44120225936759,0.0,4100,4200,390.0,132.66180338905139,33.95499999999999,25.0,25.0,0.7988879462234295,0.6014798827715777,1.0,0.0,0.0,0.0,0.0,43.41630574301118,37.89524536057801,35.04761667421769,39.11342251813452,59.77499999999995,59.77499999999995,59.77499999999995,59.77499999999995
2025-12-22T18:01:44.826820,39.600,383.9035094292661,6892.02516525389,175.6810066101556,4100,1500,1520,40.0,35.0,20.0,6892.02516525389,131.7607549576167,1500,1520,800,0,0,175.6810066101556,175.6810066101556,87.8405033050778,0.0,4100,4200,390.0,131.7607549576167,33.95999999999999,25.0,25.0,0.8136737375070723,0.581321811814482,1.0,0.0,0.0,0.0,0.0,43.235064431739666,39.031904887950624,40.572650429165854,39.44442984805425,59.79999999999994,59.79999999999994,59.79999999999994,59.79999999999994
2025-12-22T18:01:44.878872,39.650,383.268422034264,6857.261139973924,174.29044559895698,4100,1500,1520,40.0,35.0,20.0,6857.261139973924,130.71783419921775,1500,1520,800,0,0,174.29044559895698,174.29044559895698,87.14522279947849,0.0,4100,4200,390.0,130.71783419921775,33.96499999999999,25.0,25.0,0.8279510091909968,0.560800433647844,1.0,0.0,0.0,0.0,0.0,40.54410976636859,41.96322312032945,43.43211624487488,38.64624363248092,59.824999999999946,59.824999999999946,59.824999999999946,59.824999999999946
2025-12-22T18:01:44.929405,39.700,383.6019390218262,6817.854929086929,172.71419716347714,4100,1500,1520,40.0,35.0,20.0,6817.854929086929,129.53564787260785,1500,1520,800,0,0,172.71419716347714,172.71419716347714,86.35709858173857,0.0,4100,4200,390.0,129.53564787260785,33.969999999999985,25.0,25.0,0.8417108384451457,0.5399285734650183,0.9999999999999999,0.0,0.0,0.0,0.0,43.544075864594916,40.65503991513082,37.21854000897719,40.943331584988876,59.84999999999994,59.84999999999994,59.84999999999994,59.84999999999994
2025-12-22T18:01:44.980435,39.750,383.38820483270763,6773.905027597762,170.95620110391044,4100,1500,1520,40.0,35.0,20.0,6773.905027597762,128.21715082793284,1500,1520,800,0,0,170.95620110391044,170.95620110391044,85.47810055195522,0.0,4100,4200,390.0,128.21715082793284,33.97499999999999,25.0,25.0,0.8549446258241371,0.5187192754992108,1.0,0.0,0.0,0.0,0.0,35.0513244851377,40.36646823707886,41.61887165316992,39.4827884306702,59.87499999999994,59.87499999999994,59.87499999999994,59.87499999999994
2025-12-22T18:01:45.030750,39.800,383.33738035003086,6725.52128737148,169.0208514948592,4100,1500,1520,40.0,35.0,20.0,6725.52128737148,126.76563862114439,1500,1520,800,0,0,169.0208514948592,169.0208514948592,84.5104257474296,0.0,4100,4200,390.0,126.7656386211444,33.97999999999999,25.0,25.0,0.8676441006416373,0.4971857948712577,1.0,0.0,0.0,0.0,0.0,38.11793209395134,42.29871341448839,39.2088099941703,40.5859348771999,59.899999999999935,59.899999999999935,59.899999999999935,59.899999999999935
2025-12-22T18:01:45.081404,39.850,383.475124126155,6672.824642560885,166.9129857024354,4100,1500,1520,40.0,35.0,20.0,6672.824642560885,125.18473927682655,1500,1520,800,0,0,166.9129857024354,166.9129857024354,83.4564928512177,0.0,4100,4200,390.0,125.18473927682655,33.984999999999985,25.0,25.0,0.8798013261392712,0.47534158930560627,0.9999999999999999,0.0,0.0,0.0,0.0,37.50924439493146,39.58901816066828,38.27796657702077,39.793537975281396,59.92499999999994,59.92499999999994,59.92499999999994,59.92499999999994
2025-12-22T18:01:45.131710,39.900,384.1432252757677,6615.946807334121,164.63787229336484,4100,1500,1520,40.0,35.0,20.0,6615.946807334121,123.47840422002363,1500,1520,800,0,0,164.63787229336484,164.63787229336484,82.31893614668242,0.0,4100,4200,390.0,123.47840422002363,33.98999999999999,25.0,25.0,0.8914087044468376,0.4532003107196756,1.0,0.0,0.0,0.0,0.0,38.60160926662536,44.31385512719187,44.59462724628654,42.31593444024693,59.94999999999993,59.94999999999993,59.94999999999993,59.94999999999993
2025-12-22T18:01:45.182597,39.950,383.93105305208724,6555.029946657851,162.20119786631403,4100,1500,1520,40.0,35.0,20.0,6555.029946657851,121.65089839973552,1500,1520,800,0,0,162.20119786631403,162.20119786631403,81.10059893315702,0.0,4100,4200,390.0,121.65089839973552,33.99499999999999,25.0,25.0,0.9024589813307308,0.430775796691852,1.0,0.0,0.0,0.0,0.0,41.48677163172659,35.99822990567631,38.97999915147916,42.092611905092944,59.97499999999994,59.97499999999994,59.97499999999994,59.97499999999994
2025-12-22T18:01:45.233276,40.000,383.63585172223156,6490.226320958877,159.6090528383551,4100,1500,1520,40.0,35.0,20.0,6490.226320958877,119.70678962876633,1500,1520,800,0,0,159.6090528383551,159.6090528383551,79.80452641917755,0.0,4100,4200,390.0,119.70678962876632,33.999999999999986,25.0,25.0,0.9129452507276001,0.40808206181345363,1.0,0.0,0.0,0.0,0.0,40.536381523761335,39.00501987724064,42.968884169139436,39.67728677448573,59.99999999999993,59.99999999999993,59.99999999999993,59.99999999999993
2025-12-22T18:01:45.285880,40.050,384.0996075369431,6421.6979055523725,156.8679162220949,4100,1500,1520,40.0,35.0,20.0,6421.6979055523725,117.65093716657117,1500,1520,800,0,0,156.8679162220949,156.8679162220949,78.43395811104745,0.0,4100,4200,390.0,117.65093716657115,34.00499999999999,25.0,25.0,0.9228609590604155,0.3851332889300664,1.0,0.0,0.0,0.0,0.0,43.73672287806556,39.214730912002985,38.6456613500166,42.5918010115376,60.024999999999935,60.024999999999935,60.024999999999935,60.024999999999935
2025-12-22T18:01:45.337394,40.100,384.49830748055336,6349.615985787943,153.98463943151773,4100,1500,1520,40.0,35.0,20.0,6349.615985787943,115.4884795736383,1500,1520,800,0,0,153.98463943151773,153.98463943151773,76.99231971575887,0.0,4100,4200,390.0,115.4884795736383,34.009999999999984,25.0,25.0,0.9321999093342394,0.36194382027772753,1.0,0.0,0.0,0.0,0.0,35.67173878856477,43.67981388588223,40.3169815654838,44.275310710625874,60.049999999999926,60.049999999999926,60.049999999999926,60.049999999999926
2025-12-22T18:01:45.387912,40.150,384.26124810014085,6274.1607289254625,150.96642915701852,4100,1500,1520,40.0,35.0,20.0,6274.1607289254625,113.2248218677639,1500,1520,800,0,0,150.96642915701852,150.96642915701852,75.48321457850926,0.0,4100,4200,390.0,113.2248218677639,34.014999999999986,25.0,25.0,0.9409562650091462,0.33852814851949514,0.9999999999999999,0.0,0.0,0.0,0.0,44.60621112061352,43.33885070880037,36.12199457483118,42.50256456825552,60.07499999999993,60.07499999999993,60.07499999999993,60.07499999999993
2025-12-22T18:01:45.439461,40.200,384.2815104592664,6195.520733810748,147.82082935242997,4100,1500,1520,40.0,35.0,20.0,6195.520733810748,110.86562201432247,1500,1520,800,0,0,147.82082935242997,147.82082935242997,73.91041467621498,0.0,4100,4200,390.0,110.86562201432248,34.01999999999998,25.0,25.0,0.9491245536478711,0.31490090768800505,1.0,0.0,0.0,0.0,0.0,42.63672528909226,36.827644442654886,35.54784436925636,43.01806203155084,60.09999999999992,60.09999999999992,60.09999999999992,60.09999999999992
2025-12-22T18:01:45.489993,40.250,384.2552043476692,6113.892559476671,144.55570237906682,4100,1500,1520,40.0,35.0,20.0,6113.892559476671,108.41677678430011,1500,1520,800,0,0,144.55570237906682,144.55570237906682,72.27785118953341,0.0,4100,4200,390.0,108.4167767843001,34.024999999999984,25.0,25.0,0.956699670335904,0.2910768640396769,1.0,0.0,0.0,0.0,0.0,38.230509192236276,40.989444255033106,43.33171447879188,43.72060922540764,60.12499999999993,60.12499999999993,60.12499999999993,60.12499999999993
2025-12-22T18:01:45.540630,40.300,384.93652109931134,6029.480233847932,141.1792093539173,4100,1500,1520,40.0,35.0,20.0,6029.480233847932,105.88440701543797,1500,1520,800,0,0,141.1792093539173,141.1792093539173,70.58960467695864,0.0,4100,4200,390.0,105.88440701543797,34.02999999999999,25.0,25.0,0.9636768808718956,0.26707090682628504,1.0,0.0,0.0,0.0,0.0,42.16007491354959,35.43445306841527,43.402722617628896,37.94946749662457,60.14999999999992,60.14999999999992,60.14999999999992,60.14999999999992
2025-12-22T18:01:45.591153,40.350,384.9274673267525,5942.494743777515,137.6997897511006,4100,1500,1520,40.0,35.0,20.0,5942.494743777515,103.27484231332545,1500,1520,800,0,0,137.6997897511006,137.6997897511006,68.8498948755503,0.0,4100,4200,390.0,103.27484231332546,34.03499999999998,25.0,25.0,0.9700518247263791,0.24289803898966,1.0,0.0,0.0,0.0,0.0,37.72276911358065,40.3109670305929,41.698129268325566,40.361291453131656,60.174999999999926,60.174999999999926,60.174999999999926,60.174999999999926
2025-12-22T18:01:45.641837,40.400,385.3952779230035,5853.153507689429,134.12614030757717,4100,1500,1520,40.0,35.0,20.0,5853.153507689429,100.59460523068287,1500,1520,800,0,0,134.12614030757717,134.12614030757717,67.06307015378859,0.0,4100,4200,390.0,100.59460523068287,34.039999999999985,25.0,25.0,0.9758205177669586,0.21857336778533892,1.0,0.0,0.0,0.0,0.0,36.04290634877246,42.842320608040524,37.26761029788335,37.84752071796431,60.19999999999992,60.19999999999992,60.19999999999992,60.19999999999992
2025-12-22T18:01:45.692420,40.450,385.60000962217197,5761.679832145877,130.4671932858351,4100,1500,1520,40.0,35.0,20.0,5761.679832145877,97.85039496437632,1500,1520,800,0,0,130.4671932858351,130.4671932858351,65.23359664291755,0.0,4100,4200,390.0,97.85039496437632,34.04499999999999,25.0,25.0,0.9809793547482627,0.19411209534102228,1.0,0.0,0.0,0.0,0.0,40.26796452740306,42.66619119116961,35.71488300132931,40.50851227060288,60.22499999999992,60.22499999999992,60.22499999999992,60.22499999999992
2025-12-22T18:01:45.743298,40.500,385.4961388708869,5668.30235369715,126.73209414788596,4100,1500,1520,40.0,35.0,20.0,5668.30235369715,95.04907061091447,1500,1520,800,0,0,126.73209414788596,126.73209414788596,63.36604707394298,0.0,4100,4200,390.0,95.04907061091447,34.04999999999998,25.0,25.0,0.9855251115651058,0.16952950915573897,1.0,0.0,0.0,0.0,0.0,43.370578235648246,42.87509522432085,42.560642909938295,43.32572237927996,60.249999999999915,60.249999999999915,60.249999999999915,60.249999999999915
2025-12-22T18:01:45.793862,40.550,385.7393135483172,5573.254467409316,122.93017869637265,4100,1500,1520,40.0,35.0,20.0,5573.254467409316,92.19763402227949,1500,1520,800,0,0,122.93017869637265,122.93017869637265,61.465089348186325,0.0,4100,4200,390.0,92.19763402227949,34.054999999999986,25.0,25.0,0.989454947267448,0.14484097254565712,1.0,0.0,0.0,0.0,0.0,35.70396456459915,38.19624705314018,37.84185149761652,43.22881957320904,60.27499999999992,60.27499999999992,60.27499999999992,60.27499999999992
2025-12-22T18:01:45.847496,40.600,386.01007561395676,5476.773743498115,119.07094973992461,4100,1500,1520,40.0,35.0,20.0,5476.773743498115,89.30321230494346,1500,1520,800,0,0,119.07094973992461,119.07094973992461,59.53547486996231,0.0,4100,4200,390.0,89.30321230494346,34.05999999999998,25.0,25.0,0.9927664058358969,0.12006191504251137,1.0,0.0,0.0,0.0,0.0,37.48081457566479,38.05450480045816,42.26525568669573,42.17854105031953,60.29999999999991,60.29999999999991,60.29999999999991,60.29999999999991
2025-12-22T18:01:45.899041,40.650,385.6109311439434,5379.1013335271355,115.1640533410854,4100,1500,1520,40.0,35.0,20.0,5379.1013335271355,86.37304000581406,1500,1520,800,0,0,115.1640533410854,115.1640533410854,57.5820266705427,0.0,4100,4200,390.0,86.37304000581406,34.06499999999998,25.0,25.0,0.99545741771664,0.09520782275064814,0.9999999999999999,0.0,0.0,0.0,0.0,41.29583131068596,43.40554286007796,36.8999737260409,39.51008569199753,60.32499999999992,60.32499999999992,60.32499999999992,60.32499999999992
2025-12-22T18:01:45.951427,40.700,386.2529314204457,5280.4813676544945,111.2192547061798,4100,1500,1520,40.0,35.0,20.0,5280.4813676544945,83.41444102963484,1500,1520,800,0,0,111.2192547061798,111.2192547061798,55.6096273530899,0.0,4100,4200,390.0,83.41444102963484,34.06999999999998,25.0,25.0,0.9975263011148481,0.07029422866871417,1.0,0.0,0.0,0.0,0.0,36.47684656671501,40.64632319476671,35.702350224187434,44.30187151648122,60.34999999999991,60.34999999999991,60.34999999999991,60.34999999999991
2025-12-22T18:01:46.001553,40.750,386.19252993552266,5181.160344434591,107.24641377738365,4100,1500,1520,40.0,35.0,20.0,5181.160344434591,80.43481033303775,1500,1520,800,0,0,107.24641377738365,107.24641377738365,53.623206888691826,0.0,4100,4200,390.0,80.43481033303775,34.07499999999998,25.0,25.0,0.9989717630457422,0.045336702982038166,1.0,0.0,0.0,0.0,0.0,38.005010752202146,37.9327695368547,38.56317217979124,42.41350644835611,60.374999999999915,60.374999999999915,60.374999999999915,60.374999999999915
2025-12-22T18:01:46.051833,40.800,386.21523621021186,5081.386514700084,103.25546058800339,4100,1500,1520,40.0,35.0,20.0,5081.386514700084,77.44159544100253,1500,1520,800,0,0,103.25546058800339,103.25546058800339,51.627730294001694,0.0,4100,4200,390.0,77.44159544100253,34.079999999999984,25.0,25.0,0.9997929001426674,0.02035084333177178,1.0,0.0,0.0,0.0,0.0,37.567912055556086,42.24846539628393,37.771384869254526,38.327394489636944,60.399999999999906,60.399999999999906,60.399999999999906,60.399999999999906
2025-12-22T18:01:46.102182,40.850,386.2537798085266,4981.4092610641055,99.25637044256422,4100,1500,1520,40.0,35.0,20.0,4981.4092610641055,74.44227783192316,1500,1520,800,0,0,99.25637044256422,99.25637044256422,49.62818522128211,0.0,4100,4200,390.0,74.44227783192316,34.08499999999998,25.0,25.0,0.9999891992216673,-0.00464773493312841,1.0,0.0,0.0,0.0,0.0,35.07216418649629,35.58012047240705,41.707369259625715,44.03545805203292,60.42499999999991,60.42499999999991,60.42499999999991,60.42499999999991
2025-12-22T18:01:46.152920,40.900,386.5267949908526,4881.478474593596,95.25913898374385,4100,1500,1520,40.0,35.0,20.0,4881.478474593596,71.44435423780789,1500,1520,800,0,0,95.25913898374385,95.25913898374385,47.629569491871926,0.0,4100,4200,390.0,71.44435423780789,34.08999999999998,25.0,25.0,0.9995605376022073,-0.0296434085149857,1.0,0.0,0.0,0.0,0.0,35.7688494028924,35.257740113949836,44.39936264935102,37.055203829604245,60.4499999999999,60.4499999999999,60.4499999999999,60.4499999999999
2025-12-22T18:01:46.203417,40.950,386.78829055202095,4781.843930211786,91.27375720847142,4100,1500,1520,40.0,35.0,20.0,4781.843930211786,68.45531790635357,1500,1520,800,0,0,91.27375720847142,91.27375720847142,45.63687860423571,0.0,4100,4200,390.0,68.45531790635357,34.094999999999985,25.0,25.0,0.998507183183846,-0.054620555931455726,0.9999999999999999,0.0,0.0,0.0,0.0,41.18429789457297,36.915115017785965,42.32593168695244,37.08554833756496,60.47499999999991,60.47499999999991,60.47499999999991,60.47499999999991
2025-12-22T18:01:46.257640,41.000,386.7175307095656,4682.754662390961,87.31018649563843,4100,1500,1520,40.0,35.0,20.0,4682.754662390961,65.48263987172882,1500,1520,800,0,0,87.31018649563843,87.31018649563843,43.65509324781922,0.0,4100,4200,390.0,65.48263987172882,34.09999999999998,25.0,25.0,0.9968297942788069,-0.07956356727844445,1.0,0.0,0.0,0.0,0.0,42.43087807076652,39.87912932675573,39.33627076864438,35.804669601461875,60.4999999999999,60.4999999999999,60.4999999999999,60.4999999999999
2025-12-22T18:01:46.310200,41.050,386.4997239611384,4584.458342695981,83.37833370783922,4100,1500,1520,40.0,35.0,20.0,4584.458342695981,62.53375028087942,1500,1520,800,0,0,83.37833370783922,83.37833370783922,41.68916685391961,0.0,4100,4200,390.0,62.53375028087942,34.10499999999998,25.0,25.0,0.994529419200554,-0.10445685398579005,1.0,0.0,0.0,0.0,0.0,44.749850604763324,39.81239086449209,40.19823410431789,44.959662577019884,60.524999999999906,60.524999999999906,60.524999999999906,60.524999999999906
2025-12-22T18:01:46.361207,41.100,387.0325144025359,4487.200660734348,79.48802642937395,4100,1500,1520,40.0,35.0,20.0,4487.200660734348,59.61601982203046,1500,1520,800,0,0,79.48802642937395,79.48802642937395,39.74401321468697,0.0,4100,4200,390.0,59.61601982203045,34.10999999999998,25.0,25.0,0.991607495608631,-0.12928485855961194,1.0,0.0,0.0,0.0,0.0,44.634672889894105,39.94774944107348,37.20240649146791,41.27853683913907,60.5499999999999,60.5499999999999,60.5499999999999,60.5499999999999
2025-12-22T18:01:46.411383,41.150,387.32917247281796,4391.224710060147,75.64898840240589,4100,1500,1520,40.0,35.0,20.0,4391.224710060147,56.736741301804415,1500,1520,800,0,0,75.64898840240589,75.64898840240589,37.824494201202945,0.0,4100,4200,390.0,56.73674130180441,34.11499999999998,25.0,25.0,0.98806584961017,-0.15403206430523786,1.0,0.0,0.0,0.0,0.0,39.932014551371886,38.883069154452585,44.29805273465795,38.60067822489589,60.5749999999999,60.5749999999999,60.5749999999999,60.5749999999999
2025-12-22T18:01:46.461903,41.200,387.0715024308541,4296.770380566753,71.87081522267013,4100,1500,1520,40.0,35.0,20.0,4296.770380566753,53.9031114170026,1500,1520,800,0,0,71.87081522267013,71.87081522267013,35.935407611335066,0.0,4100,4200,390.0,53.90311141700259,34.119999999999976,25.0,25.0,0.9839066946186346,-0.1786830050246332,1.0,0.0,0.0,0.0,0.0,36.5398489381179,43.22063111208931,38.09746933698322,38.88394675537938,60.599999999999895,60.599999999999895,60.599999999999895,60.599999999999895
2025-12-22T18:01:46.512718,41.250,387.0533092779211,4204.073758887036,68.16295035548144,4100,1500,1520,40.0,35.0,20.0,4204.073758887036,51.122212766611085,1500,1520,800,0,0,68.16295035548144,68.16295035548144,34.08147517774072,0.0,4100,4200,390.0,51.122212766611085,34.12499999999998,25.0,25.0,0.9791326299705079,-0.203222274682271,0.9999999999999999,0.0,0.0,0.0,0.0,42.2026639645389,36.27436817714241,35.06029678047847,42.76783123681368,60.6249999999999,60.6249999999999,60.6249999999999,60.6249999999999
2025-12-22T18:01:46.563061,41.300,387.20772719460007,4113.366538299728,64.53466153198912,4100,1500,1520,40.0,35.0,20.0,4113.366538299728,48.40099614899184,1500,1520,800,0,0,64.53466153198912,64.53466153198912,32.26733076599456,0.0,4100,4200,390.0,48.40099614899184,34.12999999999998,25.0,25.0,0.9737466393007927,-0.22763453703340303,0.9999999999999999,0.0,0.0,0.0,0.0,40.64465516550713,42.28012919665792,38.697061906646205,43.514151465339104,60.64999999999989,60.64999999999989,60.64999999999989,60.64999999999989
2025-12-22T18:01:46.614086,41.350,387.93373863208933,4024.8754396168893,60.995017584675566,4100,1500,1520,40.0,35.0,20.0,4024.8754396168893,45.746263188506674,1500,1520,800,0,0,60.995017584675566,60.995017584675566,30.497508792337783,0.0,4100,4200,390.0,45.746263188506674,34.13499999999998,25.0,25.0,0.9677520886783362,-0.25190453520871325,1.0,0.0,0.0,0.0,0.0,43.76285623354683,35.17149201225182,40.84862943283059,37.443380587743476,60.6749999999999,60.6749999999999,60.6749999999999,60.6749999999999
2025-12-22T18:01:46.664608,41.400,388.3261693983625,3938.8216444999543,57.55286577999817,4100,1500,1520,40.0,35.0,20.0,3938.8216444999543,43.16464933499863,1500,1520,800,0,0,57.55286577999817,57.55286577999817,28.776432889999086,0.0,4100,4200,390.0,43.16464933499863,34.13999999999998,25.0,25.0,0.961152724502146,-0.2760171012493646,1.0,0.0,0.0,0.0,0.0,43.291815589526145,42.20306345849383,37.28242698623311,44.76959292007267,60.69999999999989,60.69999999999989,60.69999999999989,60.69999999999989
2025-12-22T18:01:46.715394,41.450,388.0746983152719,3855.420242620765,54.216809704830595,4100,1500,1520,40.0,35.0,20.0,3855.420242620765,40.66260727862294,1500,1520,800,0,0,54.216809704830595,54.216809704830595,27.108404852415298,0.0,4100,4200,390.0,40.66260727862294,34.14499999999998,25.0,25.0,0.9539526711600137,-0.29995716558647967,1.0,0.0,0.0,0.0,0.0,40.83929923501155,42.93267938636101,43.367275487670796,40.66300866764187,60.724999999999895,60.724999999999895,60.724999999999895,60.724999999999895
2025-12-22T18:01:46.771716,41.500,388.09978743364013,3774.8796940494085,50.99518776197635,4100,1500,1520,40.0,35.0,20.0,3774.8796940494085,38.24639082148226,1500,1520,800,0,0,50.99518776197635,50.99518776197635,25.497593880988173,0.0,4100,4200,390.0,38.24639082148226,34.14999999999998,25.0,25.0,0.9461564284509064,-0.3237097664591304,1.0,0.0,0.0,0.0,0.0,40.69396795530231,42.36640281403577,38.85531354192239,35.62663396957964,60.749999999999886,60.749999999999886,60.749999999999886,60.749999999999886
2025-12-22T18:01:46.822729,41.550,387.9768659294236,3697.401308212607,47.89605232850428,4100,1500,1520,40.0,35.0,20.0,3697.401308212607,35.92203924637821,1500,1520,800,0,0,47.89605232850428,47.89605232850428,23.94802616425214,0.0,4100,4200,390.0,35.92203924637821,34.15499999999998,25.0,25.0,0.9377688687727387,-0.34726005926495196,0.9999999999999999,0.0,0.0,0.0,0.0,36.888826483666584,37.295125656318966,35.503688909617324,35.83486204327105,60.77499999999989,60.77499999999989,60.77499999999989,60.77499999999989
2025-12-22T18:01:46.877962,41.600,388.42829955379665,3623.1787407249894,44.927149628999565,4100,1500,1520,40.0,35.0,20.0,3623.1787407249894,33.695362221749676,1500,1520,800,0,0,44.927149628999565,44.927149628999565,22.463574814499783,0.0,4100,4200,390.0,33.695362221749676,34.159999999999975,25.0,25.0,0.9287952340772825,-0.37059332583753585,1.0,0.0,0.0,0.0,0.0,41.59550997227085,35.54871189001417,44.146607257391025,40.384516766211505,60.79999999999988,60.79999999999988,60.79999999999988,60.79999999999988
2025-12-22T18:01:46.928965,41.650,388.5740905606697,3552.3975093509075,42.0959003740363,4100,1500,1520,40.0,35.0,20.0,3552.3975093509075,31.571925280527225,1500,1520,800,0,0,42.0959003740363,42.0959003740363,21.04795018701815,0.0,4100,4200,390.0,31.57192528052723,34.16499999999998,25.0,25.0,0.919241132594118,-0.3936949836448048,1.0,0.0,0.0,0.0,0.0,36.70036725202047,43.78673942094718,39.132631579797504,43.262166547105586,60.82499999999989,60.82499999999989,60.82499999999989,60.82499999999989
2025-12-22T18:01:46.979643,41.700,388.7425024533547,3485.234530306645,39.40938121226579,4100,1500,1520,40.0,35.0,20.0,3485.234530306645,29.557035909199342,1500,1520,800,0,0,39.40938121226579,39.40938121226579,19.704690606132896,0.0,4100,4200,390.0,29.55703590919934,34.16999999999997,25.0,25.0,0.9091125353256728,-0.4165505949026207,1.0,0.0,0.0,0.0,0.0,44.251827286694926,37.34169789846446,36.75737026234518,37.828402517744394,60.84999999999988,60.84999999999988,60.84999999999988,60.84999999999988
2025-12-22T18:01:47.030607,41.750,388.6267311397367,3421.857676062008,36.87430704248033,4100,1500,1520,40.0,35.0,20.0,3421.857676062008,27.65573028186025,1500,1520,800,0,0,36.87430704248033,36.87430704248033,18.437153521240166,0.0,4100,4200,390.0,27.65573028186025,34.174999999999976,25.0,25.0,0.8984157723155397,-0.4391458755979297,1.0,0.0,0.0,0.0,0.0,39.41955662714017,42.215358046146676,39.609293952905745,44.931927561941094,60.874999999999886,60.874999999999886,60.874999999999886,60.874999999999886
2025-12-22T18:01:47.081338,41.800,388.2434859108471,3362.4253557465818,34.49701422986328,4100,1500,1520,40.0,35.0,20.0,3362.4253557465818,25.87276067239746,1500,1520,800,0,0,34.49701422986328,34.49701422986328,17.24850711493164,0.0,4100,4200,390.0,25.872760672397465,34.17999999999998,25.0,25.0,0.8871575286924052,-0.46146670441580534,1.0,0.0,0.0,0.0,0.0,36.29123006890179,44.94615951390617,44.33662744274572,35.16451192469956,60.89999999999988,60.89999999999988,60.89999999999988,60.89999999999988
2025-12-22T18:01:47.131985,41.850,388.29114320025957,3307.0861192094003,32.283444768376015,4100,1500,1520,40.0,35.0,20.0,3307.0861192094003,24.21258357628201,1500,1520,800,0,0,32.283444768376015,32.283444768376015,16.141722384188007,0.0,4100,4200,390.0,24.21258357628201,34.184999999999974,25.0,25.0,0.8753448404920622,-0.48349913156481084,1.0,0.0,0.0,0.0,0.0,36.511409274143304,41.093988155140735,36.59568198380951,38.88577772540865,60.92499999999988,60.92499999999988,60.92499999999988,60.92499999999988
2025-12-22T18:01:47.182218,41.900,389.1576197018359,3255.9782857216887,30.239131428867566,4100,1500,1520,40.0,35.0,20.0,3255.9782857216887,22.679348571650674,1500,1520,800,0,0,30.239131428867566,30.239131428867566,15.119565714433783,0.0,4100,4200,390.0,22.679348571650674,34.189999999999976,25.0,25.0,0.8629850902601163,-0.5052293874951644,1.0,0.0,0.0,0.0,0.0,41.28260858676627,38.15198408287036,42.27704297931769,39.85388517721346,60.949999999999875,60.949999999999875,60.949999999999875,60.949999999999875
2025-12-22T18:01:47.232477,41.950,388.96822243402835,3209.229598250722,28.369183930028882,4100,1500,1520,40.0,35.0,20.0,3209.229598250722,21.27688794752166,1500,1520,800,0,0,28.369183930028882,28.369183930028882,14.184591965014441,0.0,4100,4200,390.0,21.27688794752166,34.19499999999998,25.0,25.0,0.8500860024381351,-0.5266438915042602,1.0,0.0,0.0,0.0,0.0,40.3824301725782,38.499414592107435,38.98100977982064,39.46481811632569,60.97499999999988,60.97499999999988,60.97499999999988,60.97499999999988
2025-12-22T18:01:47.282920,42.000,388.7902474083111,3166.9569041689315,26.678276166757257,4100,1500,1520,40.0,35.0,20.0,3166.9569041689315,20.008707125067943,1500,1520,800,0,0,26.678276166757257,26.678276166757257,13.339138083378629,0.0,4100,4200,390.0,20.008707125067943,34.199999999999974,25.0,25.0,0.8366556385361241,-0.5477292602241643,1.0,0.0,0.0,0.0,0.0,35.988636969896696,41.67809930011506,37.956819481035325,38.44534573356839,60.99999999999987,60.99999999999987,60.99999999999987,60.99999999999987
2025-12-22T18:01:47.333452,42.050,388.9390249335795,3129.2658631963277,25.170634527853096,4100,1500,1520,40.0,35.0,20.0,3129.2658631963277,18.877975895889822,1500,1520,800,0,0,25.170634527853096,25.170634527853096,12.585317263926548,0.0,4100,4200,390.0,18.877975895889822,34.20499999999998,25.0,25.0,0.8227023920943448,-0.5684723159857856,1.0,0.0,0.0,0.0,0.0,38.29580491160064,40.122745452255074,35.682584108599116,43.207288838473815,61.02499999999988,61.02499999999988,61.02499999999988,61.02499999999988
2025-12-22T18:01:47.387000,42.100,389.06696485829906,3096.2506833062275,23.8500273322491,4100,1500,1520,40.0,35.0,20.0,3096.2506833062275,17.887520499186824,1500,1520,800,0,0,23.8500273322491,23.8500273322491,11.92501366612455,0.0,4100,4200,390.0,17.887520499186824,34.20999999999997,25.0,25.0,0.8082349834376255,-0.5888600950544886,1.0,0.0,0.0,0.0,0.0,44.78665070214349,37.99594146439692,43.32585049857885,37.24081987361134,61.04999999999987,61.04999999999987,61.04999999999987,61.04999999999987
2025-12-22T18:01:47.439526,42.150,388.94198000540644,3067.9938852543833,22.71975541017534,4100,1500,1520,40.0,35.0,20.0,3067.9938852543833,17.039816557631504,1500,1520,800,0,0,22.71975541017534,22.71975541017534,11.35987770508767,0.0,4100,4200,390.0,17.039816557631504,34.214999999999975,25.0,25.0,0.7932624542254422,-0.608879855732006,1.0,0.0,0.0,0.0,0.0,41.478847827411045,42.688872906551026,36.25280181667594,40.57525074030595,61.074999999999875,61.074999999999875,61.074999999999875,61.074999999999875
2025-12-22T18:01:47.490296,42.200,388.68682719531927,3044.566096320069,21.78264385280275,4100,1500,1520,40.0,35.0,20.0,3044.566096320069,16.336982889602062,1500,1520,800,0,0,21.78264385280275,21.78264385280275,10.891321926401375,0.0,4100,4200,390.0,16.336982889602062,34.21999999999997,25.0,25.0,0.7777941618011754,-0.6285190863195858,1.0,0.0,0.0,0.0,0.0,38.49440815349508,40.38259998581505,41.88695546113519,38.7775323037305,61.099999999999866,61.099999999999866,61.099999999999866,61.099999999999866
2025-12-22T18:01:47.541320,42.250,389.38989883106456,3026.0258737746626,21.0410349509865,4100,1500,1520,40.0,35.0,20.0,3026.0258737746626,15.780776213239875,1500,1520,800,0,0,21.0410349509865,21.0410349509865,10.52051747549325,0.0,4100,4200,390.0,15.780776213239875,34.22499999999997,25.0,25.0,0.761839773344076,-0.6477655129373954,1.0,0.0,0.0,0.0,0.0,35.657469589742014,35.91263093229121,37.798613450477454,36.69768280500075,61.12499999999987,61.12499999999987,61.12499999999987,61.12499999999987
2025-12-22T18:01:47.591545,42.300,389.2228966434212,3012.4195585189673,20.496782340758685,4100,1500,1520,40.0,35.0,20.0,3012.4195585189673,15.372586755569014,1500,1520,800,0,0,20.496782340758685,20.496782340758685,10.248391170379342,0.0,4100,4200,390.0,15.372586755569014,34.229999999999976,25.0,25.0,0.7454092598275918,-0.6666071071952967,1.0,0.0,0.0,0.0,0.0,44.90077923990966,37.65554118662747,40.93301498263718,44.84148679157934,61.149999999999864,61.149999999999864,61.149999999999864,61.149999999999864
2025-12-22T18:01:47.641774,42.350,389.31479485486483,3003.7811592550897,20.151246370203594,4100,1500,1520,40.0,35.0,20.0,3003.7811592550897,15.113434777652696,1500,1520,800,0,0,20.151246370203594,20.151246370203594,10.075623185101797,0.0,4100,4200,390.0,15.113434777652696,34.23499999999997,25.0,25.0,0.7285128897878341,-0.6850320937101991,1.0,0.0,0.0,0.0,0.0,39.924037276858385,40.68858318124994,38.00794463674718,36.28300092816808,61.17499999999987,61.17499999999987,61.17499999999987,61.17499999999987
2025-12-22T18:01:47.692484,42.400,388.9980646420716,3000.1322674823987,20.005290699295955,4100,1500,1520,40.0,35.0,20.0,3000.1322674823987,15.003968024471966,1500,1520,800,0,0,20.005290699295955,20.005290699295955,10.002645349647977,0.0,4100,4200,390.0,15.003968024471964,34.239999999999974,25.0,25.0,0.7111612229060773,-0.70302895746529,1.0,0.0,0.0,0.0,0.0,38.92639168950339,38.890350832171805,38.572018571895235,42.327529335030015,61.19999999999986,61.19999999999986,61.19999999999986,61.19999999999986
2025-12-22T18:01:47.743093,42.450,389.6541579533912,3001.48200353002,20.0592801412008,4100,1500,1520,40.0,35.0,20.0,3001.48200353002,15.044460105900601,1500,1520,800,0,0,20.0592801412008,20.0592801412008,10.0296400706004,0.0,4100,4200,390.0,15.044460105900601,34.244999999999976,25.0,25.0,0.6933651034093015,-0.7205864510065456,1.0,0.0,0.0,0.0,0.0,40.41382281612132,44.84214967286494,41.71588606811048,43.89747435773087,61.224999999999866,61.224999999999866,61.224999999999866,61.224999999999866
2025-12-22T18:01:47.796911,42.500,388.88998415509593,3007.826993760763,20.313079750430518,4100,1500,1520,40.0,35.0,20.0,3007.826993760763,15.234809812822888,1500,1520,800,0,0,20.313079750430518,20.313079750430518,10.156539875215259,0.0,4100,4200,390.0,15.234809812822888,34.24999999999997,25.0,25.0,0.6751356532929033,-0.7376936014720236,1.0,0.0,0.0,0.0,0.0,42.06630074749796,44.37993498779167,39.360005160020144,40.48753905950565,61.24999999999986,61.24999999999986,61.24999999999986,61.24999999999986
2025-12-22T18:01:47.849463,42.550,389.7056573828143,3019.151379003458,20.766055160138322,4100,1500,1520,40.0,35.0,20.0,3019.151379003458,15.574541370103741,1500,1520,800,0,0,20.766055160138322,20.766055160138322,10.383027580069161,0.0,4100,4200,390.0,15.574541370103741,34.254999999999974,25.0,25.0,0.6564842653698112,-0.754339717449545,1.0,0.0,0.0,0.0,0.0,39.478171045623796,42.98923586440791,40.549663286479976,40.96041536116527,61.274999999999864,61.274999999999864,61.274999999999864,61.274999999999864
2025-12-22T18:01:47.901987,42.600,389.2734794501823,3035.4268541926244,21.417074167704982,4100,1500,1520,40.0,35.0,20.0,3035.4268541926244,16.062805625778736,1500,1520,800,0,0,21.417074167704982,21.417074167704982,10.708537083852491,0.0,4100,4200,390.0,16.062805625778736,34.25999999999997,25.0,25.0,0.6374225961503484,-0.7705143956584782,1.0,0.0,0.0,0.0,0.0,39.709702220028085,42.05350185436902,43.31327421284157,41.56076274095491,61.299999999999855,61.299999999999855,61.299999999999855,61.299999999999855
2025-12-22T18:01:47.953952,42.650,389.3746785046642,3056.6127391163927,22.26450956465571,4100,1500,1520,40.0,35.0,20.0,3056.6127391163927,16.698382173491783,1500,1520,800,0,0,22.26450956465571,22.26450956465571,11.132254782327855,0.0,4100,4200,390.0,16.698382173491783,34.26499999999997,25.0,25.0,0.6179625585572928,-0.7862075274514513,1.0,0.0,0.0,0.0,0.0,35.77433339399635,40.70311984811033,42.907316828773794,37.34553050597785,61.32499999999986,61.32499999999986,61.32499999999986,61.32499999999986
2025-12-22T18:01:48.003217,42.700,388.6816909383068,3082.6560800958487,23.306243203833958,4100,1500,1520,40.0,35.0,20.0,3082.6560800958487,17.47968240287547,1500,1520,800,0,0,23.306243203833958,23.306243203833958,11.653121601916979,0.0,4100,4200,390.0,17.47968240287547,34.26999999999997,25.0,25.0,0.5981163144806886,-0.801409305131927,1.0,0.0,0.0,0.0,0.0,38.52459126067191,43.59938845368061,39.442567065769204,41.47724414539971,61.34999999999985,61.34999999999985,61.34999999999985,61.34999999999985
