timestamp,time_elapsed_s,dc_bus_voltage,rpm,torque_total,cell_min_v,throttle_raw1,throttle_raw2,motor_temp,pwrstg_temp,air_temp,n_actual,i_actual,s1_raw,s2_raw,brake_raw,precharge_btn,start_btn,torque_req,torque_est,throttle_pct,brake_pct,ams_min_cell_mv,ams_max_cell_mv,ams_stack_v,ams_current_a,ams_max_temp_c,ams_min_temp_c,ams_avg_temp_c,g_long,g_lat,g_total,susp_force_fl,susp_force_fr,susp_force_rl,susp_force_rr,susp_travel_fl,susp_travel_fr,susp_travel_rl,susp_travel_rr,brake_temp_fl,brake_temp_fr,brake_temp_rl,brake_temp_rr
2025-12-22T17:43:33.078894,0.000,386.50292345306207,5000.0,100.0,4100,1500,1520,40.0,35.0,20.0,5000.0,75.0,1500,1520,800,0,0,100.0,100.0,50.0,0.0,4100,4200,390.0,75.0,30.0,25.0,25.0,0.0,1.0,1.0,0.0,0.0,0.0,0.0,35.66610522178566,38.40905814458915,37.360093259901355,44.32276347254208,40.0,40.0,40.0,40.0
2025-12-22T17:43:33.129897,0.050,386.5397290144832,5099.958338541357,103.99833354165426,4100,1500,1520,40.0,35.0,20.0,5099.958338541357,77.9987501562407,1500,1520,800,0,0,103.99833354165426,103.99833354165426,51.99916677082713,0.0,4100,4200,390.0,77.9987501562407,30.005,25.0,25.0,0.024997395914712332,0.9996875162757026,1.0,0.0,0.0,0.0,0.0,39.554944174708226,40.7122622381745,35.959828272310695,40.00649904995331,40.025,40.025,40.025,40.025
2025-12-22T17:43:33.180384,0.100,385.71967029183537,5199.666833293656,107.98667333174625,4100,1500,1520,40.0,35.0,20.0,5199.666833293656,80.99000499880968,1500,1520,800,0,0,107.98667333174625,107.98667333174625,53.99333666587312,0.0,4100,4200,390.0,80.99000499880968,30.01,25.0,25.0,0.04997916927067833,0.9987502603949663,1.0,0.0,0.0,0.0,0.0,39.85173440291526,37.41568530314094,37.13633836984264,42.176283407229846,40.05,40.05,40.05,40.05
2025-12-22T17:43:33.230865,0.150,386.0334076711748,5298.876264947198,111.95505059788795,4100,1500,1520,40.0,35.0,20.0,5298.876264947198,83.96628794841595,1500,1520,800,0,0,111.95505059788795,111.95505059788795,55.977525298943974,0.0,4100,4200,390.0,83.96628794841595,30.015,25.0,25.0,0.07492970727274235,0.9971888181122075,1.0,0.0,0.0,0.0,0.0,42.373564263421144,44.30602109590472,42.064955950156836,39.20811184535825,40.075,40.075,40.075,40.075
2025-12-22T17:43:33.281485,0.200,386.09193421832833,5397.338661590123,115.89354646360489,4100,1500,1520,40.0,35.0,20.0,5397.338661590123,86.92015984770367,1500,1520,800,0,0,115.89354646360489,115.89354646360489,57.946773231802446,0.0,4100,4200,390.0,86.92015984770367,30.02,25.0,25.0,0.09983341664682815,0.9950041652780258,1.0,0.0,0.0,0.0,0.0,42.511941400015516,40.30216278074679,41.68600349477997,37.32179805482019,40.1,40.1,40.1,40.1
2025-12-22T17:43:33.337325,0.250,385.49902004002774,5494.8079185090455,119.79231674036183,4100,1500,1520,40.0,35.0,20.0,5494.8079185090455,89.84423755527138,1500,1520,800,0,0,119.79231674036183,119.79231674036183,59.89615837018091,0.0,4100,4200,390.0,89.84423755527138,30.025,25.0,25.0,0.12467473338522769,0.992197667229329,0.9999999999999999,0.0,0.0,0.0,0.0,36.59839680617699,38.77478533264393,41.12674605023213,35.114804123219365,40.125,40.125,40.125,40.125
2025-12-22T17:43:33.388325,0.300,385.55765912542086,5591.040413322679,123.64161653290716,4100,1500,1520,40.0,35.0,20.0,5591.040413322679,92.73121239968037,1500,1520,800,0,0,123.64161653290716,123.64161653290716,61.82080826645358,0.0,4100,4200,390.0,92.73121239968037,30.03,25.0,25.0,0.14943813247359922,0.9887710779360422,0.9999999999999999,0.0,0.0,0.0,0.0,41.952027027988755,41.10638189866053,39.799390352324735,41.3906546742527,40.15,40.15,40.15,40.15
2025-12-22T17:43:33.438689,0.350,385.58599590372813,5685.795614910903,127.43182459643612,4100,1500,1520,40.0,35.0,20.0,5685.795614910903,95.57386844732709,1500,1520,800,0,0,127.43182459643612,127.43182459643612,63.71591229821806,0.0,4100,4200,390.0,95.57386844732709,30.035,25.0,25.0,0.17410813759359595,0.9847265389049334,0.9999999999999999,0.0,0.0,0.0,0.0,40.01060757593564,36.63209761090313,40.73700496822799,35.04437892968943,40.175,40.175,40.175,40.175
2025-12-22T17:43:33.489752,0.400,385.37049780291966,5778.836684617301,131.15346738469202,4100,1500,1520,40.0,35.0,20.0,5778.836684617301,98.36510053851902,1500,1520,800,0,0,131.15346738469202,131.15346738469202,65.57673369234601,0.0,4100,4200,390.0,98.36510053851902,30.04,25.0,25.0,0.1986693307950612,0.9800665778412416,1.0,0.0,0.0,0.0,0.0,44.54180060956473,38.60840406524638,41.02041972145078,37.79571000489855,40.2,40.2,40.2,40.2
2025-12-22T17:43:33.541067,0.450,384.6988256616757,5869.93106822246,134.79724272889842,4100,1500,1520,40.0,35.0,20.0,5869.93106822246,101.09793204667382,1500,1520,800,0,0,134.79724272889842,134.79724272889842,67.39862136444921,0.0,4100,4200,390.0,101.09793204667382,30.045,25.0,25.0,0.22310636213174542,0.9747941070689433,1.0,0.0,0.0,0.0,0.0,38.64042258553113,39.7086649132077,41.956298975028595,41.02266554978223,40.225,40.225,40.225,40.225
2025-12-22T17:43:33.592001,0.500,385.2519149089876,5958.8510772084055,138.35404308833623,4100,1500,1520,40.0,35.0,20.0,5958.8510772084055,103.76553231625218,1500,1520,800,0,0,138.35404308833623,138.35404308833623,69.17702154416811,0.0,4100,4200,390.0,103.76553231625216,30.05,25.0,25.0,0.2474039592545229,0.9689124217106448,1.0,0.0,0.0,0.0,0.0,36.179797193914986,35.14776942704735,43.81467837458021,41.24679148892961,40.25,40.25,40.25,40.25
2025-12-22T17:43:33.642158,0.550,385.0065613266105,6045.374457861319,141.81497831445273,4100,1500,1520,40.0,35.0,20.0,6045.374457861319,106.36123373583955,1500,1520,800,0,0,141.81497831445273,141.81497831445273,70.90748915722637,0.0,4100,4200,390.0,106.36123373583955,30.055,25.0,25.0,0.2715469369561128,0.962425197628238,1.0,0.0,0.0,0.0,0.0,36.70201476147358,41.50841992098596,42.093051716344206,43.45838045613337,40.275,40.275,40.275,40.275
2025-12-22T17:43:33.692766,0.600,384.6366736348765,6129.2849467900705,145.17139787160284,4100,1500,1520,40.0,35.0,20.0,6129.2849467900705,108.87854840370213,1500,1520,800,0,0,145.17139787160284,145.17139787160284,72.58569893580142,0.0,4100,4200,390.0,108.87854840370213,30.06,25.0,25.0,0.29552020666133955,0.955336489125606,1.0,0.0,0.0,0.0,0.0,37.169743769918554,41.25644366228584,38.81960114852442,43.258304388690796,40.3,40.3,40.3,40.3
2025-12-22T17:43:33.743059,0.650,384.8336663098056,6210.372811472079,148.41491245888318,4100,1500,1520,40.0,35.0,20.0,6210.372811472079,111.31118434416238,1500,1520,800,0,0,148.41491245888318,148.41491245888318,74.20745622944159,0.0,4100,4200,390.0,111.3111843441624,30.065,25.0,25.0,0.31930878585700095,0.9476507264148157,1.0,0.0,0.0,0.0,0.0,42.99837605960043,40.06807114425368,37.01674835078213,38.036491023594664,40.325,40.325,40.325,40.325
2025-12-22T17:43:33.794459,0.700,384.61331451102984,6288.435374475383,151.5374149790153,4100,1500,1520,40.0,35.0,20.0,6288.435374475383,113.65306123426147,1500,1520,800,0,0,151.5374149790153,151.5374149790153,75.76870748950765,0.0,4100,4200,390.0,113.65306123426146,30.07,25.0,25.0,0.3428978074554514,0.9393727128473789,1.0,0.0,0.0,0.0,0.0,35.055992995996235,42.224700976009736,41.863302388072725,43.505166377197526,40.35,40.35,40.35,40.35
2025-12-22T17:43:33.845480,0.750,384.19633159925576,6363.2775200466685,154.53110080186673,4100,1500,1520,40.0,35.0,20.0,6363.2775200466685,115.89832560140005,1500,1520,800,0,0,154.53110080186673,154.53110080186673,77.26555040093336,0.0,4100,4200,390.0,115.89832560140005,30.075,25.0,25.0,0.3662725290860476,0.9305076219123143,1.0,0.0,0.0,0.0,0.0,44.29289867533299,42.440576499005715,36.69115300345427,44.99918443541526,40.375,40.375,40.375,40.375
2025-12-22T17:43:33.896165,0.800,383.9496557845174,6434.7121817990455,157.38848727196182,4100,1500,1520,40.0,35.0,20.0,6434.7121817990455,118.04136545397137,1500,1520,800,0,0,157.38848727196182,157.38848727196182,78.69424363598091,0.0,4100,4200,390.0,118.04136545397137,30.08,25.0,25.0,0.3894183423086506,0.9210609940028851,1.0,0.0,0.0,0.0,0.0,41.5216985561543,35.41901509123929,41.36521948005226,35.91327351414893,40.4,40.4,40.4,40.4
2025-12-22T17:43:33.947180,0.850,384.3325698641751,6502.560810280585,160.10243241122342,4100,1500,1520,40.0,35.0,20.0,6502.560810280585,120.07682430841757,1500,1520,800,0,0,160.10243241122342,160.10243241122342,80.05121620561171,0.0,4100,4200,390.0,120.07682430841757,30.085,25.0,25.0,0.41232078174342485,0.9110387329540336,0.9999999999999999,0.0,0.0,0.0,0.0,37.662701705590294,35.80369118833809,35.26451629638913,36.23894476170056,40.425,40.425,40.425,40.425
2025-12-22T17:43:34.001218,0.900,383.6270099417848,6566.653819254967,162.66615277019866,4100,1500,1520,40.0,35.0,20.0,6566.653819254967,121.999614577649,1500,1520,800,0,0,162.66615277019866,162.66615277019866,81.33307638509933,0.0,4100,4200,390.0,121.999614577649,30.09,25.0,25.0,0.43496553411123035,0.9004471023526769,1.0,0.0,0.0,0.0,0.0,42.6331872557976,41.73323928892313,41.99412690590694,37.49651737692645,40.45,40.45,40.45,40.45
2025-12-22T17:43:34.054295,0.950,383.36572368689605,6626.831009578747,165.07324038314994,4100,1500,1520,40.0,35.0,20.0,6626.831009578747,123.80493028736245,1500,1520,800,0,0,165.07324038314994,165.07324038314994,82.53662019157497,0.0,4100,4200,390.0,123.80493028736245,30.095,25.0,25.0,0.4573384471789556,0.8892927216231682,1.0,0.0,0.0,0.0,0.0,44.120469520195556,41.5391854470465,40.04949291769768,41.97922729765586,40.475,40.475,40.475,40.475
2025-12-22T17:43:34.105384,1.000,383.92796292352085,6682.941969615793,167.3176787846317,4100,1500,1520,40.0,35.0,20.0,6682.941969615793,125.48825908847378,1500,1520,800,0,0,167.3176787846317,167.3176787846317,83.65883939231585,0.0,4100,4200,390.0,125.48825908847377,30.1,25.0,25.0,0.4794255386042031,0.8775825618903726,1.0,0.0,0.0,0.0,0.0,37.7679832853471,38.55936487217474,39.25465561181601,42.56365743571273,40.5,40.5,40.5,40.5
2025-12-22T17:43:34.155789,1.050,383.33458769769356,6734.846451188034,169.39385804752135,4100,1500,1520,40.0,35.0,20.0,6734.846451188034,127.04539353564101,1500,1520,800,0,0,169.39385804752135,169.39385804752135,84.69692902376067,0.0,4100,4200,390.0,127.04539353564101,30.105,25.0,25.0,0.5012130046737979,0.8653239416229412,1.0,0.0,0.0,0.0,0.0,41.875017344948574,42.73241256138722,38.90033499545498,44.22908107941984,40.525,40.525,40.525,40.525
2025-12-22T17:43:34.206354,1.100,383.4054263568573,6782.414720122872,171.29658880491485,4100,1500,1520,40.0,35.0,20.0,6782.414720122872,128.47244160368615,1500,1520,800,0,0,171.29658880491485,171.29658880491485,85.64829440245742,0.0,4100,4200,390.0,128.47244160368615,30.11,25.0,25.0,0.5226872289306593,0.8525245220595057,1.0,0.0,0.0,0.0,0.0,35.40902197761276,38.59910058301237,40.7599097197745,35.68827536454695,40.55,40.55,40.55,40.55
2025-12-22T17:43:34.256528,1.150,383.1132360055991,6825.527880521042,173.0211152208417,4100,1500,1520,40.0,35.0,20.0,6825.527880521042,129.76583641563127,1500,1520,800,0,0,173.0211152208417,173.0211152208417,86.51055761042085,0.0,4100,4200,390.0,129.76583641563127,30.115,25.0,25.0,0.5438347906836427,0.839192302420654,0.9999999999999999,0.0,0.0,0.0,0.0,43.66648381241781,37.424575843526156,36.24195421057612,42.673841855082294,40.575,40.575,40.575,40.575
2025-12-22T17:43:34.310758,1.200,383.81324297983076,6864.078171934453,174.56312687737812,4100,1500,1520,40.0,35.0,20.0,6864.078171934453,130.92234515803358,1500,1520,800,0,0,174.56312687737812,174.56312687737812,87.28156343868906,0.0,4100,4200,390.0,130.92234515803358,30.12,25.0,25.0,0.5646424733950355,0.8253356149096782,1.0,0.0,0.0,0.0,0.0,43.533777205529105,43.471612716119225,40.44524537145534,39.171642859643036,40.6,40.6,40.6,40.6
2025-12-22T17:43:34.363673,1.250,383.8458802099545,6897.969238711173,175.9187695484469,4100,1500,1520,40.0,35.0,20.0,6897.969238711173,131.93907716133518,1500,1520,800,0,0,175.9187695484469,175.9187695484469,87.95938477422345,0.0,4100,4200,390.0,131.93907716133518,30.125,25.0,25.0,0.5850972729404623,0.8109631195052178,1.0,0.0,0.0,0.0,0.0,37.55496960903882,35.58205960973008,37.79059917028693,44.234196673473356,40.625,40.625,40.625,40.625
2025-12-22T17:43:34.417253,1.300,383.33718974616295,6927.1163708343865,177.08465483337545,4100,1500,1520,40.0,35.0,20.0,6927.1163708343865,132.8134911250316,1500,1520,800,0,0,177.08465483337545,177.08465483337545,88.54232741668773,0.0,4100,4200,390.0,132.8134911250316,30.13,25.0,25.0,0.6051864057360398,0.7960837985490556,0.9999999999999999,0.0,0.0,0.0,0.0,39.976402313713265,36.662935998338654,38.22212459709458,40.92482141102971,40.65,40.65,40.65,40.65
2025-12-22T17:43:34.467816,1.350,383.0387005451989,6951.446715653318,178.05786862613274,4100,1500,1520,40.0,35.0,20.0,6951.446715653318,133.54340146959956,1500,1520,800,0,0,178.05786862613274,178.05786862613274,89.02893431306637,0.0,4100,4200,390.0,133.54340146959956,30.135,25.0,25.0,0.6248973167277001,0.7807069511324467,1.0,0.0,0.0,0.0,0.0,37.15318752086343,39.363532016301825,41.382521384343164,41.060975779280646,40.675,40.675,40.675,40.675
2025-12-22T17:43:34.519363,1.400,383.5186004619958,6970.89945997692,178.83597839907682,4100,1500,1520,40.0,35.0,20.0,6970.89945997692,134.12698379930762,1500,1520,800,0,0,178.83597839907682,178.83597839907682,89.41798919953841,0.0,4100,4200,390.0,134.12698379930762,30.14,25.0,25.0,0.6442176872376912,0.7648421872844883,1.0,0.0,0.0,0.0,0.0,37.78017570583062,44.58451067038158,36.14964065456481,35.25429173011444,40.7,40.7,40.7,40.7
2025-12-22T17:43:34.569910,1.450,383.3504722403003,6985.425982075178,179.41703928300709,4100,1500,1520,40.0,35.0,20.0,6985.425982075178,134.56277946225532,1500,1520,800,0,0,179.41703928300709,179.41703928300709,89.70851964150354,0.0,4100,4200,390.0,134.56277946225532,30.145,25.0,25.0,0.6631354426633499,0.7484994219661649,1.0,0.0,0.0,0.0,0.0,43.49261477620758,42.88520606133831,41.89354286479884,41.81154577856522,40.725,40.725,40.725,40.725
2025-12-22T17:43:34.620385,1.500,383.69925814872613,6994.9899732081085,179.79959892832437,4100,1500,1520,40.0,35.0,20.0,6994.9899732081085,134.84969919624328,1500,1520,800,0,0,179.79959892832437,179.79959892832437,89.89979946416219,0.0,4100,4200,390.0,134.84969919624328,30.15,25.0,25.0,0.6816387600233343,0.7316888688738207,1.0,0.0,0.0,0.0,0.0,40.55378059013851,40.75279952831199,36.34455363910181,42.508536618340614,40.75,40.75,40.75,40.75
2025-12-22T17:43:34.670610,1.550,383.19892205293047,6999.567528378714,179.98270113514855,4100,1500,1520,40.0,35.0,20.0,6999.567528378714,134.9870258513614,1500,1520,800,0,0,179.98270113514855,179.98270113514855,89.99135056757427,0.0,4100,4200,390.0,134.9870258513614,30.155,25.0,25.0,0.6997160753466037,0.7144210340559312,1.0,0.0,0.0,0.0,0.0,38.753591745872505,35.1203935752755,44.10718358094394,42.7127940727543,40.775,40.775,40.775,40.775
2025-12-22T17:43:34.720903,1.600,382.8772331967868,6999.14720608301,179.96588824332042,4100,1500,1520,40.0,35.0,20.0,6999.14720608301,134.9744161824903,1500,1520,800,0,0,179.96588824332042,179.96588824332042,89.98294412166021,0.0,4100,4200,390.0,134.9744161824903,30.16,25.0,25.0,0.717356090899523,0.6967067093471652,1.0,0.0,0.0,0.0,0.0,37.25691424922177,37.08993342698753,38.758697128018454,35.34959133363791,40.8,40.8,40.8,40.8
2025-12-22T17:43:34.771111,1.650,383.6064230144653,6993.730056907838,179.7492022763135,4100,1500,1520,40.0,35.0,20.0,6993.730056907838,134.8119017072351,1500,1520,800,0,0,179.7492022763135,179.7492022763135,89.87460113815675,0.0,4100,4200,390.0,134.8119017072351,30.165,25.0,25.0,0.7345477822465788,0.6785569656238396,1.0,0.0,0.0,0.0,0.0,37.346651248735206,37.01544873744168,39.373481568251705,37.61687231097418,40.825,40.825,40.825,40.825
2025-12-22T17:43:34.821635,1.700,383.57982205305296,6983.329620904937,179.33318483619746,4100,1500,1520,40.0,35.0,20.0,6983.329620904937,134.4998886271481,1500,1520,800,0,0,179.33318483619746,179.33318483619746,89.66659241809873,0.0,4100,4200,390.0,134.4998886271481,30.17,25.0,25.0,0.751280405140293,0.6599831458849819,1.0,0.0,0.0,0.0,0.0,38.381051575210705,42.24703520393398,37.554195988529266,39.71973630889879,40.85,40.85,40.85,40.85
2025-12-22T17:43:34.872724,1.750,382.9876401976522,6967.971893747874,178.71887574991493,4100,1500,1520,40.0,35.0,20.0,6967.971893747874,134.0391568124362,1500,1520,800,0,0,178.71887574991493,178.71887574991493,89.35943787495746,0.0,4100,4200,390.0,134.0391568124362,30.175,25.0,25.0,0.7675435022360273,0.6409968581633247,1.0,0.0,0.0,0.0,0.0,39.53775956920524,44.41119253438176,36.10904335255092,36.98559665269941,40.875,40.875,40.875,40.875
2025-12-22T17:43:34.923599,1.800,383.7874015339211,6947.695261756389,177.90781047025558,4100,1500,1520,40.0,35.0,20.0,6947.695261756389,133.4308578526917,1500,1520,800,0,0,177.90781047025558,177.90781047025558,88.95390523512779,0.0,4100,4200,390.0,133.4308578526917,30.18,25.0,25.0,0.7833269096274836,0.6216099682706641,1.0,0.0,0.0,0.0,0.0,36.67689520334611,42.81468816957801,40.101061698451815,36.85903130866848,40.9,40.9,40.9,40.9
2025-12-22T17:43:34.974135,1.850,383.76069201630486,6922.550405950599,176.90201623802398,4100,1500,1520,40.0,35.0,20.0,6922.550405950599,132.67651217851798,1500,1520,800,0,0,176.90201623802398,176.90201623802398,88.45100811901199,0.0,4100,4200,390.0,132.67651217851798,30.185,25.0,25.0,0.7986207631988145,0.6018345923821121,0.9999999999999999,0.0,0.0,0.0,0.0,41.92836461080937,36.709461291320295,38.87566059618105,42.9492067857678,40.925,40.925,40.925,40.925
2025-12-22T17:43:35.027719,1.900,383.5107937085585,6892.600175374828,175.70400701499312,4100,1500,1520,40.0,35.0,20.0,6892.600175374828,131.77800526124486,1500,1520,800,0,0,175.70400701499312,175.70400701499312,87.85200350749656,0.0,4100,4200,390.0,131.77800526124486,30.19,25.0,25.0,0.8134155047893741,0.581683089463883,1.0,0.0,0.0,0.0,0.0,36.53542287188522,40.78903647562627,42.64276207343582,39.958157811277964,40.95,40.95,40.95,40.95
2025-12-22T17:43:35.077816,1.950,383.31026792819733,6857.919430007738,174.3167772003095,4100,1500,1520,40.0,35.0,20.0,6857.919430007738,130.73758290023213,1500,1520,800,0,0,174.3167772003095,174.3167772003095,87.15838860015475,0.0,4100,4200,390.0,130.73758290023213,30.195,25.0,25.0,0.827701888167258,0.561168053549341,1.0,0.0,0.0,0.0,0.0,39.28611342346342,39.609545862676605,40.541487155768756,39.83376643391724,40.975,40.975,40.975,40.975
2025-12-22T17:43:35.128044,2.000,383.28767643317497,6818.594853651362,172.7437941460545,4100,1500,1520,40.0,35.0,20.0,6818.594853651362,129.5578456095409,1500,1520,800,0,0,172.7437941460545,172.7437941460545,86.37189707302726,0.0,4100,4200,390.0,129.5578456095409,30.2,25.0,25.0,0.8414709848078967,0.5403023058681393,0.9999999999999999,0.0,0.0,0.0,0.0,42.73600453717734,36.97811132473127,38.64241009063326,43.460708630216,41.0,41.0,41.0,41.0
2025-12-22T17:43:35.178199,2.050,383.1337029502864,6774.72473726675,170.98898949067,4100,1500,1520,40.0,35.0,20.0,6774.72473726675,128.2417421180025,1500,1520,800,0,0,170.98898949067,170.98898949067,85.494494745335,0.0,4100,4200,390.0,128.2417421180025,30.205,25.0,25.0,0.8547141894740936,0.5190988868333694,1.0,0.0,0.0,0.0,0.0,44.35517791060212,40.68831943930825,37.26863497658974,43.76603018572217,41.025,41.025,41.025,41.025
2025-12-22T17:43:35.228823,2.100,383.76341052656664,6726.418733297747,169.05674933190988,4100,1500,1520,40.0,35.0,20.0,6726.418733297747,126.79256199893241,1500,1520,800,0,0,169.05674933190988,169.05674933190988,84.52837466595494,0.0,4100,4200,390.0,126.79256199893241,30.21,25.0,25.0,0.8674232255940171,0.49757104789172674,1.0,0.0,0.0,0.0,0.0,40.49255324010246,44.10468591024466,41.906537814598764,38.60212215443043,41.05,41.05,41.05,41.05
2025-12-22T17:43:35.279439,2.150,383.2572387065495,6673.797581596995,166.95190326387979,4100,1500,1520,40.0,35.0,20.0,6673.797581596995,125.21392744790984,1500,1520,800,0,0,166.95190326387979,166.95190326387979,83.47595163193989,0.0,4100,4200,390.0,125.21392744790982,30.215,25.0,25.0,0.8795901504337891,0.4757322432417886,1.0,0.0,0.0,0.0,0.0,41.1875704404674,40.51701407270093,36.30164788646856,44.3819289084152,41.075,41.075,41.075,41.075
2025-12-22T17:43:35.332088,2.200,383.71185169412286,6616.992807639181,164.6797123055672,4100,1500,1520,40.0,35.0,20.0,6616.992807639181,123.5097842291754,1500,1520,800,0,0,164.6797123055672,164.6797123055672,82.3398561527836,0.0,4100,4200,390.0,123.5097842291754,30.22,25.0,25.0,0.8912073600614354,0.4535961214255773,1.0,0.0,0.0,0.0,0.0,35.44808712403199,38.92637313918361,43.41724912764062,39.98122499142603,41.1,41.1,41.1,41.1
2025-12-22T17:43:35.384409,2.250,384.02346096574684,6556.146393775843,162.2458557510337,4100,1500,1520,40.0,35.0,20.0,6556.146393775843,121.68439181327528,1500,1520,800,0,0,162.2458557510337,162.2458557510337,81.12292787551685,0.0,4100,4200,390.0,121.68439181327528,30.225,25.0,25.0,0.9022675940990952,0.4311765167986662,1.0,0.0,0.0,0.0,0.0,38.36799220033906,40.502596536111376,43.42706775533712,36.22616618798439,41.125,41.125,41.125,41.125
2025-12-22T17:43:35.436478,2.300,383.7750595264458,6491.41042435344,159.6564169741376,4100,1500,1520,40.0,35.0,20.0,6491.41042435344,119.7423127306032,1500,1520,800,0,0,159.6564169741376,159.6564169741376,79.8282084870688,0.0,4100,4200,390.0,119.7423127306032,30.23,25.0,25.0,0.912763940260521,0.4084874408841574,0.9999999999999999,0.0,0.0,0.0,0.0,38.34375297437627,35.61340716501088,38.55250521349423,38.71717732488061,41.15,41.15,41.15,41.15
2025-12-22T17:43:35.489580,2.350,384.0782664282453,6422.9467055816895,156.9178682232676,4100,1500,1520,40.0,35.0,20.0,6422.9467055816895,117.68840116745069,1500,1520,800,0,0,156.9178682232676,156.9178682232676,78.4589341116338,0.0,4100,4200,390.0,117.68840116745068,30.235,25.0,25.0,0.9226898386710329,0.3855430736159362,1.0,0.0,0.0,0.0,0.0,41.9266872934557,36.3295545139657,40.356962852412394,40.287054106498736,41.175,41.175,41.175,41.175
2025-12-22T17:43:35.540096,2.400,383.84627410669583,6350.9263611023025,154.03705444409212,4100,1500,1520,40.0,35.0,20.0,6350.9263611023025,115.52779083306909,1500,1520,800,0,0,154.03705444409212,154.03705444409212,77.01852722204606,0.0,4100,4200,390.0,115.52779083306909,30.24,25.0,25.0,0.9320390859672263,0.36235775447667384,1.0,0.0,0.0,0.0,0.0,43.08200341686577,43.992557600724176,42.99659316919358,44.384906027009634,41.2,41.2,41.2,41.2
2025-12-22T17:43:35.590633,2.450,384.3228238005748,6275.529404269008,151.02117617076033,4100,1500,1520,40.0,35.0,20.0,6275.529404269008,113.26588212807025,1500,1520,800,0,0,151.02117617076033,151.02117617076033,75.51058808538016,0.0,4100,4200,390.0,113.26588212807023,30.245,25.0,25.0,0.940805839173872,0.33894597353611766,1.0,0.0,0.0,0.0,0.0,44.496752978053465,41.30563438520951,35.86873808246458,37.25723105827893,41.225,41.225,41.225,41.225
2025-12-22T17:43:35.641102,2.500,384.4552399882123,6196.944288207915,147.87777152831657,4100,1500,1520,40.0,35.0,20.0,6196.944288207915,110.90832864623744,1500,1520,800,0,0,147.87777152831657,147.87777152831657,73.93888576415829,0.0,4100,4200,390.0,110.90832864623744,30.25,25.0,25.0,0.9489846193555861,0.31532236239526906,1.0,0.0,0.0,0.0,0.0,42.60452889959612,37.73932119300998,42.29363941796861,41.05108376693831,41.25,41.25,41.25,41.25
2025-12-22T17:43:35.691510,2.550,384.48942031637057,6115.3674347828355,144.61469739131343,4100,1500,1520,40.0,35.0,20.0,6115.3674347828355,108.46102304348507,1500,1520,800,0,0,144.61469739131343,144.61469739131343,72.30734869565671,0.0,4100,4200,390.0,108.46102304348508,30.255,25.0,25.0,0.9565703150409858,0.2915016850421095,1.0,0.0,0.0,0.0,0.0,43.81242671914102,35.44636193501646,41.565431591561484,41.783104817886915,41.275,41.275,41.275,41.275
2025-12-22T17:43:35.741790,2.600,384.50916992526294,6031.00274364293,141.24010974571723,4100,1500,1520,40.0,35.0,20.0,6031.00274364293,105.93008230928793,1500,1520,800,0,0,141.24010974571723,141.24010974571723,70.62005487285862,0.0,4100,4200,390.0,105.93008230928793,30.26,25.0,25.0,0.9635581854171928,0.267498828624588,1.0,0.0,0.0,0.0,0.0,36.62940870959305,39.88925523626081,40.80503373065052,41.15959431495551,41.3,41.3,41.3,41.3
2025-12-22T17:43:35.792399,2.650,384.8104139603973,5944.061082579768,137.7624433031907,4100,1500,1520,40.0,35.0,20.0,5944.061082579768,103.32183247739303,1500,1520,800,0,0,137.7624433031907,137.7624433031907,68.88122165159535,0.0,4100,4200,390.0,103.32183247739303,30.265,25.0,25.0,0.969943863292687,0.2433287941466389,1.0,0.0,0.0,0.0,0.0,39.23553207089677,36.48921568164555,44.15715923130179,37.42404139943776,41.325,41.325,41.325,41.325
2025-12-22T17:43:35.843241,2.700,385.38000394701686,5854.759760467663,134.1903904187065,4100,1500,1520,40.0,35.0,20.0,5854.759760467663,100.64279281402987,1500,1520,800,0,0,134.1903904187065,134.1903904187065,67.09519520935325,0.0,4100,4200,390.0,100.64279281402987,30.27,25.0,25.0,0.9757233578266589,0.21900668709304236,0.9999999999999999,0.0,0.0,0.0,0.0,41.55858438671601,36.76861343659082,36.41538973542914,35.862656675540364,41.35,41.35,41.35,41.35
2025-12-22T17:43:35.895354,2.750,384.91038702698734,5763.321984104667,130.53287936418667,4100,1500,1520,40.0,35.0,20.0,5763.321984104667,97.89965952314,1500,1520,800,0,0,130.53287936418667,130.53287936418667,65.26643968209333,0.0,4100,4200,390.0,97.89965952314,30.275,25.0,25.0,0.9808930570231555,0.19454770798898804,1.0,0.0,0.0,0.0,0.0,44.549200202606045,35.46862394335736,37.7092619773592,44.90734144578438,41.375,41.375,41.375,41.375
2025-12-22T17:43:35.950890,2.800,385.02991676236957,5669.976300311813,126.79905201247254,4100,1500,1520,40.0,35.0,20.0,5669.976300311813,95.09928900935441,1500,1520,800,0,0,126.79905201247254,126.79905201247254,63.39952600623627,0.0,4100,4200,390.0,95.09928900935441,30.28,25.0,25.0,0.98544972998846,0.1699671429002419,1.0,0.0,0.0,0.0,0.0,43.15383295676993,42.98527739380038,42.117428387121606,37.855073092820916,41.4,41.4,41.4,41.4
2025-12-22T17:43:36.002409,2.850,385.47704505543123,5574.956024685093,122.99824098740373,4100,1500,1520,40.0,35.0,20.0,5574.956024685093,92.2486807405528,1500,1520,800,0,0,122.99824098740373,122.99824098740373,61.49912049370187,0.0,4100,4200,390.0,92.2486807405528,30.285,25.0,25.0,0.9893905289502951,0.14528035387985244,1.0,0.0,0.0,0.0,0.0,42.82386117166593,37.663217964242186,43.52557039205198,42.31071284622955,41.425,41.425,41.425,41.425
2025-12-22T17:43:36.054748,2.900,385.89288202931937,5478.4986584279695,119.13994633711877,4100,1500,1520,40.0,35.0,20.0,5478.4986584279695,89.35495975283908,1500,1520,800,0,0,119.13994633711877,119.13994633711877,59.569973168559386,0.0,4100,4200,390.0,89.35495975283908,30.29,25.0,25.0,0.9927129910375884,0.12050276936736772,1.0,0.0,0.0,0.0,0.0,42.50436181548024,42.93719308063341,38.99769535449727,36.428585444791715,41.449999999999996,41.449999999999996,41.449999999999996,41.449999999999996
2025-12-22T17:43:36.104998,2.950,385.6124635637937,5380.845294722059,115.23381178888238,4100,1500,1520,40.0,35.0,20.0,5380.845294722059,86.42535884166179,1500,1520,800,0,0,115.23381178888238,115.23381178888238,57.61690589444119,0.0,4100,4200,390.0,86.42535884166179,30.294999999999998,25.0,25.0,0.9954150398196858,0.09564987454656287,1.0,0.0,0.0,0.0,0.0,41.392865434507485,38.231754509310804,44.61166301325933,40.633964478255415,41.475,41.475,41.475,41.475
2025-12-22T17:43:36.155146,3.000,385.59349214151706,5282.24001611974,111.28960064478959,4100,1500,1520,40.0,35.0,20.0,5282.24001611974,83.4672004835922,1500,1520,800,0,0,111.28960064478959,111.28960064478959,55.644800322394794,0.0,4100,4200,390.0,83.4672004835922,30.3,25.0,25.0,0.9974949866040543,0.07073720166770424,1.0,0.0,0.0,0.0,0.0,42.78935880223128,35.95998416190313,36.84352560057833,44.060650761470924,41.5,41.5,41.5,41.5
2025-12-22T17:43:36.205509,3.050,386.1514346251379,5182.92928446488,107.31717137859519,4100,1500,1520,40.0,35.0,20.0,5182.92928446488,80.4878785339464,1500,1520,800,0,0,107.31717137859519,107.31717137859519,53.658585689297595,0.0,4100,4200,390.0,80.4878785339464,30.305,25.0,25.0,0.9989515314916587,0.045780320340398604,0.9999999999999999,0.0,0.0,0.0,0.0,41.015356552161,41.8163784191747,35.13842214924968,42.523584432189196,41.525,41.525,41.525,41.525
2025-12-22T17:43:36.256003,3.100,386.24275665392,5083.161324866587,103.32645299466348,4100,1500,1520,40.0,35.0,20.0,5083.161324866587,77.49483974599761,1500,1520,800,0,0,103.32645299466348,103.32645299466348,51.66322649733174,0.0,4100,4200,390.0,77.49483974599761,30.31,25.0,25.0,0.9997837641893569,0.020794827803093982,0.9999999999999999,0.0,0.0,0.0,0.0,35.94967628192764,44.07552624082153,42.196834418457705,39.21154182598805,41.55,41.55,41.55,41.55
2025-12-22T17:43:36.306521,3.150,385.88424140550677,4983.185505265709,99.32742021062836,4100,1500,1520,40.0,35.0,20.0,4983.185505265709,74.49556515797127,1500,1520,800,0,0,99.32742021062836,99.32742021062836,49.66371010531418,0.0,4100,4200,390.0,74.49556515797127,30.315,25.0,25.0,0.9999911645788032,-0.004203660824686709,1.0,0.0,0.0,0.0,0.0,40.43990206403096,44.46235340583587,41.97195656193508,35.315691337026585,41.574999999999996,41.574999999999996,41.574999999999996,41.574999999999996
2025-12-22T17:43:36.359232,3.200,386.5440116609658,4883.251713144847,95.33006852579388,4100,1500,1520,40.0,35.0,20.0,4883.251713144847,71.49755139434541,1500,1520,800,0,0,95.33006852579388,95.33006852579388,47.66503426289694,0.0,4100,4200,390.0,71.49755139434541,30.32,25.0,25.0,0.9995736030415052,-0.02919952230128704,1.0,0.0,0.0,0.0,0.0,40.89333913826743,40.651395629574615,40.89494664455987,37.977176629885584,41.6,41.6,41.6,41.6
2025-12-22T17:43:36.410258,3.250,386.2931897627361,4783.60973093979,91.34438923759161,4100,1500,1520,40.0,35.0,20.0,4783.60973093979,68.50829192819371,1500,1520,800,0,0,91.34438923759161,91.34438923759161,45.67219461879581,0.0,4100,4200,390.0,68.50829192819371,30.325,25.0,25.0,0.9985313405398317,-0.054177135026934546,1.0,0.0,0.0,0.0,0.0,36.24036103350372,40.895332777593964,36.681650560330155,44.12411833246046,41.625,41.625,41.625,41.625
2025-12-22T17:43:36.461044,3.300,386.42308970691045,4684.508611713511,87.38034446854043,4100,1500,1520,40.0,35.0,20.0,4684.508611713511,65.53525835140532,1500,1520,800,0,0,87.38034446854043,87.38034446854043,43.690172234270214,0.0,4100,4200,390.0,65.53525835140532,30.33,25.0,25.0,0.996865028453919,-0.0791208888067321,1.0,0.0,0.0,0.0,0.0,39.90548330633067,36.372708430005225,37.21082308520179,35.32270883334805,41.65,41.65,41.65,41.65
2025-12-22T17:43:36.512065,3.350,386.818097938609,4586.196056653208,83.44784226612833,4100,1500,1520,40.0,35.0,20.0,4586.196056653208,62.58588169959625,1500,1520,800,0,0,83.44784226612833,83.44784226612833,41.72392113306417,0.0,4100,4200,390.0,62.58588169959624,30.335,25.0,25.0,0.9945757081745801,-0.10401519460652155,1.0,0.0,0.0,0.0,0.0,44.08663777488964,41.64023404484339,39.57291721779911,35.777073266460654,41.675,41.675,41.675,41.675
2025-12-22T17:43:36.563131,3.400,387.08150308485335,4488.917795946345,79.55671183785381,4100,1500,1520,40.0,35.0,20.0,4488.917795946345,59.66753387839036,1500,1520,800,0,0,79.55671183785381,79.55671183785381,39.778355918926906,0.0,4100,4200,390.0,59.66753387839036,30.34,25.0,25.0,0.9916648104524689,-0.12884449429552267,1.0,0.0,0.0,0.0,0.0,39.66354414828124,44.025990012405416,38.92760090621797,38.470442416721895,41.699999999999996,41.699999999999996,41.699999999999996,41.699999999999996
2025-12-22T17:43:36.614192,3.450,386.7898877022554,4392.91697458315,75.71667898332599,4100,1500,1520,40.0,35.0,20.0,4392.91697458315,56.78750923749449,1500,1520,800,0,0,75.71667898332599,75.71667898332599,37.858339491662996,0.0,4100,4200,390.0,56.78750923749449,30.345,25.0,25.0,0.988134154503908,-0.15359327036965842,1.0,0.0,0.0,0.0,0.0,39.140372250533915,42.19578965970505,36.688782529105325,44.98991015042957,41.724999999999994,41.724999999999994,41.724999999999994,41.724999999999994
2025-12-22T17:43:36.664897,3.500,387.58992874134196,4298.433544620769,71.93734178483075,4100,1500,1520,40.0,35.0,20.0,4298.433544620769,53.95300633862306,1500,1520,800,0,0,71.93734178483075,71.93734178483075,35.968670892415375,0.0,4100,4200,390.0,53.95300633862306,30.349999999999998,25.0,25.0,0.9839859468739373,-0.1782460556494899,0.9999999999999999,0.0,0.0,0.0,0.0,44.533751692015024,35.082199077393,35.91397913802108,41.752357369346534,41.75,41.75,41.75,41.75
2025-12-22T17:43:36.715426,3.550,387.30815755452085,4205.703665428088,68.22814661712354,4100,1500,1520,40.0,35.0,20.0,4205.703665428088,51.17110996284266,1500,1520,800,0,0,68.22814661712354,68.22814661712354,34.11407330856177,0.0,4100,4200,390.0,51.17110996284266,30.355,25.0,25.0,0.9792227800572957,-0.20278744294670004,1.0,0.0,0.0,0.0,0.0,44.23576302947351,35.79201683921271,43.22164852656606,38.97905536092356,41.775,41.775,41.775,41.775
2025-12-22T17:43:36.765951,3.600,388.01946206929017,4114.959113410304,64.59836453641216,4100,1500,1520,40.0,35.0,20.0,4114.959113410304,48.44877340230912,1500,1520,800,0,0,64.59836453641216,64.59836453641216,32.29918226820608,0.0,4100,4200,390.0,48.44877340230912,30.36,25.0,25.0,0.9738476308781957,-0.22720209469308472,1.0,0.0,0.0,0.0,0.0,36.0354069595433,39.56115502887995,42.054875096319506,43.34770544661043,41.8,41.8,41.8,41.8
2025-12-22T17:43:36.816485,3.650,387.38294114604923,4026.4267026886096,61.05706810754439,4100,1500,1520,40.0,35.0,20.0,4026.4267026886096,45.79280108065829,1500,1520,800,0,0,61.05706810754439,61.05706810754439,30.528534053772194,0.0,4100,4200,390.0,45.79280108065829,30.365,25.0,25.0,0.9678638586299058,-0.2514747525260337,1.0,0.0,0.0,0.0,0.0,43.73076295969957,37.93297351459012,35.66030235441064,39.71826902365363,41.824999999999996,41.824999999999996,41.824999999999996,41.824999999999996
2025-12-22T17:43:36.869023,3.700,387.508496125579,3940.3277181830226,57.61310872732089,4100,1500,1520,40.0,35.0,20.0,3940.3277181830226,43.20983154549067,1500,1520,800,0,0,57.61310872732089,57.61310872732089,28.806554363660446,0.0,4100,4200,390.0,43.20983154549067,30.37,25.0,25.0,0.9612752029753007,-0.2755902468245104,1.0,0.0,0.0,0.0,0.0,41.49447595251684,40.81242727016851,38.71342666046473,35.812932170839645,41.849999999999994,41.849999999999994,41.849999999999994,41.849999999999994
2025-12-22T17:43:36.920541,3.750,387.6680654526276,3856.8773625153212,54.27509450061285,4100,1500,1520,40.0,35.0,20.0,3856.8773625153212,40.70632087545964,1500,1520,800,0,0,54.27509450061285,54.27509450061285,27.137547250306426,0.0,4100,4200,390.0,40.70632087545964,30.375,25.0,25.0,0.9540857816096946,-0.2995335061895716,1.0,0.0,0.0,0.0,0.0,38.85617987862895,40.03939714160662,38.90372624291591,42.724707015219565,41.875,41.875,41.875,41.875
2025-12-22T17:43:36.973781,3.800,387.9260760868687,3776.2842181145706,51.05136872458282,4100,1500,1520,40.0,35.0,20.0,3776.2842181145706,38.288526543437115,1500,1520,800,0,0,51.05136872458282,51.05136872458282,25.52568436229141,0.0,4100,4200,390.0,38.288526543437115,30.38,25.0,25.0,0.9463000876874154,-0.3232895668635008,1.0,0.0,0.0,0.0,0.0,38.15085649190951,41.99771976737194,43.660202987215364,37.85909766171166,41.9,41.9,41.9,41.9
2025-12-22T17:43:37.024806,3.850,388.2760487577285,3698.749725869674,47.94998903478696,4100,1500,1520,40.0,35.0,20.0,3698.749725869674,35.96249177609022,1500,1520,800,0,0,47.94998903478696,47.94998903478696,23.97499451739348,0.0,4100,4200,390.0,35.96249177609022,30.384999999999998,25.0,25.0,0.9379229870137291,-0.34684358208167004,1.0,0.0,0.0,0.0,0.0,42.16418230920557,42.50510888842341,36.84227613591941,42.27018018473771,41.925,41.925,41.925,41.925
2025-12-22T17:43:37.078489,3.900,388.1158185824878,3624.4676816320607,44.97870726528244,4100,1500,1520,40.0,35.0,20.0,3624.4676816320607,33.73403044896183,1500,1520,800,0,0,44.97870726528244,44.97870726528244,22.48935363264122,0.0,4100,4200,390.0,33.73403044896183,30.39,25.0,25.0,0.9289597150038704,-0.3701808313512842,1.0,0.0,0.0,0.0,0.0,38.22033405634196,43.78933707830908,35.5809022333176,36.48201179093729,41.949999999999996,41.949999999999996,41.949999999999996,41.949999999999996
2025-12-22T17:43:37.129492,3.950,388.6696419480632,3553.6237518269845,42.14495007307938,4100,1500,1520,40.0,35.0,20.0,3553.6237518269845,31.608712554809536,1500,1520,800,0,0,42.14495007307938,42.14495007307938,21.07247503653969,0.0,4100,4200,390.0,31.608712554809536,30.395,25.0,25.0,0.9194158734110783,-0.39328672965121003,1.0,0.0,0.0,0.0,0.0,37.53243420580064,37.63128454783017,40.95611830973419,41.1295358098871,41.974999999999994,41.974999999999994,41.974999999999994,41.974999999999994
2025-12-22T17:43:37.180021,4.000,388.4027912942174,3486.3950093841513,39.45580037536607,4100,1500,1520,40.0,35.0,20.0,3486.3950093841513,29.59185028152455,1500,1520,800,0,0,39.45580037536607,39.45580037536607,19.727900187683034,0.0,4100,4200,390.0,29.59185028152455,30.4,25.0,25.0,0.909297426825683,-0.4161468365471396,1.0,0.0,0.0,0.0,0.0,43.61378166040511,39.3896960594446,42.34520877075834,42.992163878265366,42.0,42.0,42.0,42.0
2025-12-22T17:43:37.230410,4.050,388.78981605930056,3422.9494911476177,36.91797964590471,4100,1500,1520,40.0,35.0,20.0,3422.9494911476177,27.68848473442853,1500,1520,800,0,0,36.91797964590471,36.91797964590471,18.458989822952354,0.0,4100,4200,390.0,27.688484734428535,30.405,25.0,25.0,0.8986106989474305,-0.4387468652163914,0.9999999999999999,0.0,0.0,0.0,0.0,35.09237280202914,44.840720719777636,38.13325874331215,37.502268090343215,42.025,42.025,42.025,42.025
2025-12-22T17:43:37.280817,4.100,388.34264639961197,3363.4457778711867,34.537831114847464,4100,1500,1520,40.0,35.0,20.0,3363.4457778711867,25.903373336135598,1500,1520,800,0,0,34.537831114847464,34.537831114847464,17.268915557423732,0.0,4100,4200,390.0,25.903373336135598,30.41,25.0,25.0,0.8873623686333769,-0.46107269137671,1.0,0.0,0.0,0.0,0.0,37.673332769003224,44.39313648820108,41.050331673790645,35.286721765870624,42.05,42.05,42.05,42.05
2025-12-22T17:43:37.344333,4.150,388.45211354246516,3308.0325978491146,32.321303913964584,4100,1500,1520,40.0,35.0,20.0,3308.0325978491146,24.24097793547344,1500,1520,800,0,0,32.321303913964584,32.321303913964584,16.160651956982292,0.0,4100,4200,390.0,24.24097793547344,30.415,25.0,25.0,0.8755594657238195,-0.48311036211348213,1.0,0.0,0.0,0.0,0.0,42.53853707534423,40.33194395480514,41.30954695867298,43.06812734224573,42.074999999999996,42.074999999999996,42.074999999999996,42.074999999999996
2025-12-22T17:43:37.396870,4.200,388.9631313093682,3256.8484551728307,30.27393820691323,4100,1500,1520,40.0,35.0,20.0,3256.8484551728307,22.70545365518492,1500,1520,800,0,0,30.27393820691323,30.27393820691323,15.136969103456615,0.0,4100,4200,390.0,22.70545365518492,30.419999999999998,25.0,25.0,0.8632093666488755,-0.5048461045998545,1.0,0.0,0.0,0.0,0.0,44.28353834114633,38.09561749010712,37.066923507485726,38.597462436707765,42.099999999999994,42.099999999999994,42.099999999999994,42.099999999999994
2025-12-22T17:43:37.447396,4.250,388.5660060767481,3210.0212835428392,28.400851341713576,4100,1500,1520,40.0,35.0,20.0,3210.0212835428392,21.300638506285182,1500,1520,800,0,0,28.400851341713576,28.400851341713576,14.200425670856788,0.0,4100,4200,390.0,21.300638506285182,30.425,25.0,25.0,0.8503197898184539,-0.526266334704302,1.0,0.0,0.0,0.0,0.0,39.245373563510164,42.020650607320945,38.27337433226089,43.29460271947558,42.125,42.125,42.125,42.125
2025-12-22T17:43:37.499956,4.300,388.84228410771175,3167.6681265010957,26.706725060043837,4100,1500,1520,40.0,35.0,20.0,3167.6681265010957,20.030043795032878,1500,1520,800,0,0,26.706725060043837,26.706725060043837,13.353362530021919,0.0,4100,4200,390.0,20.030043795032878,30.43,25.0,25.0,0.8368987907984997,-0.5473576654802681,1.0,0.0,0.0,0.0,0.0,39.51310620247889,43.16522121499622,35.395536915610954,42.84554932521918,42.15,42.15,42.15,42.15
2025-12-22T17:43:37.550974,4.350,389.5070488022006,3129.894844883107,25.195793795324278,4100,1500,1520,40.0,35.0,20.0,3129.894844883107,18.89684534649321,1500,1520,800,0,0,25.195793795324278,25.195793795324278,12.597896897662139,0.0,4100,4200,390.0,18.89684534649321,30.435,25.0,25.0,0.8229547572765281,-0.5681069155325701,1.0,0.0,0.0,0.0,0.0,42.621840899739915,44.80253637147642,38.63071875107386,39.10978159944134,42.175,42.175,42.175,42.175
2025-12-22T17:43:37.602272,4.400,389.4271064021645,3096.795852220973,23.87183408883891,4100,1500,1520,40.0,35.0,20.0,3096.795852220973,17.903875566629182,1500,1520,800,0,0,23.87183408883891,23.87183408883891,11.935917044419455,0.0,4100,4200,390.0,17.903875566629182,30.439999999999998,25.0,25.0,0.8084964038195924,-0.5885011172553426,1.0,0.0,0.0,0.0,0.0,35.17602405051691,35.536469715788925,44.44272472020977,40.13686375007765,42.199999999999996,42.199999999999996,42.199999999999996,42.199999999999996
2025-12-22T17:43:37.652427,4.450,389.045626701699,3068.4538787587267,22.73815515034906,4100,1500,1520,40.0,35.0,20.0,3068.4538787587267,17.053616362761794,1500,1520,800,0,0,22.73815515034906,22.73815515034906,11.36907757517453,0.0,4100,4200,390.0,17.053616362761794,30.445,25.0,25.0,0.7935327664279636,-0.6085275249363689,1.0,0.0,0.0,0.0,0.0,43.05701085591444,41.5327496286663,40.954514468171524,38.753225720695944,42.224999999999994,42.224999999999994,42.224999999999994,42.224999999999994
2025-12-22T17:43:37.702842,4.500,389.5381339722245,3044.9397646698094,21.797590586792367,4100,1500,1520,40.0,35.0,20.0,3044.9397646698094,16.348192940094275,1500,1520,800,0,0,21.797590586792367,21.797590586792367,10.898795293396184,0.0,4100,4200,390.0,16.348192940094275,30.45,25.0,25.0,0.7780731968879238,-0.628173622722736,1.0,0.0,0.0,0.0,0.0,42.225603044334015,38.49510054151687,38.59620856391322,40.596969925370196,42.24999999999999,42.24999999999999,42.24999999999999,42.24999999999999
2025-12-22T17:43:37.753051,4.550,389.19464345641427,3026.312282993529,21.05249131974118,4100,1500,1520,40.0,35.0,20.0,3026.312282993529,15.789368489805884,1500,1520,800,0,0,21.05249131974118,21.05249131974118,10.52624565987059,0.0,4100,4200,390.0,15.789368489805884,30.455,25.0,25.0,0.7621273569272049,-0.6474271324428355,1.0,0.0,0.0,0.0,0.0,39.35967676426774,43.804824278984235,40.18470628989164,44.52035501113075,42.275,42.275,42.275,42.275
2025-12-22T17:43:37.803458,4.600,389.53323115691774,3012.617992733073,20.504719709322913,4100,1500,1520,40.0,35.0,20.0,3012.617992733073,15.378539781992185,1500,1520,800,0,0,20.504719709322913,20.504719709322913,10.252359854661456,0.0,4100,4200,390.0,15.378539781992185,30.46,25.0,25.0,0.7457052121767229,-0.6662760212798211,1.0,0.0,0.0,0.0,0.0,35.944142481907654,42.644802805286325,43.98816360291562,38.172030152739275,42.3,42.3,42.3,42.3
2025-12-22T17:43:37.854166,4.650,388.9862604198361,3003.8911224822423,20.155644899289683,4100,1500,1520,40.0,35.0,20.0,3003.8911224822423,15.116733674467262,1500,1520,800,0,0,20.155644899289683,20.155644899289683,10.077822449644842,0.0,4100,4200,390.0,15.116733674467264,30.465,25.0,25.0,0.7288170259423831,-0.6847085092917276,1.0,0.0,0.0,0.0,0.0,35.758443382908595,42.769153536233176,44.75312237704279,44.3971756553789,42.324999999999996,42.324999999999996,42.324999999999996,42.324999999999996
2025-12-22T17:43:37.907702,4.700,388.91235404852944,3000.1534848717984,20.006139394871937,4100,1500,1520,40.0,35.0,20.0,3000.1534848717984,15.004604546153953,1500,1520,800,0,0,20.006139394871937,20.006139394871937,10.003069697435969,0.0,4100,4200,390.0,15.004604546153953,30.47,25.0,25.0,0.7114733527908474,-0.7027130767735508,1.0,0.0,0.0,0.0,0.0,43.88767596783808,38.23483508196546,37.507336620289564,44.94355763379011,42.349999999999994,42.349999999999994,42.349999999999994,42.349999999999994
2025-12-22T17:43:37.959288,4.750,388.9354917349391,3001.4144220492435,20.056576881969733,4100,1500,1520,40.0,35.0,20.0,3001.4144220492435,15.0424326614773,1500,1520,800,0,0,20.056576881969733,20.056576881969733,10.028288440984866,0.0,4100,4200,390.0,15.042432661477301,30.474999999999998,25.0,25.0,0.693685031953275,-0.7202784714566887,1.0,0.0,0.0,0.0,0.0,44.28955549203205,37.81540691842425,37.41238139312353,44.53385589237021,42.37499999999999,42.37499999999999,42.37499999999999,42.37499999999999
2025-12-22T17:43:38.010859,4.800,389.35351239851826,3007.670782328317,20.30683129313269,4100,1500,1520,40.0,35.0,20.0,3007.670782328317,15.230123469849516,1500,1520,800,0,0,20.30683129313269,20.30683129313269,10.153415646566344,0.0,4100,4200,390.0,15.230123469849516,30.48,25.0,25.0,0.6754631805511543,-0.7373937155412424,1.0,0.0,0.0,0.0,0.0,35.385313785068995,39.31393034464151,36.073798318772745,40.81799876435419,42.4,42.4,42.4,42.4
2025-12-22T17:43:38.061356,4.850,389.6459942848463,3018.906928066571,20.756277122662837,4100,1500,1520,40.0,35.0,20.0,3018.906928066571,15.567207841997128,1500,1520,800,0,0,20.756277122662837,20.756277122662837,10.378138561331419,0.0,4100,4200,390.0,15.567207841997128,30.485,25.0,25.0,0.6568191866484647,-0.7540481125567846,1.0,0.0,0.0,0.0,0.0,41.49126073420064,41.654158968809966,40.159644744944366,42.06311886458924,42.425,42.425,42.425,42.425
2025-12-22T17:43:38.112965,4.900,389.46236959536606,3035.0947747513314,21.403790990053267,4100,1500,1520,40.0,35.0,20.0,3035.0947747513314,16.05284324253995,1500,1520,800,0,0,21.403790990053267,21.403790990053267,10.701895495026633,0.0,4100,4200,390.0,16.05284324253995,30.49,25.0,25.0,0.6377647021345074,-0.7702312540473043,1.0,0.0,0.0,0.0,0.0,38.613394093244885,41.58278178758311,37.954924923028045,40.70520637188922,42.449999999999996,42.449999999999996,42.449999999999996,42.449999999999996
2025-12-22T17:43:38.163498,4.950,389.1288253257037,3056.193861196354,22.247754447854163,4100,1500,1520,40.0,35.0,20.0,3056.193861196354,16.685815835890622,1500,1520,800,0,0,22.247754447854163,22.247754447854163,11.123877223927082,0.0,4100,4200,390.0,16.685815835890622,30.494999999999997,25.0,25.0,0.6183116354418532,-0.7859330260761541,0.9999999999999999,0.0,0.0,0.0,0.0,40.27311259831562,35.79226570896767,39.67047229210996,39.10290695985205,42.474999999999994,42.474999999999994,42.474999999999994,42.474999999999994
2025-12-22T17:43:38.214032,5.000,389.55129340763483,3082.1514506737176,23.286058026948695,4100,1500,1520,40.0,35.0,20.0,3082.1514506737176,17.46454352021152,1500,1520,800,0,0,23.286058026948695,23.286058026948695,11.643029013474347,0.0,4100,4200,390.0,17.46454352021152,30.5,25.0,25.0,0.5984721441039604,-0.8011436155469308,1.0,0.0,0.0,0.0,0.0,39.83643424219405,43.05604845290731,39.84924509315388,41.61111451589335,42.49999999999999,42.49999999999999,42.49999999999999,42.49999999999999
2025-12-22T17:43:38.264467,5.050,389.51187079259086,3112.90266272818,24.516106509127212,4100,1500,1520,40.0,35.0,20.0,3112.90266272818,18.38707988184541,1500,1520,800,0,0,24.516106509127212,24.516106509127212,12.258053254563606,0.0,4100,4200,390.0,18.38707988184541,30.505,25.0,25.0,0.5782586271571118,-0.815853516336341,0.9999999999999999,0.0,0.0,0.0,0.0,36.107130690653605,36.95994013802972,43.69622840626349,43.06530058934223,42.52499999999999,42.52499999999999,42.52499999999999,42.52499999999999
2025-12-22T17:43:38.314906,5.100,389.2759829252893,3148.3706353445277,25.934825413781113,4100,1500,1520,40.0,35.0,20.0,3148.3706353445277,19.451119060335834,1500,1520,800,0,0,25.934825413781113,25.934825413781113,12.967412706890556,0.0,4100,4200,390.0,19.451119060335834,30.509999999999998,25.0,25.0,0.5576837173914211,-0.8300535352352194,1.0,0.0,0.0,0.0,0.0,35.25440112363793,44.11298429340718,37.89250766747967,44.40537510363755,42.55,42.55,42.55,42.55
2025-12-22T17:43:38.367174,5.150,389.2803232781831,3188.4667170625817,27.538668682503285,4100,1500,1520,40.0,35.0,20.0,3188.4667170625817,20.654001511877464,1500,1520,800,0,0,27.538668682503285,27.538668682503285,13.769334341251643,0.0,4100,4200,390.0,20.654001511877464,30.515,25.0,25.0,0.5367602734557493,-0.8437347976939847,1.0,0.0,0.0,0.0,0.0,36.44614811649537,43.01343222107107,35.40536896964956,39.039852023769505,42.574999999999996,42.574999999999996,42.574999999999996,42.574999999999996
2025-12-22T17:43:38.419594,5.200,388.9130804453786,3233.0906885596837,29.323627542387356,4100,1500,1520,40.0,35.0,20.0,3233.0906885596837,21.992720656790517,1500,1520,800,0,0,29.323627542387356,29.323627542387356,14.661813771193678,0.0,4100,4200,390.0,21.992720656790517,30.52,25.0,25.0,0.5155013718214687,-0.8568887533689445,1.0,0.0,0.0,0.0,0.0,44.0004915029657,40.09013867527323,39.918118644734385,38.488079737827455,42.599999999999994,42.599999999999994,42.599999999999994,42.599999999999994
2025-12-22T17:43:38.470138,5.250,389.110950281537,3282.1310131468053,31.28524052587221,4100,1500,1520,40.0,35.0,20.0,3282.1310131468053,23.46393039440416,1500,1520,800,0,0,31.28524052587221,31.28524052587221,15.642620262936106,0.0,4100,4200,390.0,23.46393039440416,30.525,25.0,25.0,0.4939202986100938,-0.8695071814659817,0.9999999999999999,0.0,0.0,0.0,0.0,37.3361024474744,40.85727957058896,35.72079516327758,40.73379598899651,42.62499999999999,42.62499999999999,42.62499999999999,42.62499999999999
2025-12-22T17:43:38.520668,5.300,388.2946885697784,3335.465115552186,33.41860462208743,4100,1500,1520,40.0,35.0,20.0,3335.465115552186,25.06395346656557,1500,1520,800,0,0,33.41860462208743,33.41860462208743,16.709302311043714,0.0,4100,4200,390.0,25.06395346656557,30.529999999999998,25.0,25.0,0.47203054128988736,-0.8815821958782833,1.0,0.0,0.0,0.0,0.0,39.16852206809529,37.5338893876136,43.327715084325504,37.47515470671,42.64999999999999,42.64999999999999,42.64999999999999,42.64999999999999
2025-12-22T17:43:38.571198,5.350,389.14924581810425,3392.9596882956757,35.71838753182702,4100,1500,1520,40.0,35.0,20.0,3392.9596882956757,26.788790648870265,1500,1520,800,0,0,35.71838753182702,35.71838753182702,17.85919376591351,0.0,4100,4200,390.0,26.788790648870265,30.535,25.0,25.0,0.44984578024663213,-0.8931062501149003,1.0,0.0,0.0,0.0,0.0,35.13882864655533,42.70131360489627,44.59717669213159,39.45426916392697,42.675,42.675,42.675,42.675
2025-12-22T17:43:38.622428,5.400,388.70488478966854,3454.471024888011,38.178840995520446,4100,1500,1520,40.0,35.0,20.0,3454.471024888011,28.634130746640334,1500,1520,800,0,0,38.178840995520446,38.178840995520446,19.089420497760223,0.0,4100,4200,390.0,28.634130746640334,30.54,25.0,25.0,0.427379880233835,-0.9040721420170588,1.0,0.0,0.0,0.0,0.0,37.26149681251059,39.20755522210918,43.09870541633558,42.21611313631226,42.699999999999996,42.699999999999996,42.699999999999996,42.699999999999996
2025-12-22T17:43:38.672927,5.450,388.83642022323784,3519.8453790221956,40.79381516088783,4100,1500,1520,40.0,35.0,20.0,3519.8453790221956,30.595361370665874,1500,1520,800,0,0,40.79381516088783,40.79381516088783,20.396907580443916,0.0,4100,4200,390.0,30.595361370665877,30.544999999999998,25.0,25.0,0.40464688170770735,-0.9144730182592752,1.0,0.0,0.0,0.0,0.0,39.781974140065884,38.49848492671406,42.689437090622775,37.8925768714814,42.724999999999994,42.724999999999994,42.724999999999994,42.724999999999994
2025-12-22T17:43:38.723490,5.500,387.9326674191281,3588.9193488592,43.556773954368,4100,1500,1520,40.0,35.0,20.0,3588.9193488592,32.667580465776,1500,1520,800,0,0,43.556773954368,43.556773954368,21.778386977184,0.0,4100,4200,390.0,32.667580465776,30.549999999999997,25.0,25.0,0.38166099205233706,-0.9243023786324613,1.0,0.0,0.0,0.0,0.0,36.24325901660841,36.71895877417215,37.23289024594574,42.42600820612171,42.74999999999999,42.74999999999999,42.74999999999999,42.74999999999999
2025-12-22T17:43:38.773816,5.550,388.3658465232854,3661.520285447459,46.460811417898356,4100,1500,1520,40.0,35.0,20.0,3661.520285447459,34.84560856342377,1500,1520,800,0,0,46.460811417898356,46.460811417898356,23.230405708949178,0.0,4100,4200,390.0,34.84560856342377,30.555,25.0,25.0,0.3584365767005356,-0.9335540801063434,1.0,0.0,0.0,0.0,0.0,35.692437397034666,44.71617154718005,38.04264472622402,39.34084329350131,42.77499999999999,42.77499999999999,42.77499999999999,42.77499999999999
2025-12-22T17:43:38.824223,5.600,388.51982652602345,3737.4667242553387,49.49866897021356,4100,1500,1520,40.0,35.0,20.0,3737.4667242553387,37.12400172766017,1500,1520,800,0,0,49.49866897021356,49.49866897021356,24.74933448510678,0.0,4100,4200,390.0,37.12400172766017,30.56,25.0,25.0,0.33498815015591055,-0.9422223406686562,1.0,0.0,0.0,0.0,0.0,39.44598671443834,35.46682543586866,38.84870941778047,36.039586982997996,42.8,42.8,42.8,42.8
2025-12-22T17:43:38.875977,5.650,388.22503869485126,3816.5688387379614,52.66275354951845,4100,1500,1520,40.0,35.0,20.0,3816.5688387379614,39.49706516213884,1500,1520,800,0,0,52.66275354951845,52.66275354951845,26.331376774759224,0.0,4100,4200,390.0,39.49706516213884,30.564999999999998,25.0,25.0,0.311330366921773,-0.9503017429387122,1.0,0.0,0.0,0.0,0.0,41.01409188976039,38.29708969814324,40.00590847817888,40.41320836566225,42.824999999999996,42.824999999999996,42.824999999999996,42.824999999999996
2025-12-22T17:43:38.927538,5.700,387.7897057833008,3898.628914804704,55.945156592188155,4100,1500,1520,40.0,35.0,20.0,3898.628914804704,41.95886744414112,1500,1520,800,0,0,55.945156592188155,55.945156592188155,27.972578296094078,0.0,4100,4200,390.0,41.95886744414112,30.57,25.0,25.0,0.2874780123425503,-0.9577872375530886,1.0,0.0,0.0,0.0,0.0,41.26318086695495,37.279579432213865,40.04781404881775,41.6000243366761,42.849999999999994,42.849999999999994,42.849999999999994,42.849999999999994
2025-12-22T17:43:38.978110,5.750,387.81974676083854,3983.441845001462,59.337673800058475,4100,1500,1520,40.0,35.0,20.0,3983.441845001462,44.50325535004386,1500,1520,800,0,0,59.337673800058475,59.337673800058475,29.668836900029238,0.0,4100,4200,390.0,44.50325535004386,30.575,25.0,25.0,0.26344599336342683,-0.9646741463213147,0.9999999999999999,0.0,0.0,0.0,0.0,42.616473469744854,42.938166783278625,42.11381439097499,42.30865491680219,42.87499999999999,42.87499999999999,42.87499999999999,42.87499999999999
2025-12-22T17:43:39.028653,5.800,387.2642466268608,4070.7956411724635,62.83182564689853,4100,1500,1520,40.0,35.0,20.0,4070.7956411724635,47.1238692351739,1500,1520,800,0,0,62.83182564689853,62.83182564689853,31.415912823449265,0.0,4100,4200,390.0,47.1238692351739,30.58,25.0,25.0,0.23924932921398845,-0.970958165149589,1.0,0.0,0.0,0.0,0.0,40.61515506539049,36.967331709223544,42.258246841662555,44.74572405593137,42.89999999999999,42.89999999999999,42.89999999999999,42.89999999999999
2025-12-22T17:43:39.080206,5.850,387.71625483737364,4160.471964320258,66.41887857281033,4100,1500,1520,40.0,35.0,20.0,4160.471964320258,49.81415892960774,1500,1520,800,0,0,66.41887857281033,66.41887857281033,33.209439286405164,0.0,4100,4200,390.0,49.81415892960774,30.584999999999997,25.0,25.0,0.21490314202169317,-0.9766353667306975,1.0,0.0,0.0,0.0,0.0,35.41610567280715,40.61572597459423,42.150549282651085,42.91867329037665,42.925,42.925,42.925,42.925
2025-12-22T17:43:39.130953,5.900,386.9610515708964,4252.246670339503,70.08986681358013,4100,1500,1520,40.0,35.0,20.0,4252.246670339503,52.5674001101851,1500,1520,800,0,0,70.08986681358013,70.08986681358013,35.044933406790065,0.0,4100,4200,390.0,52.5674001101851,30.59,25.0,25.0,0.1904226473610336,-0.9817022029984528,1.0,0.0,0.0,0.0,0.0,37.54960575341725,43.044994752307424,39.35043898543585,39.190998834167814,42.949999999999996,42.949999999999996,42.949999999999996,42.949999999999996
2025-12-22T17:43:39.181321,5.950,387.33756187957056,4345.890370260494,73.83561481041974,4100,1500,1520,40.0,35.0,20.0,4345.890370260494,55.376711107814806,1500,1520,800,0,0,73.83561481041974,73.83561481041974,36.91780740520987,0.0,4100,4200,390.0,55.37671110781481,30.595,25.0,25.0,0.1658231447442981,-0.9861555073451203,1.0,0.0,0.0,0.0,0.0,42.88758913191207,36.99332255178541,40.047935930714544,38.29979995092322,42.974999999999994,42.974999999999994,42.974999999999994,42.974999999999994
2025-12-22T17:43:39.231966,6.000,386.6505512381212,4441.169003602123,77.64676014408491,4100,1500,1520,40.0,35.0,20.0,4441.169003602123,58.23507010806368,1500,1520,800,0,0,77.64676014408491,77.64676014408491,38.823380072042454,0.0,4100,4200,390.0,58.23507010806368,30.599999999999998,25.0,25.0,0.14112000805987382,-0.9899924966004445,1.0,0.0,0.0,0.0,0.0,44.6652144062987,40.35513137578598,42.445646688624336,42.23408225150157,42.99999999999999,42.99999999999999,42.99999999999999,42.99999999999999
2025-12-22T17:43:39.282447,6.050,387.4031106896513,4537.8444234011895,81.51377693604758,4100,1500,1520,40.0,35.0,20.0,4537.8444234011895,61.13533270203568,1500,1520,800,0,0,81.51377693604758,81.51377693604758,40.75688846802379,0.0,4100,4200,390.0,61.13533270203568,30.604999999999997,25.0,25.0,0.11632867596406667,-0.9932107727710404,1.0,0.0,0.0,0.0,0.0,40.35188970005957,36.15860929310478,40.09466823492317,35.05791608593763,43.02499999999999,43.02499999999999,43.02499999999999,43.02499999999999
2025-12-22T17:43:39.332973,6.100,386.5943268832286,4635.674991455782,85.42699965823128,4100,1500,1520,40.0,35.0,20.0,4635.674991455782,64.07024974367346,1500,1520,800,0,0,85.42699965823128,85.42699965823128,42.71349982911564,0.0,4100,4200,390.0,64.07024974367346,30.61,25.0,25.0,0.09146464223244383,-0.9958083245390607,1.0,0.0,0.0,0.0,0.0,40.11765346291427,35.46992584814134,41.381319819747745,43.488687291664306,43.04999999999999,43.04999999999999,43.04999999999999,43.04999999999999
2025-12-22T17:43:39.383607,6.150,386.7563808094282,4734.416182294938,89.37664729179754,4100,1500,1520,40.0,35.0,20.0,4734.416182294938,67.03248546884815,1500,1520,800,0,0,89.37664729179754,89.37664729179754,44.68832364589877,0.0,4100,4200,390.0,67.03248546884815,30.615,25.0,25.0,0.06654344607672835,-0.9977835285192042,0.9999999999999999,0.0,0.0,0.0,0.0,42.30089243385526,36.10367044483176,37.00806358350338,36.28413599327315,43.074999999999996,43.074999999999996,43.074999999999996,43.074999999999996
2025-12-22T17:43:39.435656,6.200,386.0370755769732,4833.8211943649785,93.35284777459916,4100,1500,1520,40.0,35.0,20.0,4833.8211943649785,70.01463583094937,1500,1520,800,0,0,93.35284777459916,93.35284777459916,46.67642388729958,0.0,4100,4200,390.0,70.01463583094937,30.619999999999997,25.0,25.0,0.04158066243329759,-0.9991351502732791,0.9999999999999999,0.0,0.0,0.0,0.0,37.22810698320347,43.39409439232013,39.02281747841287,44.64611804374334,43.099999999999994,43.099999999999994,43.099999999999994,43.099999999999994
2025-12-22T17:43:39.486158,6.250,386.02382838980924,4933.641566904858,97.34566267619432,4100,1500,1520,40.0,35.0,20.0,4933.641566904858,73.00924700714575,1500,1520,800,0,0,97.34566267619432,97.34566267619432,48.67283133809716,0.0,4100,4200,390.0,73.00924700714575,30.625,25.0,25.0,0.016591892229355008,-0.9998623450816865,1.0,0.0,0.0,0.0,0.0,44.827324372648654,36.484073043795625,35.01550221704447,35.567554241091585,43.12499999999999,43.12499999999999,43.12499999999999,43.12499999999999
2025-12-22T17:43:39.538688,6.300,386.5541329514097,5033.627800968671,101.34511203874683,4100,1500,1520,40.0,35.0,20.0,5033.627800968671,76.00883402906013,1500,1520,800,0,0,101.34511203874683,101.34511203874683,50.67255601937342,0.0,4100,4200,390.0,76.00883402906013,30.63,25.0,25.0,-0.008407247367141513,-0.999964658471342,0.9999999999999999,0.0,0.0,0.0,0.0,43.08585264488322,40.024894385598614,42.66855916446865,38.09925164334713,43.14999999999999,43.14999999999999,43.14999999999999,43.14999999999999
2025-12-22T17:43:39.589208,6.350,385.90709360766573,5133.529983043082,105.34119932172331,4100,1500,1520,40.0,35.0,20.0,5133.529983043082,79.00589949129248,1500,1520,800,0,0,105.34119932172331,105.34119932172331,52.670599660861654,0.0,4100,4200,390.0,79.00589949129248,30.634999999999998,25.0,25.0,-0.033401132707701287,-0.9994420264997077,0.9999999999999999,0.0,0.0,0.0,0.0,41.15738881694343,36.13945110560696,36.49400919496062,44.23721411894029,43.17499999999999,43.17499999999999,43.17499999999999,43.17499999999999
2025-12-22T17:43:39.639758,6.400,385.8880491429917,5233.098409700957,109.32393638803829,4100,1500,1520,40.0,35.0,20.0,5233.098409700957,81.99295229102871,1500,1520,800,0,0,109.32393638803829,109.32393638803829,54.661968194019146,0.0,4100,4200,390.0,81.99295229102871,30.639999999999997,25.0,25.0,-0.05837414342757255,-0.9982947757947536,1.0,0.0,0.0,0.0,0.0,39.79403942656616,41.659503684265175,42.56102183000476,42.10161484236344,43.199999999999996,43.199999999999996,43.199999999999996,43.199999999999996
2025-12-22T17:43:39.690301,6.450,385.7565005099518,5332.084211729884,113.28336846919538,4100,1500,1520,40.0,35.0,20.0,5332.084211729884,84.96252635189654,1500,1520,800,0,0,113.28336846919538,113.28336846919538,56.64168423459769,0.0,4100,4200,390.0,84.96252635189654,30.645,25.0,25.0,-0.08331067220796197,-0.9965236233508253,1.0,0.0,0.0,0.0,0.0,42.85595776342871,39.75325718493749,40.288668432104956,38.1440586290383,43.224999999999994,43.224999999999994,43.224999999999994,43.224999999999994
2025-12-22T17:43:39.740790,6.500,385.8998059461922,5430.239976175601,117.20959904702406,4100,1500,1520,40.0,35.0,20.0,5430.239976175601,87.90719928526804,1500,1520,800,0,0,117.20959904702406,117.20959904702406,58.60479952351203,0.0,4100,4200,390.0,87.90719928526804,30.65,25.0,25.0,-0.10819513453010088,-0.994129676080547,1.0,0.0,0.0,0.0,0.0,41.93083801032021,40.09447068178743,39.83721648226073,40.75918925321331,43.24999999999999,43.24999999999999,43.24999999999999,43.24999999999999
2025-12-22T17:43:39.791528,6.550,385.8009367165017,5527.3203647455275,121.0928145898211,4100,1500,1520,40.0,35.0,20.0,5527.3203647455275,90.81961094236583,1500,1520,800,0,0,121.0928145898211,121.0928145898211,60.54640729491055,0.0,4100,4200,390.0,90.81961094236583,30.654999999999998,25.0,25.0,-0.13301197841506213,-0.9911144301230363,1.0,0.0,0.0,0.0,0.0,35.434221646609174,39.380993528607235,40.97978952006543,35.00192566327001,43.27499999999999,43.27499999999999,43.27499999999999,43.27499999999999
2025-12-22T17:43:39.842472,6.600,385.59891265817566,5623.082727026727,124.92330908106908,4100,1500,1520,40.0,35.0,20.0,5623.082727026727,93.69248181080181,1500,1520,800,0,0,124.92330908106908,124.92330908106908,62.46165454053454,0.0,4100,4200,390.0,93.69248181080181,30.66,25.0,25.0,-0.15774569414324074,-0.9874797699088661,1.0,0.0,0.0,0.0,0.0,35.684202813800624,40.93003203162875,38.19690409353072,37.81808534559716,43.29999999999999,43.29999999999999,43.29999999999999,43.29999999999999
2025-12-22T17:43:39.892520,6.650,385.5784220474207,5717.287706985571,128.69150827942283,4100,1500,1520,40.0,35.0,20.0,5717.287706985571,96.51863120956713,1500,1520,800,0,0,128.69150827942283,128.69150827942283,64.34575413971142,0.0,4100,4200,390.0,96.51863120956713,30.665,25.0,25.0,-0.18238082394742386,-0.9832279669823569,1.0,0.0,0.0,0.0,0.0,36.25713790275847,35.732668299291795,40.79812901910295,40.21611983092524,43.32499999999999,43.32499999999999,43.32499999999999,43.32499999999999
2025-12-22T17:43:39.943103,6.700,384.67337492345615,5809.699841233168,132.3879936493267,4100,1500,1520,40.0,35.0,20.0,5809.699841233168,99.29099523699502,1500,1520,800,0,0,132.3879936493267,132.3879936493267,66.19399682466334,0.0,4100,4200,390.0,99.29099523699502,30.669999999999998,25.0,25.0,-0.20690197167339194,-0.9783616785819357,1.0,0.0,0.0,0.0,0.0,38.95415468771561,38.18155450165342,37.292530199855406,44.95707732406804,43.349999999999994,43.349999999999994,43.349999999999994,43.349999999999994
2025-12-22T17:43:39.995831,6.750,384.47003121637323,5900.088147561207,136.00352590244827,4100,1500,1520,40.0,35.0,20.0,5900.088147561207,102.00264442683621,1500,1520,800,0,0,136.00352590244827,136.00352590244827,68.00176295122414,0.0,4100,4200,390.0,102.00264442683621,30.674999999999997,25.0,25.0,-0.23129381240201405,-0.9728839459794483,1.0,0.0,0.0,0.0,0.0,43.83909298036004,41.120461516620566,41.38280869925495,41.23727300218574,43.37499999999999,43.37499999999999,43.37499999999999,43.37499999999999
2025-12-22T17:43:40.048367,6.800,384.61749816577554,5988.226702277188,139.52906809108754,4100,1500,1520,40.0,35.0,20.0,5988.226702277188,104.64680106831565,1500,1520,800,0,0,139.52906809108754,139.52906809108754,69.76453404554377,0.0,4100,4200,390.0,104.64680106831565,30.68,25.0,25.0,-0.2555411020268235,-0.9667981925794631,1.0,0.0,0.0,0.0,0.0,36.179919031003074,38.30874444260459,41.255214989279565,39.234849560864504,43.39999999999999,43.39999999999999,43.39999999999999,43.39999999999999
2025-12-22T17:43:40.100895,6.850,384.76922183317436,6073.8952048959945,142.9558081958398,4100,1500,1520,40.0,35.0,20.0,6073.8952048959945,107.21685614687985,1500,1520,800,0,0,142.9558081958398,142.9558081958398,71.4779040979199,0.0,4100,4200,390.0,107.21685614687985,30.685,25.0,25.0,-0.27962868678108815,-0.9601082217797554,1.0,0.0,0.0,0.0,0.0,42.39087169867598,41.8745824834204,44.721503785386446,43.997608377272236,43.42499999999999,43.42499999999999,43.42499999999999,43.42499999999999
2025-12-22T17:43:40.150008,6.900,384.9559286269337,6156.879528776372,146.2751811510549,4100,1500,1520,40.0,35.0,20.0,6156.879528776372,109.70638586329119,1500,1520,800,0,0,146.2751811510549,146.2751811510549,73.13759057552745,0.0,4100,4200,390.0,109.70638586329119,30.689999999999998,25.0,25.0,-0.3035415127084213,-0.9528182145943073,1.0,0.0,0.0,0.0,0.0,38.19962547898607,41.89545177206611,38.89334551678111,35.85967866439512,43.44999999999999,43.44999999999999,43.44999999999999,43.44999999999999
2025-12-22T17:43:40.200452,6.950,384.18838877961974,6236.972256326021,149.47889025304084,4100,1500,1520,40.0,35.0,20.0,6236.972256326021,112.10916768978063,1500,1520,800,0,0,149.47889025304084,149.47889025304084,74.73944512652042,0.0,4100,4200,390.0,112.10916768978063,30.694999999999997,25.0,25.0,-0.32726463507101444,-0.9449327270403093,1.0,0.0,0.0,0.0,0.0,37.63811807723554,40.285172731952144,42.0018170348071,38.876683276670846,43.474999999999994,43.474999999999994,43.474999999999994,43.474999999999994
2025-12-22T17:43:40.250621,7.000,383.8572750631954,6313.973197437553,152.55892789750212,4100,1500,1520,40.0,35.0,20.0,6313.973197437553,114.41919592312658,1500,1520,800,0,0,152.55892789750212,152.55892789750212,76.27946394875106,0.0,4100,4200,390.0,114.41919592312658,30.7,25.0,25.0,-0.35078322768961195,-0.9364566872907993,1.0,0.0,0.0,0.0,0.0,40.36034882755895,38.95505888740366,40.08406152009957,39.982670501229855,43.49999999999999,43.49999999999999,43.49999999999999,43.49999999999999
2025-12-22T17:43:40.300972,7.050,384.09686129912524,6387.689889859503,155.50759559438012,4100,1500,1520,40.0,35.0,20.0,6387.689889859503,116.63069669578509,1500,1520,800,0,0,155.50759559438012,155.50759559438012,77.75379779719006,0.0,4100,4200,390.0,116.63069669578508,30.705,25.0,25.0,-0.37408259220939044,-0.9273953925947136,1.0,0.0,0.0,0.0,0.0,39.32918190497045,41.29932486151779,38.02703445328436,36.88786608625699,43.52499999999999,43.52499999999999,43.52499999999999,43.52499999999999
2025-12-22T17:43:40.351385,7.100,383.78411182593436,6457.938080251729,158.31752321006917,4100,1500,1520,40.0,35.0,20.0,6457.938080251729,118.73814240755188,1500,1520,800,0,0,158.31752321006917,158.31752321006917,79.15876160503458,0.0,4100,4200,390.0,118.73814240755186,30.709999999999997,25.0,25.0,-0.39714816728595204,-0.9177545059662793,0.9999999999999999,0.0,0.0,0.0,0.0,35.936751513972226,37.92039766638486,37.267307058038575,38.75521608331263,43.54999999999999,43.54999999999999,43.54999999999999,43.54999999999999
2025-12-22T17:43:40.402403,7.150,383.90851035141793,6524.5421847228,160.98168738891198,4100,1500,1520,40.0,35.0,20.0,6524.5421847228,120.73626554168399,1500,1520,800,0,0,160.98168738891198,160.98168738891198,80.49084369445599,0.0,4100,4200,390.0,120.73626554168399,30.715,25.0,25.0,-0.41996553768569084,-0.9075400526458149,1.0,0.0,0.0,0.0,0.0,38.83949599048676,39.919807048211695,41.58916929359626,42.54106470206746,43.57499999999999,43.57499999999999,43.57499999999999,43.57499999999999
2025-12-22T17:43:40.452935,7.200,383.9959812639625,6587.335727698284,163.49342910793138,4100,1500,1520,40.0,35.0,20.0,6587.335727698284,122.62007183094853,1500,1520,800,0,0,163.49342910793138,163.49342910793138,81.74671455396569,0.0,4100,4200,390.0,122.62007183094855,30.72,25.0,25.0,-0.4425204432948445,-0.8967584163341509,1.0,0.0,0.0,0.0,0.0,42.94706907692336,44.04555281883533,40.34030608855594,38.36070013105032,43.599999999999994,43.599999999999994,43.599999999999994,43.599999999999994
2025-12-22T17:43:40.504450,7.250,384.21900813410826,6646.16175802299,165.84647032091965,4100,1500,1520,40.0,35.0,20.0,6646.16175802299,124.38485274068974,1500,1520,800,0,0,165.84647032091965,165.84647032091965,82.92323516045983,0.0,4100,4200,390.0,124.38485274068974,30.724999999999998,25.0,25.0,-0.46479878803160113,-0.8854163352030245,1.0,0.0,0.0,0.0,0.0,35.27538482374914,43.604037363577554,43.05272643182111,39.5045468792982,43.62499999999999,43.62499999999999,43.62499999999999,43.62499999999999
2025-12-22T17:43:40.555041,7.300,383.3037829735844,6700.87324125711,168.03492965028443,4100,1500,1520,40.0,35.0,20.0,6700.87324125711,126.02619723771332,1500,1520,800,0,0,168.03492965028443,168.03492965028443,84.01746482514221,0.0,4100,4200,390.0,126.02619723771332,30.729999999999997,25.0,25.0,-0.48678664865569166,-0.8735208976839423,1.0,0.0,0.0,0.0,0.0,42.75761637093089,44.585548867996,41.33955067074963,40.87114635725979,43.64999999999999,43.64999999999999,43.64999999999999,43.64999999999999
2025-12-22T17:43:40.606080,7.350,383.165901935735,6751.3334271857475,170.0533370874299,4100,1500,1520,40.0,35.0,20.0,6751.3334271857475,127.54000281557242,1500,1520,800,0,0,170.0533370874299,170.0533370874299,85.02666854371495,0.0,4100,4200,390.0,127.54000281557242,30.735,25.0,25.0,-0.5084702834699618,-0.8610795380381401,1.0,0.0,0.0,0.0,0.0,40.02979949681837,42.64966935890199,44.153506385494374,39.19567781332193,43.67499999999999,43.67499999999999,43.67499999999999,43.67499999999999
2025-12-22T17:43:40.656239,7.400,383.2881881161464,6797.416191623237,171.8966476649295,4100,1500,1520,40.0,35.0,20.0,6797.416191623237,128.9224857486971,1500,1520,800,0,0,171.8966476649295,171.8966476649295,85.94832383246475,0.0,4100,4200,390.0,128.9224857486971,30.74,25.0,25.0,-0.5298361409084854,-0.848100031710413,1.0,0.0,0.0,0.0,0.0,40.984473072928154,36.25177452837815,42.65759301865799,40.323820091480876,43.69999999999999,43.69999999999999,43.69999999999999,43.69999999999999
2025-12-22T17:43:40.706904,7.450,383.5592470400075,6839.006351657927,173.56025406631707,4100,1500,1520,40.0,35.0,20.0,6839.006351657927,130.1701905497378,1500,1520,800,0,0,173.56025406631707,173.56025406631707,86.78012703315854,0.0,4100,4200,390.0,130.1701905497378,30.744999999999997,25.0,25.0,-0.5508708680058522,-0.8345904904697147,1.0,0.0,0.0,0.0,0.0,37.01206103694389,39.914256465993056,37.185486811091025,39.05823364681179,43.724999999999994,43.724999999999994,43.724999999999994,43.724999999999994
2025-12-22T17:43:40.757150,7.500,382.974292836233,6875.999953549464,175.03999814197857,4100,1500,1520,40.0,35.0,20.0,6875.999953549464,131.27999860648393,1500,1520,800,0,0,175.03999814197857,175.03999814197857,87.51999907098929,0.0,4100,4200,390.0,131.27999860648393,30.75,25.0,25.0,-0.5715613187423361,-0.8205593573395661,1.0,0.0,0.0,0.0,0.0,35.35277986605179,40.159814387827666,40.39903431041136,42.79817316943933,43.74999999999999,43.74999999999999,43.74999999999999,43.74999999999999
2025-12-22T17:43:40.807614,7.550,383.1189167331862,6908.304532559018,176.33218130236074,4100,1500,1520,40.0,35.0,20.0,6908.304532559018,132.24913597677056,1500,1520,800,0,0,176.33218130236074,176.33218130236074,88.16609065118037,0.0,4100,4200,390.0,132.24913597677056,30.755,25.0,25.0,-0.5918945622597301,-0.8060154013214403,1.0,0.0,0.0,0.0,0.0,44.3254797701109,42.18892617160589,43.315045218698074,37.392097091641716,43.77499999999999,43.77499999999999,43.77499999999999,43.77499999999999
2025-12-22T17:43:40.858035,7.600,383.31214233258197,6935.839344062963,177.43357376251853,4100,1500,1520,40.0,35.0,20.0,6935.839344062963,133.0751803218889,1500,1520,800,0,0,177.43357376251853,177.43357376251853,88.71678688125927,0.0,4100,4200,390.0,133.0751803218889,30.759999999999998,25.0,25.0,-0.6118578909427116,-0.7909677119144225,1.0,0.0,0.0,0.0,0.0,38.128307268469484,43.08985884561115,41.597323282488624,40.02682860071069,43.79999999999999,43.79999999999999,43.79999999999999,43.79999999999999
2025-12-22T17:43:40.908917,7.650,382.8324055908824,6958.535565372392,178.3414226148957,4100,1500,1520,40.0,35.0,20.0,6958.535565372392,133.75606696117177,1500,1520,800,0,0,178.3414226148957,178.3414226148957,89.17071130744785,0.0,4100,4200,390.0,133.75606696117177,30.764999999999997,25.0,25.0,-0.6314388283606879,-0.7754256934345687,0.9999999999999999,0.0,0.0,0.0,0.0,42.33777209580721,43.04264632179695,38.31823046504602,43.77533194112358,43.82499999999999,43.82499999999999,43.82499999999999,43.82499999999999
2025-12-22T17:43:40.959451,7.700,383.4755314908106,6976.336467753995,179.0534587101598,4100,1500,1520,40.0,35.0,20.0,6976.336467753995,134.29009403261983,1500,1520,800,0,0,179.0534587101598,179.0534587101598,89.5267293550799,0.0,4100,4200,390.0,134.29009403261983,30.77,25.0,25.0,-0.6506251370651599,-0.7593990591375142,0.9999999999999999,0.0,0.0,0.0,0.0,35.89238938278234,44.25922643848746,41.48648137173686,40.06149992027779,43.84999999999999,43.84999999999999,43.84999999999999,43.84999999999999
2025-12-22T17:43:41.010483,7.750,383.3244018392879,6989.197558222349,179.56790232889392,4100,1500,1520,40.0,35.0,20.0,6989.197558222349,134.67592674667043,1500,1520,800,0,0,179.56790232889392,179.56790232889392,89.78395116444696,0.0,4100,4200,390.0,134.67592674667043,30.775,25.0,25.0,-0.6694048262377288,-0.7428978251480053,1.0,0.0,0.0,0.0,0.0,40.03923318498883,36.61510637596164,36.23234742387485,38.77561909194836,43.87499999999999,43.87499999999999,43.87499999999999,43.87499999999999
2025-12-22T17:43:41.062074,7.800,383.5257596409537,6997.086690749207,179.88346762996832,4100,1500,1520,40.0,35.0,20.0,6997.086690749207,134.91260072247624,1500,1520,800,0,0,179.88346762996832,179.88346762996832,89.94173381498416,0.0,4100,4200,390.0,134.91260072247624,30.779999999999998,25.0,25.0,-0.6877661591839667,-0.7259323042001469,1.0,0.0,0.0,0.0,0.0,37.621309997135064,40.57843552649032,39.488080308964555,37.59734184525087,43.89999999999999,43.89999999999999,43.89999999999999,43.89999999999999
2025-12-22T17:43:41.113612,7.850,383.08513337140823,6999.984146611838,179.99936586447348,4100,1500,1520,40.0,35.0,20.0,6999.984146611838,134.9995243983551,1500,1520,800,0,0,179.99936586447348,179.99936586447348,89.99968293223674,0.0,4100,4200,390.0,134.9995243983551,30.784999999999997,25.0,25.0,-0.7056976606684695,-0.70851309919228,1.0,0.0,0.0,0.0,0.0,41.658040025003594,37.90405085519255,39.76564678771136,37.80134730879049,43.92499999999999,43.92499999999999,43.92499999999999,43.92499999999999
2025-12-22T17:43:41.163869,7.900,383.33030220138113,6997.882683679546,179.91530734718185,4100,1500,1520,40.0,35.0,20.0,6997.882683679546,134.9364805103864,1500,1520,800,0,0,179.91530734718185,179.91530734718185,89.95765367359093,0.0,4100,4200,390.0,134.9364805103864,30.79,25.0,25.0,-0.723188124086505,-0.6906510965605149,1.0,0.0,0.0,0.0,0.0,38.66723132550029,41.806283265132826,36.84010845665126,43.903107829546656,43.94999999999999,43.94999999999999,43.94999999999999,43.94999999999999
2025-12-22T17:43:41.214184,7.950,382.95607580775743,6990.787554515244,179.63150218060974,4100,1500,1520,40.0,35.0,20.0,6990.787554515244,134.72362663545732,1500,1520,800,0,0,179.63150218060974,179.63150218060974,89.81575109030487,0.0,4100,4200,390.0,134.72362663545732,30.794999999999998,25.0,25.0,-0.7402266184677763,-0.6723574594750632,1.0,0.0,0.0,0.0,0.0,41.88176028555946,37.43579599883847,35.87968598655334,44.64820347345944,43.97499999999999,43.97499999999999,43.97499999999999,43.97499999999999
2025-12-22T17:43:41.264777,8.000,383.0859825191539,6978.7164932467695,179.1486597298708,4100,1500,1520,40.0,35.0,20.0,6978.7164932467695,134.36149479740308,1500,1520,800,0,0,179.1486597298708,179.1486597298708,89.5743298649354,0.0,4100,4200,390.0,134.36149479740308,30.799999999999997,25.0,25.0,-0.7568024953079215,-0.6536436208636196,0.9999999999999999,0.0,0.0,0.0,0.0,38.3365338218964,41.25821139253619,42.756320412666554,43.20150420951899,43.99999999999999,43.99999999999999,43.99999999999999,43.99999999999999
2025-12-22T17:43:41.315256,8.050,383.7432087043496,6961.699671240807,178.4679868496323,4100,1500,1520,40.0,35.0,20.0,6961.699671240807,133.85099013722422,1500,1520,800,0,0,178.4679868496323,178.4679868496323,89.23399342481615,0.0,4100,4200,390.0,133.85099013722422,30.805,25.0,25.0,-0.7729053952234841,-0.6345212762661546,0.9999999999999999,0.0,0.0,0.0,0.0,42.95403725486488,43.25108455145409,42.165705679596556,38.37405328666881,44.02499999999999,44.02499999999999,44.02499999999999,44.02499999999999
2025-12-22T17:43:41.365638,8.100,383.47461471821117,6939.7796216901825,177.5911848676073,4100,1500,1520,40.0,35.0,20.0,6939.7796216901825,133.19338865070546,1500,1520,800,0,0,177.5911848676073,177.5911848676073,88.79559243380365,0.0,4100,4200,390.0,133.19338865070546,30.81,25.0,25.0,-0.788525254426189,-0.6150023765255822,1.0,0.0,0.0,0.0,0.0,43.058225659630665,43.24480261017238,36.006861189609616,44.92146637551545,44.04999999999999,44.04999999999999,44.04999999999999,44.04999999999999
2025-12-22T17:43:41.420232,8.150,383.78595157582794,6913.011133303029,176.5204453321212,4100,1500,1520,40.0,35.0,20.0,6913.011133303029,132.3903339990909,1500,1520,800,0,0,176.5204453321212,176.5204453321212,88.2602226660606,0.0,4100,4200,390.0,132.3903339990909,30.814999999999998,25.0,25.0,-0.8036523110124825,-0.5950991203188727,1.0,0.0,0.0,0.0,0.0,40.093069208526764,44.70864801306368,37.17895366916458,43.75471487831179,44.07499999999999,44.07499999999999,44.07499999999999,44.07499999999999
2025-12-22T17:43:41.470746,8.200,383.0673881800422,6881.461113359558,175.25844453438233,4100,1500,1520,40.0,35.0,20.0,6881.461113359558,131.44383340078676,1500,1520,800,0,0,175.25844453438233,175.25844453438233,87.62922226719117,0.0,4100,4200,390.0,131.44383340078676,30.819999999999997,25.0,25.0,-0.8182771110644051,-0.5748239465332765,1.0,0.0,0.0,0.0,0.0,40.1844709073378,41.647210771749755,40.77966391014094,40.74329161141261,44.099999999999994,44.099999999999994,44.099999999999994,44.099999999999994
2025-12-22T17:43:41.523283,8.250,383.6088791431287,6845.208420478694,173.80833681914777,4100,1500,1520,40.0,35.0,20.0,6845.208420478694,130.3562526143608,1500,1520,800,0,0,173.80833681914777,173.80833681914777,86.90416840957388,0.0,4100,4200,390.0,130.3562526143608,30.825,25.0,25.0,-0.8323905145579824,-0.5541895264924241,1.0,0.0,0.0,0.0,0.0,40.02861145747816,44.22348600057756,42.20136073786619,42.31162109454083,44.12499999999999,44.12499999999999,44.12499999999999,44.12499999999999
2025-12-22T17:43:41.573812,8.300,383.90466986118616,6804.343667512602,172.17374670050407,4100,1500,1520,40.0,35.0,20.0,6804.343667512602,129.13031002537804,1500,1520,800,0,0,172.17374670050407,172.17374670050407,86.08687335025203,0.0,4100,4200,390.0,129.13031002537804,30.83,25.0,25.0,-0.8459837010754417,-0.5332087560371619,1.0,0.0,0.0,0.0,0.0,35.43190351946347,36.088051385719126,35.69811439615366,42.40876375434099,44.14999999999999,44.14999999999999,44.14999999999999,44.14999999999999
2025-12-22T17:43:41.625358,8.350,383.60620618905267,6758.968995061745,170.3587598024698,4100,1500,1520,40.0,35.0,20.0,6758.968995061745,127.76906985185235,1500,1520,800,0,0,170.3587598024698,170.3587598024698,85.1793799012349,0.0,4100,4200,390.0,127.76906985185235,30.834999999999997,25.0,25.0,-0.8590481753176872,-0.5118947474660707,1.0,0.0,0.0,0.0,0.0,44.048997780488655,37.807931578669525,42.11068413585004,37.38373442263382,44.17499999999999,44.17499999999999,44.17499999999999,44.17499999999999
2025-12-22T17:43:41.675866,8.400,383.2706339278123,6709.197816176577,168.3679126470631,4100,1500,1520,40.0,35.0,20.0,6709.197816176577,126.27593448529731,1500,1520,800,0,0,168.3679126470631,168.3679126470631,84.18395632353155,0.0,4100,4200,390.0,126.27593448529731,30.84,25.0,25.0,-0.8715757724135842,-0.49026082134070637,1.0,0.0,0.0,0.0,0.0,43.272195527717614,44.58560626659386,40.17277518567616,36.491812199569935,44.19999999999999,44.19999999999999,44.19999999999999,44.19999999999999
2025-12-22T17:43:41.726878,8.450,384.0811644310046,6655.154532883984,166.20618131535934,4100,1500,1520,40.0,35.0,20.0,6655.154532883984,124.65463598651951,1500,1520,800,0,0,166.20618131535934,166.20618131535934,83.10309065767967,0.0,4100,4200,390.0,124.6546359865195,30.845,25.0,25.0,-0.8835586630227389,-0.46832049816068283,1.0,0.0,0.0,0.0,0.0,44.41373073923393,39.749540155965626,40.33245329751433,41.96966005132478,44.224999999999994,44.224999999999994,44.224999999999994,44.224999999999994
2025-12-22T17:43:41.777302,8.500,383.9161336794244,6596.974225246998,163.8789690098799,4100,1500,1520,40.0,35.0,20.0,6596.974225246998,122.90922675740993,1500,1520,800,0,0,163.8789690098799,163.8789690098799,81.93948450493995,0.0,4100,4200,390.0,122.90922675740993,30.849999999999998,25.0,25.0,-0.8949893582285804,-0.44608748991379915,1.0,0.0,0.0,0.0,0.0,37.727564294295284,41.234831758523946,42.48954393521968,42.96593179462549,44.24999999999999,44.24999999999999,44.24999999999999,44.24999999999999
2025-12-22T17:43:41.827833,8.550,383.5240609287853,6534.802313734993,161.3920925493997,4100,1500,1520,40.0,35.0,20.0,6534.802313734993,121.04406941204978,1500,1520,800,0,0,161.3920925493997,161.3920925493997,80.69604627469985,0.0,4100,4200,390.0,121.04406941204977,30.854999999999997,25.0,25.0,-0.9058607142186902,-0.423575691506494,1.0,0.0,0.0,0.0,0.0,35.46954856893194,35.74008823811965,37.29194358312378,37.517798291335126,44.27499999999999,44.27499999999999,44.27499999999999,44.27499999999999
2025-12-22T17:43:41.881445,8.600,384.0498751414024,6468.7941957482435,158.75176782992975,4100,1500,1520,40.0,35.0,20.0,6468.7941957482435,119.06382587244731,1500,1520,800,0,0,158.75176782992975,158.75176782992975,79.37588391496487,0.0,4100,4200,390.0,119.06382587244732,30.86,25.0,25.0,-0.9161659367494525,-0.40079917207998117,1.0,0.0,0.0,0.0,0.0,42.183263048883106,43.936176355386294,43.26021264114225,43.207389303292395,44.3,44.3,44.3,44.3
2025-12-22T17:43:41.936977,8.650,384.4618198765048,6399.1148572053535,155.96459428821416,4100,1500,1520,40.0,35.0,20.0,6399.1148572053535,116.97344571616063,1500,1520,800,0,0,155.96459428821416,155.96459428821416,77.98229714410708,0.0,4100,4200,390.0,116.97344571616063,30.865,25.0,25.0,-0.9258985853922349,-0.3777721662174946,1.0,0.0,0.0,0.0,0.0,40.91981450118454,36.42438115603159,38.148915622711655,44.41738182901636,44.324999999999996,44.324999999999996,44.324999999999996,44.324999999999996
2025-12-22T17:43:41.993894,8.700,384.49261531078906,6325.938460164382,153.03753840657532,4100,1500,1520,40.0,35.0,20.0,6325.938460164382,114.77815380493149,1500,1520,800,0,0,153.03753840657532,153.03753840657532,76.51876920328766,0.0,4100,4200,390.0,114.77815380493148,30.869999999999997,25.0,25.0,-0.9350525775584472,-0.35450906504813695,1.0,0.0,0.0,0.0,0.0,44.015869638110914,40.38613484706054,37.57524736315715,41.641583390072675,44.349999999999994,44.349999999999994,44.349999999999994,44.349999999999994
2025-12-22T17:43:42.046500,8.750,384.8131268136459,6249.447907508402,149.97791630033606,4100,1500,1520,40.0,35.0,20.0,6249.447907508402,112.48343722525205,1500,1520,800,0,0,149.97791630033606,149.97791630033606,74.98895815016803,0.0,4100,4200,390.0,112.48343722525206,30.875,25.0,25.0,-0.9436221923009607,-0.3310244072528924,1.0,0.0,0.0,0.0,0.0,36.664100712258836,42.458036018670434,43.74570266460778,41.04650298914679,44.37499999999999,44.37499999999999,44.37499999999999,44.37499999999999
2025-12-22T17:43:42.099051,8.800,384.3195378361345,6169.834385783541,146.79337543134164,4100,1500,1520,40.0,35.0,20.0,6169.834385783541,110.09503157350623,1500,1520,800,0,0,146.79337543134164,146.79337543134164,73.39668771567082,0.0,4100,4200,390.0,110.09503157350623,30.88,25.0,25.0,-0.9516020738895145,-0.3073328699784244,1.0,0.0,0.0,0.0,0.0,37.695284173851604,42.41298792592326,39.459539036568245,44.28943519049423,44.39999999999999,44.39999999999999,44.39999999999999,44.39999999999999
2025-12-22T17:43:42.149565,8.850,384.34129198269443,6087.296887332192,143.49187549328767,4100,1500,1520,40.0,35.0,20.0,6087.296887332192,107.61890661996574,1500,1520,800,0,0,143.49187549328767,143.49187549328767,71.74593774664383,0.0,4100,4200,390.0,107.61890661996574,30.884999999999998,25.0,25.0,-0.9589872351578719,-0.28344925966433665,1.0,0.0,0.0,0.0,0.0,44.26198395394941,43.52995626650825,42.26693548374064,42.21712403839784,44.425,44.425,44.425,44.425
2025-12-22T17:43:42.199930,8.900,384.6304649432857,6002.041712915785,140.0816685166314,4100,1500,1520,40.0,35.0,20.0,6002.041712915785,105.06125138747355,1500,1520,800,0,0,140.0816685166314,140.0816685166314,70.0408342583157,0.0,4100,4200,390.0,105.06125138747355,30.89,25.0,25.0,-0.9657730606206377,-0.25938850278963044,1.0,0.0,0.0,0.0,0.0,35.64655346273306,43.84059206254982,42.87226816822962,44.27336737978917,44.449999999999996,44.449999999999996,44.449999999999996,44.449999999999996
2025-12-22T17:43:42.250133,8.950,385.2599003167844,5914.281956070325,136.57127824281298,4100,1500,1520,40.0,35.0,20.0,5914.281956070325,102.42845868210973,1500,1520,800,0,0,136.57127824281298,136.57127824281298,68.28563912140649,0.0,4100,4200,390.0,102.42845868210972,30.895,25.0,25.0,-0.9719553093577857,-0.23516563654414088,1.0,0.0,0.0,0.0,0.0,39.23947334397348,38.08856764099106,37.81372477444081,38.41505015016581,44.474999999999994,44.474999999999994,44.474999999999994,44.474999999999994
2025-12-22T17:43:42.300418,9.000,385.10779877386125,5824.236970483526,132.96947881934105,4100,1500,1520,40.0,35.0,20.0,5824.236970483526,99.7271091145058,1500,1520,800,0,0,132.96947881934105,132.96947881934105,66.48473940967052,0.0,4100,4200,390.0,99.7271091145058,30.9,25.0,25.0,-0.9775301176650963,-0.21079579943078317,1.0,0.0,0.0,0.0,0.0,38.575601662836554,40.320239035060794,42.28440859410561,42.994231270706564,44.5,44.5,44.5,44.5
2025-12-22T17:43:42.351090,9.050,384.8643200202259,5732.131821724835,129.28527286899342,4100,1500,1520,40.0,35.0,20.0,5732.131821724835,96.96395465174507,1500,1520,800,0,0,129.28527286899342,129.28527286899342,64.64263643449671,0.0,4100,4200,390.0,96.96395465174507,30.905,25.0,25.0,-0.982494001468845,-0.18629422180448071,0.9999999999999999,0.0,0.0,0.0,0.0,44.660144295975385,41.91837351776423,41.40721824954481,36.35684740618798,44.525,44.525,44.525,44.525
2025-12-22T17:43:42.401809,9.100,385.7280689352128,5638.196724698714,125.52786898794858,4100,1500,1520,40.0,35.0,20.0,5638.196724698714,94.14590174096143,1500,1520,800,0,0,125.52786898794858,125.52786898794858,62.76393449397429,0.0,4100,4200,390.0,94.14590174096143,30.91,25.0,25.0,-0.9868438585032361,-0.16167621635368912,1.0,0.0,0.0,0.0,0.0,42.65513285550786,40.80447966894669,39.28176755913082,35.80116634598182,44.55,44.55,44.55,44.55
2025-12-22T17:43:42.452891,9.150,385.05988968370093,5542.666468227276,121.70665872909103,4100,1500,1520,40.0,35.0,20.0,5542.666468227276,91.27999404681827,1500,1520,800,0,0,121.70665872909103,121.70665872909103,60.853329364545516,0.0,4100,4200,390.0,91.27999404681827,30.915,25.0,25.0,-0.9905769702492169,-0.1369571685304645,1.0,0.0,0.0,0.0,0.0,40.825224275365194,36.63368113253748,37.75189151701784,44.98066734689786,44.574999999999996,44.574999999999996,44.574999999999996,44.574999999999996
2025-12-22T17:43:42.510490,9.200,385.9812550078378,5445.779828200502,117.83119312802009,4100,1500,1520,40.0,35.0,20.0,5445.779828200502,88.37339484601506,1500,1520,800,0,0,117.83119312802009,117.83119312802009,58.915596564010045,0.0,4100,4200,390.0,88.37339484601506,30.919999999999998,25.0,25.0,-0.9936910036334642,-0.11215252693505663,1.0,0.0,0.0,0.0,0.0,43.183580146110664,43.57190974193617,44.48399851904338,43.59134503456655,44.599999999999994,44.599999999999994,44.599999999999994,44.599999999999994
2025-12-22T17:43:42.561061,9.250,386.0906568543097,5347.7789707608745,113.91115883043497,4100,1500,1520,40.0,35.0,20.0,5347.7789707608745,85.43336912282624,1500,1520,800,0,0,113.91115883043497,113.91115883043497,56.955579415217485,0.0,4100,4200,390.0,85.43336912282624,30.925,25.0,25.0,-0.996184012486479,-0.08727779366103669,0.9999999999999999,0.0,0.0,0.0,0.0,36.83927468112577,41.88375629711352,39.40859952325396,44.796209344074626,44.625,44.625,44.625,44.625
2025-12-22T17:43:42.613700,9.300,386.1209082751472,5248.9088470141305,109.95635388056522,4100,1500,1520,40.0,35.0,20.0,5248.9088470141305,82.46726541042392,1500,1520,800,0,0,109.95635388056522,109.95635388056522,54.97817694028261,0.0,4100,4200,390.0,82.46726541042392,30.93,25.0,25.0,-0.9980544387588793,-0.06234851460699343,1.0,0.0,0.0,0.0,0.0,41.4402579152032,38.57593296687667,40.728314627712834,42.49789554374847,44.65,44.65,44.65,44.65
2025-12-22T17:43:42.664736,9.350,386.1387567015874,5149.416580779073,105.97666323116292,4100,1500,1520,40.0,35.0,20.0,5149.416580779073,79.4824974233722,1500,1520,800,0,0,105.97666323116292,105.97666323116292,52.98833161558146,0.0,4100,4200,390.0,79.4824974233722,30.935,25.0,25.0,-0.9993011134951296,-0.037380269760852555,1.0,0.0,0.0,0.0,0.0,39.30501160050596,39.681106684205076,35.82815968281921,36.75985868159456,44.675,44.675,44.675,44.675
2025-12-22T17:43:42.714935,9.400,386.1692852838022,5049.5508509067195,101.98203403626876,4100,1500,1520,40.0,35.0,20.0,5049.5508509067195,76.48652552720156,1500,1520,800,0,0,101.98203403626876,101.98203403626876,50.99101701813438,0.0,4100,4200,390.0,76.48652552720156,30.94,25.0,25.0,-0.9999232575641008,-0.012388663462891447,1.0,0.0,0.0,0.0,0.0,41.66566246864499,42.647924377848994,41.04398525334938,44.354167484282186,44.7,44.7,44.7,44.7
2025-12-22T17:43:42.765426,9.450,386.3062042201793,4949.561269712683,97.98245078850731,4100,1500,1520,40.0,35.0,20.0,4949.561269712683,73.48683809138048,1500,1520,800,0,0,97.98245078850731,97.98245078850731,48.991225394253654,0.0,4100,4200,390.0,73.48683809138048,30.945,25.0,25.0,-0.9999204821460017,0.01261068534646556,1.0,0.0,0.0,0.0,0.0,35.58898294705808,42.40692167200423,44.475586922835646,43.181274989696156,44.725,44.725,44.725,44.725
2025-12-22T17:43:42.815935,9.500,386.13881269601063,4849.697759076382,93.98791036305525,4100,1500,1520,40.0,35.0,20.0,4849.697759076382,70.49093277229144,1500,1520,800,0,0,93.98791036305525,93.98791036305525,46.993955181527625,0.0,4100,4200,390.0,70.49093277229144,30.95,25.0,25.0,-0.999292788975378,0.03760215288797655,1.0,0.0,0.0,0.0,0.0,35.42133350374037,39.25132161338597,39.824278588194574,43.77475992652879,44.75,44.75,44.75,44.75
2025-12-22T17:43:42.866239,9.550,386.9736629041886,4750.209925766495,90.00839703065981,4100,1500,1520,40.0,35.0,20.0,4750.209925766495,67.50629777299486,1500,1520,800,0,0,90.00839703065981,90.00839703065981,45.004198515329904,0.0,4100,4200,390.0,67.50629777299486,30.955,25.0,25.0,-0.998040570340029,0.06257012030793548,0.9999999999999999,0.0,0.0,0.0,0.0,35.09442196195715,36.00307424198589,35.409959947184106,39.71410840190862,44.775,44.775,44.775,44.775
2025-12-22T17:43:42.919882,9.600,386.68670023243965,4651.346437554037,86.05385750216149,4100,1500,1520,40.0,35.0,20.0,4651.346437554037,64.54039312662113,1500,1520,800,0,0,86.05385750216149,86.05385750216149,43.026928751080746,0.0,4100,4200,390.0,64.54039312662113,30.96,25.0,25.0,-0.9961646088358406,0.08749898343944727,0.9999999999999999,0.0,0.0,0.0,0.0,37.717748906659196,42.21605794229226,42.19581453564451,35.10355967457254,44.8,44.8,44.8,44.8
2025-12-22T17:43:42.970409,9.650,386.9349885496187,4553.354401672429,82.13417606689715,4100,1500,1520,40.0,35.0,20.0,4553.354401672429,61.60063205017286,1500,1520,800,0,0,82.13417606689715,82.13417606689715,41.06708803344858,0.0,4100,4200,390.0,61.60063205017286,30.965,25.0,25.0,-0.9936660768776876,0.11237316255452429,1.0,0.0,0.0,0.0,0.0,36.90600730501581,44.038953350507434,42.842111389426044,41.512240968659675,44.825,44.825,44.825,44.825
2025-12-22T17:43:43.022954,9.700,386.7531627829085,4456.478747178108,78.25914988712434,4100,1500,1520,40.0,35.0,20.0,4456.478747178108,58.69436241534325,1500,1520,800,0,0,78.25914988712434,78.25914988712434,39.12957494356217,0.0,4100,4200,390.0,58.69436241534324,30.97,25.0,25.0,-0.9905465359667129,0.13717711210090905,0.9999999999999999,0.0,0.0,0.0,0.0,36.895215580449026,35.8398744538827,43.93298701962979,38.984796949751214,44.85,44.85,44.85,44.85
2025-12-22T17:43:43.073957,9.750,387.17930948548076,4360.961612755446,74.43846451021784,4100,1500,1520,40.0,35.0,20.0,4360.961612755446,55.82884838266338,1500,1520,800,0,0,74.43846451021784,74.43846451021784,37.21923225510892,0.0,4100,4200,390.0,55.82884838266339,30.975,25.0,25.0,-0.9868079357144408,0.1618953304175385,0.9999999999999999,0.0,0.0,0.0,0.0,37.95855877135277,41.71236764461783,43.83760848404881,41.72222655843925,44.875,44.875,44.875,44.875
2025-12-22T17:43:43.124513,9.800,386.95873392156193,4267.041741496137,70.68166965984545,4100,1500,1520,40.0,35.0,20.0,4267.041741496137,53.01125224488409,1500,1520,800,0,0,70.68166965984545,70.68166965984545,35.34083482992273,0.0,4100,4200,390.0,53.01125224488409,30.98,25.0,25.0,-0.9824526126243321,0.1865123694225775,1.0,0.0,0.0,0.0,0.0,40.05533118195014,38.48648455868175,37.12372613544462,42.660633598928676,44.900000000000006,44.900000000000006,44.900000000000006,44.900000000000006
2025-12-22T17:43:43.175550,9.850,387.8025335642338,4174.953884165805,66.9981553666322,4100,1500,1520,40.0,35.0,20.0,4174.953884165805,50.24861652497415,1500,1520,800,0,0,66.9981553666322,66.9981553666322,33.4990776833161,0.0,4100,4200,390.0,50.24861652497415,30.985,25.0,25.0,-0.9774832886315462,0.21101284426796707,1.0,0.0,0.0,0.0,0.0,42.22298780524239,36.95459755696467,35.42376519928657,36.12620393857583,44.925000000000004,44.925000000000004,44.925000000000004,44.925000000000004
2025-12-22T17:43:43.225920,9.900,387.7912902327032,4084.928212449348,63.39712849797391,4100,1500,1520,40.0,35.0,20.0,4084.928212449348,47.54784637348043,1500,1520,800,0,0,63.39712849797391,63.39712849797391,31.698564248986955,0.0,4100,4200,390.0,47.54784637348043,30.990000000000002,25.0,25.0,-0.9719030694018201,0.23538144295445376,1.0,0.0,0.0,0.0,0.0,39.78781694204374,39.6069477577068,39.3941218338479,41.377488581821744,44.95,44.95,44.95,44.95
2025-12-22T17:43:43.276356,9.950,387.33656037409077,3997.189743641593,59.88758974566372,4100,1500,1520,40.0,35.0,20.0,3997.189743641593,44.91569230924779,1500,1520,800,0,0,59.88758974566372,59.88758974566372,29.94379487283186,0.0,4100,4200,390.0,44.91569230924779,30.995,25.0,25.0,-0.9657154423905285,0.2596029359010906,1.0,0.0,0.0,0.0,0.0,41.98357695757766,41.664365578383695,39.27511826704615,42.49862210605424,44.975,44.975,44.975,44.975
2025-12-22T17:43:43.327346,10.000,388.34713633673505,3911.957778221248,56.47831112884994,4100,1500,1520,40.0,35.0,20.0,3911.957778221248,42.35873334663745,1500,1520,800,0,0,56.47831112884994,56.47831112884994,28.23915556442497,0.0,4100,4200,390.0,42.35873334663745,31.0,25.0,25.0,-0.9589242746631375,0.2836621854632297,1.0,0.0,0.0,0.0,0.0,38.32210307334451,41.26818832622066,38.538581764407645,35.69390173107349,45.0,45.0,45.0,45.0
2025-12-22T17:43:43.377636,10.050,387.9930963088169,3829.4453517139154,53.17781406855663,4100,1500,1520,40.0,35.0,20.0,3829.4453517139154,39.88336055141747,1500,1520,800,0,0,53.17781406855663,53.17781406855663,26.588907034278314,0.0,4100,4200,390.0,39.88336055141747,31.005000000000003,25.0,25.0,-0.9515338104784146,0.3075441553930569,1.0,0.0,0.0,0.0,0.0,41.353711477955585,39.686115992357344,36.79805803451995,40.30457492309766,45.025000000000006,45.025000000000006,45.025000000000006,45.025000000000006
2025-12-22T17:43:43.430683,10.100,387.698162287636,3749.858702214222,49.994348088568884,4100,1500,1520,40.0,35.0,20.0,3749.858702214222,37.49576106642667,1500,1520,800,0,0,49.994348088568884,49.994348088568884,24.997174044284442,0.0,4100,4200,390.0,37.49576106642667,31.01,25.0,25.0,-0.9435486686359051,0.3312339202367579,1.0,0.0,0.0,0.0,0.0,36.303754507838114,36.473559082248,37.405381547902756,35.32982087822124,45.050000000000004,45.050000000000004,45.050000000000004,45.050000000000004
2025-12-22T17:43:43.480204,10.150,388.2333131502062,3673.396754897991,46.93587019591963,4100,1500,1520,40.0,35.0,20.0,3673.396754897991,35.20190264693972,1500,1520,800,0,0,46.93587019591963,46.93587019591963,23.467935097959813,0.0,4100,4200,390.0,35.20190264693972,31.015,25.0,25.0,-0.9349738395893333,0.35471667466244045,1.0,0.0,0.0,0.0,0.0,41.53615124718856,38.079382690468634,43.16207481820621,39.659074812225604,45.075,45.075,45.075,45.075
2025-12-22T17:43:43.531754,10.200,388.7911828757161,3600.2506248129002,44.010024992516,4100,1500,1520,40.0,35.0,20.0,3600.2506248129002,33.007518744387,1500,1520,800,0,0,44.010024992516,44.010024992516,22.005012496258,0.0,4100,4200,390.0,33.007518744387,31.02,25.0,25.0,-0.9258146823277305,0.3779777427129852,1.0,0.0,0.0,0.0,0.0,39.44515819664744,44.76082716163067,42.802487216313665,41.91463727141219,45.10000000000001,45.10000000000001,45.10000000000001,45.10000000000001
2025-12-22T17:43:43.583279,10.250,388.6808444268338,3530.603139190395,41.224125567615786,4100,1500,1520,40.0,35.0,20.0,3530.603139190395,30.91809417571184,1500,1520,800,0,0,41.224125567615786,41.224125567615786,20.612062783807893,0.0,4100,4200,390.0,30.918094175711836,31.025000000000002,25.0,25.0,-0.9160769210262415,0.4010025869780409,1.0,0.0,0.0,0.0,0.0,41.76690188177602,36.048338000812755,44.46561851275459,38.58511121447468,45.12500000000001,45.12500000000001,45.12500000000001,45.12500000000001
2025-12-22T17:43:43.633788,10.300,388.8727072666215,3464.628380472822,38.58513521891286,4100,1500,1520,40.0,35.0,20.0,3464.628380472822,28.938851414184647,1500,1520,800,0,0,38.58513521891286,38.58513521891286,19.29256760945643,0.0,4100,4200,390.0,28.938851414184647,31.03,25.0,25.0,-0.9057666414687022,0.42377681767943304,1.0,0.0,0.0,0.0,0.0,39.824452779323536,44.967756257951905,42.25188282762241,43.09165159672255,45.150000000000006,45.150000000000006,45.150000000000006,45.150000000000006
2025-12-22T17:43:43.684031,10.350,388.9822328569363,3402.4912511979846,36.099650047919376,4100,1500,1520,40.0,35.0,20.0,3402.4912511979846,27.074737535939533,1500,1520,800,0,0,36.099650047919376,36.099650047919376,18.049825023959688,0.0,4100,4200,390.0,27.074737535939533,31.035,25.0,25.0,-0.8948902872442219,0.44628620166430644,1.0,0.0,0.0,0.0,0.0,41.081888399829126,38.76094949887104,35.639675819543314,44.135820473728835,45.175000000000004,45.175000000000004,45.175000000000004,45.175000000000004
2025-12-22T17:43:43.734564,10.400,388.4078924636897,3344.3470618286788,33.773882473147154,4100,1500,1520,40.0,35.0,20.0,3344.3470618286788,25.330411854860365,1500,1520,800,0,0,33.773882473147154,33.773882473147154,16.886941236573577,0.0,4100,4200,390.0,25.330411854860365,31.040000000000003,25.0,25.0,-0.8834546557201503,0.4685166713003826,1.0,0.0,0.0,0.0,0.0,44.41171108077578,36.31552845999382,42.11996866859394,41.26516820984395,45.2,45.2,45.2,45.2
2025-12-22T17:43:43.785187,10.450,389.1819294051523,3290.3411425574195,31.61364570229678,4100,1500,1520,40.0,35.0,20.0,3290.3411425574195,23.710234276722584,1500,1520,800,0,0,31.61364570229678,31.61364570229678,15.80682285114839,0.0,4100,4200,390.0,23.710234276722584,31.045,25.0,25.0,-0.8714668937939439,0.490454333267772,0.9999999999999999,0.0,0.0,0.0,0.0,35.81107158556537,44.87818467228167,36.23469629185451,41.36251701935847,45.22500000000001,45.22500000000001,45.22500000000001,45.22500000000001
2025-12-22T17:43:43.835606,10.500,389.26299185987926,3240.6084800566464,29.62433920226586,4100,1500,1520,40.0,35.0,20.0,3240.6084800566464,22.218254401699394,1500,1520,800,0,0,29.62433920226586,29.62433920226586,14.81216960113293,0.0,4100,4200,390.0,22.218254401699394,31.05,25.0,25.0,-0.8589344934265883,0.5120854772418468,1.0,0.0,0.0,0.0,0.0,38.52349315594326,42.544821892590605,42.68514322165162,38.327926428547144,45.25000000000001,45.25000000000001,45.25000000000001,45.25000000000001
2025-12-22T17:43:43.887717,10.550,388.57214251388984,3195.2733800823407,27.810935203293624,4100,1500,1520,40.0,35.0,20.0,3195.2733800823407,20.85820140247022,1500,1520,800,0,0,27.810935203293624,27.810935203293624,13.905467601646812,0.0,4100,4200,390.0,20.85820140247022,31.055,25.0,25.0,-0.8458652869603659,0.5333965844617472,0.9999999999999999,0.0,0.0,0.0,0.0,41.34070688593537,42.779329518850446,44.537612908142776,40.62431630501251,45.275000000000006,45.275000000000006,45.275000000000006,45.275000000000006
2025-12-22T17:43:43.938236,10.600,388.79579255726856,3154.4491567743744,26.177966270974977,4100,1500,1520,40.0,35.0,20.0,3154.4491567743744,19.633474703231233,1500,1520,800,0,0,26.177966270974977,26.177966270974977,13.088983135487489,0.0,4100,4200,390.0,19.633474703231233,31.060000000000002,25.0,25.0,-0.8322674422238968,0.5543743361791674,0.9999999999999999,0.0,0.0,0.0,0.0,44.53603129313683,43.461504936590366,40.379381240364914,38.99950237186101,45.30000000000001,45.30000000000001,45.30000000000001,45.30000000000001
2025-12-22T17:43:43.990779,10.650,388.7813121547932,3118.2378494301734,24.729513977206935,4100,1500,1520,40.0,35.0,20.0,3118.2378494301734,18.5471354829052,1500,1520,800,0,0,24.729513977206935,24.729513977206935,12.364756988603467,0.0,4100,4200,390.0,18.5471354829052,31.065,25.0,25.0,-0.8181494574275125,0.5750056219821392,1.0,0.0,0.0,0.0,0.0,37.011858962741016,36.56364856861547,38.06656040662587,40.134002945705156,45.32500000000001,45.32500000000001,45.32500000000001,45.32500000000001
2025-12-22T17:43:44.043318,10.700,388.9837354838972,3086.729967459614,23.46919869838456,4100,1500,1520,40.0,35.0,20.0,3086.729967459614,17.60189902378842,1500,1520,800,0,0,23.46919869838456,23.46919869838456,11.73459934919228,0.0,4100,4200,390.0,17.60189902378842,31.07,25.0,25.0,-0.8035201558521505,0.5952775479886132,1.0,0.0,0.0,0.0,0.0,43.983788227443725,38.03962595511764,43.80855018790836,37.74237714883921,45.35000000000001,45.35000000000001,45.35000000000001,45.35000000000001
2025-12-22T17:43:44.096854,10.750,388.7467964400501,3060.004264158634,22.400170566345366,4100,1500,1520,40.0,35.0,20.0,3060.004264158634,16.800127924759025,1500,1520,800,0,0,22.400170566345366,22.400170566345366,11.200085283172683,0.0,4100,4200,390.0,16.800127924759025,31.075000000000003,25.0,25.0,-0.788388680335091,0.6151774449047149,1.0,0.0,0.0,0.0,0.0,36.05803824860958,39.63195826072274,41.39779257892923,37.79666949778358,45.37500000000001,45.37500000000001,45.37500000000001,45.37500000000001
2025-12-22T17:43:44.147230,10.800,389.1051067295956,3038.12753986701,21.525101594680393,4100,1500,1520,40.0,35.0,20.0,3038.12753986701,16.143826196010295,1500,1520,800,0,0,21.525101594680393,21.525101594680393,10.762550797340197,0.0,4100,4200,390.0,16.143826196010295,31.080000000000002,25.0,25.0,-0.7727644875559815,0.6346928759426415,0.9999999999999999,0.0,0.0,0.0,0.0,39.44686680552064,42.8912503646301,43.71736084740185,44.81669459164381,45.400000000000006,45.400000000000006,45.400000000000006,45.400000000000006
2025-12-22T17:43:44.197942,10.850,389.0554383269957,3021.154475002292,20.846179000091695,4100,1500,1520,40.0,35.0,20.0,3021.154475002292,15.634634250068771,1500,1520,800,0,0,20.846179000091695,20.846179000091695,10.423089500045847,0.0,4100,4200,390.0,15.634634250068771,31.085,25.0,25.0,-0.7566573421267194,0.6538116445932488,1.0,0.0,0.0,0.0,0.0,44.08965724649214,37.92805460648231,42.23158935287718,35.08810930490671,45.42500000000001,45.42500000000001,45.42500000000001,45.42500000000001
2025-12-22T17:43:44.248096,10.900,389.50436037633915,3009.1274933872414,20.36509973548965,4100,1500,1520,40.0,35.0,20.0,3009.1274933872414,15.273824801617238,1500,1520,800,0,0,20.36509973548965,20.36509973548965,10.182549867744825,0.0,4100,4200,390.0,15.273824801617238,31.090000000000003,25.0,25.0,-0.7400773104888878,0.6725218022484731,1.0,0.0,0.0,0.0,0.0,38.450853044333655,44.51544973015582,42.849099922807085,37.37733099055339,45.45000000000001,45.45000000000001,45.45000000000001,45.45000000000001
2025-12-22T17:43:44.298362,10.950,389.67530600240326,3002.0766562123645,20.083066248494575,4100,1500,1520,40.0,35.0,20.0,3002.0766562123645,15.062299686370931,1500,1520,800,0,0,20.083066248494575,20.083066248494575,10.041533124247287,0.0,4100,4200,390.0,15.062299686370931,31.095000000000002,25.0,25.0,-0.723034754622557,0.6908116556688217,0.9999999999999999,0.0,0.0,0.0,0.0,40.682308903115896,38.89316476151629,40.52817582654079,41.28133268778639,45.47500000000001,45.47500000000001,45.47500000000001,45.47500000000001
2025-12-22T17:43:44.349082,11.000,389.3828639560998,3000.019586898593,20.000783475943734,4100,1500,1520,40.0,35.0,20.0,3000.019586898593,15.0005876069578,1500,1520,800,0,0,20.000783475943734,20.000783475943734,10.000391737971867,0.0,4100,4200,390.0,15.000587606957799,31.1,25.0,25.0,-0.7055403255703844,0.7086697742912675,1.0,0.0,0.0,0.0,0.0,42.36182306023564,38.831016898931644,35.86599975917629,41.58774905141521,45.500000000000014,45.500000000000014,45.500000000000014,45.500000000000014
2025-12-22T17:43:44.399379,11.050,389.39023242824743,3002.9614270479115,20.11845708191646,4100,1500,1520,40.0,35.0,20.0,3002.9614270479115,15.088842811437345,1500,1520,800,0,0,20.11845708191646,20.11845708191646,10.05922854095823,0.0,4100,4200,390.0,15.088842811437345,31.105000000000004,25.0,25.0,-0.6876049567810592,0.7260849973729782,1.0,0.0,0.0,0.0,0.0,35.73016263548749,41.741926398359325,36.87682017200584,40.37904046219934,45.52500000000001,45.52500000000001,45.52500000000001,45.52500000000001
2025-12-22T17:43:44.450463,11.100,388.78883646116714,3010.894823592026,20.43579294368105,4100,1500,1520,40.0,35.0,20.0,3010.894823592026,15.326844707760788,1500,1520,800,0,0,20.43579294368105,20.43579294368105,10.217896471840525,0.0,4100,4200,390.0,15.326844707760788,31.110000000000003,25.0,25.0,-0.6692398572762535,0.7430464409664176,1.0,0.0,0.0,0.0,0.0,40.80340605604829,39.97526534782001,35.79723377180149,37.99152263850258,45.55000000000001,45.55000000000001,45.55000000000001,45.55000000000001
2025-12-22T17:43:44.502682,11.150,389.46376130243675,3023.799947171211,20.95199788684843,4100,1500,1520,40.0,35.0,20.0,3023.799947171211,15.713998415136324,1500,1520,800,0,0,20.95199788684843,20.95199788684843,10.475998943424216,0.0,4100,4200,390.0,15.713998415136325,31.115000000000002,25.0,25.0,-0.6504565046453478,0.7595435047214588,1.0,0.0,0.0,0.0,0.0,36.1382711311834,36.110983483604855,40.21851273629442,38.648780153432874,45.57500000000001,45.57500000000001,45.57500000000001,45.57500000000001
2025-12-22T17:43:44.555210,11.200,388.8305922160932,3041.6445416973756,21.66578166789502,4100,1500,1520,40.0,35.0,20.0,3041.6445416973756,16.249336250921264,1500,1520,800,0,0,21.66578166789502,21.66578166789502,10.83289083394751,0.0,4100,4200,390.0,16.249336250921264,31.12,25.0,25.0,-0.631266637872312,0.7755658785102574,1.0,0.0,0.0,0.0,0.0,39.81816457069373,40.70976983437073,43.30587816934412,38.98874761045497,45.60000000000001,45.60000000000001,45.60000000000001,45.60000000000001
2025-12-22T17:43:44.608746,11.250,388.8529116735571,3064.38400497749,22.575360199099592,4100,1500,1520,40.0,35.0,20.0,3064.38400497749,16.931520149324694,1500,1520,800,0,0,22.575360199099592,22.575360199099592,11.287680099549796,0.0,4100,4200,390.0,16.931520149324694,31.125000000000004,25.0,25.0,-0.611682249999222,0.7911035488707463,1.0,0.0,0.0,0.0,0.0,39.259994636245054,42.763111564795054,42.07707492415296,38.32728669188245,45.625000000000014,45.625000000000014,45.625000000000014,45.625000000000014
2025-12-22T17:43:44.658977,11.300,388.77530785802685,3091.961500195837,23.67846000783348,4100,1500,1520,40.0,35.0,20.0,3091.961500195837,17.75884500587511,1500,1520,800,0,0,23.67846000783348,23.67846000783348,11.83923000391674,0.0,4100,4200,390.0,17.75884500587511,31.130000000000003,25.0,25.0,-0.5917155806309994,0.806146805264723,1.0,0.0,0.0,0.0,0.0,42.32960004809196,42.02816839192741,36.841891104471415,38.625134184648104,45.65000000000001,45.65000000000001,45.65000000000001,45.65000000000001
2025-12-22T17:43:44.709409,11.350,388.622296148151,3124.308097976453,24.972323919058127,4100,1500,1520,40.0,35.0,20.0,3124.308097976453,18.729242939293595,1500,1520,800,0,0,24.972323919058127,24.972323919058127,12.486161959529063,0.0,4100,4200,390.0,18.729242939293595,31.135,25.0,25.0,-0.5713791082860559,0.8206862461466207,1.0,0.0,0.0,0.0,0.0,36.88463783297222,37.38440884400682,38.25448003159027,36.83990634647887,45.67500000000001,45.67500000000001,45.67500000000001,45.67500000000001
2025-12-22T17:43:44.760000,11.400,388.5271397818732,3161.34294867067,26.453717946826785,4100,1500,1520,40.0,35.0,20.0,3161.34294867067,19.84028846012009,1500,1520,800,0,0,26.453717946826785,26.453717946826785,13.226858973413393,0.0,4100,4200,390.0,19.84028846012009,31.140000000000004,25.0,25.0,-0.5506855425976265,0.8347127848391671,1.0,0.0,0.0,0.0,0.0,36.5332223634265,40.50414813898748,36.0576340207391,43.73618927449737,45.70000000000002,45.70000000000002,45.70000000000002,45.70000000000002
2025-12-22T17:43:44.810493,11.450,389.1510569434918,3202.973484439128,28.118939377565113,4100,1500,1520,40.0,35.0,20.0,3202.973484439128,21.089204533173834,1500,1520,800,0,0,28.118939377565113,28.118939377565113,14.059469688782556,0.0,4100,4200,390.0,21.089204533173834,31.145000000000003,25.0,25.0,-0.5296478163706618,0.8482176552122631,1.0,0.0,0.0,0.0,0.0,35.80744843785363,36.8303368003041,38.753874353456084,40.75681848753852,45.725000000000016,45.725000000000016,45.725000000000016,45.725000000000016
2025-12-22T17:43:44.861019,11.500,388.9866058160805,3249.0956506231705,29.963826024926817,4100,1500,1520,40.0,35.0,20.0,3249.0956506231705,22.472869518695113,1500,1520,800,0,0,29.963826024926817,29.963826024926817,14.981913012463409,0.0,4100,4200,390.0,22.472869518695113,31.150000000000002,25.0,25.0,-0.5082790774992461,0.8611924171615281,1.0,0.0,0.0,0.0,0.0,40.674021250438955,37.58079209809424,42.00708864428508,39.70564118032812,45.750000000000014,45.750000000000014,45.750000000000014,45.750000000000014
2025-12-22T17:43:44.911330,11.550,388.51481502594737,3299.5941658272973,31.98376663309189,4100,1500,1520,40.0,35.0,20.0,3299.5941658272973,23.987824974818917,1500,1520,800,0,0,31.98376663309189,31.98376663309189,15.991883316545945,0.0,4100,4200,390.0,23.987824974818917,31.155,25.0,25.0,-0.48659268074959156,0.8736289618830904,1.0,0.0,0.0,0.0,0.0,43.43797096261747,35.66553305759497,39.325287225489994,39.34154636894363,45.77500000000001,45.77500000000001,45.77500000000001,45.77500000000001
2025-12-22T17:43:44.965692,11.600,388.6667956638181,3354.342810062617,34.17371240250466,4100,1500,1520,40.0,35.0,20.0,3354.342810062617,25.630284301878497,1500,1520,800,0,0,34.17371240250466,34.17371240250466,17.08685620125233,0.0,4100,4200,390.0,25.630284301878497,31.160000000000004,25.0,25.0,-0.464602179413744,0.8855195169413259,1.0,0.0,0.0,0.0,0.0,40.5295078522004,38.14157807419753,44.83541224940777,35.832466270069006,45.80000000000001,45.80000000000001,45.80000000000001,45.80000000000001
2025-12-22T17:43:45.018212,11.650,388.65179786792703,3413.2047402310827,36.52818960924331,4100,1500,1520,40.0,35.0,20.0,3413.2047402310827,27.396142206932485,1500,1520,800,0,0,36.52818960924331,36.52818960924331,18.264094804621656,0.0,4100,4200,390.0,27.396142206932485,31.165000000000003,25.0,25.0,-0.44232131683921666,0.8968566511263778,1.0,0.0,0.0,0.0,0.0,38.24108407762473,38.97947834864373,38.1862321381484,40.48498690985664,45.82500000000002,45.82500000000002,45.82500000000002,45.82500000000002
2025-12-22T17:43:45.069621,11.700,388.8459512818681,3476.032832161975,39.041313286478996,4100,1500,1520,40.0,35.0,20.0,3476.032832161975,29.280984964859247,1500,1520,800,0,0,39.041313286478996,39.041313286478996,19.520656643239498,0.0,4100,4200,390.0,29.28098496485925,31.17,25.0,25.0,-0.4197640178398452,0.9076332790984198,0.9999999999999999,0.0,0.0,0.0,0.0,39.020961518732484,37.36960304488466,36.11656010155493,39.808089246243995,45.850000000000016,45.850000000000016,45.850000000000016,45.850000000000016
2025-12-22T17:43:45.119804,11.750,388.7793656817032,3542.670048345704,41.70680193382815,4100,1500,1520,40.0,35.0,20.0,3542.670048345704,31.280101450371113,1500,1520,800,0,0,41.70680193382815,41.70680193382815,20.853400966914077,0.0,4100,4200,390.0,31.280101450371113,31.175000000000004,25.0,25.0,-0.3969443799932324,0.917842665815764,0.9999999999999999,0.0,0.0,0.0,0.0,42.4834888745555,37.369609582380825,38.817599162322146,41.22538351856039,45.875000000000014,45.875000000000014,45.875000000000014,45.875000000000014
2025-12-22T17:43:45.170177,11.800,388.52408272173574,3612.949830445801,44.51799321783206,4100,1500,1520,40.0,35.0,20.0,3612.949830445801,33.388494913374046,1500,1520,800,0,0,44.51799321783206,44.51799321783206,22.25899660891603,0.0,4100,4200,390.0,33.388494913374046,31.180000000000003,25.0,25.0,-0.3738766648302212,0.9274784307440419,1.0,0.0,0.0,0.0,0.0,39.464139511840294,40.50408695721776,40.6483425152741,41.34027027236551,45.90000000000002,45.90000000000002,45.90000000000002,45.90000000000002
2025-12-22T17:43:45.220838,11.850,388.28930060839235,3686.6965156080205,47.46786062432081,4100,1500,1520,40.0,35.0,20.0,3686.6965156080205,35.60089546824061,1500,1520,800,0,0,47.46786062432081,47.46786062432081,23.733930312160403,0.0,4100,4200,390.0,35.60089546824061,31.185000000000002,25.0,25.0,-0.35057528892190193,0.9365345518438308,1.0,0.0,0.0,0.0,0.0,41.27520561910889,40.761601430584925,39.76995423262288,35.76269248767004,45.92500000000002,45.92500000000002,45.92500000000002,45.92500000000002
2025-12-22T17:43:45.271390,11.900,388.1963234160264,3763.7257755259866,50.54903102103946,4100,1500,1520,40.0,35.0,20.0,3763.7257755259866,37.911773265779594,1500,1520,800,0,0,50.54903102103946,50.54903102103946,25.27451551051973,0.0,4100,4200,390.0,37.911773265779594,31.190000000000005,25.0,25.0,-0.3270548148697247,0.945005369334233,1.0,0.0,0.0,0.0,0.0,37.49302083027004,44.46614472466077,39.186721506114786,42.8122673921612,45.95000000000002,45.95000000000002,45.95000000000002,45.95000000000002
2025-12-22T17:43:45.321765,11.950,388.2495005125563,3843.8450771659677,53.75380308663871,4100,1500,1520,40.0,35.0,20.0,3843.8450771659677,40.31535231497904,1500,1520,800,0,0,53.75380308663871,53.75380308663871,26.876901543319356,0.0,4100,4200,390.0,40.31535231497904,31.195000000000004,25.0,25.0,-0.30332994220434767,0.952885589230054,1.0,0.0,0.0,0.0,0.0,40.86404359081355,39.842607590152895,38.62556183086168,39.26681078812015,45.975000000000016,45.975000000000016,45.975000000000016,45.975000000000016
2025-12-22T17:43:45.374692,12.000,387.8046569226948,3926.85416399919,57.0741665599676,4100,1500,1520,40.0,35.0,20.0,3926.85416399919,42.8056249199757,1500,1520,800,0,0,57.0741665599676,57.0741665599676,28.5370832799838,0.0,4100,4200,390.0,42.8056249199757,31.200000000000003,25.0,25.0,-0.2794154981989088,0.960170286650371,1.0,0.0,0.0,0.0,0.0,35.81802949724995,41.171471033734164,36.29904467603521,35.622835329185975,46.000000000000014,46.000000000000014,46.000000000000014,46.000000000000014
2025-12-22T17:43:45.426202,12.050,387.49692942620277,4012.545556538867,60.50182226155468,4100,1500,1520,40.0,35.0,20.0,4012.545556538867,45.37636669616601,1500,1520,800,0,0,60.50182226155468,60.50182226155468,30.25091113077734,0.0,4100,4200,390.0,45.37636669616601,31.205000000000005,25.0,25.0,-0.2553264286024627,0.9668549088964236,1.0,0.0,0.0,0.0,0.0,40.73547184707997,39.01347013298898,37.38335929243256,40.94892414893514,46.02500000000002,46.02500000000002,46.02500000000002,46.02500000000002
2025-12-22T17:43:45.476721,12.100,387.98467936668106,4100.705070930864,64.02820283723455,4100,1500,1520,40.0,35.0,20.0,4100.705070930864,48.02115212792591,1500,1520,800,0,0,64.02820283723455,64.02820283723455,32.01410141861727,0.0,4100,4200,390.0,48.02115212792591,31.210000000000004,25.0,25.0,-0.2310777882993741,0.9729352782969017,1.0,0.0,0.0,0.0,0.0,44.276708389416974,44.00499438253429,38.42203623624611,38.44081136298853,46.05000000000002,46.05000000000002,46.05000000000002,46.05000000000002
2025-12-22T17:43:45.528268,12.150,387.7994122412808,4191.112354301788,67.64449417207152,4100,1500,1520,40.0,35.0,20.0,4191.112354301788,50.73337062905364,1500,1520,800,0,0,67.64449417207152,67.64449417207152,33.82224708603576,0.0,4100,4200,390.0,50.73337062905364,31.215000000000003,25.0,25.0,-0.20668473190050507,0.9784075948188548,0.9999999999999999,0.0,0.0,0.0,0.0,42.42360306404268,36.25002418228828,39.15513364500433,39.121827200114424,46.07500000000002,46.07500000000002,46.07500000000002,46.07500000000002
2025-12-22T17:43:45.578810,12.200,387.3689750355452,4283.541435526416,71.34165742105662,4100,1500,1520,40.0,35.0,20.0,4283.541435526416,53.50624306579247,1500,1520,800,0,0,71.34165742105662,71.34165742105662,35.67082871052831,0.0,4100,4200,390.0,53.50624306579247,31.220000000000002,25.0,25.0,-0.18216250427207667,0.983268438442588,0.9999999999999999,0.0,0.0,0.0,0.0,43.180446039650256,38.0293978325537,42.98611998422013,42.272526132596205,46.10000000000002,46.10000000000002,46.10000000000002,46.10000000000002
2025-12-22T17:43:45.630887,12.250,387.017421411207,4377.76129003782,75.11045160151278,4100,1500,1520,40.0,35.0,20.0,4377.76129003782,56.332838701134584,1500,1520,800,0,0,75.11045160151278,75.11045160151278,37.55522580075639,0.0,4100,4200,390.0,56.332838701134584,31.225000000000005,25.0,25.0,-0.15752643100812372,0.9875147712990641,1.0,0.0,0.0,0.0,0.0,36.87758847641149,36.43527751597202,39.60862002654454,39.428296533857875,46.12500000000002,46.12500000000002,46.12500000000002,46.12500000000002
2025-12-22T17:43:45.681899,12.300,386.6427068789258,4473.536417268473,78.94145669073893,4100,1500,1520,40.0,35.0,20.0,4473.536417268473,59.2060925180542,1500,1520,800,0,0,78.94145669073893,78.94145669073893,39.470728345369466,0.0,4100,4200,390.0,59.2060925180542,31.230000000000004,25.0,25.0,-0.13279190885249736,0.9911439395684716,1.0,0.0,0.0,0.0,0.0,42.57873402907492,44.63901733162727,40.77670301397806,38.43923632208874,46.15000000000002,46.15000000000002,46.15000000000002,46.15000000000002
2025-12-22T17:43:45.732261,12.350,386.3943738417515,4570.627429279022,82.8250971711609,4100,1500,1520,40.0,35.0,20.0,4570.627429279022,62.11882287837068,1500,1520,800,0,0,82.8250971711609,82.8250971711609,41.41254858558045,0.0,4100,4200,390.0,62.11882287837068,31.235000000000003,25.0,25.0,-0.10797439607640143,0.9941536751387767,1.0,0.0,0.0,0.0,0.0,44.71843636993844,41.771986147847386,41.987753876718614,35.501114549275165,46.17500000000002,46.17500000000002,46.17500000000002,46.17500000000002
2025-12-22T17:43:45.783357,12.400,386.6399921634665,4668.791649103462,86.75166596413847,4100,1500,1520,40.0,35.0,20.0,4668.791649103462,65.06374947310385,1500,1520,800,0,0,86.75166596413847,86.75166596413847,43.375832982069234,0.0,4100,4200,390.0,65.06374947310385,31.240000000000006,25.0,25.0,-0.08308940281747604,0.9965420970232192,1.0,0.0,0.0,0.0,0.0,35.97188922598063,36.706116883224354,36.298106468201226,44.44174008723351,46.20000000000002,46.20000000000002,46.20000000000002,46.20000000000002
2025-12-22T17:43:45.833902,12.450,387.0758836994573,4767.783717315167,90.7113486926067,4100,1500,1520,40.0,35.0,20.0,4767.783717315167,68.03351151945503,1500,1520,800,0,0,90.7113486926067,90.7113486926067,45.35567434630335,0.0,4100,4200,390.0,68.03351151945503,31.245000000000005,25.0,25.0,-0.05815248138646656,0.9983077125358677,1.0,0.0,0.0,0.0,0.0,43.712610367513776,42.15252959491704,35.937357310607645,44.86283131871834,46.22500000000002,46.22500000000002,46.22500000000002,46.22500000000002
2025-12-22T17:43:45.884692,12.500,385.9956060173764,4867.356205297684,94.69424821190735,4100,1500,1520,40.0,35.0,20.0,4867.356205297684,71.02068615893052,1500,1520,800,0,0,94.69424821190735,94.69424821190735,47.347124105953675,0.0,4100,4200,390.0,71.02068615893052,31.250000000000004,25.0,25.0,-0.033179216547535514,0.9994494182245001,0.9999999999999999,0.0,0.0,0.0,0.0,41.75113674971271,37.538131969515405,44.60965208610379,38.006692494077676,46.25000000000002,46.25000000000002,46.25000000000002,46.25000000000002
2025-12-22T17:43:45.939580,12.550,386.3057459329265,4967.260233687402,98.6904093474961,4100,1500,1520,40.0,35.0,20.0,4967.260233687402,74.01780701062208,1500,1520,800,0,0,98.6904093474961,98.6904093474961,49.34520467374805,0.0,4100,4200,390.0,74.01780701062208,31.255000000000003,25.0,25.0,-0.008185215778292378,0.9999665005602252,1.0,0.0,0.0,0.0,0.0,36.700447986118135,41.26239973513102,36.709850021154296,36.11440408166809,46.27500000000002,46.27500000000002,46.27500000000002,46.27500000000002
2025-12-22T17:43:45.994104,12.600,385.8053187297267,5067.246094442362,102.68984377769449,4100,1500,1520,40.0,35.0,20.0,5067.246094442362,77.01738283327087,1500,1520,800,0,0,102.68984377769449,102.68984377769449,51.344921888847246,0.0,4100,4200,390.0,77.01738283327087,31.260000000000005,25.0,25.0,0.016813900484371914,0.9998586363834148,1.0,0.0,0.0,0.0,0.0,44.08587571734468,40.642255261720535,35.31212631599316,42.92574846379859,46.300000000000026,46.300000000000026,46.300000000000026,46.300000000000026
2025-12-22T17:43:46.055649,12.650,386.2363218109183,5167.063874982305,106.6825549992922,4100,1500,1520,40.0,35.0,20.0,5167.063874982305,80.01191624946915,1500,1520,800,0,0,106.6825549992922,106.6825549992922,53.3412774996461,0.0,4100,4200,390.0,80.01191624946915,31.265000000000004,25.0,25.0,0.04180250860654956,0.9991258931056684,1.0,0.0,0.0,0.0,0.0,37.72832762079986,37.564481056175275,38.74160102945245,38.80437644082424,46.325000000000024,46.325000000000024,46.325000000000024,46.325000000000024
2025-12-22T17:43:46.106658,12.700,385.40322720584055,5266.464082839976,110.65856331359905,4100,1500,1520,40.0,35.0,20.0,5266.464082839976,82.99392248519928,1500,1520,800,0,0,110.65856331359905,110.65856331359905,55.32928165679952,0.0,4100,4200,390.0,82.99392248519928,31.270000000000003,25.0,25.0,0.06676499152157851,0.9977687286676825,0.9999999999999999,0.0,0.0,0.0,0.0,40.46375904183903,36.06338794255497,39.314234283177775,36.21493541906314,46.35000000000002,46.35000000000002,46.35000000000002,46.35000000000002
2025-12-22T17:43:46.158487,12.750,386.0682499429019,5365.198269262359,114.60793077049435,4100,1500,1520,40.0,35.0,20.0,5365.198269262359,85.95594807787076,1500,1520,800,0,0,114.60793077049435,114.60793077049435,57.303965385247174,0.0,4100,4200,390.0,85.95594807787076,31.275000000000006,25.0,25.0,0.09168574849020075,0.9957879912530536,1.0,0.0,0.0,0.0,0.0,42.615652743731495,43.93148881304416,38.18862182653108,40.47653417028823,46.37500000000002,46.37500000000002,46.37500000000002,46.37500000000002
2025-12-22T17:43:46.209007,12.800,385.23017162956825,5463.019650203168,118.5207860081267,4100,1500,1520,40.0,35.0,20.0,5463.019650203168,88.89058950609503,1500,1520,800,0,0,118.5207860081267,118.5207860081267,59.26039300406335,0.0,4100,4200,390.0,88.89058950609503,31.280000000000005,25.0,25.0,0.11654920485051658,0.9931849187581899,1.0,0.0,0.0,0.0,0.0,39.55981535940988,44.951075368429265,38.86619460353034,41.3038964843751,46.40000000000002,46.40000000000002,46.40000000000002,46.40000000000002
2025-12-22T17:43:46.259615,12.850,385.90214285316034,5559.683723154441,122.38734892617765,4100,1500,1520,40.0,35.0,20.0,5559.683723154441,91.79051169463324,1500,1520,800,0,0,122.38734892617765,122.38734892617765,61.193674463088826,0.0,4100,4200,390.0,91.79051169463324,31.285000000000004,25.0,25.0,0.14133982175164123,0.989961138018667,1.0,0.0,0.0,0.0,0.0,35.594236600168124,44.52165466122928,40.34456920168965,36.86058636991206,46.425000000000026,46.425000000000026,46.425000000000026,46.425000000000026
2025-12-22T17:43:46.309802,12.900,385.527417873092,5654.948878275477,126.19795513101907,4100,1500,1520,40.0,35.0,20.0,5654.948878275477,94.64846634826431,1500,1520,800,0,0,126.19795513101907,126.19795513101907,63.098977565509536,0.0,4100,4200,390.0,94.64846634826431,31.290000000000006,25.0,25.0,0.16604210586498086,0.9861186637925086,1.0,0.0,0.0,0.0,0.0,44.335397276799796,42.35701993196112,40.05784267290295,42.55493870530796,46.450000000000024,46.450000000000024,46.450000000000024,46.450000000000024
2025-12-22T17:43:46.367370,12.950,384.7197471690757,5748.577002291606,129.94308009166423,4100,1500,1520,40.0,35.0,20.0,5748.577002291606,97.45731006874817,1500,1520,800,0,0,129.94308009166423,129.94308009166423,64.97154004583211,0.0,4100,4200,390.0,97.45731006874817,31.295000000000005,25.0,25.0,0.1906406190670588,0.9816598975010279,1.0,0.0,0.0,0.0,0.0,38.86219466294773,44.415036752031824,37.0845514171372,35.70267177615344,46.47500000000002,46.47500000000002,46.47500000000002,46.47500000000002
2025-12-22T17:43:46.420896,13.000,384.7127924960191,5840.334073653372,133.61336294613488,4100,1500,1520,40.0,35.0,20.0,5840.334073653372,100.21002220960116,1500,1520,800,0,0,133.61336294613488,133.61336294613488,66.80668147306744,0.0,4100,4200,390.0,100.21002220960116,31.300000000000004,25.0,25.0,0.2151199880878398,0.9765876257280182,1.0,0.0,0.0,0.0,0.0,35.78661124197008,39.36215045951187,37.60449833646546,38.98852008176311,46.50000000000003,46.50000000000003,46.50000000000003,46.50000000000003
2025-12-22T17:43:46.471899,13.050,385.31370576696514,5929.990747468531,137.19962989874122,4100,1500,1520,40.0,35.0,20.0,5929.990747468531,102.89972242405591,1500,1520,800,0,0,137.19962989874122,137.19962989874122,68.59981494937061,0.0,4100,4200,390.0,102.89972242405591,31.305000000000007,25.0,25.0,0.23946491411852383,0.9709050184782279,0.9999999999999999,0.0,0.0,0.0,0.0,40.0002663750575,42.02267620230924,35.899521052690076,41.97414139660788,46.52500000000003,46.52500000000003,46.52500000000003,46.52500000000003
2025-12-22T17:43:46.522426,13.100,384.8903177036453,6017.322928744836,140.69291714979346,4100,1500,1520,40.0,35.0,20.0,6017.322928744836,105.5196878623451,1500,1520,800,0,0,140.69291714979346,140.69291714979346,70.34645857489673,0.0,4100,4200,390.0,105.51968786234508,31.310000000000006,25.0,25.0,0.2636601823728032,0.9646156271962113,1.0,0.0,0.0,0.0,0.0,37.60909888316676,41.821221627471324,44.68857040082961,44.157850998100926,46.550000000000026,46.550000000000026,46.550000000000026,46.550000000000026
2025-12-22T17:43:46.574152,13.150,384.71720273088573,6102.112332510818,144.08449330043277,4100,1500,1520,40.0,35.0,20.0,6102.112332510818,108.06336997532458,1500,1520,800,0,0,144.08449330043277,144.08449330043277,72.04224665021638,0.0,4100,4200,390.0,108.06336997532458,31.315000000000005,25.0,25.0,0.287690671595609,0.9577233825467912,1.0,0.0,0.0,0.0,0.0,41.46848071120547,39.84990469514831,42.34158814280261,41.3844927030557,46.575000000000024,46.575000000000024,46.575000000000024,46.575000000000024
2025-12-22T17:43:46.624661,13.200,384.19149742556175,6184.147029414532,147.3658811765813,4100,1500,1520,40.0,35.0,20.0,6184.147029414532,110.52441088243597,1500,1520,800,0,0,147.3658811765813,147.3658811765813,73.68294058829065,0.0,4100,4200,390.0,110.52441088243597,31.320000000000004,25.0,25.0,0.31154136351340317,0.9502325919585213,1.0,0.0,0.0,0.0,0.0,36.492768006340356,35.68494674617395,35.65734420685749,44.695302813027396,46.60000000000002,46.60000000000002,46.60000000000002,46.60000000000002
2025-12-22T17:43:46.675678,13.250,384.4203231091116,6263.22197543656,150.5288790174624,4100,1500,1520,40.0,35.0,20.0,6263.22197543656,112.89665926309681,1500,1520,800,0,0,150.5288790174624,150.5288790174624,75.2644395087312,0.0,4100,4200,390.0,112.89665926309681,31.325000000000006,25.0,25.0,0.3351973522201106,0.9421479369316833,1.0,0.0,0.0,0.0,0.0,42.56404704525449,42.13627088764766,42.38875216139683,38.219154871262305,46.62500000000003,46.62500000000003,46.62500000000003,46.62500000000003
2025-12-22T17:43:46.726368,13.300,384.3904699823052,6339.139524393284,153.56558097573134,4100,1500,1520,40.0,35.0,20.0,6339.139524393284,115.1741857317985,1500,1520,800,0,0,153.56558097573134,153.56558097573134,76.78279048786567,0.0,4100,4200,390.0,115.1741857317985,31.330000000000005,25.0,25.0,0.35864385349282524,0.9334744701125023,1.0,0.0,0.0,0.0,0.0,36.24110933320893,38.52780767947175,44.63030312573318,43.1893818610847,46.65000000000003,46.65000000000003,46.65000000000003,46.65000000000003
2025-12-22T17:43:46.776883,13.350,384.5978514140555,6411.709921949407,156.46839687797626,4100,1500,1520,40.0,35.0,20.0,6411.709921949407,117.3512976584822,1500,1520,800,0,0,156.46839687797626,156.46839687797626,78.23419843898813,0.0,4100,4200,390.0,117.3512976584822,31.335000000000004,25.0,25.0,0.3818662140314683,0.9242176121354065,0.9999999999999999,0.0,0.0,0.0,0.0,44.16692043474572,37.396263917998866,42.26021912436481,43.998411835278716,46.675000000000026,46.675000000000026,46.675000000000026,46.675000000000026
2025-12-22T17:43:46.827041,13.400,384.49751114664514,6480.751779904971,159.23007119619885,4100,1500,1520,40.0,35.0,20.0,6480.751779904971,119.42255339714913,1500,1520,800,0,0,159.23007119619885,159.23007119619885,79.61503559809942,0.0,4100,4200,390.0,119.42255339714913,31.340000000000007,25.0,25.0,0.4048499206166235,0.9143831482353082,0.9999999999999999,0.0,0.0,0.0,0.0,44.76782435366495,37.71641846890892,38.568199231132965,37.02354565668771,46.70000000000003,46.70000000000003,46.70000000000003,46.70000000000003
2025-12-22T17:43:46.882158,13.450,384.2580583618793,6546.092529571392,161.8437011828557,4100,1500,1520,40.0,35.0,20.0,6546.092529571392,121.38277588714178,1500,1520,800,0,0,161.8437011828557,161.8437011828557,80.92185059142786,0.0,4100,4200,390.0,121.38277588714178,31.345000000000006,25.0,25.0,0.4275806091798271,0.9039772246320191,1.0,0.0,0.0,0.0,0.0,37.46230107600845,35.5140263701504,41.36488544114701,44.18357504039942,46.72500000000003,46.72500000000003,46.72500000000003,46.72500000000003
2025-12-22T17:43:46.939844,13.500,383.5045072101795,6607.568853103309,164.30275412413238,4100,1500,1520,40.0,35.0,20.0,6607.568853103309,123.22706559309928,1500,1520,800,0,0,164.30275412413238,164.30275412413238,82.15137706206619,0.0,4100,4200,390.0,123.2270655930993,31.350000000000005,25.0,25.0,0.450044073780643,0.8930063446890639,1.0,0.0,0.0,0.0,0.0,39.751117590887034,42.672554177665226,43.13444363378162,39.379004142007325,46.75000000000003,46.75000000000003,46.75000000000003,46.75000000000003
2025-12-22T17:43:46.990857,13.550,384.12377421939203,6665.0270917081425,166.6010836683257,4100,1500,1520,40.0,35.0,20.0,6665.0270917081425,124.95081275124429,1500,1520,800,0,0,166.6010836683257,166.6010836683257,83.30054183416286,0.0,4100,4200,390.0,124.95081275124429,31.355000000000004,25.0,25.0,0.4722262754849129,0.8814773648492893,1.0,0.0,0.0,0.0,0.0,43.6152499486057,38.38177752662514,36.894112735577274,35.060834869111154,46.77500000000003,46.77500000000003,46.77500000000003,46.77500000000003
2025-12-22T17:43:47.041435,13.600,384.02869045264646,6718.323629713052,168.73294518852208,4100,1500,1520,40.0,35.0,20.0,6718.323629713052,126.54970889139156,1500,1520,800,0,0,168.73294518852208,168.73294518852208,84.36647259426104,0.0,4100,4200,390.0,126.54970889139156,31.360000000000007,25.0,25.0,0.49411335113863364,0.8693974903498107,0.9999999999999999,0.0,0.0,0.0,0.0,35.65459391056178,44.34475997980018,43.922614198816866,42.063204651111796,46.800000000000026,46.800000000000026,46.800000000000026,46.800000000000026
2025-12-22T17:43:47.092999,13.650,383.60200705457027,6767.325253529325,170.693010141173,4100,1500,1520,40.0,35.0,20.0,6767.325253529325,128.01975760587976,1500,1520,800,0,0,170.693010141173,170.693010141173,85.3465050705865,0.0,4100,4200,390.0,128.01975760587976,31.365000000000006,25.0,25.0,0.5156916220319766,0.8567742707189736,1.0,0.0,0.0,0.0,0.0,40.41874650783541,42.15898907336821,41.2478759843209,38.46658554595114,46.82500000000003,46.82500000000003,46.82500000000003,46.82500000000003
2025-12-22T17:43:47.143520,13.700,383.74889692552665,6811.909484616975,172.47637938467898,4100,1500,1520,40.0,35.0,20.0,6811.909484616975,129.35728453850925,1500,1520,800,0,0,172.47637938467898,172.47637938467898,86.23818969233949,0.0,4100,4200,390.0,129.35728453850925,31.370000000000005,25.0,25.0,0.5369476024480364,0.8436155950581434,1.0,0.0,0.0,0.0,0.0,42.45587904269599,44.13983256997629,38.766495446839244,44.0496168643201,46.85000000000003,46.85000000000003,46.85000000000003,46.85000000000003
2025-12-22T17:43:47.193819,13.750,383.7729181095928,6851.9648856173,174.078595424692,4100,1500,1520,40.0,35.0,20.0,6851.9648856173,130.558946568519,1500,1520,800,0,0,174.078595424692,174.078595424692,87.039297712346,0.0,4100,4200,390.0,130.558946568519,31.375000000000007,25.0,25.0,0.5578680080909653,0.8299296871112749,1.0,0.0,0.0,0.0,0.0,38.7828245211792,40.10964836640498,40.38601556515289,35.1971367540163,46.87500000000003,46.87500000000003,46.87500000000003,46.87500000000003
2025-12-22T17:43:47.244625,13.800,382.9629994592008,6887.391338888249,175.49565355553,4100,1500,1520,40.0,35.0,20.0,6887.391338888249,131.6217401666475,1500,1520,800,0,0,175.49565355553,175.49565355553,87.747826777765,0.0,4100,4200,390.0,131.6217401666475,31.380000000000006,25.0,25.0,0.5784397643882248,0.8157251001253394,0.9999999999999999,0.0,0.0,0.0,0.0,40.82197135375957,36.73218072186652,43.208784613597174,44.779574928520994,46.900000000000034,46.900000000000034,46.900000000000034,46.900000000000034
2025-12-22T17:43:47.294930,13.850,383.0154743837969,6918.100296746386,176.72401186985547,4100,1500,1520,40.0,35.0,20.0,6918.100296746386,132.5430089023916,1500,1520,800,0,0,176.72401186985547,176.72401186985547,88.36200593492774,0.0,4100,4200,390.0,132.5430089023916,31.385000000000005,25.0,25.0,0.5986500146617688,0.8010107115048237,0.9999999999999999,0.0,0.0,0.0,0.0,43.76075585585308,37.42565215707325,38.72128906776982,35.61233640168163,46.92500000000003,46.92500000000003,46.92500000000003,46.92500000000003
2025-12-22T17:43:47.345373,13.900,383.251537419055,6944.015002789982,177.76060011159925,4100,1500,1520,40.0,35.0,20.0,6944.015002789982,133.32045008369943,1500,1520,800,0,0,177.76060011159925,177.76060011159925,88.88030005579962,0.0,4100,4200,390.0,133.32045008369943,31.390000000000008,25.0,25.0,0.6184861281630484,0.7857957172636418,1.0,0.0,0.0,0.0,0.0,37.26489113147346,44.17568076546971,41.89048189990395,43.0478027451141,46.95000000000003,46.95000000000003,46.95000000000003,46.95000000000003
2025-12-22T17:43:47.395803,13.950,383.30339656659123,6965.070683750043,178.60282735000172,4100,1500,1520,40.0,35.0,20.0,6965.070683750043,133.9521205125013,1500,1520,800,0,0,178.60282735000172,178.60282735000172,89.30141367500086,0.0,4100,4200,390.0,133.9521205125013,31.395000000000007,25.0,25.0,0.6379357079668185,0.7700896262779249,1.0,0.0,0.0,0.0,0.0,35.4038851569927,36.05229914451783,43.174536375845165,42.76741700456067,46.97500000000003,46.97500000000003,46.97500000000003,46.97500000000003
2025-12-22T17:43:47.448246,14.000,383.2975595029481,6981.214711389758,179.24858845559032,4100,1500,1520,40.0,35.0,20.0,6981.214711389758,134.43644134169273,1500,1520,800,0,0,179.24858845559032,179.24858845559032,89.62429422779516,0.0,4100,4200,390.0,134.43644134169273,31.400000000000006,25.0,25.0,0.6569865987188132,0.7539022543432836,0.9999999999999999,0.0,0.0,0.0,0.0,35.866598541462764,44.67068806248981,43.085057979419105,35.101119712118816,47.00000000000003,47.00000000000003,47.00000000000003,47.00000000000003
2025-12-22T17:43:47.500836,14.050,383.0811703929149,6992.406734047674,179.69626936190699,4100,1500,1520,40.0,35.0,20.0,6992.406734047674,134.77220202143025,1500,1520,800,0,0,179.69626936190699,179.69626936190699,89.84813468095349,0.0,4100,4200,390.0,134.77220202143025,31.40500000000001,25.0,25.0,0.6756268942324455,0.7372437180402556,1.0,0.0,0.0,0.0,0.0,40.968074958829405,36.32354612917555,41.156718700702484,44.887128595488406,47.025000000000034,47.025000000000034,47.025000000000034,47.025000000000034
2025-12-22T17:43:47.553032,14.100,382.8621279090779,6998.61877749584,179.9447510998336,4100,1500,1520,40.0,35.0,20.0,6998.61877749584,134.9585633248752,1500,1520,800,0,0,179.9447510998336,179.9447510998336,89.9723755499168,0.0,4100,4200,390.0,134.9585633248752,31.410000000000007,25.0,25.0,0.6938449449297873,0.7201244284117714,1.0,0.0,0.0,0.0,0.0,35.973607083407266,37.11163160448445,36.174572463137196,35.759761845459025,47.05000000000003,47.05000000000003,47.05000000000003,47.05000000000003
2025-12-22T17:43:47.605540,14.150,383.10387648855885,6999.835314860804,179.9934125944322,4100,1500,1520,40.0,35.0,20.0,6999.835314860804,134.99505944582415,1500,1520,800,0,0,179.9934125944322,179.9934125944322,89.9967062972161,0.0,4100,4200,390.0,134.99505944582415,31.415000000000006,25.0,25.0,0.711629365122176,0.7025550844565918,1.0,0.0,0.0,0.0,0.0,37.70838507631086,39.78087919016615,44.7581104107395,38.98936165259449,47.07500000000003,47.07500000000003,47.07500000000003,47.07500000000003
2025-12-22T17:43:47.656575,14.200,383.2106529030191,6996.053305432715,179.8421322173086,4100,1500,1520,40.0,35.0,20.0,6996.053305432715,134.88159916298144,1500,1520,800,0,0,179.8421322173086,179.8421322173086,89.9210661086543,0.0,4100,4200,390.0,134.88159916298144,31.420000000000005,25.0,25.0,0.728969040125899,0.684546666442782,1.0,0.0,0.0,0.0,0.0,40.4171302014147,38.39286695661147,37.546925963803936,38.57391801854514,47.10000000000004,47.10000000000004,47.10000000000004,47.10000000000004
2025-12-22T17:43:47.707047,14.250,383.3854208216859,6987.28220226551,179.4912880906204,4100,1500,1520,40.0,35.0,20.0,6987.28220226551,134.6184660679653,1500,1520,800,0,0,179.4912880906204,179.4912880906204,89.7456440453102,0.0,4100,4200,390.0,134.6184660679653,31.425000000000008,25.0,25.0,0.74585313320851,0.6661104290454014,1.0,0.0,0.0,0.0,0.0,43.690929425143594,43.276792995485955,43.051202436085156,39.78273181699828,47.125000000000036,47.125000000000036,47.125000000000036,47.125000000000036
2025-12-22T17:43:47.757881,14.300,382.88246853090345,6973.543928549205,178.9417571419682,4100,1500,1520,40.0,35.0,20.0,6973.543928549205,134.20631785647615,1500,1520,800,0,0,178.9417571419682,178.9417571419682,89.4708785709841,0.0,4100,4200,390.0,134.20631785647615,31.430000000000007,25.0,25.0,0.7622710923614331,0.6472578943126979,1.0,0.0,0.0,0.0,0.0,37.51388673176336,37.4354663399,36.427852725672174,38.05239071007068,47.150000000000034,47.150000000000034,47.150000000000034,47.150000000000034
2025-12-22T17:43:47.808396,14.350,383.7637391175064,6954.872822813336,178.19491291253343,4100,1500,1520,40.0,35.0,20.0,6954.872822813336,133.64618468440005,1500,1520,800,0,0,178.19491291253343,178.19491291253343,89.09745645626671,0.0,4100,4200,390.0,133.64618468440005,31.435000000000006,25.0,25.0,0.7782126568946255,0.6280008444652029,1.0,0.0,0.0,0.0,0.0,35.05856226642025,44.61645849548535,35.92727762788995,37.99086786842009,47.17500000000003,47.17500000000003,47.17500000000003,47.17500000000003
2025-12-22T17:43:47.859239,14.400,383.42941581061706,6931.315553098519,177.25262212394074,4100,1500,1520,40.0,35.0,20.0,6931.315553098519,132.93946659295557,1500,1520,800,0,0,177.25262212394074,177.25262212394074,88.62631106197037,0.0,4100,4200,390.0,132.93946659295557,31.44000000000001,25.0,25.0,0.7936678638491742,0.608351314532227,1.0,0.0,0.0,0.0,0.0,44.72244044110143,40.10232236238567,36.992662293524766,43.96693736275259,47.20000000000003,47.20000000000003,47.20000000000003,47.20000000000003
2025-12-22T17:43:47.909810,14.450,383.76150756969156,6902.931000310652,176.11724001242607,4100,1500,1520,40.0,35.0,20.0,6902.931000310652,132.08793000931956,1500,1520,800,0,0,176.11724001242607,176.11724001242607,88.05862000621303,0.0,4100,4200,390.0,132.08793000931956,31.445000000000007,25.0,25.0,0.8086270542238214,0.5883215848303587,1.0,0.0,0.0,0.0,0.0,39.69821165909923,37.76440216565879,37.03868891088282,39.20491154510097,47.22500000000004,47.22500000000004,47.22500000000004,47.22500000000004
2025-12-22T17:43:47.962408,14.500,383.3295066278346,6869.790111049316,174.79160444197262,4100,1500,1520,40.0,35.0,20.0,6869.790111049316,131.09370333147947,1500,1520,800,0,0,174.79160444197262,174.79160444197262,87.39580222098631,0.0,4100,4200,390.0,131.09370333147947,31.450000000000006,25.0,25.0,0.8230808790115256,0.5679241732886656,1.0,0.0,0.0,0.0,0.0,39.34333051444047,44.98639154091224,43.72588982339494,40.14445234735118,47.250000000000036,47.250000000000036,47.250000000000036,47.250000000000036
2025-12-22T17:43:48.013961,14.550,383.75915947128004,6831.975720278221,173.27902881112885,4100,1500,1520,40.0,35.0,20.0,6831.975720278221,129.95927160834663,1500,1520,800,0,0,173.27902881112885,173.27902881112885,86.63951440556443,0.0,4100,4200,390.0,129.95927160834663,31.455000000000005,25.0,25.0,0.8370203050422867,0.547171827625397,0.9999999999999999,0.0,0.0,0.0,0.0,37.13658394251767,42.63637714804035,43.086116985768456,38.624735425491295,47.275000000000034,47.275000000000034,47.275000000000034,47.275000000000034
2025-12-22T17:43:48.064979,14.600,383.86680380795383,6789.582344280943,171.58329377123772,4100,1500,1520,40.0,35.0,20.0,6789.582344280943,128.68747032842828,1500,1520,800,0,0,171.58329377123772,171.58329377123772,85.79164688561886,0.0,4100,4200,390.0,128.68747032842828,31.460000000000008,25.0,25.0,0.8504366206285836,0.5260775173810743,1.0,0.0,0.0,0.0,0.0,40.97059524885121,39.28172240739302,40.58680347507283,35.89065346218099,47.30000000000004,47.30000000000004,47.30000000000004,47.30000000000004
2025-12-22T17:43:48.123651,14.650,383.88270527331844,6742.715944419431,169.70863777677724,4100,1500,1520,40.0,35.0,20.0,6742.715944419431,127.28147833258294,1500,1520,800,0,0,169.70863777677724,169.70863777677724,84.85431888838862,0.0,4100,4200,390.0,127.28147833258295,31.465000000000007,25.0,25.0,0.8633214410098945,0.504654425812951,1.0,0.0,0.0,0.0,0.0,39.716624562066,36.02718523255082,40.01874449171752,38.380093506352814,47.32500000000004,47.32500000000004,47.32500000000004,47.32500000000004
2025-12-22T17:43:48.174670,14.700,383.93374885655356,6691.4936622857895,167.65974649143158,4100,1500,1520,40.0,35.0,20.0,6691.4936622857895,125.74480986857368,1500,1520,800,0,0,167.65974649143158,167.65974649143158,83.82987324571579,0.0,4100,4200,390.0,125.74480986857368,31.470000000000006,25.0,25.0,0.8756667135929003,0.4829159416559052,1.0,0.0,0.0,0.0,0.0,40.751053496817384,38.44999996566335,44.77277262046598,44.195763427673946,47.35000000000004,47.35000000000004,47.35000000000004,47.35000000000004
2025-12-22T17:43:48.225192,14.750,383.9591887527243,6636.043526909302,165.4417410763721,4100,1500,1520,40.0,35.0,20.0,6636.043526909302,124.08130580727908,1500,1520,800,0,0,165.4417410763721,165.4417410763721,82.72087053818605,0.0,4100,4200,390.0,124.08130580727907,31.47500000000001,25.0,25.0,0.8874647229840924,0.4608756507549169,1.0,0.0,0.0,0.0,0.0,37.442307226102436,40.029307840463744,40.81736918201512,44.56349594946591,47.375000000000036,47.375000000000036,47.375000000000036,47.375000000000036
2025-12-22T17:43:48.275820,14.800,384.11464593044445,6576.504134750541,163.0601653900216,4100,1500,1520,40.0,35.0,20.0,6576.504134750541,122.2951240425162,1500,1520,800,0,0,163.0601653900216,163.0601653900216,81.5300826950108,0.0,4100,4200,390.0,122.2951240425162,31.480000000000008,25.0,25.0,0.8987080958116432,0.4385473275743568,1.0,0.0,0.0,0.0,0.0,38.13257625836266,39.037536410976834,36.168576560294746,41.85890709307192,47.400000000000034,47.400000000000034,47.400000000000034,47.400000000000034
2025-12-22T17:43:48.326511,14.850,383.87413157623683,6513.024303282384,160.52097213129537,4100,1500,1520,40.0,35.0,20.0,6513.024303282384,120.39072909847152,1500,1520,800,0,0,160.52097213129537,160.52097213129537,80.26048606564768,0.0,4100,4200,390.0,120.39072909847152,31.485000000000007,25.0,25.0,0.9093898053335232,0.4159449265893945,1.0,0.0,0.0,0.0,0.0,41.45479590149947,44.49580989700943,37.84459436662144,39.33634383152754,47.42500000000004,47.42500000000004,47.42500000000004,47.42500000000004
2025-12-22T17:43:48.377147,14.900,384.38845078570523,6445.762699023847,157.83050796095387,4100,1500,1520,40.0,35.0,20.0,6445.762699023847,118.3728809707154,1500,1520,800,0,0,157.83050796095387,157.83050796095387,78.91525398047693,0.0,4100,4200,390.0,118.37288097071539,31.49000000000001,25.0,25.0,0.9195031758289857,0.39308257356490567,1.0,0.0,0.0,0.0,0.0,44.9669448697969,42.43950211336437,44.822486675512174,40.49559192314324,47.45000000000004,47.45000000000004,47.45000000000004,47.45000000000004
2025-12-22T17:43:48.429683,14.950,384.5482513614063,6374.887440956408,154.9954976382563,4100,1500,1520,40.0,35.0,20.0,6374.887440956408,116.24662322869221,1500,1520,800,0,0,154.9954976382563,154.9954976382563,77.49774881912815,0.0,4100,4200,390.0,116.24662322869221,31.495000000000008,25.0,25.0,0.9290418867706755,0.3699745567273288,1.0,0.0,0.0,0.0,0.0,40.32030695849756,42.88410476702188,36.34697217409806,37.379373461211415,47.47500000000004,47.47500000000004,47.47500000000004,47.47500000000004
2025-12-22T17:43:48.480203,15.000,383.85940094384387,6300.575680314115,152.0230272125646,4100,1500,1520,40.0,35.0,20.0,6300.575680314115,114.01727040942346,1500,1520,800,0,0,152.0230272125646,152.0230272125646,76.0115136062823,0.0,4100,4200,390.0,114.01727040942346,31.500000000000007,25.0,25.0,0.9379999767747524,0.34663531783498913,1.0,0.0,0.0,0.0,0.0,42.235699610967515,36.16630355276984,44.66187666365143,41.811145807164074,47.50000000000004,47.50000000000004,47.50000000000004,47.50000000000004
2025-12-22T17:43:48.530730,15.050,384.1646644208881,6223.013157797758,148.92052631191032,4100,1500,1520,40.0,35.0,20.0,6223.013157797758,111.69039473393275,1500,1520,800,0,0,148.92052631191032,148.92052631191032,74.46026315595516,0.0,4100,4200,390.0,111.69039473393275,31.50500000000001,25.0,25.0,0.9463718473265624,0.3230794431524693,1.0,0.0,0.0,0.0,0.0,38.1976187423357,41.227609806440036,37.20112466376171,35.00323553392045,47.52500000000004,47.52500000000004,47.52500000000004,47.52500000000004
2025-12-22T17:43:48.583286,15.100,384.6687140125454,6142.393739319846,145.69574957279383,4100,1500,1520,40.0,35.0,20.0,6142.393739319846,109.27181217959537,1500,1520,800,0,0,145.69574957279383,145.69574957279383,72.84787478639691,0.0,4100,4200,390.0,109.27181217959537,31.51000000000001,25.0,25.0,0.9541522662795268,0.29932165433466895,1.0,0.0,0.0,0.0,0.0,36.23702453951579,42.41916494212645,40.888242097531936,37.89514646494975,47.55000000000004,47.55000000000004,47.55000000000004,47.55000000000004
2025-12-22T17:43:48.633794,15.150,384.31684359414953,6058.918931440793,142.35675725763173,4100,1500,1520,40.0,35.0,20.0,6058.918931440793,106.7675679432238,1500,1520,800,0,0,142.35675725763173,142.35675725763173,71.17837862881586,0.0,4100,4200,390.0,106.7675679432238,31.515000000000008,25.0,25.0,0.9613363711250634,0.27537679922624986,1.0,0.0,0.0,0.0,0.0,38.89895884437338,41.55670885190236,42.02071836854956,35.872033217520375,47.57500000000004,47.57500000000004,47.57500000000004,47.57500000000004
2025-12-22T17:43:48.684789,15.200,385.14497346460627,5972.797377707457,138.91189510829827,4100,1500,1520,40.0,35.0,20.0,5972.797377707457,104.1839213312237,1500,1520,800,0,0,138.91189510829827,138.91189510829827,69.45594755414913,0.0,4100,4200,390.0,104.1839213312237,31.520000000000007,25.0,25.0,0.9679196720314966,0.2512598425822162,1.0,0.0,0.0,0.0,0.0,42.473798139805716,42.83302248072247,42.50445702367081,43.96177919507011,47.60000000000004,47.60000000000004,47.60000000000004,47.60000000000004
2025-12-22T17:43:48.735209,15.250,384.5567740554067,5884.2443371529325,135.36977348611728,4100,1500,1520,40.0,35.0,20.0,5884.2443371529325,101.52733011458795,1500,1520,800,0,0,135.36977348611728,135.36977348611728,67.68488674305864,0.0,4100,4200,390.0,101.52733011458795,31.52500000000001,25.0,25.0,0.9738980546500555,0.22698585671542953,1.0,0.0,0.0,0.0,0.0,35.181968350810614,35.00967763533677,41.1085348811814,40.23122754721527,47.62500000000004,47.62500000000004,47.62500000000004,47.62500000000004
2025-12-22T17:43:48.786056,15.300,385.1638269143884,5793.481146261074,131.73924585044296,4100,1500,1520,40.0,35.0,20.0,5793.481146261074,98.80443438783222,1500,1520,800,0,0,131.73924585044296,131.73924585044296,65.86962292522148,0.0,4100,4200,390.0,98.80443438783222,31.53000000000001,25.0,25.0,0.9792677826862083,0.2025700120769043,1.0,0.0,0.0,0.0,0.0,38.52485361841821,44.74339872076078,38.222057177902954,39.764901698831245,47.65000000000004,47.65000000000004,47.65000000000004,47.65000000000004
2025-12-22T17:43:48.836581,15.350,384.8542175066637,5700.734665740556,128.02938662962222,4100,1500,1520,40.0,35.0,20.0,5700.734665740556,96.02203997221667,1500,1520,800,0,0,128.02938662962222,128.02938662962222,64.01469331481111,0.0,4100,4200,390.0,96.02203997221667,31.535000000000007,25.0,25.0,0.9840255002347246,0.17802756777476958,1.0,0.0,0.0,0.0,0.0,36.52296373127411,44.828025528099275,42.39122058113955,44.29554886827679,47.67500000000004,47.67500000000004,47.67500000000004,47.67500000000004
2025-12-22T17:43:48.891361,15.400,384.89030673033886,5606.236713491246,124.24946853964983,4100,1500,1520,40.0,35.0,20.0,5606.236713491246,93.18710140473738,1500,1520,800,0,0,124.24946853964983,124.24946853964983,62.12473426982491,0.0,4100,4200,390.0,93.18710140473738,31.54000000000001,25.0,25.0,0.9881682338770068,0.1533738620378231,1.0,0.0,0.0,0.0,0.0,40.19131384162612,41.34073494987167,41.92962731087893,43.860949235481016,47.700000000000045,47.700000000000045,47.700000000000045,47.700000000000045
2025-12-22T17:43:48.941899,15.450,385.0053030690772,5510.223485180184,120.40893940720736,4100,1500,1520,40.0,35.0,20.0,5510.223485180184,90.30670455540552,1500,1520,800,0,0,120.40893940720736,120.40893940720736,60.20446970360368,0.0,4100,4200,390.0,90.30670455540552,31.54500000000001,25.0,25.0,0.9916933945393805,0.1286243026296377,1.0,0.0,0.0,0.0,0.0,42.31802813578264,38.83111065518233,43.92408861798266,36.36538082777298,47.725000000000044,47.725000000000044,47.725000000000044,47.725000000000044
2025-12-22T17:43:48.993493,15.500,385.22018063566856,5412.934963875427,116.51739855501705,4100,1500,1520,40.0,35.0,20.0,5412.934963875427,87.38804891626279,1500,1520,800,0,0,116.51739855501705,116.51739855501705,58.258699277508526,0.0,4100,4200,390.0,87.38804891626279,31.550000000000008,25.0,25.0,0.9945987791111806,0.10379435721921057,1.0,0.0,0.0,0.0,0.0,35.532967173732416,43.521581643316466,44.123434669423965,39.764378322712346,47.75000000000004,47.75000000000004,47.75000000000004,47.75000000000004
2025-12-22T17:43:49.044495,15.550,385.986977595224,5314.614320213352,112.58457280853409,4100,1500,1520,40.0,35.0,20.0,5314.614320213352,84.43842960640058,1500,1520,800,0,0,112.58457280853409,112.58457280853409,56.292286404267045,0.0,4100,4200,390.0,84.43842960640058,31.555000000000007,25.0,25.0,0.996882571821624,0.0788995437141736,1.0,0.0,0.0,0.0,0.0,39.79832396306741,44.77024928032651,40.37615189071685,38.36641110128664,47.77500000000004,47.77500000000004,47.77500000000004,47.77500000000004
2025-12-22T17:43:49.095618,15.600,386.09667983617135,5215.507304598715,108.6202921839486,4100,1500,1520,40.0,35.0,20.0,5215.507304598715,81.46521913796145,1500,1520,800,0,0,108.6202921839486,108.6202921839486,54.3101460919743,0.0,4100,4200,390.0,81.46521913796145,31.56000000000001,25.0,25.0,0.9985433453746073,0.05395542056260629,1.0,0.0,0.0,0.0,0.0,42.88856354736669,43.762322345209284,44.80249027377757,40.51346347874515,47.80000000000004,47.80000000000004,47.80000000000004,47.80000000000004
2025-12-22T17:43:49.145889,15.650,385.8331676669536,5115.861632956616,104.63446531826463,4100,1500,1520,40.0,35.0,20.0,5115.861632956616,78.47584898869847,1500,1520,800,0,0,104.63446531826463,104.63446531826463,52.317232659132316,0.0,4100,4200,390.0,78.47584898869847,31.56500000000001,25.0,25.0,0.9995800618407206,0.02897757702951211,1.0,0.0,0.0,0.0,0.0,44.86012061733317,44.4643396132782,40.531414098277175,44.84658948591186,47.825000000000045,47.825000000000045,47.825000000000045,47.825000000000045
2025-12-22T17:43:49.196294,15.700,386.52415600170826,5015.9263675716975,100.63705470286789,4100,1500,1520,40.0,35.0,20.0,5015.9263675716975,75.47779102715091,1500,1520,800,0,0,100.63705470286789,100.63705470286789,50.31852735143394,0.0,4100,4200,390.0,75.47779102715091,31.570000000000007,25.0,25.0,0.9999920733059189,0.00398162345403533,1.0,0.0,0.0,0.0,0.0,39.007493543933755,42.470665810250274,44.45926610958386,39.82436059628546,47.850000000000044,47.850000000000044,47.850000000000044,47.850000000000044
2025-12-22T17:43:49.246745,15.750,386.5498897193842,4915.951294562141,96.63805178248563,4100,1500,1520,40.0,35.0,20.0,4915.951294562141,72.47853883686423,1500,1520,800,0,0,96.63805178248563,96.63805178248563,48.319025891242816,0.0,4100,4200,390.0,72.47853883686423,31.57500000000001,25.0,25.0,0.9997791222764482,-0.02101681850649278,1.0,0.0,0.0,0.0,0.0,42.86852661873863,42.757787864535935,35.911145937517446,39.67915547902402,47.87500000000004,47.87500000000004,47.87500000000004,47.87500000000004
2025-12-22T17:43:49.298257,15.800,386.3019990951725,4816.18629954446,92.64745198177839,4100,1500,1520,40.0,35.0,20.0,4816.18629954446,69.4855889863338,1500,1520,800,0,0,92.64745198177839,92.64745198177839,46.323725990889194,0.0,4100,4200,390.0,69.4855889863338,31.58000000000001,25.0,25.0,0.99894134183977,-0.04600212563958131,1.0,0.0,0.0,0.0,0.0,37.18644054968476,41.205962491439294,39.23820255004931,44.99224664056261,47.90000000000005,47.90000000000005,47.90000000000005,47.90000000000005
2025-12-22T17:43:49.348406,15.850,386.70825911074286,4716.880743049593,88.67522972198371,4100,1500,1520,40.0,35.0,20.0,4716.880743049593,66.50642229148778,1500,1520,800,0,0,88.67522972198371,88.67522972198371,44.337614860991856,0.0,4100,4200,390.0,66.50642229148778,31.585000000000008,25.0,25.0,0.9974792555813863,-0.07095868294157893,1.0,0.0,0.0,0.0,0.0,39.89782631831682,42.12718630102688,37.60004107832005,36.16816511088234,47.92500000000005,47.92500000000005,47.92500000000005,47.92500000000005
2025-12-22T17:43:49.399015,15.900,386.6214984683792,4618.282837251443,84.73131349005774,4100,1500,1520,40.0,35.0,20.0,4618.282837251443,63.54848511754331,1500,1520,800,0,0,84.73131349005774,84.73131349005774,42.36565674502887,0.0,4100,4200,390.0,63.54848511754331,31.59000000000001,25.0,25.0,0.9953937772576156,-0.0958708933765429,1.0,0.0,0.0,0.0,0.0,38.851138266956774,44.70422943624466,41.56207068439819,35.83414051635969,47.950000000000045,47.950000000000045,47.950000000000045,47.950000000000045
2025-12-22T17:43:49.449547,15.950,387.06409306863486,4520.63902556571,80.82556102262839,4100,1500,1520,40.0,35.0,20.0,4520.63902556571,60.619170766971294,1500,1520,800,0,0,80.82556102262839,80.82556102262839,40.412780511314196,0.0,4100,4200,390.0,60.619170766971294,31.59500000000001,25.0,25.0,0.992686210224525,-0.12072318762387883,1.0,0.0,0.0,0.0,0.0,44.38304206276437,37.494950258505156,40.853554443744216,38.47571484230062,47.975000000000044,47.975000000000044,47.975000000000044,47.975000000000044
2025-12-22T17:43:49.500564,16.000,387.46349045637487,4424.193366669692,76.9677346667877,4100,1500,1520,40.0,35.0,20.0,4424.193366669692,57.72580100009078,1500,1520,800,0,0,76.9677346667877,76.9677346667877,38.48386733339385,0.0,4100,4200,390.0,57.72580100009078,31.60000000000001,25.0,25.0,0.989358246623375,-0.14550003380865922,0.9999999999999999,0.0,0.0,0.0,0.0,42.23289591614802,37.854122212999485,37.21270081754862,38.52028835008296,48.00000000000004,48.00000000000004,48.00000000000004,48.00000000000004
2025-12-22T17:43:49.550805,16.050,387.054695920323,4329.186924482703,73.16747697930813,4100,1500,1520,40.0,35.0,20.0,4329.186924482703,54.8756077344811,1500,1520,800,0,0,73.16747697930813,73.16747697930813,36.58373848965407,0.0,4100,4200,390.0,54.87560773448111,31.60500000000001,25.0,25.0,0.9854119663230867,-0.17018594720853975,1.0,0.0,0.0,0.0,0.0,38.3493322652631,39.72833966958549,35.26111717034145,38.49210805336362,48.02500000000005,48.02500000000005,48.02500000000005,48.02500000000005
2025-12-22T17:43:49.602083,16.100,387.0870722014903,4235.857165631811,69.43428662527245,4100,1500,1520,40.0,35.0,20.0,4235.857165631811,52.07571496895434,1500,1520,800,0,0,69.43428662527245,69.43428662527245,34.717143312636225,0.0,4100,4200,390.0,52.07571496895433,31.61000000000001,25.0,25.0,0.9808498356203905,-0.19476549993120668,1.0,0.0,0.0,0.0,0.0,42.893169949610154,39.58525584678043,36.92350693663322,38.64376723852964,48.05000000000005,48.05000000000005,48.05000000000005,48.05000000000005
2025-12-22T17:43:49.652279,16.150,387.9501443149767,4144.437365908944,65.77749463635777,4100,1500,1520,40.0,35.0,20.0,4144.437365908944,49.33312097726833,1500,1520,800,0,0,65.77749463635777,65.77749463635777,32.888747318178886,0.0,4100,4200,390.0,49.33312097726833,31.61500000000001,25.0,25.0,0.975674705698472,-0.21922333055630727,0.9999999999999999,0.0,0.0,0.0,0.0,37.88388790204534,36.60961203642009,36.140220201068466,39.98420051256566,48.075000000000045,48.075000000000045,48.075000000000045,48.075000000000045
2025-12-22T17:43:49.702854,16.200,387.5015705220312,4055.1560272028987,62.206241088115945,4100,1500,1520,40.0,35.0,20.0,4055.1560272028987,46.65468081608696,1500,1520,800,0,0,62.206241088115945,62.206241088115945,31.103120544057973,0.0,4100,4200,390.0,46.65468081608696,31.620000000000008,25.0,25.0,0.9698898108450746,-0.24354415373583763,1.0,0.0,0.0,0.0,0.0,36.89535194020877,44.01619834512626,38.1829753270572,37.065953401781705,48.10000000000005,48.10000000000005,48.10000000000005,48.10000000000005
2025-12-22T17:43:49.753245,16.250,387.92929716606767,3968.2363063636167,58.72945225454468,4100,1500,1520,40.0,35.0,20.0,3968.2363063636167,44.04708919090851,1500,1520,800,0,0,58.72945225454468,58.72945225454468,29.36472612727234,0.0,4100,4200,390.0,44.04708919090851,31.62500000000001,25.0,25.0,0.9634987664311753,-0.26771276974698754,1.0,0.0,0.0,0.0,0.0,41.26911535736794,44.31669017892695,43.8222452373205,42.49896615357133,48.12500000000005,48.12500000000005,48.12500000000005,48.12500000000005
2025-12-22T17:43:49.803843,16.300,388.4061071954785,3883.895457426282,55.355818297051286,4100,1500,1520,40.0,35.0,20.0,3883.895457426282,41.516863722788464,1500,1520,800,0,0,55.355818297051286,55.355818297051286,27.677909148525643,0.0,4100,4200,390.0,41.516863722788464,31.63000000000001,25.0,25.0,0.9565055666514951,-0.29171407399147237,1.0,0.0,0.0,0.0,0.0,39.1196080910177,42.00188106586485,35.35323188026163,39.559270771768006,48.15000000000005,48.15000000000005,48.15000000000005,48.15000000000005
2025-12-22T17:43:49.854576,16.350,388.08623961247054,3802.344288589372,52.09377154357489,4100,1500,1520,40.0,35.0,20.0,3802.344288589372,39.070328657681166,1500,1520,800,0,0,52.09377154357489,52.09377154357489,26.046885771787444,0.0,4100,4200,390.0,39.070328657681166,31.63500000000001,25.0,25.0,0.9489145820282581,-0.31553306643541557,1.0,0.0,0.0,0.0,0.0,41.725294994993554,41.15291136049056,35.044422312357085,42.872834689342284,48.17500000000005,48.17500000000005,48.17500000000005,48.17500000000005
2025-12-22T17:43:49.906707,16.400,388.5294751673458,3723.7866353039517,48.95146541215808,4100,1500,1520,40.0,35.0,20.0,3723.7866353039517,36.71359905911856,1500,1520,800,0,0,48.95146541215808,48.95146541215808,24.47573270607904,0.0,4100,4200,390.0,36.71359905911856,31.64000000000001,25.0,25.0,0.9407305566797562,-0.3391548609838813,0.9999999999999999,0.0,0.0,0.0,0.0,43.90044163253358,41.15049566423328,39.433985239246205,44.133757658684374,48.200000000000045,48.200000000000045,48.200000000000045,48.200000000000045
2025-12-22T17:43:49.958237,16.450,387.88704208469056,3648.4188507911995,45.936754031647986,4100,1500,1520,40.0,35.0,20.0,3648.4188507911995,34.45256552373599,1500,1520,800,0,0,45.936754031647986,45.936754031647986,22.968377015823993,0.0,4100,4200,390.0,34.45256552373599,31.64500000000001,25.0,25.0,0.9319586053554312,-0.36256469478419945,1.0,0.0,0.0,0.0,0.0,35.47243341296151,41.75442440712962,42.24367510600453,38.15075353928674,48.22500000000005,48.22500000000005,48.22500000000005,48.22500000000005
2025-12-22T17:43:50.011776,16.500,388.01362632147436,3576.429315261614,43.05717261046457,4100,1500,1520,40.0,35.0,20.0,3576.429315261614,32.29287945784843,1500,1520,800,0,0,43.05717261046457,43.05717261046457,21.528586305232285,0.0,4100,4200,390.0,32.29287945784843,31.65000000000001,25.0,25.0,0.922604210239321,-0.3857479374522677,1.0,0.0,0.0,0.0,0.0,43.60962593801238,35.51316145150406,38.59297171847226,40.89811917623649,48.25000000000005,48.25000000000005,48.25000000000005,48.25000000000005
2025-12-22T17:43:50.062294,16.550,388.7186615948424,3507.9979650625937,40.319918602503755,4100,1500,1520,40.0,35.0,20.0,3507.9979650625937,30.239938951877818,1500,1520,800,0,0,40.319918602503755,40.319918602503755,20.159959301251877,0.0,4100,4200,390.0,30.23993895187782,31.65500000000001,25.0,25.0,0.9126732175238749,-0.4086901002160657,1.0,0.0,0.0,0.0,0.0,41.90232777749293,40.40494633355409,39.92848439117688,35.15816740699774,48.27500000000005,48.27500000000005,48.27500000000005,48.27500000000005
2025-12-22T17:43:50.113819,16.600,389.06768205255565,3443.295842931278,37.73183371725112,4100,1500,1520,40.0,35.0,20.0,3443.295842931278,28.29887528793834,1500,1520,800,0,0,37.73183371725112,37.73183371725112,18.86591685862556,0.0,4100,4200,390.0,28.29887528793834,31.66000000000001,25.0,25.0,0.9021718337562719,-0.4313768449706657,0.9999999999999999,0.0,0.0,0.0,0.0,37.2904076824037,35.80272122089064,44.09067773196338,40.518471259030726,48.300000000000054,48.300000000000054,48.300000000000054,48.300000000000054
2025-12-22T17:43:50.164838,16.650,388.54275096309027,3382.4846704767815,35.29938681907126,4100,1500,1520,40.0,35.0,20.0,3382.4846704767815,26.474540114303444,1500,1520,800,0,0,35.29938681907126,35.29938681907126,17.64969340953563,0.0,4100,4200,390.0,26.474540114303444,31.66500000000001,25.0,25.0,0.8911066219595322,-0.4537939932390815,1.0,0.0,0.0,0.0,0.0,39.78731186028596,40.730619076241496,39.53543578242034,39.21607214064498,48.32500000000005,48.32500000000005,48.32500000000005,48.32500000000005
2025-12-22T17:43:50.216067,16.700,388.2995830393138,3325.716443960394,33.02865775841575,4100,1500,1520,40.0,35.0,20.0,3325.716443960394,24.77149331881181,1500,1520,800,0,0,33.02865775841575,33.02865775841575,16.514328879207874,0.0,4100,4200,390.0,24.77149331881181,31.67000000000001,25.0,25.0,0.8794844975308403,-0.47592753503335494,1.0,0.0,0.0,0.0,0.0,36.83924292210847,39.95045608889089,36.00165119130908,36.334296193511754,48.35000000000005,48.35000000000005,48.35000000000005,48.35000000000005
2025-12-22T17:43:50.266718,16.750,388.6894312427761,3273.133054384085,30.92532217536339,4100,1500,1520,40.0,35.0,20.0,3273.133054384085,23.193991631522543,1500,1520,800,0,0,30.92532217536339,30.92532217536339,15.462661087681695,0.0,4100,4200,390.0,23.193991631522543,31.67500000000001,25.0,25.0,0.867312723919648,-0.4977636376103426,1.0,0.0,0.0,0.0,0.0,39.45187167037747,38.12779838396423,41.60934989243993,35.2701847709638,48.37500000000005,48.37500000000005,48.37500000000005,48.37500000000005
2025-12-22T17:43:50.317088,16.800,388.5871623682814,3224.865932836896,28.994637313475835,4100,1500,1520,40.0,35.0,20.0,3224.865932836896,21.745977985106876,1500,1520,800,0,0,28.994637313475835,28.994637313475835,14.497318656737917,0.0,4100,4200,390.0,21.745977985106876,31.68000000000001,25.0,25.0,0.8545989080882537,-0.5192886541167296,0.9999999999999999,0.0,0.0,0.0,0.0,39.20253123450173,38.90043206220623,35.942998784367845,40.560779452243054,48.40000000000005,48.40000000000005,48.40000000000005,48.40000000000005
2025-12-22T17:43:50.367892,16.850,389.3064790805592,3181.035721985664,27.241428879426564,4100,1500,1520,40.0,35.0,20.0,3181.035721985664,20.431071659569923,1500,1520,800,0,0,27.241428879426564,27.241428879426564,13.620714439713282,0.0,4100,4200,390.0,20.431071659569923,31.68500000000001,25.0,25.0,0.8413509957576996,-0.5404891321178691,1.0,0.0,0.0,0.0,0.0,40.78035945161498,37.23710794474571,38.33835684011346,42.4043649140479,48.425000000000054,48.425000000000054,48.425000000000054,48.425000000000054
2025-12-22T17:43:50.418481,16.900,389.2764393199026,3141.7519745311847,25.67007898124737,4100,1500,1520,40.0,35.0,20.0,3141.7519745311847,19.25255923593553,1500,1520,800,0,0,25.67007898124737,25.67007898124737,12.835039490623686,0.0,4100,4200,390.0,19.25255923593553,31.690000000000012,25.0,25.0,0.8275772664419541,-0.5613518220051156,1.0,0.0,0.0,0.0,0.0,38.799284067526926,42.655588244131145,38.36612056892566,39.448908981945664,48.45000000000005,48.45000000000005,48.45000000000005,48.45000000000005
2025-12-22T17:43:50.469547,16.950,389.57927681003366,3107.1128793835132,24.28451517534053,4100,1500,1520,40.0,35.0,20.0,3107.1128793835132,18.213386381505398,1500,1520,800,0,0,24.28451517534053,24.28451517534053,12.142257587670265,0.0,4100,4200,390.0,18.213386381505398,31.69500000000001,25.0,25.0,0.8132863282734852,-0.5818636852763994,1.0,0.0,0.0,0.0,0.0,36.13405962762016,41.397112487801756,43.934352019368944,36.35877452435171,48.47500000000005,48.47500000000005,48.47500000000005,48.47500000000005
2025-12-22T17:43:50.521856,17.000,388.8520068165731,3077.2050162408277,23.08820064963311,4100,1500,1520,40.0,35.0,20.0,3077.2050162408277,17.31615048722483,1500,1520,800,0,0,23.08820064963311,23.08820064963311,11.544100324816554,0.0,4100,4200,390.0,17.31615048722483,31.70000000000001,25.0,25.0,0.7984871126234582,-0.6020119026848662,1.0,0.0,0.0,0.0,0.0,44.300721987194166,41.05638424340686,37.70068312007242,39.6333396665984,48.50000000000006,48.50000000000006,48.50000000000006,48.50000000000006
2025-12-22T17:43:50.573381,17.050,389.1733172658471,3052.1031391852703,22.084125567410823,4100,1500,1520,40.0,35.0,20.0,3052.1031391852703,16.563094175558117,1500,1520,800,0,0,22.084125567410823,22.084125567410823,11.042062783705411,0.0,4100,4200,390.0,16.563094175558117,31.705000000000013,25.0,25.0,0.7831888685199191,-0.6217838822504882,1.0,0.0,0.0,0.0,0.0,35.89838257816852,36.556026576174794,40.63330452170938,43.520047219326415,48.525000000000055,48.525000000000055,48.525000000000055,48.525000000000055
2025-12-22T17:43:50.624416,17.100,388.94145498930664,3031.8699898366754,21.274799593467023,4100,1500,1520,40.0,35.0,20.0,3031.8699898366754,15.956099695100267,1500,1520,800,0,0,21.274799593467023,21.274799593467023,10.637399796733511,0.0,4100,4200,390.0,15.956099695100267,31.71000000000001,25.0,25.0,0.7674011568674531,-0.6411672671296427,1.0,0.0,0.0,0.0,0.0,42.87345835766531,36.624755623071216,37.94671211450992,35.35219876509614,48.550000000000054,48.550000000000054,48.550000000000054,48.550000000000054
2025-12-22T17:43:50.674568,17.150,389.4001561304451,3016.5561405311937,20.66224562124775,4100,1500,1520,40.0,35.0,20.0,3016.5561405311937,15.496684215935812,1500,1520,800,0,0,20.66224562124775,20.66224562124775,10.331122810623874,0.0,4100,4200,390.0,15.496684215935812,31.71500000000001,25.0,25.0,0.751133844471931,-0.6601499433377367,1.0,0.0,0.0,0.0,0.0,36.690497078399524,44.49624352949686,43.74293376832194,38.96118424560493,48.57500000000005,48.57500000000005,48.57500000000005,48.57500000000005
2025-12-22T17:43:50.725429,17.200,388.82851536484765,3006.1998679167905,20.247994716671627,4100,1500,1520,40.0,35.0,20.0,3006.1998679167905,15.18599603750372,1500,1520,800,0,0,20.247994716671627,20.247994716671627,10.123997358335814,0.0,4100,4200,390.0,15.185996037503719,31.72000000000001,25.0,25.0,0.734397097874076,-0.6787200473200529,1.0,0.0,0.0,0.0,0.0,35.76970727851445,40.59961697283259,35.51377025903015,42.67487106609871,48.60000000000005,48.60000000000005,48.60000000000005,48.60000000000005
2025-12-22T17:43:50.775474,17.250,389.4845930729762,3000.827057281559,20.03308229126236,4100,1500,1520,40.0,35.0,20.0,3000.827057281559,15.02481171844677,1500,1520,800,0,0,20.03308229126236,20.03308229126236,10.01654114563118,0.0,4100,4200,390.0,15.02481171844677,31.725000000000012,25.0,25.0,0.7172013769957072,-0.6968659733660852,1.0,0.0,0.0,0.0,0.0,39.21884672094853,43.6159940109955,43.8179634688327,43.76554059910484,48.62500000000006,48.62500000000006,48.62500000000006,48.62500000000006
2025-12-22T17:43:50.825999,17.300,389.67833850943055,3000.4511378539823,20.018045514159297,4100,1500,1520,40.0,35.0,20.0,3000.4511378539823,15.013534135619473,1500,1520,800,0,0,20.018045514159297,20.018045514159297,10.009022757079649,0.0,4100,4200,390.0,15.013534135619471,31.73000000000001,25.0,25.0,0.6995574286026287,-0.7145763808627306,1.0,0.0,0.0,0.0,0.0,42.082738100293405,40.653567547204474,37.80532453027485,39.95737783319819,48.650000000000055,48.650000000000055,48.650000000000055,48.650000000000055
2025-12-22T17:43:50.876633,17.350,389.7262967758459,3005.073049236854,20.202921969474147,4100,1500,1520,40.0,35.0,20.0,3005.073049236854,15.15219147710561,1500,1520,800,0,0,20.202921969474147,20.202921969474147,10.101460984737074,0.0,4100,4200,390.0,15.152191477105612,31.73500000000001,25.0,25.0,0.6814762795882507,-0.7318402013818017,0.9999999999999999,0.0,0.0,0.0,0.0,36.76438241756591,37.9460249773096,38.18386798086454,43.530858686011435,48.675000000000054,48.675000000000054,48.675000000000054,48.675000000000054
2025-12-22T17:43:50.929292,17.400,389.53037738634316,3014.681239058761,20.58724956235045,4100,1500,1520,40.0,35.0,20.0,3014.681239058761,15.440437171762838,1500,1520,800,0,0,20.58724956235045,20.58724956235045,10.293624781175225,0.0,4100,4200,390.0,15.440437171762838,31.740000000000013,25.0,25.0,0.6629692300821408,-0.7486466455974364,1.0,0.0,0.0,0.0,0.0,40.673907081056235,35.318760073947345,44.872276650253355,41.6288090164852,48.70000000000006,48.70000000000006,48.70000000000006,48.70000000000006
2025-12-22T17:43:50.981301,17.450,389.5346002782905,3029.2516918489982,21.170067673959934,4100,1500,1520,40.0,35.0,20.0,3029.2516918489982,15.87755075546995,1500,1520,800,0,0,21.170067673959934,21.170067673959934,10.585033836979967,0.0,4100,4200,390.0,15.87755075546995,31.74500000000001,25.0,25.0,0.6440478463878094,-0.7649852100290728,1.0,0.0,0.0,0.0,0.0,40.92117375414034,44.465319225694174,43.15776212679568,37.8269373756363,48.72500000000006,48.72500000000006,48.72500000000006,48.72500000000006
2025-12-22T17:43:51.035852,17.500,389.416828628268,3048.747989063735,21.949919562549397,4100,1500,1520,40.0,35.0,20.0,3048.747989063735,16.462439671912048,1500,1520,800,0,0,21.949919562549397,21.949919562549397,10.974959781274698,0.0,4100,4200,390.0,16.462439671912048,31.75000000000001,25.0,25.0,0.624723953754148,-0.7808456836057847,1.0,0.0,0.0,0.0,0.0,37.974529206438035,38.706256319227236,41.49793120558757,44.645392592825,48.75000000000006,48.75000000000006,48.75000000000006,48.75000000000006
2025-12-22T17:43:51.088425,17.550,388.84269338471836,3073.121400113409,22.924856004536366,4100,1500,1520,40.0,35.0,20.0,3073.121400113409,17.193642003402275,1500,1520,800,0,0,22.924856004536366,22.924856004536366,11.462428002268183,0.0,4100,4200,390.0,17.193642003402275,31.75500000000001,25.0,25.0,0.6050096289850329,-0.796218154047867,1.0,0.0,0.0,0.0,0.0,41.59698638404459,37.127073153307386,38.86288186015818,44.33986866276792,48.775000000000055,48.775000000000055,48.775000000000055,48.775000000000055
2025-12-22T17:43:51.139967,17.600,389.06249599340157,3102.311004163824,24.092440166552947,4100,1500,1520,40.0,35.0,20.0,3102.311004163824,18.06933012491471,1500,1520,800,0,0,24.092440166552947,24.092440166552947,12.046220083276474,0.0,4100,4200,390.0,18.06933012491471,31.760000000000012,25.0,25.0,0.5849171928917156,-0.8110930140616892,1.0,0.0,0.0,0.0,0.0,39.57106781919822,37.4667755652169,44.29737497941184,36.38485716210064,48.800000000000054,48.800000000000054,48.800000000000054,48.800000000000054
2025-12-22T17:43:51.190316,17.650,388.6412616332678,3136.243842406505,25.449753696260203,4100,1500,1520,40.0,35.0,20.0,3136.243842406505,19.087315272195152,1500,1520,800,0,0,25.449753696260203,25.449753696260203,12.724876848130101,0.0,4100,4200,390.0,19.087315272195152,31.76500000000001,25.0,25.0,0.5644592025927175,-0.8254609673439401,0.9999999999999999,0.0,0.0,0.0,0.0,38.29752982785369,35.95065759815368,36.561203270357154,43.19181356158698,48.82500000000006,48.82500000000006,48.82500000000006,48.82500000000006
2025-12-22T17:43:51.241010,17.700,389.09098538290584,3174.8351004177266,26.99340401670908,4100,1500,1520,40.0,35.0,20.0,3174.8351004177266,20.24505301253181,1500,1520,800,0,0,26.99340401670908,26.99340401670908,13.49670200835454,0.0,4100,4200,390.0,20.24505301253181,31.77000000000001,25.0,25.0,0.5436484436660391,-0.8393130343915156,1.0,0.0,0.0,0.0,0.0,39.697211646298015,41.26973775358579,41.67956090858012,44.59329743784553,48.85000000000006,48.85000000000006,48.85000000000006,48.85000000000006
2025-12-22T17:43:51.291690,17.750,389.2098593477891,3217.9883201504,28.71953280601599,4100,1500,1520,40.0,35.0,20.0,3217.9883201504,21.539649604511993,1500,1520,800,0,0,28.71953280601599,28.71953280601599,14.359766403007995,0.0,4100,4200,390.0,21.539649604511993,31.775000000000013,25.0,25.0,0.5224979221585904,-0.8526405581134149,1.0,0.0,0.0,0.0,0.0,40.991122342346436,42.08941671838442,43.05957726220474,42.02515402431381,48.87500000000006,48.87500000000006,48.87500000000006,48.87500000000006
2025-12-22T17:43:51.342046,17.800,389.07026335683935,3265.5956410289537,30.623825641158163,4100,1500,1520,40.0,35.0,20.0,3265.5956410289537,22.967869230868622,1500,1520,800,0,0,30.623825641158163,30.623825641158163,15.311912820579082,0.0,4100,4200,390.0,22.967869230868622,31.780000000000012,25.0,25.0,0.5010208564578339,-0.8654352092411416,1.0,0.0,0.0,0.0,0.0,38.12059238966284,39.88252726489621,39.57290798560173,44.192636727065555,48.90000000000006,48.90000000000006,48.90000000000006,48.90000000000006
2025-12-22T17:43:51.392724,17.850,389.0848590815556,3317.538069544607,32.70152278178428,4100,1500,1520,40.0,35.0,20.0,3317.538069544607,24.526142086338208,1500,1520,800,0,0,32.70152278178428,32.70152278178428,16.35076139089214,0.0,4100,4200,390.0,24.526142086338208,31.78500000000001,25.0,25.0,0.47923066903072425,-0.8776889915342247,1.0,0.0,0.0,0.0,0.0,43.72679303065968,44.3274336025234,37.98811704271953,42.31471614521255,48.92500000000006,48.92500000000006,48.92500000000006,48.92500000000006
2025-12-22T17:43:51.460940,17.900,388.5096936396678,3373.6857766771636,34.947431067086555,4100,1500,1520,40.0,35.0,20.0,3373.6857766771636,26.210573300314916,1500,1520,800,0,0,34.947431067086555,34.947431067086555,17.473715533543277,0.0,4100,4200,390.0,26.210573300314916,31.790000000000013,25.0,25.0,0.45714097803510206,-0.8893942467776089,1.0,0.0,0.0,0.0,0.0,36.798198449699264,41.68770883246192,42.5127578969009,37.354229202371734,48.95000000000006,48.95000000000006,48.95000000000006,48.95000000000006
2025-12-22T17:43:51.511962,17.950,388.4602338226846,3433.8984223999532,37.35593689599811,4100,1500,1520,40.0,35.0,20.0,3433.8984223999532,28.016952671998585,1500,1520,800,0,0,37.35593689599811,37.35593689599811,18.677968447999056,0.0,4100,4200,390.0,28.016952671998588,31.795000000000012,25.0,25.0,0.4347655888087891,-0.9005436595677896,1.0,0.0,0.0,0.0,0.0,43.01064081901749,40.516195643638625,42.79593414641174,42.3584678134246,48.97500000000006,48.97500000000006,48.97500000000006,48.97500000000006
2025-12-22T17:43:51.562501,18.000,388.2147044856164,3498.0255064568073,39.92102025827229,4100,1500,1520,40.0,35.0,20.0,3498.0255064568073,29.94076519370422,1500,1520,800,0,0,39.92102025827229,39.92102025827229,19.960510129136146,0.0,4100,4200,390.0,29.94076519370422,31.80000000000001,25.0,25.0,0.4121184852417015,-0.9111302618847019,1.0,0.0,0.0,0.0,0.0,35.25123308154991,43.23350222447511,40.33986584509583,39.41070823696754,49.00000000000006,49.00000000000006,49.00000000000006,49.00000000000006
2025-12-22T17:43:51.613565,18.050,388.81772529591984,3565.906744534325,42.636269781372995,4100,1500,1520,40.0,35.0,20.0,3565.906744534325,31.977202336029748,1500,1520,800,0,0,42.636269781372995,42.636269781372995,21.318134890686498,0.0,4100,4200,390.0,31.977202336029745,31.805000000000014,25.0,25.0,0.38921382103637364,-0.9211474374465065,1.0,0.0,0.0,0.0,0.0,35.85028103318895,36.21384175109172,38.72739968795988,42.35488804107593,49.02500000000006,49.02500000000006,49.02500000000006,49.02500000000006
2025-12-22T17:43:51.665552,18.100,388.4154981851513,3637.372468889177,45.49489875556708,4100,1500,1520,40.0,35.0,20.0,3637.372468889177,34.12117406667531,1500,1520,800,0,0,45.49489875556708,45.49489875556708,22.74744937778354,0.0,4100,4200,390.0,34.12117406667531,31.810000000000013,25.0,25.0,0.3660659108623548,-0.9305889258445506,0.9999999999999999,0.0,0.0,0.0,0.0,41.2428859126149,36.96827698014395,39.46645371865577,41.99229278363647,49.05000000000006,49.05000000000006,49.05000000000006,49.05000000000006
2025-12-22T17:43:51.716612,18.150,387.7719274429673,3712.244052429106,48.48976209716425,4100,1500,1520,40.0,35.0,20.0,3712.244052429106,36.36732157287319,1500,1520,800,0,0,48.48976209716425,48.48976209716425,24.244881048582126,0.0,4100,4200,390.0,36.36732157287319,31.815000000000012,25.0,25.0,0.3426892214100068,-0.939448826455919,1.0,0.0,0.0,0.0,0.0,43.77580569951426,41.340638038032054,35.184167686373904,36.22084910212625,49.07500000000006,49.07500000000006,49.07500000000006,49.07500000000006
2025-12-22T17:43:51.767203,18.200,388.00313444721803,3790.3343551876296,51.613374207505196,4100,1500,1520,40.0,35.0,20.0,3790.3343551876296,38.7100306556289,1500,1520,800,0,0,51.613374207505196,51.613374207505196,25.806687103752598,0.0,4100,4200,390.0,38.7100306556289,31.82000000000001,25.0,25.0,0.3190983623492932,-0.9477216021311318,1.0,0.0,0.0,0.0,0.0,43.84234713367546,39.24939298403952,40.355254862998876,44.66371075622612,49.100000000000065,49.100000000000065,49.100000000000065,49.100000000000065
2025-12-22T17:43:51.817427,18.250,387.6685541474349,3871.4481920764947,54.8579276830598,4100,1500,1520,40.0,35.0,20.0,3871.4481920764947,41.143445762294846,1500,1520,800,0,0,54.8579276830598,54.8579276830598,27.4289638415299,0.0,4100,4200,390.0,41.143445762294846,31.825000000000014,25.0,25.0,0.29530807719921137,-0.9554020826546824,1.0,0.0,0.0,0.0,0.0,43.36208707020144,37.866996446470814,44.943138629560394,42.3090484284815,49.125000000000064,49.125000000000064,49.125000000000064,49.125000000000064
2025-12-22T17:43:51.869413,18.300,388.181919699458,3955.382820746749,58.21531282986996,4100,1500,1520,40.0,35.0,20.0,3955.382820746749,43.66148462240247,1500,1520,800,0,0,58.21531282986996,58.21531282986996,29.10765641493498,0.0,4100,4200,390.0,43.66148462240247,31.830000000000013,25.0,25.0,0.2713332341135729,-0.9624854679762542,1.0,0.0,0.0,0.0,0.0,44.99058515375524,44.78519086719128,42.9246080653656,35.756842959844455,49.15000000000006,49.15000000000006,49.15000000000006,49.15000000000006
2025-12-22T17:43:51.929932,18.350,387.72959780219475,4041.928448339026,61.67713793356104,4100,1500,1520,40.0,35.0,20.0,4041.928448339026,46.257853450170785,1500,1520,800,0,0,61.67713793356104,61.67713793356104,30.83856896678052,0.0,4100,4200,390.0,46.257853450170785,31.83500000000001,25.0,25.0,0.24718881658889147,-0.9689673312105952,1.0,0.0,0.0,0.0,0.0,39.47614512049104,38.37813225446985,35.16781161132467,35.77589648752644,49.17500000000006,49.17500000000006,49.17500000000006,49.17500000000006
2025-12-22T17:43:51.982799,18.400,387.6111322347578,4130.868755856437,65.23475023425748,4100,1500,1520,40.0,35.0,20.0,4130.868755856437,48.9260626756931,1500,1520,800,0,0,65.23475023425748,65.23475023425748,32.61737511712874,0.0,4100,4200,390.0,48.9260626756931,31.840000000000014,25.0,25.0,0.2228899141001853,-0.9748436214041778,0.9999999999999999,0.0,0.0,0.0,0.0,39.14406915257377,39.86982640900535,39.348571478754046,44.77412739673642,49.20000000000006,49.20000000000006,49.20000000000006,49.20000000000006
2025-12-22T17:43:52.035313,18.450,387.23555227361317,4221.981438849405,68.87925755397619,4100,1500,1520,40.0,35.0,20.0,4221.981438849405,51.659443165482145,1500,1520,800,0,0,68.87925755397619,68.87925755397619,34.439628776988094,0.0,4100,4200,390.0,51.65944316548214,31.845000000000013,25.0,25.0,0.19845171267054643,-0.9801106660669126,1.0,0.0,0.0,0.0,0.0,43.55792916159988,40.53655475763914,44.63982614877841,36.84517675281561,49.225000000000065,49.225000000000065,49.225000000000065,49.225000000000065
2025-12-22T17:43:52.086373,18.500,386.8862670212623,4315.038763061015,72.6015505224406,4100,1500,1520,40.0,35.0,20.0,4315.038763061015,54.45116289183045,1500,1520,800,0,0,72.6015505224406,72.6015505224406,36.3007752612203,0.0,4100,4200,390.0,54.45116289183045,31.850000000000012,25.0,25.0,0.17388948538037058,-0.9847651734673347,0.9999999999999999,0.0,0.0,0.0,0.0,41.60684147037937,38.534523760366966,35.56859743800151,42.55202444705232,49.250000000000064,49.250000000000064,49.250000000000064,49.250000000000064
2025-12-22T17:43:52.136930,18.550,387.6189590404672,4409.808133644056,76.39232534576227,4100,1500,1520,40.0,35.0,20.0,4409.808133644056,57.2942440093217,1500,1520,800,0,0,76.39232534576227,76.39232534576227,38.19616267288114,0.0,4100,4200,390.0,57.2942440093217,31.85500000000001,25.0,25.0,0.14921858282217906,-0.98880423468983,0.9999999999999999,0.0,0.0,0.0,0.0,42.33249458271807,39.8649592952602,40.719198366716185,44.23727702575321,49.27500000000006,49.27500000000006,49.27500000000006,49.27500000000006
2025-12-22T17:43:52.187522,18.600,387.3924891851951,4506.052676527006,80.24210706108025,4100,1500,1520,40.0,35.0,20.0,4506.052676527006,60.181580295810186,1500,1520,800,0,0,80.24210706108025,80.24210706108025,40.121053530540124,0.0,4100,4200,390.0,60.18158029581018,31.860000000000014,25.0,25.0,0.12445442350699826,-0.9922253254526114,1.0,0.0,0.0,0.0,0.0,41.426349007121324,36.64261239406697,36.95450797616281,41.44454363556058,49.30000000000007,49.30000000000007,49.30000000000007,49.30000000000007
2025-12-22T17:43:52.238048,18.650,386.9802859279097,4603.531830475845,84.14127321903379,4100,1500,1520,40.0,35.0,20.0,4603.531830475845,63.105954914275344,1500,1520,800,0,0,84.14127321903379,84.14127321903379,42.070636609516896,0.0,4100,4200,390.0,63.105954914275344,31.865000000000013,25.0,25.0,0.09961248422829191,-0.9950263076853135,0.9999999999999999,0.0,0.0,0.0,0.0,42.12573921599132,39.689659299270595,39.10092144760489,35.43806820357477,49.32500000000007,49.32500000000007,49.32500000000007,49.32500000000007
2025-12-22T17:43:52.288577,18.700,386.68579160349015,4702.001948371862,88.0800779348745,4100,1500,1520,40.0,35.0,20.0,4702.001948371862,66.06005845115587,1500,1520,800,0,0,88.0800779348745,88.0800779348745,44.04003896743725,0.0,4100,4200,390.0,66.06005845115587,31.87000000000001,25.0,25.0,0.07470829038946925,-0.9972054308652168,1.0,0.0,0.0,0.0,0.0,36.53493141690975,40.5139850019471,38.97031591284689,39.21267215621304,49.350000000000065,49.350000000000065,49.350000000000065,49.350000000000065
2025-12-22T17:43:52.339144,18.750,386.61715992383876,4801.216906202565,92.04867624810261,4100,1500,1520,40.0,35.0,20.0,4801.216906202565,69.03650718607696,1500,1520,800,0,0,92.04867624810261,92.04867624810261,46.024338124051305,0.0,4100,4200,390.0,69.03650718607696,31.875000000000014,25.0,25.0,0.04975740630101297,-0.9987613331112674,1.0,0.0,0.0,0.0,0.0,38.230044808426356,42.29237892876051,42.29163689054499,40.172521985510606,49.375000000000064,49.375000000000064,49.375000000000064,49.375000000000064
2025-12-22T17:43:52.389680,18.800,386.3462955799844,4900.928718243527,96.0371487297411,4100,1500,1520,40.0,35.0,20.0,4900.928718243527,72.02786154730583,1500,1520,800,0,0,96.0371487297411,96.0371487297411,48.01857436487055,0.0,4100,4200,390.0,72.02786154730583,31.880000000000013,25.0,25.0,0.02477542545329206,-0.9996930420352081,1.0,0.0,0.0,0.0,0.0,37.420221334475166,38.94497404912241,40.8763378627781,43.702328301369676,49.40000000000006,49.40000000000006,49.40000000000006,49.40000000000006
2025-12-22T17:43:52.446243,18.850,386.0475002231021,5000.888156893555,100.03552627574221,4100,1500,1520,40.0,35.0,20.0,5000.888156893555,75.02664470680666,1500,1520,800,0,0,100.03552627574221,100.03552627574221,50.01776313787111,0.0,4100,4200,390.0,75.02664470680666,31.885000000000012,25.0,25.0,-0.00022203922886224547,-0.9999999753492901,0.9999999999999999,0.0,0.0,0.0,0.0,43.84029951120108,42.856950548269076,36.318753959588705,40.39861208271961,49.42500000000007,49.42500000000007,49.42500000000007,49.42500000000007
2025-12-22T17:43:52.499408,18.900,385.6341386213269,5100.845375613892,104.03381502455568,4100,1500,1520,40.0,35.0,20.0,5100.845375613892,78.02536126841676,1500,1520,800,0,0,104.03381502455568,104.03381502455568,52.01690751227784,0.0,4100,4200,390.0,78.02536126841676,31.890000000000015,25.0,25.0,-0.0252193651437262,-0.9996819412301832,1.0,0.0,0.0,0.0,0.0,40.27628127820479,44.94632153465082,44.75181690597586,39.431283375439165,49.45000000000007,49.45000000000007,49.45000000000007,49.45000000000007
2025-12-22T17:43:52.553946,18.950,386.25435509280777,5200.550533414451,108.02202133657802,4100,1500,1520,40.0,35.0,20.0,5200.550533414451,81.01651600243352,1500,1520,800,0,0,108.02202133657802,108.02202133657802,54.01101066828901,0.0,4100,4200,390.0,81.01651600243352,31.895000000000014,25.0,25.0,-0.050200929776301105,-0.9987391384388593,1.0,0.0,0.0,0.0,0.0,41.972795771832224,36.18177930364692,39.32115849174381,40.96085066031421,49.475000000000065,49.475000000000065,49.475000000000065,49.475000000000065
2025-12-22T17:43:52.604487,19.000,385.91732123407314,5299.754419326172,111.99017677304687,4100,1500,1520,40.0,35.0,20.0,5299.754419326172,83.99263257978515,1500,1520,800,0,0,111.99017677304687,111.99017677304687,55.995088386523435,0.0,4100,4200,390.0,83.99263257978515,31.900000000000013,25.0,25.0,-0.07515112046187662,-0.9971721561963734,1.0,0.0,0.0,0.0,0.0,41.911007008668385,41.676194187132694,39.69590935162781,37.62410660111273,49.50000000000007,49.50000000000007,49.50000000000007,49.50000000000007
2025-12-22T17:43:52.656649,19.050,385.5019557522557,5398.2090752986605,115.92836301194644,4100,1500,1520,40.0,35.0,20.0,5398.2090752986605,86.94627225895984,1500,1520,800,0,0,115.92836301194644,115.92836301194644,57.96418150597322,0.0,4100,4200,390.0,86.94627225895984,31.905000000000015,25.0,25.0,-0.10005434414343803,-0.9949819738156197,1.0,0.0,0.0,0.0,0.0,43.3768219254664,37.62816248080874,35.380865703902465,36.501474190126885,49.52500000000007,49.52500000000007,49.52500000000007,49.52500000000007
2025-12-22T17:43:52.707672,19.100,385.0414112108431,5495.668415966181,119.82673663864725,4100,1500,1520,40.0,35.0,20.0,5495.668415966181,89.87005247898543,1500,1520,800,0,0,119.82673663864725,119.82673663864725,59.913368319323624,0.0,4100,4200,390.0,89.87005247898543,31.910000000000014,25.0,25.0,-0.12489503711681929,-0.9921699600892925,0.9999999999999999,0.0,0.0,0.0,0.0,44.74530207018071,35.950542340559515,38.39144864855748,39.6921964227755,49.55000000000007,49.55000000000007,49.55000000000007,49.55000000000007
2025-12-22T17:43:52.757998,19.150,385.346018307458,5591.888843732907,123.67555374931626,4100,1500,1520,40.0,35.0,20.0,5591.888843732907,92.7566653119872,1500,1520,800,0,0,123.67555374931626,123.67555374931626,61.83777687465813,0.0,4100,4200,390.0,92.7566653119872,31.915000000000013,25.0,25.0,-0.1496576747575115,-0.9887378724344359,1.0,0.0,0.0,0.0,0.0,42.078283267962846,39.920600216470085,42.239165745195336,42.4156001541283,49.57500000000007,49.57500000000007,49.57500000000007,49.57500000000007
2025-12-22T17:43:52.808158,19.200,385.4615040324791,5686.629857640051,127.46519430560204,4100,1500,1520,40.0,35.0,20.0,5686.629857640051,95.59889572920153,1500,1520,800,0,0,127.46519430560204,127.46519430560204,63.73259715280102,0.0,4100,4200,390.0,95.59889572920153,31.920000000000012,25.0,25.0,-0.17432678122304784,-0.9846878557941149,1.0,0.0,0.0,0.0,0.0,35.83969566659867,42.334258724278115,43.24824628431113,36.18040307923587,49.600000000000065,49.600000000000065,49.600000000000065,49.600000000000065
2025-12-22T17:43:52.858895,19.250,384.7309990342998,5779.6546544930125,131.1861861797205,4100,1500,1520,40.0,35.0,20.0,5779.6546544930125,98.38963963479037,1500,1520,800,0,0,131.1861861797205,131.1861861797205,65.59309308986025,0.0,4100,4200,390.0,98.38963963479037,31.925000000000015,25.0,25.0,-0.1988869391249015,-0.9800224412968959,1.0,0.0,0.0,0.0,0.0,44.18808295932034,41.691600996222384,35.49501634959936,43.98750163404412,49.62500000000007,49.62500000000007,49.62500000000007,49.62500000000007
2025-12-22T17:43:52.909023,19.300,385.0228817466235,5870.730720746036,134.82922882984144,4100,1500,1520,40.0,35.0,20.0,5870.730720746036,101.12192162238108,1500,1520,800,0,0,134.82922882984144,134.82922882984144,67.41461441492072,0.0,4100,4200,390.0,101.12192162238108,31.930000000000014,25.0,25.0,-0.22332279916385142,-0.9747445446749738,1.0,0.0,0.0,0.0,0.0,40.37691339049908,41.123708078930946,44.68288088351154,39.184629207246914,49.65000000000007,49.65000000000007,49.65000000000007,49.65000000000007
2025-12-22T17:43:52.959302,19.350,384.6352762935811,5959.630413664988,138.3852165465995,4100,1500,1520,40.0,35.0,20.0,5959.630413664988,103.78891240994963,1500,1520,800,0,0,138.3852165465995,138.3852165465995,69.19260827329975,0.0,4100,4200,390.0,103.78891240994963,31.935000000000013,25.0,25.0,-0.24761908972279484,-0.9688574644419345,1.0,0.0,0.0,0.0,0.0,39.02307003840552,36.895686810095974,38.86205724188393,44.387838580844566,49.67500000000007,49.67500000000007,49.67500000000007,49.67500000000007
2025-12-22T17:43:53.010465,19.400,384.6703441433825,6046.131530315635,141.84526121262542,4100,1500,1520,40.0,35.0,20.0,6046.131530315635,106.38394590946906,1500,1520,800,0,0,141.84526121262542,141.84526121262542,70.92263060631271,0.0,4100,4200,390.0,106.38394590946908,31.940000000000015,25.0,25.0,-0.27176062641101084,-0.9623648798312909,1.0,0.0,0.0,0.0,0.0,43.099770988974015,37.1339445986019,37.25911857996642,44.380735794567116,49.700000000000074,49.700000000000074,49.700000000000074,49.700000000000074
2025-12-22T17:43:53.061491,19.450,384.83591954261396,6130.017862955263,145.2007145182105,4100,1500,1520,40.0,35.0,20.0,6130.017862955263,108.90053588865788,1500,1520,800,0,0,145.2007145182105,145.2007145182105,72.60035725910525,0.0,4100,4200,390.0,108.9005358886579,31.945000000000014,25.0,25.0,-0.29573232155391016,-0.9552708484970819,1.0,0.0,0.0,0.0,0.0,43.670463658953175,37.7505904151449,44.63732513550525,38.16410014254685,49.72500000000007,49.72500000000007,49.72500000000007,49.72500000000007
2025-12-22T17:43:53.113340,19.500,383.9825521342994,6211.0797394394285,148.44318957757713,4100,1500,1520,40.0,35.0,20.0,6211.0797394394285,111.33239218318285,1500,1520,800,0,0,148.44318957757713,148.44318957757713,74.22159478878856,0.0,4100,4200,390.0,111.33239218318286,31.950000000000014,25.0,25.0,-0.319519193622341,-0.9475798039779705,1.0,0.0,0.0,0.0,0.0,37.5605139695208,41.924418295596475,39.058579148670596,41.786647180270805,49.75000000000007,49.75000000000007,49.75000000000007,49.75000000000007
2025-12-22T17:43:53.164353,19.550,384.78356820779885,6289.114547293131,151.56458189172525,4100,1500,1520,40.0,35.0,20.0,6289.114547293131,113.67343641879394,1500,1520,800,0,0,151.56458189172525,151.56458189172525,75.78229094586263,0.0,4100,4200,390.0,113.67343641879395,31.955000000000013,25.0,25.0,-0.34310637659555654,-0.939296552926427,0.9999999999999999,0.0,0.0,0.0,0.0,35.50834536344661,40.55577292094923,42.64370647476629,41.61460635321621,49.77500000000007,49.77500000000007,49.77500000000007,49.77500000000007
2025-12-22T17:43:53.216422,19.600,384.28970383001416,6363.927240136479,154.55708960545917,4100,1500,1520,40.0,35.0,20.0,6363.927240136479,115.91781720409438,1500,1520,800,0,0,154.55708960545917,154.55708960545917,77.27854480272958,0.0,4100,4200,390.0,115.91781720409438,31.960000000000015,25.0,25.0,-0.3664791292519945,-0.9304262721047272,1.0,0.0,0.0,0.0,0.0,38.52864080412771,35.1240598291073,41.93078814310385,43.520083084827135,49.80000000000007,49.80000000000007,49.80000000000007,49.80000000000007
2025-12-22T17:43:53.267636,19.650,384.3559180231943,6435.330825199061,157.41323300796245,4100,1500,1520,40.0,35.0,20.0,6435.330825199061,118.05992475597183,1500,1520,800,0,0,157.41323300796245,157.41323300796245,78.70661650398122,0.0,4100,4200,390.0,118.05992475597183,31.965000000000014,25.0,25.0,-0.38962284438206063,-0.9209745051496445,1.0,0.0,0.0,0.0,0.0,44.072868518089194,38.810782439759684,37.69049787876107,36.72731452087098,49.825000000000074,49.825000000000074,49.825000000000074,49.825000000000074
2025-12-22T17:43:53.317947,19.700,384.4273935353695,6503.146830704489,160.12587322817956,4100,1500,1520,40.0,35.0,20.0,6503.146830704489,120.09440492113467,1500,1520,800,0,0,160.12587322817956,160.12587322817956,80.06293661408978,0.0,4100,4200,390.0,120.09440492113467,31.970000000000013,25.0,25.0,-0.41252305791715904,-0.9109471591078575,1.0,0.0,0.0,0.0,0.0,37.31148050239129,41.319738592173564,38.53760159932083,44.97612181132823,49.85000000000007,49.85000000000007,49.85000000000007,49.85000000000007
2025-12-22T17:43:53.368662,19.750,383.94181433883114,6567.205751956892,162.68823007827567,4100,1500,1520,40.0,35.0,20.0,6567.205751956892,122.01617255870676,1500,1520,800,0,0,162.68823007827567,162.68823007827567,81.34411503913783,0.0,4100,4200,390.0,122.01617255870676,31.975000000000016,25.0,25.0,-0.4351654579692644,-0.9003505007442382,1.0,0.0,0.0,0.0,0.0,35.49758291580862,44.984587939801315,42.49755003871001,42.94671424521778,49.87500000000007,49.87500000000007,49.87500000000007,49.87500000000007
2025-12-22T17:43:53.419368,19.800,383.67574812516443,6627.34747501438,165.09389900057522,4100,1500,1520,40.0,35.0,20.0,6627.34747501438,123.82042425043142,1500,1520,800,0,0,165.09389900057522,165.09389900057522,82.54694950028761,0.0,4100,4200,390.0,123.82042425043142,31.980000000000015,25.0,25.0,-0.4575358937753861,-0.8891911526253276,1.0,0.0,0.0,0.0,0.0,40.333079359307554,41.69207449036689,40.85361644852139,43.82117887885426,49.90000000000008,49.90000000000008,49.90000000000008,49.90000000000008
2025-12-22T17:43:53.471278,19.850,383.30671002177434,6683.421676890514,167.33686707562055,4100,1500,1520,40.0,35.0,20.0,6683.421676890514,125.50265030671541,1500,1520,800,0,0,167.33686707562055,167.33686707562055,83.66843353781027,0.0,4100,4200,390.0,125.50265030671542,31.985000000000014,25.0,25.0,-0.4796203845413345,-0.8774760889804476,0.9999999999999999,0.0,0.0,0.0,0.0,35.99707149307511,43.788793742510805,43.75119452870102,37.37534503348611,49.925000000000075,49.925000000000075,49.925000000000075,49.925000000000075
2025-12-22T17:43:53.521787,19.900,383.90072600730343,6735.288201283483,169.41152805133933,4100,1500,1520,40.0,35.0,20.0,6735.288201283483,127.05864603850449,1500,1520,800,0,0,169.41152805133933,169.41152805133933,84.70576402566967,0.0,4100,4200,390.0,127.0586460385045,31.990000000000016,25.0,25.0,-0.501405128179262,-0.8652126313430346,1.0,0.0,0.0,0.0,0.0,36.12973899432142,38.8827342193623,43.41708283848576,44.3713276746616,49.950000000000074,49.950000000000074,49.950000000000074,49.950000000000074
2025-12-22T17:43:53.574881,19.950,383.70674058389125,6782.817408893869,171.31269635575472,4100,1500,1520,40.0,35.0,20.0,6782.817408893869,128.48452226681604,1500,1520,800,0,0,171.31269635575472,171.31269635575472,85.65634817787736,0.0,4100,4200,390.0,128.48452226681604,31.995000000000015,25.0,25.0,-0.5228765099335189,-0.8524084439749191,1.0,0.0,0.0,0.0,0.0,35.861683638491044,35.994540144237305,43.080139069129196,37.79756551963686,49.97500000000007,49.97500000000007,49.97500000000007,49.97500000000007
2025-12-22T17:43:53.625409,20.000,383.638744036445,6825.890501455377,173.03562005821507,4100,1500,1520,40.0,35.0,20.0,6825.890501455377,129.7767150436613,1500,1520,800,0,0,173.03562005821507,173.03562005821507,86.51781002910754,0.0,4100,4200,390.0,129.7767150436613,32.000000000000014,25.0,25.0,-0.5440211108894324,-0.8390715290764119,1.0,0.0,0.0,0.0,0.0,40.89199215447885,41.31673051876522,44.98830932113832,37.422887332398304,50.00000000000007,50.00000000000007,50.00000000000007,50.00000000000007
2025-12-22T17:43:53.678530,20.050,383.51255793149966,6864.3998186686385,174.57599274674553,4100,1500,1520,40.0,35.0,20.0,6864.3998186686385,130.93199456005914,1500,1520,800,0,0,174.57599274674553,174.57599274674553,87.28799637337276,0.0,4100,4200,390.0,130.93199456005914,32.00500000000002,25.0,25.0,-0.5648257163596917,-0.8252102217851892,1.0,0.0,0.0,0.0,0.0,38.68887234218877,36.949175005905424,35.03473001730873,38.60511371547908,50.02500000000008,50.02500000000008,50.02500000000008,50.02500000000008
2025-12-22T17:43:53.729534,20.100,383.04978584626804,6898.249107295883,175.92996429183532,4100,1500,1520,40.0,35.0,20.0,6898.249107295883,131.9474732188765,1500,1520,800,0,0,175.92996429183532,175.92996429183532,87.96498214591766,0.0,4100,4200,390.0,131.9474732188765,32.01000000000001,25.0,25.0,-0.5852773241430969,-0.810833184967103,0.9999999999999999,0.0,0.0,0.0,0.0,44.61172511253354,37.48728069416173,38.766264891057475,42.15894589054872,50.050000000000075,50.050000000000075,50.050000000000075,50.050000000000075
2025-12-22T17:43:53.779614,20.150,383.0501829532328,6927.353761743912,177.09415046975653,4100,1500,1520,40.0,35.0,20.0,6927.353761743912,132.8206128523174,1500,1520,800,0,0,177.09415046975653,177.09415046975653,88.54707523487826,0.0,4100,4200,390.0,132.8206128523174,32.015000000000015,25.0,25.0,-0.605363152650512,-0.7959494038021719,1.0,0.0,0.0,0.0,0.0,36.43646639078655,41.217608105184475,39.93290220942038,40.89916196522415,50.075000000000074,50.075000000000074,50.075000000000074,50.075000000000074
2025-12-22T17:43:53.829925,20.200,383.4456278980278,6951.641035534018,178.0656414213607,4100,1500,1520,40.0,35.0,20.0,6951.641035534018,133.54923106602052,1500,1520,800,0,0,178.0656414213607,178.0656414213607,89.03282071068035,0.0,4100,4200,390.0,133.54923106602052,32.02000000000002,25.0,25.0,-0.6250706488929417,-0.780568180169136,1.0,0.0,0.0,0.0,0.0,37.92213552250435,39.59390949260274,42.90329728215015,42.71510377373467,50.10000000000008,50.10000000000008,50.10000000000008,50.10000000000008
2025-12-22T17:43:53.880528,20.250,383.28751467629274,6971.050223130291,178.84200892521164,4100,1500,1520,40.0,35.0,20.0,6971.050223130291,134.13150669390873,1500,1520,800,0,0,178.84200892521164,178.84200892521164,89.42100446260582,0.0,4100,4200,390.0,134.13150669390873,32.02500000000001,25.0,25.0,-0.6443874963267413,-0.7646991268320855,1.0,0.0,0.0,0.0,0.0,40.499439402411,39.445988379281076,41.72348372242722,40.88581112472248,50.12500000000008,50.12500000000008,50.12500000000008,50.12500000000008
2025-12-22T17:43:53.930809,20.300,382.9821352488978,6985.532811671851,179.42131246687404,4100,1500,1520,40.0,35.0,20.0,6985.532811671851,134.56598435015553,1500,1520,800,0,0,179.42131246687404,179.42131246687404,89.71065623343702,0.0,4100,4200,390.0,134.56598435015553,32.030000000000015,25.0,25.0,-0.6633016225510552,-0.7483521614327959,0.9999999999999999,0.0,0.0,0.0,0.0,37.73950842596566,38.420217321982015,39.93142393249312,41.78605384570392,50.15000000000008,50.15000000000008,50.15000000000008,50.15000000000008
2025-12-22T17:43:53.982049,20.350,382.77170754383707,6995.05260222973,179.80210408918919,4100,1500,1520,40.0,35.0,20.0,6995.05260222973,134.85157806689188,1500,1520,800,0,0,179.80210408918919,179.80210408918919,89.90105204459459,0.0,4100,4200,390.0,134.85157806689188,32.03500000000002,25.0,25.0,-0.6818012068526744,-0.7315375002925254,0.9999999999999999,0.0,0.0,0.0,0.0,37.99063910161623,40.585862430965705,36.63022325555627,40.77699582805951,50.175000000000075,50.175000000000075,50.175000000000075,50.175000000000075
2025-12-22T17:43:54.034190,20.400,383.2411871029175,6999.585800285345,179.9834320114138,4100,1500,1520,40.0,35.0,20.0,6999.585800285345,134.98757400856036,1500,1520,800,0,0,179.9834320114138,179.9834320114138,89.9917160057069,0.0,4100,4200,390.0,134.98757400856036,32.04000000000001,25.0,25.0,-0.6998746875935982,-0.7142656520271455,1.0,0.0,0.0,0.0,0.0,40.51425977045676,44.75973131211225,42.04933262013616,43.39354367300119,50.200000000000074,50.200000000000074,50.200000000000074,50.200000000000074
2025-12-22T17:43:54.085728,20.450,382.78799874243947,6999.1210752044,179.964843008176,4100,1500,1520,40.0,35.0,20.0,6999.1210752044,134.973632256132,1500,1520,800,0,0,179.964843008176,179.964843008176,89.982421504088,0.0,4100,4200,390.0,134.973632256132,32.045000000000016,25.0,25.0,-0.7175107694366804,-0.6965474109795993,0.9999999999999999,0.0,0.0,0.0,0.0,43.07627210027971,42.08047711188295,38.106373327392554,44.01131766596258,50.22500000000008,50.22500000000008,50.22500000000008,50.22500000000008
2025-12-22T17:43:54.137308,20.500,382.8603931903285,6993.659588557573,179.74638354230296,4100,1500,1520,40.0,35.0,20.0,6993.659588557573,134.80978765672722,1500,1520,800,0,0,179.74638354230296,179.74638354230296,89.87319177115148,0.0,4100,4200,390.0,134.80978765672722,32.05000000000002,25.0,25.0,-0.7346984304048485,-0.6783938504737879,1.0,0.0,0.0,0.0,0.0,42.29321067153854,44.92604385014092,39.060152112327906,36.60330608472804,50.25000000000008,50.25000000000008,50.25000000000008,50.25000000000008
2025-12-22T17:43:54.189830,20.550,383.1809642479839,6983.214991217195,179.32859964868783,4100,1500,1520,40.0,35.0,20.0,6983.214991217195,134.49644973651587,1500,1520,800,0,0,179.32859964868783,179.32859964868783,89.66429982434391,0.0,4100,4200,390.0,134.49644973651587,32.055000000000014,25.0,25.0,-0.7514269287694798,-0.6598163158941034,1.0,0.0,0.0,0.0,0.0,36.734749407490995,40.395354391659886,41.88119661227144,43.14408936101907,50.27500000000008,50.27500000000008,50.27500000000008,50.27500000000008
2025-12-22T17:43:54.242370,20.600,383.6174166433387,6967.813389237176,178.71253556948704,4100,1500,1520,40.0,35.0,20.0,6967.813389237176,134.03440167711528,1500,1520,800,0,0,178.71253556948704,178.71253556948704,89.35626778474352,0.0,4100,4200,390.0,134.03440167711528,32.06000000000002,25.0,25.0,-0.7676858097636325,-0.6408264175949333,1.0,0.0,0.0,0.0,0.0,36.03399147268362,35.49932956828686,40.18000840144784,44.98855185821998,50.30000000000008,50.30000000000008,50.30000000000008,50.30000000000008
2025-12-22T17:43:54.292568,20.650,383.39004371662975,6947.493278601466,177.89973114405865,4100,1500,1520,40.0,35.0,20.0,6947.493278601466,133.42479835804397,1500,1520,800,0,0,177.89973114405865,177.89973114405865,88.94986557202932,0.0,4100,4200,390.0,133.42479835804397,32.06500000000002,25.0,25.0,-0.7834649121159348,-0.6214360236445667,1.0,0.0,0.0,0.0,0.0,43.690814454710626,41.14450717742461,42.09671527052978,41.19034752983719,50.32500000000008,50.32500000000008,50.32500000000008,50.32500000000008
2025-12-22T17:43:54.343337,20.700,383.3739284937386,6922.305449004145,176.8922179601658,4100,1500,1520,40.0,35.0,20.0,6922.305449004145,132.66916347012435,1500,1520,800,0,0,176.8922179601658,176.8922179601658,88.4461089800829,0.0,4100,4200,390.0,132.66916347012435,32.070000000000014,25.0,25.0,-0.7987543744010485,-0.6016572524080381,1.0,0.0,0.0,0.0,0.0,41.84670135628576,44.94299706178962,41.568779706502944,36.15915336656305,50.35000000000008,50.35000000000008,50.35000000000008,50.35000000000008
2025-12-22T17:43:54.393762,20.750,383.026475671196,6892.312856901638,175.69251427606554,4100,1500,1520,40.0,35.0,20.0,6892.312856901638,131.76938570704914,1500,1520,800,0,0,175.69251427606554,175.69251427606554,87.84625713803277,0.0,4100,4200,390.0,131.76938570704914,32.07500000000002,25.0,25.0,-0.8135446412027387,-0.5815024649735434,1.0,0.0,0.0,0.0,0.0,36.06817498602212,36.12782475220983,42.551297455067036,43.226123813508934,50.37500000000008,50.37500000000008,50.37500000000008,50.37500000000008
2025-12-22T17:43:54.454365,20.800,383.4447761103601,6857.5904681543625,174.30361872617448,4100,1500,1520,40.0,35.0,20.0,6857.5904681543625,130.72771404463086,1500,1520,800,0,0,174.30361872617448,174.30361872617448,87.15180936308724,0.0,4100,4200,390.0,130.72771404463086,32.08000000000001,25.0,25.0,-0.8278264690856985,-0.5609842574271626,1.0,0.0,0.0,0.0,0.0,42.70763078308787,44.684975356239306,42.29737122886461,37.76745612799634,50.40000000000008,50.40000000000008,50.40000000000008,50.40000000000008
2025-12-22T17:43:54.509823,20.850,383.9043870793365,6818.225070651115,172.7290028260446,4100,1500,1520,40.0,35.0,20.0,6818.225070651115,129.54675211953344,1500,1520,800,0,0,172.7290028260446,172.7290028260446,86.3645014130223,0.0,4100,4200,390.0,129.54675211953344,32.085000000000015,25.0,25.0,-0.8415909323723946,-0.5401154529807156,1.0,0.0,0.0,0.0,0.0,38.1809156093123,40.176104239384756,35.05225463791946,41.284981766464405,50.42500000000008,50.42500000000008,50.42500000000008,50.42500000000008
2025-12-22T17:43:54.562353,20.900,383.24997667347463,6774.315057384551,170.97260229538205,4100,1500,1520,40.0,35.0,20.0,6774.315057384551,128.22945172153652,1500,1520,800,0,0,170.97260229538205,170.97260229538205,85.48630114769102,0.0,4100,4200,390.0,128.22945172153652,32.09000000000002,25.0,25.0,-0.8548294287213252,-0.5189090939576727,1.0,0.0,0.0,0.0,0.0,35.01899030297444,41.74487880765476,36.02065531795038,35.04274374200714,50.45000000000008,50.45000000000008,50.45000000000008,50.45000000000008
2025-12-22T17:43:54.613373,20.950,383.22614523449727,6725.970180519946,169.03880722079782,4100,1500,1520,40.0,35.0,20.0,6725.970180519946,126.77910541559837,1500,1520,800,0,0,169.03880722079782,169.03880722079782,84.51940361039891,0.0,4100,4200,390.0,126.77910541559837,32.09500000000001,25.0,25.0,-0.8675336845032041,-0.4973784336421264,1.0,0.0,0.0,0.0,0.0,44.558249837865155,43.09391925634332,40.61663120847928,42.34703620798944,50.47500000000008,50.47500000000008,50.47500000000008,50.47500000000008
2025-12-22T17:43:54.676250,21.000,383.70906656876207,6673.311277071933,166.93245108287732,4100,1500,1520,40.0,35.0,20.0,6673.311277071933,125.19933831215799,1500,1520,800,0,0,166.93245108287732,166.93245108287732,83.46622554143866,0.0,4100,4200,390.0,125.19933831215799,32.100000000000016,25.0,25.0,-0.8796957599717089,-0.4755369279959206,0.9999999999999999,0.0,0.0,0.0,0.0,35.428633387942966,41.22613898261786,37.009084389519344,42.05030576425092,50.500000000000085,50.500000000000085,50.500000000000085,50.500000000000085
2025-12-22T17:43:54.727266,21.050,383.7850049613965,6616.469966874908,164.65879867499632,4100,1500,1520,40.0,35.0,20.0,6616.469966874908,123.49409900624724,1500,1520,800,0,0,164.65879867499632,164.65879867499632,82.32939933749816,0.0,4100,4200,390.0,123.49409900624724,32.10500000000002,25.0,25.0,-0.8913080542255646,-0.45339822724911266,1.0,0.0,0.0,0.0,0.0,35.42469253139294,44.585303016884446,40.547993689994165,40.928224922076055,50.525000000000084,50.525000000000084,50.525000000000084,50.525000000000084
2025-12-22T17:43:54.779927,21.100,383.4393944492749,6555.58832360198,162.2235329440792,4100,1500,1520,40.0,35.0,20.0,6555.58832360198,121.6676497080594,1500,1520,800,0,0,162.2235329440792,162.2235329440792,81.1117664720396,0.0,4100,4200,390.0,121.66764970805939,32.110000000000014,25.0,25.0,-0.9023633099588588,-0.4309761673690234,1.0,0.0,0.0,0.0,0.0,35.136246964080655,38.62078587665327,35.42767317401456,41.49922206984874,50.55000000000008,50.55000000000008,50.55000000000008,50.55000000000008
2025-12-22T17:43:54.830934,21.150,383.7381370208239,6490.818519654786,159.63274078619142,4100,1500,1520,40.0,35.0,20.0,6490.818519654786,119.72455558964356,1500,1520,800,0,0,159.63274078619142,159.63274078619142,79.81637039309571,0.0,4100,4200,390.0,119.72455558964357,32.115000000000016,25.0,25.0,-0.9128546179966225,-0.4082847614132083,1.0,0.0,0.0,0.0,0.0,42.37864014402624,39.29931815314159,36.07579593786573,39.86356348678317,50.57500000000008,50.57500000000008,50.57500000000008,50.57500000000008
2025-12-22T17:43:54.881471,21.200,383.96243593960395,6422.32244581173,156.8928978324692,4100,1500,1520,40.0,35.0,20.0,6422.32244581173,117.6696733743519,1500,1520,800,0,0,156.8928978324692,156.8928978324692,78.4464489162346,0.0,4100,4200,390.0,117.6696733743519,32.12000000000002,25.0,25.0,-0.9227754216128388,-0.38533819077175263,1.0,0.0,0.0,0.0,0.0,44.17386778972721,39.48950422780356,44.90714943431885,38.59253936530939,50.60000000000008,50.60000000000008,50.60000000000008,50.60000000000008
2025-12-22T17:43:54.933361,21.250,383.79261199001456,6350.271306585356,154.01085226341422,4100,1500,1520,40.0,35.0,20.0,6350.271306585356,115.50813919756067,1500,1520,800,0,0,154.01085226341422,154.01085226341422,77.00542613170711,0.0,4100,4200,390.0,115.50813919756067,32.125000000000014,25.0,25.0,-0.9321195206281837,-0.3621507963043642,1.0,0.0,0.0,0.0,0.0,41.506882276559956,38.18654893446056,42.93545167798465,42.08343124785193,50.625000000000085,50.625000000000085,50.625000000000085,50.625000000000085
2025-12-22T17:43:54.985875,21.300,383.9853842769638,6274.84519230022,150.99380769200883,4100,1500,1520,40.0,35.0,20.0,6274.84519230022,113.24535576900662,1500,1520,800,0,0,150.99380769200883,150.99380769200883,75.49690384600441,0.0,4100,4200,390.0,113.24535576900662,32.13000000000002,25.0,25.0,-0.9408810752849361,-0.3387370693778028,1.0,0.0,0.0,0.0,0.0,42.61091834744818,43.702674174531765,42.719950209523184,38.14660326750118,50.650000000000084,50.650000000000084,50.650000000000084,50.650000000000084
2025-12-22T17:43:55.038395,21.350,384.07711586123554,6196.232628960875,147.84930515843504,4100,1500,1520,40.0,35.0,20.0,6196.232628960875,110.88697886882628,1500,1520,800,0,0,147.84930515843504,147.84930515843504,73.92465257921752,0.0,4100,4200,390.0,110.88697886882628,32.13500000000002,25.0,25.0,-0.9490546098966366,-0.31511164280924786,1.0,0.0,0.0,0.0,0.0,43.977392752275605,35.09803667617116,41.332652380218995,40.9526623738784,50.67500000000008,50.67500000000008,50.67500000000008,50.67500000000008
2025-12-22T17:43:55.092472,21.400,384.55302190414744,6114.63010703504,144.5852042814016,4100,1500,1520,40.0,35.0,20.0,6114.63010703504,108.43890321105118,1500,1520,800,0,0,144.5852042814016,144.5852042814016,72.2926021407008,0.0,4100,4200,390.0,108.43890321105118,32.140000000000015,25.0,25.0,-0.9566350162702127,-0.29128928172126395,1.0,0.0,0.0,0.0,0.0,36.57763693609432,35.58502563924306,35.11565311599297,44.48574676014243,50.70000000000009,50.70000000000009,50.70000000000009,50.70000000000009
2025-12-22T17:43:55.145023,21.450,384.27069954214255,6030.241590329753,141.20966361319014,4100,1500,1520,40.0,35.0,20.0,6030.241590329753,105.9072477098926,1500,1520,800,0,0,141.20966361319014,141.20966361319014,70.60483180659507,0.0,4100,4200,390.0,105.90724770989259,32.14500000000002,25.0,25.0,-0.963617556898434,-0.26728487431407966,1.0,0.0,0.0,0.0,0.0,39.629107119538624,39.79268929124915,36.80016413462208,43.19194449353701,50.72500000000009,50.72500000000009,50.72500000000009,50.72500000000009
2025-12-22T17:43:55.196041,21.500,384.5000475503746,5943.278006188091,137.73112024752368,4100,1500,1520,40.0,35.0,20.0,5943.278006188091,103.29834018564276,1500,1520,800,0,0,137.73112024752368,137.73112024752368,68.86556012376184,0.0,4100,4200,390.0,103.29834018564274,32.15000000000002,25.0,25.0,-0.9699978679206992,-0.24311342256094728,0.9999999999999999,0.0,0.0,0.0,0.0,42.211109390678914,42.449654843944174,37.510012901050885,42.81129107317547,50.750000000000085,50.750000000000085,50.750000000000085,50.750000000000085
2025-12-22T17:43:55.246556,21.550,385.07295854921125,5853.956718280649,134.15826873122592,4100,1500,1520,40.0,35.0,20.0,5853.956718280649,100.61870154841944,1500,1520,800,0,0,134.15826873122592,134.15826873122592,67.07913436561296,0.0,4100,4200,390.0,100.61870154841944,32.155000000000015,25.0,25.0,-0.9757719618503077,-0.21879003283239784,1.0,0.0,0.0,0.0,0.0,42.753062668570806,43.46152839724058,37.82097417485608,37.983220801179655,50.775000000000084,50.775000000000084,50.775000000000084,50.775000000000084
2025-12-22T17:43:55.297168,21.600,384.6467786067066,5762.500983309565,130.50003933238258,4100,1500,1520,40.0,35.0,20.0,5762.500983309565,97.87502949928694,1500,1520,800,0,0,130.50003933238258,130.50003933238258,65.25001966619129,0.0,4100,4200,390.0,97.87502949928694,32.16000000000002,25.0,25.0,-0.9809362300665081,-0.19432990645525117,1.0,0.0,0.0,0.0,0.0,37.97350635690378,43.43179671913067,42.497373521504706,43.49938538721806,50.80000000000008,50.80000000000008,50.80000000000008,50.80000000000008
2025-12-22T17:43:55.348179,21.650,385.6182617557722,5669.139392983044,126.76557571932173,4100,1500,1520,40.0,35.0,20.0,5669.139392983044,95.07418178949129,1500,1520,800,0,0,126.76557571932173,126.76557571932173,63.382787859660866,0.0,4100,4200,390.0,95.07418178949129,32.16500000000002,25.0,25.0,-0.9854874450697696,-0.16974833021228145,0.9999999999999999,0.0,0.0,0.0,0.0,38.53848394992576,37.04869868068782,38.40484045738985,37.262192084196265,50.82500000000009,50.82500000000009,50.82500000000009,50.82500000000009
2025-12-22T17:43:55.398744,21.700,384.95269449414747,5574.1053026551235,122.96421210620494,4100,1500,1520,40.0,35.0,20.0,5574.1053026551235,92.2231590796537,1500,1520,800,0,0,122.96421210620494,122.96421210620494,61.48210605310247,0.0,4100,4200,390.0,92.2231590796537,32.170000000000016,25.0,25.0,-0.9894227624988636,-0.14506066678847576,0.9999999999999999,0.0,0.0,0.0,0.0,36.506894684200375,35.79576952142533,41.23377202996183,36.3679351532662,50.85000000000009,50.85000000000009,50.85000000000009,50.85000000000009
2025-12-22T17:43:55.449240,21.750,385.10273432494324,5477.636248058828,119.1054499223531,4100,1500,1520,40.0,35.0,20.0,5477.636248058828,89.32908744176483,1500,1520,800,0,0,119.1054499223531,119.1054499223531,59.55272496117655,0.0,4100,4200,390.0,89.32908744176483,32.17500000000002,25.0,25.0,-0.9927397229084971,-0.12028234516985578,1.0,0.0,0.0,0.0,0.0,42.05556138270986,36.528308312372104,35.20412596424618,38.82795729620059,50.875000000000085,50.875000000000085,50.875000000000085,50.875000000000085
2025-12-22T17:43:55.500950,21.800,385.2142580870977,5379.973351590534,115.19893406362135,4100,1500,1520,40.0,35.0,20.0,5379.973351590534,86.39920054771602,1500,1520,800,0,0,115.19893406362135,115.19893406362135,57.599467031810676,0.0,4100,4200,390.0,86.39920054771602,32.18000000000002,25.0,25.0,-0.9954362533063857,-0.09542885100086401,1.0,0.0,0.0,0.0,0.0,35.00511511950672,43.230934662802106,43.341524307121524,40.32002821537299,50.90000000000009,50.90000000000009,50.90000000000009,50.90000000000009
2025-12-22T17:43:55.553131,21.850,385.36722074157484,5281.36071962956,111.25442878518238,4100,1500,1520,40.0,35.0,20.0,5281.36071962956,83.44082158888679,1500,1520,800,0,0,111.25442878518238,111.25442878518238,55.62721439259119,0.0,4100,4200,390.0,83.44082158888679,32.18500000000002,25.0,25.0,-0.9975106684488065,-0.07051571690633988,0.9999999999999999,0.0,0.0,0.0,0.0,39.45559162430132,44.17251853351428,35.1244053983759,39.45172435330902,50.92500000000009,50.92500000000009,50.92500000000009,50.92500000000009
2025-12-22T17:43:55.613692,21.900,385.9546612232156,5182.044832399342,107.28179329597367,4100,1500,1520,40.0,35.0,20.0,5182.044832399342,80.46134497198025,1500,1520,800,0,0,107.28179329597367,107.28179329597367,53.640896647986835,0.0,4100,4200,390.0,80.46134497198025,32.19000000000002,25.0,25.0,-0.9989616718938209,-0.045558512784134975,1.0,0.0,0.0,0.0,0.0,42.39636961111898,38.98784069019256,38.53072915886989,36.15382161258198,50.95000000000009,50.95000000000009,50.95000000000009,50.95000000000009
2025-12-22T17:43:55.668243,21.950,386.5627415406373,5082.273927895242,103.29095711580968,4100,1500,1520,40.0,35.0,20.0,5082.273927895242,77.46821783685726,1500,1520,800,0,0,103.29095711580968,103.29095711580968,51.64547855790484,0.0,4100,4200,390.0,77.46821783685726,32.195000000000014,25.0,25.0,-0.9997883568115076,-0.020572836074433585,0.9999999999999999,0.0,0.0,0.0,0.0,35.87663781108034,41.43508236948318,42.870475621318285,39.59101644574154,50.97500000000009,50.97500000000009,50.97500000000009,50.97500000000009
2025-12-22T17:43:55.719777,22.000,386.65595561944826,4982.297381418837,99.29189525675348,4100,1500,1520,40.0,35.0,20.0,4982.297381418837,74.4689214425651,1500,1520,800,0,0,99.29189525675348,99.29189525675348,49.64594762837674,0.0,4100,4200,390.0,74.4689214425651,32.20000000000002,25.0,25.0,-0.999990206550703,0.004425697988139602,0.9999999999999999,0.0,0.0,0.0,0.0,35.27671418383881,42.154895812900335,35.19129311032761,40.962395051967746,51.000000000000085,51.000000000000085,51.000000000000085,51.000000000000085
2025-12-22T17:43:55.770294,22.050,386.3470660890105,4882.36508226954,95.29460329078158,4100,1500,1520,40.0,35.0,20.0,4882.36508226954,71.47095246808618,1500,1520,800,0,0,95.29460329078158,95.29460329078158,47.64730164539079,0.0,4100,4200,390.0,71.47095246808618,32.20500000000002,25.0,25.0,-0.9995670949618907,0.029421466133532893,1.0,0.0,0.0,0.0,0.0,40.4731056782224,37.35199826631329,41.27730456703089,41.14272891672057,51.02500000000009,51.02500000000009,51.02500000000009,51.02500000000009
2025-12-22T17:43:55.821839,22.100,386.2079062219413,4782.726809151487,91.3090723660595,4100,1500,1520,40.0,35.0,20.0,4782.726809151487,68.48180427454463,1500,1520,800,0,0,91.3090723660595,91.3090723660595,45.65453618302975,0.0,4100,4200,390.0,68.48180427454463,32.210000000000015,25.0,25.0,-0.9985192864760406,0.05439884682030279,1.0,0.0,0.0,0.0,0.0,39.687294279091724,44.08405032609157,43.74570127390781,40.62593386437288,51.05000000000009,51.05000000000009,51.05000000000009,51.05000000000009
2025-12-22T17:43:55.872843,22.150,386.31242933562595,4683.631605856866,87.34526423427464,4100,1500,1520,40.0,35.0,20.0,4683.631605856866,65.50894817570598,1500,1520,800,0,0,87.34526423427464,87.34526423427464,43.67263211713732,0.0,4100,4200,390.0,65.50894817570598,32.21500000000002,25.0,25.0,-0.9968474359393489,0.0793422299985689,1.0,0.0,0.0,0.0,0.0,39.37278872254324,38.42449395209535,44.840573546825276,44.45765195590913,51.07500000000009,51.07500000000009,51.07500000000009,51.07500000000009
2025-12-22T17:43:55.923362,22.200,386.4061118111987,4585.327158786128,83.41308635144512,4100,1500,1520,40.0,35.0,20.0,4585.327158786128,62.55981476358384,1500,1520,800,0,0,83.41308635144512,83.41308635144512,41.70654317572256,0.0,4100,4200,390.0,62.55981476358384,32.22000000000002,25.0,25.0,-0.9945525882039797,0.10423602686578698,1.0,0.0,0.0,0.0,0.0,39.04756862680675,44.21220282614979,39.81249575791989,43.736235045370584,51.100000000000094,51.100000000000094,51.100000000000094,51.100000000000094
2025-12-22T17:43:55.988419,22.250,387.43959313162503,4488.059177860983,79.52236711443935,4100,1500,1520,40.0,35.0,20.0,4488.059177860983,59.64177533582951,1500,1520,800,0,0,79.52236711443935,79.52236711443935,39.761183557219674,0.0,4100,4200,390.0,59.64177533582951,32.225000000000016,25.0,25.0,-0.9916361774750674,0.1290646796092431,0.9999999999999999,0.0,0.0,0.0,0.0,41.27136729762796,43.079600946822204,43.64821440736354,35.117061484654386,51.12500000000009,51.12500000000009,51.12500000000009,51.12500000000009
2025-12-22T17:43:56.038934,22.300,386.8198105067068,4392.070782377561,75.68283129510243,4100,1500,1520,40.0,35.0,20.0,4392.070782377561,56.762123471326824,1500,1520,800,0,0,75.68283129510243,75.68283129510243,37.841415647551216,0.0,4100,4200,390.0,56.762123471326824,32.23000000000002,25.0,25.0,-0.9881000264143842,0.1538126711291801,1.0,0.0,0.0,0.0,0.0,41.95249326021889,41.84590140359158,42.760973507301856,40.221986285011745,51.15000000000009,51.15000000000009,51.15000000000009,51.15000000000009
2025-12-22T17:43:56.089460,22.350,387.0245436163995,4297.601893334778,71.90407573339111,4100,1500,1520,40.0,35.0,20.0,4297.601893334778,53.928056800043336,1500,1520,800,0,0,71.90407573339111,71.90407573339111,35.952037866695555,0.0,4100,4200,390.0,53.928056800043336,32.23500000000002,25.0,25.0,-0.9839463450012362,0.17846453473647994,1.0,0.0,0.0,0.0,0.0,38.03158787353724,38.16452246991248,37.10831979631862,44.27825361611014,51.17500000000009,51.17500000000009,51.17500000000009,51.17500000000009
2025-12-22T17:43:56.145996,22.400,387.27607849564373,4204.888633756796,68.1955453502718,4100,1500,1520,40.0,35.0,20.0,4204.888633756796,51.14665901270385,1500,1520,800,0,0,68.1955453502718,68.1955453502718,34.0977726751359,0.0,4100,4200,390.0,51.14665901270385,32.240000000000016,25.0,25.0,-0.9791777291512986,0.20300486381884084,1.0,0.0,0.0,0.0,0.0,41.62417762301701,39.094473119454605,42.48845805069478,35.59566992529834,51.20000000000009,51.20000000000009,51.20000000000009,51.20000000000009
2025-12-22T17:43:56.197518,22.450,387.43023407355327,4114.162738508426,64.56650954033705,4100,1500,1520,40.0,35.0,20.0,4114.162738508426,48.42488215525279,1500,1520,800,0,0,64.56650954033705,64.56650954033705,32.283254770168526,0.0,4100,4200,390.0,48.42488215525279,32.24500000000002,25.0,25.0,-0.9737971590942525,0.22741832146940857,1.0,0.0,0.0,0.0,0.0,36.127280544636015,35.73767774136711,40.109032788534115,41.63949842961393,51.225000000000094,51.225000000000094,51.225000000000094,51.225000000000094
2025-12-22T17:43:56.250052,22.500,387.2978928645571,4025.650975078658,61.02603900314633,4100,1500,1520,40.0,35.0,20.0,4025.650975078658,45.769529252359746,1500,1520,800,0,0,61.02603900314633,61.02603900314633,30.513019501573165,0.0,4100,4200,390.0,45.769529252359746,32.25000000000002,25.0,25.0,-0.9678079975112381,0.2516896500718438,0.9999999999999999,0.0,0.0,0.0,0.0,37.13628363347353,42.807024027477716,41.858541055573454,41.820347719188334,51.25000000000009,51.25000000000009,51.25000000000009,51.25000000000009
2025-12-22T17:43:56.301589,22.550,387.52179187441766,3939.574576780031,57.58298307120124,4100,1500,1520,40.0,35.0,20.0,3939.574576780031,43.187237303400934,1500,1520,800,0,0,57.58298307120124,57.58298307120124,28.79149153560062,0.0,4100,4200,390.0,43.187237303400934,32.25500000000002,25.0,25.0,-0.9612139874332897,0.27580368083583595,1.0,0.0,0.0,0.0,0.0,38.40953953080528,42.04293422459733,40.684603518633324,35.66784199934016,51.27500000000009,51.27500000000009,51.27500000000009,51.27500000000009
2025-12-22T17:43:56.352631,22.600,388.24888125434427,3856.148689780569,54.24594759122277,4100,1500,1520,40.0,35.0,20.0,3856.148689780569,40.68446069341708,1500,1520,800,0,0,54.24594759122277,54.24594759122277,27.122973795611387,0.0,4100,4200,390.0,40.68446069341708,32.26000000000002,25.0,25.0,-0.9540192499020613,0.299745343277103,1.0,0.0,0.0,0.0,0.0,38.40865549299417,37.86052932634821,42.91537897943863,38.77789778974678,51.3000000000001,51.3000000000001,51.3000000000001,51.3000000000001
2025-12-22T17:43:56.403766,22.650,388.50637149247854,3775.581835350409,51.02327341401637,4100,1500,1520,40.0,35.0,20.0,3775.581835350409,38.267455060512276,1500,1520,800,0,0,51.02327341401637,51.02327341401637,25.511636707008186,0.0,4100,4200,390.0,38.267455060512276,32.26500000000002,25.0,25.0,-0.9462282813943113,0.323499674635954,1.0,0.0,0.0,0.0,0.0,44.68852051148965,39.809702452207134,38.42173959716154,39.60679106047462,51.325000000000095,51.325000000000095,51.325000000000095,51.325000000000095
2025-12-22T17:43:56.454305,22.700,388.18188038127835,3698.0753886672205,47.923015546688816,4100,1500,1520,40.0,35.0,20.0,3698.0753886672205,35.94226166001661,1500,1520,800,0,0,47.923015546688816,47.923015546688816,23.961507773344408,0.0,4100,4200,390.0,35.94226166001661,32.27000000000002,25.0,25.0,-0.93784595101175,0.34705182922852656,1.0,0.0,0.0,0.0,0.0,35.53533005608193,39.491023638163696,36.5306970535758,35.579946965284684,51.350000000000094,51.350000000000094,51.350000000000094,51.350000000000094
2025-12-22T17:43:56.505843,22.750,388.4508978309143,3623.823075483133,44.95292301932531,4100,1500,1520,40.0,35.0,20.0,3623.823075483133,33.71469226449398,1500,1520,800,0,0,44.95292301932531,44.95292301932531,22.476461509662656,0.0,4100,4200,390.0,33.71469226449398,32.27500000000002,25.0,25.0,-0.9288774974380097,0.37038708772485596,1.0,0.0,0.0,0.0,0.0,44.64839144260044,41.95402704020789,40.939645660088956,36.05555542953356,51.37500000000009,51.37500000000009,51.37500000000009,51.37500000000009
2025-12-22T17:43:56.562056,22.800,387.94533517801733,3553.01048791125,42.12041951645,4100,1500,1520,40.0,35.0,20.0,3553.01048791125,31.5903146373375,1500,1520,800,0,0,42.12041951645,42.12041951645,21.060209758225,0.0,4100,4200,390.0,31.590314637337496,32.280000000000015,25.0,25.0,-0.9193285256646386,0.3934908663479775,1.0,0.0,0.0,0.0,0.0,44.881633658830154,37.938398168134015,44.091109583112825,40.99685233490133,51.40000000000009,51.40000000000009,51.40000000000009,51.40000000000009
2025-12-22T17:43:56.612626,22.850,388.48829319278997,3485.814620542019,39.432584821680756,4100,1500,1520,40.0,35.0,20.0,3485.814620542019,29.574438616260565,1500,1520,800,0,0,39.432584821680756,39.432584821680756,19.716292410840378,0.0,4100,4200,390.0,29.57443861626057,32.28500000000002,25.0,25.0,-0.9092050034881624,0.4163487259883121,0.9999999999999999,0.0,0.0,0.0,0.0,41.95975043372084,38.797562676276726,44.11053263669777,41.55903722358129,51.4250000000001,51.4250000000001,51.4250000000001,51.4250000000001
2025-12-22T17:43:56.663690,22.900,389.0526236769638,3422.4034280489313,36.89613712195725,4100,1500,1520,40.0,35.0,20.0,3422.4034280489313,27.67210284146794,1500,1520,800,0,0,36.89613712195725,36.89613712195725,18.448068560978626,0.0,4100,4200,390.0,27.67210284146794,32.29000000000002,25.0,25.0,-0.8985132577804065,0.4389463812276401,1.0,0.0,0.0,0.0,0.0,38.50800973207911,35.5923693964947,36.6539548830761,43.591544090780985,51.450000000000095,51.450000000000095,51.450000000000095,51.450000000000095
2025-12-22T17:43:56.715710,22.950,389.12520009511707,3362.9354053893094,34.51741621557237,4100,1500,1520,40.0,35.0,20.0,3362.9354053893094,25.888062161679276,1500,1520,800,0,0,34.51741621557237,34.51741621557237,17.258708107786184,0.0,4100,4200,390.0,25.88806216167928,32.295000000000016,25.0,25.0,-0.887259970534407,0.4612697092670223,1.0,0.0,0.0,0.0,0.0,41.80077862879779,42.59182893692424,38.09613361529693,43.48938628163769,51.475000000000094,51.475000000000094,51.475000000000094,51.475000000000094
2025-12-22T17:43:56.767227,23.000,388.7386889070458,3307.559191649454,32.30236766597817,4100,1500,1520,40.0,35.0,20.0,3307.559191649454,24.226775749483625,1500,1520,800,0,0,32.30236766597817,32.30236766597817,16.151183832989084,0.0,4100,4200,390.0,24.226775749483625,32.30000000000002,25.0,25.0,-0.8754521746883822,0.48330475875308987,1.0,0.0,0.0,0.0,0.0,39.95429946676531,41.32176843831077,35.79868003548301,40.0856923708317,51.5000000000001,51.5000000000001,51.5000000000001,51.5000000000001
2025-12-22T17:43:56.817747,23.050,389.2860357876689,3256.413198524341,30.256527940973655,4100,1500,1520,40.0,35.0,20.0,3256.413198524341,22.69239595573024,1500,1520,800,0,0,30.256527940973655,30.256527940973655,15.128263970486827,0.0,4100,4200,390.0,22.69239595573024,32.30500000000002,25.0,25.0,-0.8630972497303756,0.5050377584971857,1.0,0.0,0.0,0.0,0.0,40.022081852959296,43.239874299298364,36.031974607825305,41.50477279026295,51.5250000000001,51.5250000000001,51.5250000000001,51.5250000000001
2025-12-22T17:43:56.868300,23.100,388.7108327756781,3209.6252643604657,28.385010574418615,4100,1500,1520,40.0,35.0,20.0,3209.6252643604657,21.28875793081396,1500,1520,800,0,0,28.385010574418615,28.385010574418615,14.192505287209308,0.0,4100,4200,390.0,21.28875793081396,32.31000000000002,25.0,25.0,-0.8502029170863158,0.5264551260819096,1.0,0.0,0.0,0.0,0.0,36.40130332514217,35.241136593831506,35.328039190562095,44.06828352139169,51.5500000000001,51.5500000000001,51.5500000000001,51.5500000000001
2025-12-22T17:43:56.918833,23.150,389.4167509861347,3167.31233462655,26.692493385062022,4100,1500,1520,40.0,35.0,20.0,3167.31233462655,20.019370038796517,1500,1520,800,0,0,26.692493385062022,26.692493385062022,13.346246692531011,0.0,4100,4200,390.0,20.019370038796517,32.31500000000002,25.0,25.0,-0.8367772352943766,0.5475434763496863,1.0,0.0,0.0,0.0,0.0,35.97095340150047,41.449217449223696,42.36194953687485,39.77588683811722,51.575000000000095,51.575000000000095,51.575000000000095,51.575000000000095
2025-12-22T17:43:56.969365,23.200,389.28507723962707,3129.5801696107837,25.18320678443135,4100,1500,1520,40.0,35.0,20.0,3129.5801696107837,18.88740508832351,1500,1520,800,0,0,25.18320678443135,25.18320678443135,12.591603392215674,0.0,4100,4200,390.0,18.88740508832351,32.32000000000002,25.0,25.0,-0.8228285949686532,0.568289629768054,0.9999999999999999,0.0,0.0,0.0,0.0,44.4450510511531,39.13749999264975,40.38476786471912,39.45147850165462,51.600000000000094,51.600000000000094,51.600000000000094,51.600000000000094
2025-12-22T17:43:57.019893,23.250,388.90325782243974,3096.5230800751733,23.86092320300692,4100,1500,1520,40.0,35.0,20.0,3096.5230800751733,17.89569240225519,1500,1520,800,0,0,23.86092320300692,23.86092320300692,11.93046160150346,0.0,4100,4200,390.0,17.89569240225519,32.32500000000002,25.0,25.0,-0.8083657135553015,0.5886806206664427,1.0,0.0,0.0,0.0,0.0,41.09635088367007,43.31015449963538,43.91703392929258,38.142664863641144,51.6250000000001,51.6250000000001,51.6250000000001,51.6250000000001
2025-12-22T17:43:57.071420,23.300,388.6596440589813,3068.223691527758,22.72894766111031,4100,1500,1520,40.0,35.0,20.0,3068.223691527758,17.046710745832733,1500,1520,800,0,0,22.72894766111031,22.72894766111031,11.364473830555156,0.0,4100,4200,390.0,17.046710745832733,32.33000000000002,25.0,25.0,-0.7933976298844175,0.6087037053392962,1.0,0.0,0.0,0.0,0.0,37.339716302204984,43.22755352995913,37.22829651533095,35.30301281358603,51.6500000000001,51.6500000000001,51.6500000000001,51.6500000000001
2025-12-22T17:43:57.121956,23.350,389.200960092078,3044.7527377018705,21.79010950807482,4100,1500,1520,40.0,35.0,20.0,3044.7527377018705,16.342582131056115,1500,1520,800,0,0,21.79010950807482,21.79010950807482,10.89505475403741,0.0,4100,4200,390.0,16.342582131056115,32.33500000000002,25.0,25.0,-0.7779336985210635,0.6283463700104737,1.0,0.0,0.0,0.0,0.0,43.646333369241475,42.16786525069412,36.62046467408812,41.7253353338302,51.6750000000001,51.6750000000001,51.6750000000001,51.6750000000001
2025-12-22T17:43:57.172498,23.400,389.1018583340116,3026.1688837586385,21.046755350345535,4100,1500,1520,40.0,35.0,20.0,3026.1688837586385,15.785066512759151,1500,1520,800,0,0,21.046755350345535,21.046755350345535,10.523377675172767,0.0,4100,4200,390.0,15.785066512759153,32.34000000000002,25.0,25.0,-0.7619835839189688,0.6475963386539517,0.9999999999999999,0.0,0.0,0.0,0.0,36.915376393765094,39.906300200357876,37.950782852338925,39.74106449203172,51.7000000000001,51.7000000000001,51.7000000000001,51.7000000000001
2025-12-22T17:43:57.223013,23.450,389.10338615656735,3012.518579654636,20.500743186185446,4100,1500,1520,40.0,35.0,20.0,3012.518579654636,15.375557389639084,1500,1520,800,0,0,20.500743186185446,20.500743186185446,10.250371593092723,0.0,4100,4200,390.0,15.375557389639084,32.34500000000002,25.0,25.0,-0.7455572543805612,0.666441580665942,1.0,0.0,0.0,0.0,0.0,43.57474069449566,37.57621032333693,35.65227553748203,38.005228071791535,51.7250000000001,51.7250000000001,51.7250000000001,51.7250000000001
2025-12-22T17:43:57.273543,23.500,388.82108496878953,3003.8359440411828,20.15343776164731,4100,1500,1520,40.0,35.0,20.0,3003.8359440411828,15.115078321235483,1500,1520,800,0,0,20.15343776164731,20.15343776164731,10.076718880823655,0.0,4100,4200,390.0,15.115078321235483,32.35000000000002,25.0,25.0,-0.7286649758271019,0.6848703183836258,0.9999999999999999,0.0,0.0,0.0,0.0,38.265505593174694,43.88032941435719,35.65044998138329,35.56909255666763,51.7500000000001,51.7500000000001,51.7500000000001,51.7500000000001
2025-12-22T17:43:57.324337,23.550,388.7808514416287,3000.142678985483,20.005707159419316,4100,1500,1520,40.0,35.0,20.0,3000.142678985483,15.004280369564487,1500,1520,800,0,0,20.005707159419316,20.005707159419316,10.002853579709658,0.0,4100,4200,390.0,15.004280369564487,32.35500000000002,25.0,25.0,-0.7113173053828195,0.7028710344458111,0.9999999999999999,0.0,0.0,0.0,0.0,36.685470959459224,41.754968608896725,40.09352893755125,36.24511548054844,51.7750000000001,51.7750000000001,51.7750000000001,51.7750000000001
2025-12-22T17:43:57.406892,23.600,389.1878922755675,3001.44801572676,20.057920629070395,4100,1500,1520,40.0,35.0,20.0,3001.44801572676,15.043440471802796,1500,1520,800,0,0,20.057920629070395,20.057920629070395,10.028960314535198,0.0,4100,4200,390.0,15.043440471802796,32.36000000000002,25.0,25.0,-0.6935250847770507,0.7204324789909077,1.0,0.0,0.0,0.0,0.0,35.03005408617598,38.79630022651729,37.708747571519424,40.21976012401003,51.8000000000001,51.8000000000001,51.8000000000001,51.8000000000001
2025-12-22T17:43:57.457905,23.650,388.83195629115755,3007.7486916029675,20.30994766411868,4100,1500,1520,40.0,35.0,20.0,3007.7486916029675,15.23246074808901,1500,1520,800,0,0,20.30994766411868,20.30994766411868,10.15497383205934,0.0,4100,4200,390.0,15.23246074808901,32.36500000000002,25.0,25.0,-0.6752994335685122,0.7375436766877244,0.9999999999999999,0.0,0.0,0.0,0.0,42.99224563293451,40.78521613349246,41.05042414637904,38.145448211274115,51.8250000000001,51.8250000000001,51.8250000000001,51.8250000000001
2025-12-22T17:43:57.508455,23.700,389.33663255183694,3019.028958205743,20.761158328229712,4100,1500,1520,40.0,35.0,20.0,3019.028958205743,15.570868746172284,1500,1520,800,0,0,20.761158328229712,20.761158328229712,10.380579164114856,0.0,4100,4200,390.0,15.570868746172284,32.37000000000002,25.0,25.0,-0.6566517421959389,0.7541939335946943,1.0,0.0,0.0,0.0,0.0,40.784522882692436,38.75622272744898,38.15846520512746,41.950611122531626,51.8500000000001,51.8500000000001,51.8500000000001,51.8500000000001
2025-12-22T17:43:57.559849,23.750,389.4603680717281,3035.260620743229,21.410424829729166,4100,1500,1520,40.0,35.0,20.0,3035.260620743229,16.057818622296875,1500,1520,800,0,0,21.410424829729166,21.410424829729166,10.705212414864583,0.0,4100,4200,390.0,16.057818622296875,32.37500000000002,25.0,25.0,-0.63759366485943,0.7703728438432399,1.0,0.0,0.0,0.0,0.0,41.16616736812862,38.86487623658475,36.084173402831865,37.57749608218252,51.8750000000001,51.8750000000001,51.8750000000001,51.8750000000001
2025-12-22T17:43:57.610464,23.800,389.1741238944061,3056.403108512369,22.25612434049475,4100,1500,1520,40.0,35.0,20.0,3056.403108512369,16.692093255371063,1500,1520,800,0,0,22.25612434049475,22.25612434049475,11.128062170247375,0.0,4100,4200,390.0,16.692093255371063,32.380000000000024,25.0,25.0,-0.6181371122369537,0.7860702961411019,0.9999999999999999,0.0,0.0,0.0,0.0,38.809701785385236,42.66475320952253,39.237108027374276,38.30351010607192,51.900000000000105,51.900000000000105,51.900000000000105,51.900000000000105
2025-12-22T17:43:57.664018,23.850,389.200425950847,3082.403576304534,23.29614305218135,4100,1500,1520,40.0,35.0,20.0,3082.403576304534,17.472107289136012,1500,1520,800,0,0,23.29614305218135,23.29614305218135,11.648071526090675,0.0,4100,4200,390.0,17.472107289136012,32.38500000000002,25.0,25.0,-0.5982942440405609,0.8012764800915685,1.0,0.0,0.0,0.0,0.0,37.37996651822592,40.290136958094145,38.29757200151992,35.20409373063827,51.925000000000104,51.925000000000104,51.925000000000104,51.925000000000104
2025-12-22T17:43:57.715033,23.900,389.07693093589273,3113.1970364910258,24.527881459641037,4100,1500,1520,40.0,35.0,20.0,3113.1970364910258,18.395911094730778,1500,1520,800,0,0,24.527881459641037,24.527881459641037,12.263940729820519,0.0,4100,4200,390.0,18.395911094730778,32.39000000000002,25.0,25.0,-0.578077461416961,0.8159818923246532,1.0,0.0,0.0,0.0,0.0,37.251681952271746,43.92109713877335,42.29747798529437,44.24218775898226,51.9500000000001,51.9500000000001,51.9500000000001,51.9500000000001
2025-12-22T17:43:57.765608,23.950,388.58408435470614,3148.706521458302,25.948260858332077,4100,1500,1520,40.0,35.0,20.0,3148.706521458302,19.461195643749058,1500,1520,800,0,0,25.948260858332077,25.948260858332077,12.974130429166038,0.0,4100,4200,390.0,19.461195643749058,32.39500000000002,25.0,25.0,-0.5574993991972093,0.8301773424363922,1.0,0.0,0.0,0.0,0.0,43.48451674060876,41.32015020844705,38.280038618754084,35.35388092726107,51.9750000000001,51.9750000000001,51.9750000000001,51.9750000000001
2025-12-22T17:43:57.816074,24.000,389.0235576023779,3188.8432759869274,27.553731039477086,4100,1500,1520,40.0,35.0,20.0,3188.8432759869274,20.665298279607814,1500,1520,800,0,0,27.553731039477086,27.553731039477086,13.776865519738543,0.0,4100,4200,390.0,20.665298279607814,32.40000000000002,25.0,25.0,-0.536572918000348,0.8438539587325474,1.0,0.0,0.0,0.0,0.0,44.320348747402036,41.529678040635176,35.26120094375018,43.52649824250781,52.0000000000001,52.0000000000001,52.0000000000001,52.0000000000001
2025-12-22T17:43:57.866863,24.050,388.65437103800804,3233.5069790933967,29.340279163735886,4100,1500,1520,40.0,35.0,20.0,3233.5069790933967,22.005209372801914,1500,1520,800,0,0,29.340279163735886,29.340279163735886,14.670139581867943,0.0,4100,4200,390.0,22.005209372801914,32.40500000000002,25.0,25.0,-0.5153110961959391,0.8570031937731268,1.0,0.0,0.0,0.0,0.0,37.651851073751615,40.80640516476756,35.56075435585515,37.05471861431762,52.025000000000105,52.025000000000105,52.025000000000105,52.025000000000105
2025-12-22T17:43:57.917384,24.100,388.96471433242624,3282.585994780352,31.30343979121409,4100,1500,1520,40.0,35.0,20.0,3282.585994780352,23.477579843410567,1500,1520,800,0,0,31.30343979121409,31.30343979121409,15.651719895607044,0.0,4100,4200,390.0,23.477579843410567,32.41000000000002,25.0,25.0,-0.49372722173050787,0.8696168297142564,1.0,0.0,0.0,0.0,0.0,36.508911136976096,37.47844114589609,41.946297202863455,39.46065774804634,52.050000000000104,52.050000000000104,52.050000000000104,52.050000000000104
2025-12-22T17:43:57.967916,24.150,389.04019292042085,3335.957651068433,33.438306042737324,4100,1500,1520,40.0,35.0,20.0,3335.957651068433,25.078729532052993,1500,1520,800,0,0,33.438306042737324,33.438306042737324,16.719153021368662,0.0,4100,4200,390.0,25.078729532052993,32.41500000000002,25.0,25.0,-0.4718347838230099,0.8816869834440642,0.9999999999999999,0.0,0.0,0.0,0.0,35.200034048468254,43.39984802029706,43.9411035302919,37.75761839345781,52.0750000000001,52.0750000000001,52.0750000000001,52.0750000000001
2025-12-22T17:43:58.018604,24.200,388.6113779358368,3393.48854661234,35.7395418644936,4100,1500,1520,40.0,35.0,20.0,3393.48854661234,26.804656398370202,1500,1520,800,0,0,35.7395418644936,35.7395418644936,17.8697709322468,0.0,4100,4200,390.0,26.804656398370202,32.42000000000002,25.0,25.0,-0.4496474645345079,0.8932061115093697,1.0,0.0,0.0,0.0,0.0,38.27998251555103,42.61766742744146,36.746194803223496,40.190044017896135,52.10000000000011,52.10000000000011,52.10000000000011,52.10000000000011
2025-12-22T17:43:58.072155,24.250,388.44366136442704,3455.034884134725,38.201395365389004,4100,1500,1520,40.0,35.0,20.0,3455.034884134725,28.651046524041753,1500,1520,800,0,0,38.201395365389004,38.201395365389004,19.100697682694502,0.0,4100,4200,390.0,28.651046524041753,32.42500000000002,25.0,25.0,-0.4271791302173285,0.9041670148300958,0.9999999999999999,0.0,0.0,0.0,0.0,40.20135235074031,40.04661558088814,36.9153544274705,37.12119231971986,52.12500000000011,52.12500000000011,52.12500000000011,52.12500000000011
2025-12-22T17:43:58.125686,24.300,388.9037538253139,3520.4428298444955,40.81771319377981,4100,1500,1520,40.0,35.0,20.0,3520.4428298444955,30.613284895334857,1500,1520,800,0,0,40.81771319377981,40.81771319377981,20.408856596889905,0.0,4100,4200,390.0,30.613284895334857,32.43000000000002,25.0,25.0,-0.40444382284904423,0.9145628431984599,0.9999999999999999,0.0,0.0,0.0,0.0,35.155065272199145,38.53487227727631,42.91001453293794,40.78307547685296,52.150000000000105,52.150000000000105,52.150000000000105,52.150000000000105
2025-12-22T17:43:58.178207,24.350,387.9855689080634,3589.5488979411757,43.581955917647015,4100,1500,1520,40.0,35.0,20.0,3589.5488979411757,32.68646693823526,1500,1520,800,0,0,43.581955917647015,43.581955917647015,21.790977958823508,0.0,4100,4200,390.0,32.68646693823526,32.435000000000024,25.0,25.0,-0.3814557512566941,0.9243870995601308,1.0,0.0,0.0,0.0,0.0,35.157296973042875,35.13088192688929,42.90689170488614,42.179138294436875,52.175000000000104,52.175000000000104,52.175000000000104,52.175000000000104
2025-12-22T17:43:58.229235,24.400,388.38421835425095,3662.1803592442684,46.48721436977073,4100,1500,1520,40.0,35.0,20.0,3662.1803592442684,34.86541077732805,1500,1520,800,0,0,46.48721436977073,46.48721436977073,23.243607184885366,0.0,4100,4200,390.0,34.86541077732805,32.44000000000002,25.0,25.0,-0.35822928223672923,0.9336336440746755,1.0,0.0,0.0,0.0,0.0,43.48112406984298,42.26194011993661,44.64610924213549,35.04650836626746,52.2000000000001,52.2000000000001,52.2000000000001,52.2000000000001
2025-12-22T17:43:58.279793,24.450,387.6712954905271,3738.15567292625,49.52622691705002,4100,1500,1520,40.0,35.0,20.0,3738.15567292625,37.14467018778751,1500,1520,800,0,0,49.52622691705002,49.52622691705002,24.76311345852501,0.0,4100,4200,390.0,37.14467018778751,32.44500000000002,25.0,25.0,-0.3347789315762329,0.9422966979527605,1.0,0.0,0.0,0.0,0.0,41.226796150644354,43.94418327344186,37.33851498343877,39.59603680821363,52.22500000000011,52.22500000000011,52.22500000000011,52.22500000000011
2025-12-22T17:43:58.330444,24.500,387.99359907085966,3817.284940270095,52.691397610803804,4100,1500,1520,40.0,35.0,20.0,3817.284940270095,39.51854820810286,1500,1520,800,0,0,52.691397610803804,52.691397610803804,26.345698805401902,0.0,4100,4200,390.0,39.51854820810286,32.450000000000024,25.0,25.0,-0.31111935498102605,0.9503708470677067,1.0,0.0,0.0,0.0,0.0,35.37975085040108,37.29592828770583,43.21359159478056,41.356191867188315,52.25000000000011,52.25000000000011,52.25000000000011,52.25000000000011
2025-12-22T17:43:58.381170,24.550,387.50476540600624,3899.370379317168,55.97481517268673,4100,1500,1520,40.0,35.0,20.0,3899.370379317168,41.98111137951505,1500,1520,800,0,0,55.97481517268673,55.97481517268673,27.987407586343366,0.0,4100,4200,390.0,41.98111137951505,32.45500000000002,25.0,25.0,-0.2872653389163282,0.957851045339142,1.0,0.0,0.0,0.0,0.0,44.06741768715429,44.58798650782766,36.89346984579229,39.46033784815059,52.275000000000105,52.275000000000105,52.275000000000105,52.275000000000105
2025-12-22T17:43:58.431953,24.600,387.51917879586875,3984.206819219123,59.368272768764925,4100,1500,1520,40.0,35.0,20.0,3984.206819219123,44.52620457657369,1500,1520,800,0,0,59.368272768764925,59.368272768764925,29.684136384382462,0.0,4100,4200,390.0,44.52620457657369,32.46000000000002,25.0,25.0,-0.26323179136569813,0.9647326178866379,1.0,0.0,0.0,0.0,0.0,39.74865145298909,38.57544657335188,44.92148573894712,40.42649803689169,52.30000000000011,52.30000000000011,52.30000000000011,52.30000000000011
2025-12-22T17:43:58.482094,24.650,387.9810792346537,4071.582213058168,62.86328852232672,4100,1500,1520,40.0,35.0,20.0,4071.582213058168,47.14746639174504,1500,1520,800,0,0,62.86328852232672,62.86328852232672,31.43164426116336,0.0,4100,4200,390.0,47.14746639174504,32.465000000000025,25.0,25.0,-0.23903373251402918,0.9710112639513568,1.0,0.0,0.0,0.0,0.0,35.84537409750859,39.725205398998355,43.36109879531526,37.42036677038462,52.32500000000011,52.32500000000011,52.32500000000011,52.32500000000011
2025-12-22T17:43:58.532952,24.700,387.770495865039,4161.27816785393,66.45112671415723,4100,1500,1520,40.0,35.0,20.0,4161.27816785393,49.83834503561792,1500,1520,800,0,0,66.45112671415723,66.45112671415723,33.22556335707861,0.0,4100,4200,390.0,49.83834503561792,32.47000000000002,25.0,25.0,-0.21468628536042283,0.9766830595838872,0.9999999999999999,0.0,0.0,0.0,0.0,39.14077479671085,36.89264011209676,37.84005554939919,39.825864258779546,52.35000000000011,52.35000000000011,52.35000000000011,52.35000000000011
2025-12-22T17:43:58.583442,24.750,387.05532775175783,4253.070490432173,70.12281961728691,4100,1500,1520,40.0,35.0,20.0,4253.070490432173,52.592114712965184,1500,1520,800,0,0,70.12281961728691,70.12281961728691,35.061409808643454,0.0,4100,4200,390.0,52.59211471296519,32.47500000000002,25.0,25.0,-0.1902046662668065,0.9817444600965838,1.0,0.0,0.0,0.0,0.0,36.01340374928866,41.812686885322215,37.59810176947291,35.016059853827144,52.37500000000011,52.37500000000011,52.37500000000011,52.37500000000011
2025-12-22T17:43:58.634100,24.800,387.4377205375024,4346.729747790965,73.86918991163861,4100,1500,1520,40.0,35.0,20.0,4346.729747790965,55.40189243372896,1500,1520,800,0,0,73.86918991163861,73.86918991163861,36.93459495581931,0.0,4100,4200,390.0,55.40189243372896,32.48000000000002,25.0,25.0,-0.16560417544820252,0.9861923022788815,0.9999999999999999,0.0,0.0,0.0,0.0,40.97424555488333,37.480181905394716,40.82351292545508,43.82593325243152,52.400000000000105,52.400000000000105,52.400000000000105,52.400000000000105
2025-12-22T17:43:58.686670,24.850,386.92970907126033,4442.02184056371,77.68087362254839,4100,1500,1520,40.0,35.0,20.0,4442.02184056371,58.26065521691129,1500,1520,800,0,0,77.68087362254839,77.68087362254839,38.840436811274195,0.0,4100,4200,390.0,58.26065521691129,32.48500000000002,25.0,25.0,-0.14090018741059207,0.9900238063742003,1.0,0.0,0.0,0.0,0.0,41.717792279349844,36.24687609045043,35.24816094405993,44.757719521607086,52.42500000000011,52.42500000000011,52.42500000000011,52.42500000000011
2025-12-22T17:43:58.737711,24.900,386.71645965125794,4538.708588145637,81.54834352582549,4100,1500,1520,40.0,35.0,20.0,4538.708588145637,61.161257644369115,1500,1520,800,0,0,81.54834352582549,81.54834352582549,40.774171762912744,0.0,4100,4200,390.0,61.161257644369115,32.49000000000002,25.0,25.0,-0.11610814134234906,0.9932365778172012,1.0,0.0,0.0,0.0,0.0,39.163235452497595,36.95821116194634,43.01202763001228,44.95013448312739,52.45000000000011,52.45000000000011,52.45000000000011,52.45000000000011
2025-12-22T17:43:58.788506,24.950,387.0334794959792,4636.548324021277,85.4619329608511,4100,1500,1520,40.0,35.0,20.0,4636.548324021277,64.09644972063833,1500,1520,800,0,0,85.4619329608511,85.4619329608511,42.73096648042555,0.0,4100,4200,390.0,64.09644972063833,32.49500000000002,25.0,25.0,-0.09124353146525024,0.9958286087303125,1.0,0.0,0.0,0.0,0.0,41.808167827130205,40.98780755171239,40.64956399784934,37.68536336834757,52.47500000000011,52.47500000000011,52.47500000000011,52.47500000000011
2025-12-22T17:43:58.839293,25.000,386.43243799651344,4735.29649980489,89.41185999219562,4100,1500,1520,40.0,35.0,20.0,4735.29649980489,67.05889499414671,1500,1520,800,0,0,89.41185999219562,89.41185999219562,44.70592999609781,0.0,4100,4200,390.0,67.05889499414671,32.50000000000002,25.0,25.0,-0.0663218973510908,0.997798279178588,1.0,0.0,0.0,0.0,0.0,35.78986093125807,41.990126810336555,42.077188975442105,42.06049907185508,52.500000000000114,52.500000000000114,52.500000000000114,52.500000000000114
2025-12-22T17:43:58.890225,25.050,386.63965245805963,4834.706296484073,93.38825185936294,4100,1500,1520,40.0,35.0,20.0,4834.706296484073,70.04118889452221,1500,1520,800,0,0,93.38825185936294,93.38825185936294,46.69412592968147,0.0,4100,4200,390.0,70.04118889452221,32.505000000000024,25.0,25.0,-0.04135881420995787,0.9991443581821128,0.9999999999999999,0.0,0.0,0.0,0.0,38.895219581661166,42.30692517269912,37.785400708878484,43.36808096094245,52.52500000000011,52.52500000000011,52.52500000000011,52.52500000000011
2025-12-22T17:43:58.940760,25.100,385.8755766293606,4934.52924133875,97.38116965354999,4100,1500,1520,40.0,35.0,20.0,4934.52924133875,73.03587724016249,1500,1520,800,0,0,97.38116965354999,97.38116965354999,48.690584826774995,0.0,4100,4200,390.0,73.03587724016249,32.51000000000002,25.0,25.0,-0.016369883156231245,0.9998660044853267,1.0,0.0,0.0,0.0,0.0,35.08918242308957,43.577457183464,44.571260725194726,42.45360987243039,52.55000000000011,52.55000000000011,52.55000000000011,52.55000000000011
2025-12-22T17:43:58.991376,25.150,386.42550393813036,5034.515828993567,101.38063315974267,4100,1500,1520,40.0,35.0,20.0,5034.515828993567,76.035474869807,1500,1520,800,0,0,101.38063315974267,101.38063315974267,50.690316579871336,0.0,4100,4200,390.0,76.035474869807,32.51500000000002,25.0,25.0,0.008629278541605329,0.9999627670827806,1.0,0.0,0.0,0.0,0.0,42.428117681145224,35.66915961188222,40.785585098766354,35.433554327778474,52.57500000000011,52.57500000000011,52.57500000000011,52.57500000000011
2025-12-22T17:43:59.042316,25.200,385.6721890087498,5134.416145051397,105.37664580205586,4100,1500,1520,40.0,35.0,20.0,5134.416145051397,79.0324843515419,1500,1520,800,0,0,105.37664580205586,105.37664580205586,52.68832290102793,0.0,4100,4200,390.0,79.0324843515419,32.520000000000024,25.0,25.0,0.03362304722124854,0.9994345855010011,1.0,0.0,0.0,0.0,0.0,42.23648671590184,42.374968172444895,37.382092962419584,41.1793786823407,52.60000000000011,52.60000000000011,52.60000000000011,52.60000000000011
2025-12-22T17:43:59.093353,25.250,385.50670713814156,5233.9804907491725,109.3592196299669,4100,1500,1520,40.0,35.0,20.0,5233.9804907491725,82.01941472247518,1500,1520,800,0,0,109.3592196299669,109.3592196299669,54.67960981498345,0.0,4100,4200,390.0,82.01941472247518,32.52500000000002,25.0,25.0,0.05859580259085591,0.9982817898362834,1.0,0.0,0.0,0.0,0.0,43.00019599470599,40.628432319864565,35.482756486463174,40.489703330659474,52.625000000000114,52.625000000000114,52.625000000000114,52.625000000000114
2025-12-22T17:43:59.143931,25.300,385.7607063867333,5332.96000707476,113.3184002829904,4100,1500,1520,40.0,35.0,20.0,5332.96000707476,84.9888002122428,1500,1520,800,0,0,113.3184002829904,113.3184002829904,56.6592001414952,0.0,4100,4200,390.0,84.9888002122428,32.53000000000002,25.0,25.0,0.0835319374912197,0.996505100548393,0.9999999999999999,0.0,0.0,0.0,0.0,40.84370793772399,38.27021445602944,40.79928667755674,44.36804186430233,52.65000000000011,52.65000000000011,52.65000000000011,52.65000000000011
2025-12-22T17:43:59.194955,25.350,385.4663302204716,5431.1072967848795,117.24429187139519,4100,1500,1520,40.0,35.0,20.0,5431.1072967848795,87.93321890354639,1500,1520,800,0,0,117.24429187139519,117.24429187139519,58.622145935697596,0.0,4100,4200,390.0,87.93321890354639,32.535000000000025,25.0,25.0,0.10841586764973342,0.9941056280103012,0.9999999999999999,0.0,0.0,0.0,0.0,35.1330189578956,44.77973638708978,40.04415209641176,35.59190485552256,52.67500000000011,52.67500000000011,52.67500000000011,52.67500000000011
2025-12-22T17:43:59.246244,25.400,385.0722538186366,5528.177042769377,121.12708171077509,4100,1500,1520,40.0,35.0,20.0,5528.177042769377,90.84531128308132,1500,1520,800,0,0,121.12708171077509,121.12708171077509,60.563540855387544,0.0,4100,4200,390.0,90.84531128308132,32.54000000000002,25.0,25.0,0.13323204142005488,0.9910848718142381,0.9999999999999999,0.0,0.0,0.0,0.0,36.70851537699816,39.526595822049515,43.847188102986564,40.96822032150344,52.70000000000012,52.70000000000012,52.70000000000012,52.70000000000012
2025-12-22T17:43:59.296939,25.450,385.7376709373943,5623.926621216238,124.95706484864952,4100,1500,1520,40.0,35.0,20.0,5623.926621216238,93.71779863648715,1500,1520,800,0,0,124.95706484864952,124.95706484864952,62.47853242432476,0.0,4100,4200,390.0,93.71779863648715,32.54500000000002,25.0,25.0,0.157964949501379,0.9874447198344962,1.0,0.0,0.0,0.0,0.0,36.07515523104335,39.57104476051488,40.342584808047945,41.73602671779318,52.725000000000115,52.725000000000115,52.725000000000115,52.725000000000115
2025-12-22T17:43:59.347478,25.500,385.44163228112757,5718.116708044761,128.72466832179043,4100,1500,1520,40.0,35.0,20.0,5718.116708044761,96.54350124134282,1500,1520,800,0,0,128.72466832179043,128.72466832179043,64.36233416089522,0.0,4100,4200,390.0,96.54350124134282,32.550000000000026,25.0,25.0,0.18259913463124577,0.983187447047571,1.0,0.0,0.0,0.0,0.0,37.91514081681676,35.53585921791031,42.43937048852625,36.04618529849635,52.750000000000114,52.750000000000114,52.750000000000114,52.750000000000114
2025-12-22T17:43:59.397823,25.550,384.77862247174113,5810.511877091124,132.42047508364496,4100,1500,1520,40.0,35.0,20.0,5810.511877091124,99.31535631273371,1500,1520,800,0,0,132.42047508364496,132.42047508364496,66.21023754182248,0.0,4100,4200,390.0,99.31535631273371,32.55500000000002,25.0,25.0,0.20711920124582647,0.9783157141103739,1.0,0.0,0.0,0.0,0.0,36.5000476286001,44.90707026236385,35.61636444835382,44.80571517608312,52.77500000000011,52.77500000000011,52.77500000000011,52.77500000000011
2025-12-22T17:43:59.448455,25.600,385.3903284845129,5900.881188551184,136.0352475420474,4100,1500,1520,40.0,35.0,20.0,5900.881188551184,102.02643565653554,1500,1520,800,0,0,136.0352475420474,136.0352475420474,68.0176237710237,0.0,4100,4200,390.0,102.02643565653554,32.560000000000024,25.0,25.0,0.23150982510164955,0.9728325656974091,1.0,0.0,0.0,0.0,0.0,36.26310295952311,39.53442623307813,38.26451490773564,36.89378370917093,52.80000000000011,52.80000000000011,52.80000000000011,52.80000000000011
2025-12-22T17:43:59.501330,25.650,384.3888082081774,5988.998766209721,139.55995064838882,4100,1500,1520,40.0,35.0,20.0,5988.998766209721,104.66996298629161,1500,1520,800,0,0,139.55995064838882,139.55995064838882,69.77997532419441,0.0,4100,4200,390.0,104.66996298629161,32.565000000000026,25.0,25.0,0.2557557628527542,0.9667414285979502,0.9999999999999999,0.0,0.0,0.0,0.0,44.71186699763584,42.2311374384583,40.8158488473268,40.66081209998476,52.82500000000012,52.82500000000012,52.82500000000012,52.82500000000012
2025-12-22T17:43:59.552334,25.700,384.7387633619879,6074.644362013333,142.98577448053334,4100,1500,1520,40.0,35.0,20.0,6074.644362013333,107.2393308604,1500,1520,800,0,0,142.98577448053334,142.98577448053334,71.49288724026667,0.0,4100,4200,390.0,107.23933086040002,32.57000000000002,25.0,25.0,0.27984186157728536,0.9600461095744097,1.0,0.0,0.0,0.0,0.0,38.624350407146174,35.06632583613356,42.36397264345365,42.0257782207044,52.850000000000115,52.850000000000115,52.850000000000115,52.850000000000115
2025-12-22T17:43:59.607098,25.750,384.62100171423043,6157.603906575877,146.30415626303508,4100,1500,1520,40.0,35.0,20.0,6157.603906575877,109.7281171972763,1500,1520,800,0,0,146.30415626303508,146.30415626303508,73.15207813151754,0.0,4100,4200,390.0,109.7281171972763,32.575000000000024,25.0,25.0,0.30375306824757653,0.952750792983235,0.9999999999999999,0.0,0.0,0.0,0.0,44.61070886682236,37.23835375504281,37.83109332712026,40.89728828668745,52.875000000000114,52.875000000000114,52.875000000000114,52.875000000000114
2025-12-22T17:43:59.661625,25.800,383.9794326040542,6237.670044240442,149.50680176961765,4100,1500,1520,40.0,35.0,20.0,6237.670044240442,112.13010132721324,1500,1520,800,0,0,149.50680176961765,149.50680176961765,74.75340088480883,0.0,4100,4200,390.0,112.13010132721324,32.58000000000003,25.0,25.0,0.32747443913780216,0.9448600381598229,1.0,0.0,0.0,0.0,0.0,42.347987365082936,42.48394272235178,43.75345878148682,44.32839389640438,52.90000000000012,52.90000000000012,52.90000000000012,52.90000000000012
2025-12-22T17:43:59.712143,25.850,384.0605343782291,6314.642651360503,152.58570605442014,4100,1500,1520,40.0,35.0,20.0,6314.642651360503,114.43927954081511,1500,1520,800,0,0,152.58570605442014,152.58570605442014,76.29285302721007,0.0,4100,4200,390.0,114.4392795408151,32.58500000000002,25.0,25.0,0.3509911491633198,0.9363787765690827,1.0,0.0,0.0,0.0,0.0,42.62176448469679,35.99884808350072,35.404988349182915,44.10201265470144,52.92500000000012,52.92500000000012,52.92500000000012,52.92500000000012
2025-12-22T17:43:59.763657,25.900,383.86884270088166,6388.329336504821,155.53317346019287,4100,1500,1520,40.0,35.0,20.0,6388.329336504821,116.64988009514465,1500,1520,800,0,0,155.53317346019287,155.53317346019287,77.76658673009644,0.0,4100,4200,390.0,116.64988009514465,32.590000000000025,25.0,25.0,0.3742885011458654,0.9273123087234318,0.9999999999999999,0.0,0.0,0.0,0.0,36.000688322526,44.75432302185898,42.38859727637778,38.29652796291458,52.95000000000012,52.95000000000012,52.95000000000012,52.95000000000012
2025-12-22T17:43:59.814616,25.950,384.1099381477108,6458.545921335819,158.34183685343277,4100,1500,1520,40.0,35.0,20.0,6458.545921335819,118.75637764007458,1500,1520,800,0,0,158.34183685343277,158.34183685343277,79.17091842671638,0.0,4100,4200,390.0,118.75637764007459,32.59500000000003,25.0,25.0,0.3973519349988116,0.9176663008701476,1.0,0.0,0.0,0.0,0.0,44.36462339465519,39.62686626660943,41.865827551728344,42.160275027367156,52.975000000000115,52.975000000000115,52.975000000000115,52.975000000000115
2025-12-22T17:43:59.865537,26.000,383.6180930619981,6525.116900959509,161.00467603838035,4100,1500,1520,40.0,35.0,20.0,6525.116900959509,120.75350702878526,1500,1520,800,0,0,161.00467603838035,161.00467603838035,80.50233801919018,0.0,4100,4200,390.0,120.75350702878526,32.60000000000002,25.0,25.0,0.42016703682674733,0.907446781450147,1.0,0.0,0.0,0.0,0.0,39.64630200902107,36.48154763435551,40.33632933550782,41.44856901220132,53.000000000000114,53.000000000000114,53.000000000000114,53.000000000000114
2025-12-22T17:43:59.915930,26.050,384.1584967191319,6587.875882596328,163.5150353038531,4100,1500,1520,40.0,35.0,20.0,6587.875882596328,122.63627647788982,1500,1520,800,0,0,163.5150353038531,163.5150353038531,81.75751765192655,0.0,4100,4200,390.0,122.63627647788982,32.605000000000025,25.0,25.0,0.4427195479336938,0.8966601373304078,1.0,0.0,0.0,0.0,0.0,38.476935330975586,38.69028255617201,44.87691449662204,39.23538579049587,53.02500000000012,53.02500000000012,53.02500000000012,53.02500000000012
2025-12-22T17:43:59.966100,26.100,383.5135559511105,6646.666001476429,165.86664005905715,4100,1500,1520,40.0,35.0,20.0,6646.666001476429,124.39998004429286,1500,1520,800,0,0,165.86664005905715,165.86664005905715,82.93332002952857,0.0,4100,4200,390.0,124.39998004429285,32.61000000000002,25.0,25.0,0.46499537373432503,0.8853131098123846,1.0,0.0,0.0,0.0,0.0,40.255031861796525,39.52672683582845,39.76733697889867,40.015606752246924,53.05000000000012,53.05000000000012,53.05000000000012,53.05000000000012
2025-12-22T17:44:00.016571,26.150,383.6067537855771,6701.340312919915,168.05361251679662,4100,1500,1520,40.0,35.0,20.0,6701.340312919915,126.04020938759746,1500,1520,800,0,0,168.05361251679662,168.05361251679662,84.02680625839831,0.0,4100,4200,390.0,126.04020938759746,32.61500000000002,25.0,25.0,0.4869805925626251,0.8734127904189144,1.0,0.0,0.0,0.0,0.0,44.99693985072179,44.73077790173812,35.38076129093595,39.09072679509701,53.07500000000012,53.07500000000012,53.07500000000012,53.07500000000012
2025-12-22T17:44:00.067612,26.200,383.69807690614283,6751.762159622009,170.07048638488033,4100,1500,1520,40.0,35.0,20.0,6751.762159622009,127.55286478866024,1500,1520,800,0,0,170.07048638488033,170.07048638488033,85.03524319244016,0.0,4100,4200,390.0,127.55286478866023,32.620000000000026,25.0,25.0,0.5086614643724762,0.8609666164622459,1.0,0.0,0.0,0.0,0.0,44.218695332217145,36.951101464858155,35.96283306160956,36.219239685551244,53.10000000000012,53.10000000000012,53.10000000000012,53.10000000000012
2025-12-22T17:44:00.118644,26.250,383.7034288353445,6797.805513225143,171.9122205290057,4100,1500,1520,40.0,35.0,20.0,6797.805513225143,128.93416539675428,1500,1520,800,0,0,171.9122205290057,171.9122205290057,85.95611026450285,0.0,4100,4200,390.0,128.93416539675428,32.62500000000002,25.0,25.0,0.5300244393247399,0.8479823663959618,1.0,0.0,0.0,0.0,0.0,42.6124193899634,36.72301514079342,37.861067269722945,44.4780684674091,53.12500000000012,53.12500000000012,53.12500000000012,53.12500000000012
2025-12-22T17:44:00.172715,26.300,383.48082400713923,6839.355289324227,173.57421157296906,4100,1500,1520,40.0,35.0,20.0,6839.355289324227,130.1806586797268,1500,1520,800,0,0,173.57421157296906,173.57421157296906,86.78710578648453,0.0,4100,4200,390.0,130.1806586797268,32.630000000000024,25.0,25.0,0.5510561662554658,0.8344681549536977,1.0,0.0,0.0,0.0,0.0,40.97755179288693,43.96219438690888,39.88796173206605,36.521257387521125,53.15000000000012,53.15000000000012,53.15000000000012,53.15000000000012
2025-12-22T17:44:00.223733,26.350,383.0159311453122,6876.307635117717,175.05230540470865,4100,1500,1520,40.0,35.0,20.0,6876.307635117717,131.28922905353147,1500,1520,800,0,0,175.05230540470865,175.05230540470865,87.52615270235432,0.0,4100,4200,390.0,131.28922905353147,32.635000000000026,25.0,25.0,0.5717435010199347,0.8204324280776986,1.0,0.0,0.0,0.0,0.0,38.39091957712014,35.43897038027396,42.86306427555277,41.62712518302806,53.17500000000012,53.17500000000012,53.17500000000012,53.17500000000012
2025-12-22T17:44:00.275952,26.400,383.077971612574,6908.570188985538,176.34280755942154,4100,1500,1520,40.0,35.0,20.0,6908.570188985538,132.25710566956616,1500,1520,800,0,0,176.34280755942154,176.34280755942154,88.17140377971077,0.0,4100,4200,390.0,132.25710566956616,32.64000000000002,25.0,25.0,0.5920735147073204,0.8058839576403792,1.0,0.0,0.0,0.0,0.0,41.70695361810399,35.483863097430806,36.202629152016875,37.75465529166081,53.20000000000012,53.20000000000012,53.20000000000012,53.20000000000012
2025-12-22T17:44:00.326949,26.450,383.10352642026925,6936.0623113450365,177.44249245380144,4100,1500,1520,40.0,35.0,20.0,6936.0623113450365,133.0818693403511,1500,1520,800,0,0,177.44249245380144,177.44249245380144,88.72124622690072,0.0,4100,4200,390.0,133.0818693403511,32.645000000000024,25.0,25.0,0.6120335017208388,0.7908318359621899,1.0,0.0,0.0,0.0,0.0,39.82609388096433,35.87672831631116,35.085153764703186,35.89899020336496,53.22500000000012,53.22500000000012,53.22500000000012,53.22500000000012
2025-12-22T17:44:00.377205,26.500,383.3201424067015,6958.715286207932,178.34861144831729,4100,1500,1520,40.0,35.0,20.0,6958.715286207932,133.76145858623795,1500,1520,800,0,0,178.34861144831729,178.34861144831729,89.17430572415864,0.0,4100,4200,390.0,133.76145858623795,32.65000000000003,25.0,25.0,0.6316109877183324,0.7752854701292117,1.0,0.0,0.0,0.0,0.0,39.78809556535083,42.0139565453538,37.349695922173495,42.79053956219521,53.25000000000012,53.25000000000012,53.25000000000012,53.25000000000012
2025-12-22T17:44:00.427760,26.550,382.8132967480972,6976.472492934509,179.05889971738037,4100,1500,1520,40.0,35.0,20.0,6976.472492934509,134.29417478803526,1500,1520,800,0,0,179.05889971738037,179.05889971738037,89.52944985869019,0.0,4100,4200,390.0,134.29417478803526,32.65500000000002,25.0,25.0,0.6507937374083269,0.759254576114034,0.9999999999999999,0.0,0.0,0.0,0.0,39.87817063059946,43.25673980239281,40.93655588053883,38.06456138489978,53.27500000000012,53.27500000000012,53.27500000000012,53.27500000000012
2025-12-22T17:44:00.478260,26.600,382.88352475834904,6989.289547755727,179.57158191022904,4100,1500,1520,40.0,35.0,20.0,6989.289547755727,134.67868643267178,1500,1520,800,0,0,179.57158191022904,179.57158191022904,89.78579095511452,0.0,4100,4200,390.0,134.67868643267178,32.660000000000025,25.0,25.0,0.6695697621966921,0.7427491727035886,1.0,0.0,0.0,0.0,0.0,44.598238300298,40.265834190703124,35.358156024034855,38.89410546652292,53.300000000000125,53.300000000000125,53.300000000000125,53.300000000000125
2025-12-22T17:44:00.531859,26.650,383.6863794469627,6997.134414709523,179.88537658838092,4100,1500,1520,40.0,35.0,20.0,6997.134414709523,134.91403244128568,1500,1520,800,0,0,179.88537658838092,179.88537658838092,89.94268829419046,0.0,4100,4200,390.0,134.91403244128568,32.66500000000003,25.0,25.0,0.6879273276791208,0.7257795752377326,1.0,0.0,0.0,0.0,0.0,39.61341699961007,44.99277453326254,36.098577944734025,37.727822402144504,53.325000000000124,53.325000000000124,53.325000000000124,53.325000000000124
2025-12-22T17:44:00.583407,26.700,383.34796914723233,6999.987485714043,179.99949942856173,4100,1500,1520,40.0,35.0,20.0,6999.987485714043,134.9996245714213,1500,1520,800,0,0,179.99949942856173,179.99949942856173,89.99974971428087,0.0,4100,4200,390.0,134.9996245714213,32.67000000000002,25.0,25.0,0.7058549609747512,0.7083563891624981,1.0,0.0,0.0,0.0,0.0,44.525845569793304,41.4540801008137,37.079361119526084,37.055982142913514,53.35000000000012,53.35000000000012,53.35000000000012,53.35000000000012
2025-12-22T17:44:00.635946,26.750,383.5246624624733,6997.841629577626,179.91366518310502,4100,1500,1520,40.0,35.0,20.0,6997.841629577626,134.93524888732878,1500,1520,800,0,0,179.91366518310502,179.91366518310502,89.95683259155251,0.0,4100,4200,390.0,134.93524888732878,32.675000000000026,25.0,25.0,0.7233414578963433,0.6904905034020328,1.0,0.0,0.0,0.0,0.0,35.74183439465456,35.23776810821909,35.292248324451684,38.06570435577194,53.37500000000012,53.37500000000012,53.37500000000012,53.37500000000012
2025-12-22T17:44:00.686464,26.800,383.4175102677008,6990.702209823071,179.62808839292285,4100,1500,1520,40.0,35.0,20.0,6990.702209823071,134.72106629469215,1500,1520,800,0,0,179.62808839292285,179.62808839292285,89.81404419646142,0.0,4100,4200,390.0,134.72106629469215,32.68000000000002,25.0,25.0,0.740375889952531,0.6721930835533774,1.0,0.0,0.0,0.0,0.0,43.946573187516805,44.487633235868635,42.60068516972324,35.74981198475288,53.40000000000012,53.40000000000012,53.40000000000012,53.40000000000012
2025-12-22T17:44:00.740021,26.850,383.50921124567986,6978.587071281629,179.14348285126513,4100,1500,1520,40.0,35.0,20.0,6978.587071281629,134.35761213844884,1500,1520,800,0,0,179.14348285126513,179.14348285126513,89.57174142563257,0.0,4100,4200,390.0,134.35761213844884,32.685000000000024,25.0,25.0,0.7569476111777739,0.6534755649083304,0.9999999999999999,0.0,0.0,0.0,0.0,40.241667580190025,44.32344012211844,38.607721641109706,38.13393506425726,53.425000000000125,53.425000000000125,53.425000000000125,53.425000000000125
2025-12-22T17:44:00.790552,26.900,382.96910535748793,6961.526495490209,178.46105981960835,4100,1500,1520,40.0,35.0,20.0,6961.526495490209,133.84579486470625,1500,1520,800,0,0,178.46105981960835,178.46105981960835,89.23052990980418,0.0,4100,4200,390.0,133.84579486470625,32.690000000000026,25.0,25.0,0.7730462647857391,0.6343496453067637,1.0,0.0,0.0,0.0,0.0,41.49591064355927,41.19034790356086,35.46172708940121,43.55129304503521,53.450000000000124,53.450000000000124,53.450000000000124,53.450000000000124
2025-12-22T17:44:00.842157,26.950,383.5025033721878,6939.563125003315,177.5825250001326,4100,1500,1520,40.0,35.0,20.0,6939.563125003315,133.18689375009944,1500,1520,800,0,0,177.5825250001326,177.5825250001326,88.7912625000663,0.0,4100,4200,390.0,133.18689375009944,32.69500000000002,25.0,25.0,0.7886617896419554,0.6148272778258526,1.0,0.0,0.0,0.0,0.0,35.43041922128612,39.73886312559923,36.91249185657028,38.201462009644324,53.47500000000012,53.47500000000012,53.47500000000012,53.47500000000012
2025-12-22T17:44:00.893179,27.000,383.034826372319,6912.751856808861,176.51007427235442,4100,1500,1520,40.0,35.0,20.0,6912.751856808861,132.38255570426583,1500,1520,800,0,0,176.51007427235442,176.51007427235442,88.25503713617721,0.0,4100,4200,390.0,132.38255570426583,32.700000000000024,25.0,25.0,0.8037844265516949,0.5949206633097921,1.0,0.0,0.0,0.0,0.0,39.6186464178054,39.09044524056538,35.7123070563803,35.973402434793144,53.50000000000013,53.50000000000013,53.50000000000013,53.50000000000013
2025-12-22T17:44:00.943445,27.050,382.9340014155776,6881.159705114295,175.24638820457182,4100,1500,1520,40.0,35.0,20.0,6881.159705114295,131.43479115342888,1500,1520,800,0,0,175.24638820457182,175.24638820457182,87.62319410228591,0.0,4100,4200,390.0,131.43479115342888,32.70500000000003,25.0,25.0,0.8184047243591521,0.5746422427446665,1.0,0.0,0.0,0.0,0.0,40.73997973452303,36.191727915424394,39.631892418118206,43.150164990091014,53.52500000000013,53.52500000000013,53.52500000000013,53.52500000000013
2025-12-22T17:44:00.995481,27.100,383.6596598454933,6844.86563384598,173.7946253538392,4100,1500,1520,40.0,35.0,20.0,6844.86563384598,130.3459690153794,1500,1520,800,0,0,173.7946253538392,173.7946253538392,86.8973126769196,0.0,4100,4200,390.0,130.3459690153794,32.71000000000002,25.0,25.0,0.8325135458541086,0.554004689483238,1.0,0.0,0.0,0.0,0.0,43.63939614920697,42.44561179448054,44.39912098339031,36.671157543427995,53.550000000000125,53.550000000000125,53.550000000000125,53.550000000000125
2025-12-22T17:44:01.046511,27.150,383.7728419127671,6803.960359280498,172.15841437121992,4100,1500,1520,40.0,35.0,20.0,6803.960359280498,129.11881077841494,1500,1520,800,0,0,172.15841437121992,172.15841437121992,86.07920718560996,0.0,4100,4200,390.0,129.11881077841494,32.715000000000025,25.0,25.0,0.8461020734823921,0.5330209013245136,1.0,0.0,0.0,0.0,0.0,38.03271581346466,38.770157956642485,36.65506682762777,40.131573106493924,53.575000000000124,53.575000000000124,53.575000000000124,53.575000000000124
2025-12-22T17:44:01.099966,27.200,383.9085574666497,6758.546123301208,170.34184493204833,4100,1500,1520,40.0,35.0,20.0,6758.546123301208,127.75638369903625,1500,1520,800,0,0,170.34184493204833,170.34184493204833,85.17092246602417,0.0,4100,4200,390.0,127.75638369903625,32.72000000000003,25.0,25.0,0.8591618148565604,0.5117039924530407,1.0,0.0,0.0,0.0,0.0,40.86540153466433,41.40688767556523,38.666808137921365,35.99194912010504,53.60000000000012,53.60000000000012,53.60000000000012,53.60000000000012
2025-12-22T17:44:01.154500,27.250,383.62425339521684,6708.736437846783,168.3494575138713,4100,1500,1520,40.0,35.0,20.0,6708.736437846783,126.26209313540348,1500,1520,800,0,0,168.3494575138713,168.3494575138713,84.17472875693565,0.0,4100,4200,390.0,126.26209313540349,32.72500000000002,25.0,25.0,0.8716846080633677,0.49006728524296855,1.0,0.0,0.0,0.0,0.0,37.80428788926638,39.55248347368994,43.84954459560737,42.523254768667016,53.62500000000013,53.62500000000013,53.62500000000013,53.62500000000013
2025-12-22T17:44:01.207045,27.300,383.8150710305508,6654.655801190474,166.18623204761894,4100,1500,1520,40.0,35.0,20.0,6654.655801190474,124.63967403571421,1500,1520,800,0,0,166.18623204761894,166.18623204761894,83.09311602380947,0.0,4100,4200,390.0,124.63967403571421,32.730000000000025,25.0,25.0,0.8836626267646942,0.46812430193199833,1.0,0.0,0.0,0.0,0.0,36.332176000644694,39.40514127234642,37.443328050367626,39.52460662358501,53.65000000000013,53.65000000000013,53.65000000000013,53.65000000000013
2025-12-22T17:44:01.258054,27.350,383.37507765905474,6596.439386759272,163.85757547037088,4100,1500,1520,40.0,35.0,20.0,6596.439386759272,122.89318160277816,1500,1520,800,0,0,163.85757547037088,163.85757547037088,81.92878773518544,0.0,4100,4200,390.0,122.89318160277817,32.73500000000003,25.0,25.0,0.895088385088753,0.44588875617042445,1.0,0.0,0.0,0.0,0.0,42.51299705755078,40.60126814228996,44.051344860510646,38.090959387885206,53.675000000000125,53.675000000000125,53.675000000000125,53.675000000000125
2025-12-22T17:44:01.310111,27.400,384.33323538038314,6534.232705270732,161.36930821082927,4100,1500,1520,40.0,35.0,20.0,6534.232705270732,121.02698115812196,1500,1520,800,0,0,161.36930821082927,161.36930821082927,80.68465410541464,0.0,4100,4200,390.0,121.02698115812196,32.74000000000002,25.0,25.0,0.905954742308516,0.4233745444505496,1.0,0.0,0.0,0.0,0.0,39.8147300860552,39.08994253643448,38.556529148132945,38.41741261618814,53.70000000000013,53.70000000000013,53.70000000000013,53.70000000000013
2025-12-22T17:44:01.361113,27.450,384.3056313588713,6468.191241031962,158.7276496412785,4100,1500,1520,40.0,35.0,20.0,6468.191241031962,119.04573723095888,1500,1520,800,0,0,158.7276496412785,158.7276496412785,79.36382482063925,0.0,4100,4200,390.0,119.04573723095886,32.745000000000026,25.0,25.0,0.916254907304436,0.40059573742182947,1.0,0.0,0.0,0.0,0.0,40.029211409426566,38.38919272660577,39.23859154790438,43.459612455469205,53.72500000000013,53.72500000000013,53.72500000000013,53.72500000000013
2025-12-22T17:44:01.411852,27.500,384.0139832362317,6398.480063309829,155.93920253239318,4100,1500,1520,40.0,35.0,20.0,6398.480063309829,116.95440189929488,1500,1520,800,0,0,155.93920253239318,155.93920253239318,77.96960126619659,0.0,4100,4200,390.0,116.95440189929488,32.75000000000003,25.0,25.0,0.9259824428086755,0.3775665710971749,1.0,0.0,0.0,0.0,0.0,44.73630135993855,37.66455009532045,38.08922047396835,38.47357660822,53.75000000000013,53.75000000000013,53.75000000000013,53.75000000000013
2025-12-22T17:44:01.462174,27.550,384.71923580802553,6325.27341374376,153.01093654975043,4100,1500,1520,40.0,35.0,20.0,6325.27341374376,114.75820241231281,1500,1520,800,0,0,153.01093654975043,153.01093654975043,76.50546827487521,0.0,4100,4200,390.0,114.75820241231281,32.755000000000024,25.0,25.0,0.9351312694281892,0.35430143795590696,1.0,0.0,0.0,0.0,0.0,44.11804312015616,44.49994262101576,42.80651408450814,36.15183183738075,53.77500000000013,53.77500000000013,53.77500000000013,53.77500000000013
2025-12-22T17:44:01.512751,27.600,384.71800818770856,6248.754270832384,149.95017083329532,4100,1500,1520,40.0,35.0,20.0,6248.754270832384,112.46262812497149,1500,1520,800,0,0,149.95017083329532,149.95017083329532,74.97508541664766,0.0,4100,4200,390.0,112.46262812497147,32.760000000000026,25.0,25.0,0.9436956694441472,0.3308148779489263,1.0,0.0,0.0,0.0,0.0,38.55974573587436,37.03058434101327,43.731792619549765,36.26453527401959,53.800000000000125,53.800000000000125,53.800000000000125,53.800000000000125
2025-12-22T17:44:01.565088,27.650,384.6240006344247,6169.113892582577,146.7645557033031,4100,1500,1520,40.0,35.0,20.0,6169.113892582577,110.07341677747732,1500,1520,800,0,0,146.7645557033031,146.7645557033031,73.38227785165155,0.0,4100,4200,390.0,110.07341677747732,32.76500000000003,25.0,25.0,0.9516702903853226,0.30712156941171664,1.0,0.0,0.0,0.0,0.0,40.55867253065478,36.13015540753147,41.005453441068916,35.47487680808859,53.82500000000013,53.82500000000013,53.82500000000013,53.82500000000013
2025-12-22T17:44:01.618631,27.700,385.007092256452,6086.55133846406,143.4620535385624,4100,1500,1520,40.0,35.0,20.0,6086.55133846406,107.59654015392181,1500,1520,800,0,0,143.4620535385624,143.4620535385624,71.7310267692812,0.0,4100,4200,390.0,107.5965401539218,32.770000000000024,25.0,25.0,0.9590501483732123,0.2832363198908633,1.0,0.0,0.0,0.0,0.0,36.544656738758974,42.29607293129683,39.81852042867251,37.466196010277656,53.85000000000013,53.85000000000013,53.85000000000013,53.85000000000013
2025-12-22T17:44:01.670160,27.750,384.38878471771534,6001.272971864381,140.05091887457525,4100,1500,1520,40.0,35.0,20.0,6001.272971864381,105.03818915593143,1500,1520,800,0,0,140.05091887457525,140.05091887457525,70.02545943728762,0.0,4100,4200,390.0,105.03818915593142,32.77500000000003,25.0,25.0,0.9658306312367988,0.25917405688981837,1.0,0.0,0.0,0.0,0.0,42.16439446209776,40.4658631403333,41.04514994810647,38.62634529969519,53.87500000000013,53.87500000000013,53.87500000000013,53.87500000000013
2025-12-22T17:44:01.723695,27.800,384.7927503632328,5913.4919442879245,136.53967777151698,4100,1500,1520,40.0,35.0,20.0,5913.4919442879245,102.40475832863774,1500,1520,800,0,0,136.53967777151698,136.53967777151698,68.26983888575849,0.0,4100,4200,390.0,102.40475832863774,32.78000000000003,25.0,25.0,0.9720075013950065,0.23494981853969701,1.0,0.0,0.0,0.0,0.0,40.5874295260309,36.46724671607016,43.630616053724225,41.08743783006964,53.900000000000134,53.900000000000134,53.900000000000134,53.900000000000134
2025-12-22T17:44:01.778222,27.850,385.2960079081612,5823.427662588156,132.93710650352622,4100,1500,1520,40.0,35.0,20.0,5823.427662588156,99.70282987764466,1500,1520,800,0,0,132.93710650352622,132.93710650352622,66.46855325176311,0.0,4100,4200,390.0,99.70282987764466,32.785000000000025,25.0,25.0,0.9775768985050522,0.21057874420093511,1.0,0.0,0.0,0.0,0.0,39.02510406474842,41.9550174607425,35.952645053677244,39.99556274609898,53.92500000000013,53.92500000000013,53.92500000000013,53.92500000000013
2025-12-22T17:44:01.829443,27.900,384.92517127541447,5731.305240564753,129.25220962259013,4100,1500,1520,40.0,35.0,20.0,5731.305240564753,96.93915721694259,1500,1520,800,0,0,129.25220962259013,129.25220962259013,64.62610481129506,0.0,4100,4200,390.0,96.93915721694259,32.79000000000003,25.0,25.0,0.982535341875034,0.18607606500168164,0.9999999999999999,0.0,0.0,0.0,0.0,42.142228584011626,36.80942632841631,36.50966107399027,38.029207700501395,53.95000000000013,53.95000000000013,53.95000000000013,53.95000000000013
2025-12-22T17:44:01.880098,27.950,385.45689648972746,5637.354936296346,125.49419745185384,4100,1500,1520,40.0,35.0,20.0,5637.354936296346,94.12064808889038,1500,1520,800,0,0,125.49419745185384,125.49419745185384,62.74709872592692,0.0,4100,4200,390.0,94.12064808889038,32.79500000000003,25.0,25.0,0.9868797326392499,0.1614570943188395,1.0,0.0,0.0,0.0,0.0,44.54731529750108,39.61993771258069,38.26490184297091,40.5205716425911,53.97500000000013,53.97500000000013,53.97500000000013,53.97500000000013
2025-12-22T17:44:01.930448,28.000,385.9128225237873,5541.811576615232,121.67246306460927,4100,1500,1520,40.0,35.0,20.0,5541.811576615232,91.25434729845696,1500,1520,800,0,0,121.67246306460927,121.67246306460927,60.83623153230464,0.0,4100,4200,390.0,91.25434729845696,32.800000000000026,25.0,25.0,0.9906073556948883,0.13673721820770338,1.0,0.0,0.0,0.0,0.0,43.50598077456887,43.81750699266757,37.9290235539942,41.84102012946203,54.00000000000013,54.00000000000013,54.00000000000013,54.00000000000013
2025-12-22T17:44:01.981046,28.050,385.2681113352997,5444.9139701625945,117.79655880650377,4100,1500,1520,40.0,35.0,20.0,5444.9139701625945,88.34741910487783,1500,1520,800,0,0,117.79655880650377,117.79655880650377,58.898279403251884,0.0,4100,4200,390.0,88.34741910487783,32.80500000000003,25.0,25.0,0.9937158813988788,0.11193188578617604,1.0,0.0,0.0,0.0,0.0,37.31991774632153,44.13901773489957,39.1251346112243,37.010330811126366,54.025000000000134,54.025000000000134,54.025000000000134,54.025000000000134
2025-12-22T17:44:02.031258,28.100,385.44368647971277,5346.904310491266,113.87617241965066,4100,1500,1520,40.0,35.0,20.0,5346.904310491266,85.407129314738,1500,1520,800,0,0,113.87617241965066,113.87617241965066,56.93808620982533,0.0,4100,4200,390.0,85.407129314738,32.810000000000024,25.0,25.0,0.9962033670238432,0.08705659957957249,0.9999999999999999,0.0,0.0,0.0,0.0,38.93057546036438,38.5646649783431,40.01146858743517,40.38575135835928,54.05000000000013,54.05000000000013,54.05000000000013,54.05000000000013
2025-12-22T17:44:02.083249,28.150,385.723282073058,5248.027570707983,109.92110282831932,4100,1500,1520,40.0,35.0,20.0,5248.027570707983,82.4408271212395,1500,1520,800,0,0,109.92110282831932,109.92110282831932,54.96055141415966,0.0,4100,4200,390.0,82.4408271212395,32.815000000000026,25.0,25.0,0.9980682579722371,0.06212690583204635,1.0,0.0,0.0,0.0,0.0,43.66905751987859,36.71648906693608,35.28284376339995,43.13068011050295,54.07500000000013,54.07500000000013,54.07500000000013,54.07500000000013
2025-12-22T17:44:02.134266,28.200,386.45879914119706,5148.530891168191,105.94123564672765,4100,1500,1520,40.0,35.0,20.0,5148.530891168191,79.45592673504574,1500,1520,800,0,0,105.94123564672765,105.94123564672765,52.970617823363824,0.0,4100,4200,390.0,79.45592673504574,32.82000000000003,25.0,25.0,0.9993093887479226,0.03715838479069327,1.0,0.0,0.0,0.0,0.0,36.84876955664774,41.89715827900447,39.29429661547507,37.621330793001995,54.100000000000136,54.100000000000136,54.100000000000136,54.100000000000136
2025-12-22T17:44:02.185829,28.250,385.9664155476229,5048.662961753872,101.94651847015487,4100,1500,1520,40.0,35.0,20.0,5048.662961753872,76.45988885261616,1500,1520,800,0,0,101.94651847015487,101.94651847015487,50.973259235077435,0.0,4100,4200,390.0,76.45988885261616,32.825000000000024,25.0,25.0,0.9999259836845655,0.012166640968403645,1.0,0.0,0.0,0.0,0.0,38.829242438644876,44.69175187827348,41.45639698428381,43.85276309662223,54.125000000000135,54.125000000000135,54.125000000000135,54.125000000000135
2025-12-22T17:44:02.236369,28.300,386.01635955564063,4948.673400278349,97.94693601113393,4100,1500,1520,40.0,35.0,20.0,4948.673400278349,73.46020200835045,1500,1520,800,0,0,97.94693601113393,97.94693601113393,48.973468005566964,0.0,4100,4200,390.0,73.46020200835045,32.83000000000003,25.0,25.0,0.9999176574304013,-0.012832706608449974,0.9999999999999999,0.0,0.0,0.0,0.0,36.26130517177968,44.6745910348954,40.56426107937359,44.72296218991188,54.150000000000134,54.150000000000134,54.150000000000134,54.150000000000134
2025-12-22T17:44:02.286909,28.350,386.3410967468857,4848.8121285717525,93.9524851428701,4100,1500,1520,40.0,35.0,20.0,4848.8121285717525,70.46436385715258,1500,1520,800,0,0,93.9524851428701,93.9524851428701,46.97624257143505,0.0,4100,4200,390.0,70.46436385715258,32.83500000000003,25.0,25.0,0.999284415189068,-0.037824034161395945,1.0,0.0,0.0,0.0,0.0,35.51916822912942,44.06332785706699,42.55599329421823,35.18442893486554,54.17500000000013,54.17500000000013,54.17500000000013,54.17500000000013
2025-12-22T17:44:02.337431,28.400,386.2645888083746,4749.328747806606,89.97314991226423,4100,1500,1520,40.0,35.0,20.0,4749.328747806606,67.47986243419817,1500,1520,800,0,0,89.97314991226423,89.97314991226423,44.98657495613212,0.0,4100,4200,390.0,67.47986243419817,32.840000000000025,25.0,25.0,0.9980266527163533,-0.0627917229242165,1.0,0.0,0.0,0.0,0.0,35.25821421829161,43.89770652306437,36.38937232187402,38.70754631572822,54.20000000000013,54.20000000000013,54.20000000000013,54.20000000000013
2025-12-22T17:44:02.388110,28.450,386.3010067303324,4650.471914624879,86.01887658499514,4100,1500,1520,40.0,35.0,20.0,4650.471914624879,64.51415743874635,1500,1520,800,0,0,86.01887658499514,86.01887658499514,43.00943829249757,0.0,4100,4200,390.0,64.51415743874635,32.84500000000003,25.0,25.0,0.9961451560728608,-0.08772016890416823,1.0,0.0,0.0,0.0,0.0,44.026263664429855,44.885713367266845,42.650212158668474,42.82692455064825,54.225000000000136,54.225000000000136,54.225000000000136,54.225000000000136
2025-12-22T17:44:02.438409,28.500,386.6868812515386,4552.488719625881,82.09954878503524,4100,1500,1520,40.0,35.0,20.0,4552.488719625881,61.57466158877643,1500,1520,800,0,0,82.09954878503524,82.09954878503524,41.04977439251762,0.0,4100,4200,390.0,61.57466158877643,32.85000000000003,25.0,25.0,0.9936411011327474,-0.11259379263396962,1.0,0.0,0.0,0.0,0.0,42.341727384997434,38.503658956509256,39.990456906751966,44.336431842116646,54.250000000000135,54.250000000000135,54.250000000000135,54.250000000000135
2025-12-22T17:44:02.488945,28.550,387.45846994394367,4455.624069768449,78.22496279073796,4100,1500,1520,40.0,35.0,20.0,4455.624069768449,58.668722093053475,1500,1520,800,0,0,78.22496279073796,78.22496279073796,39.11248139536898,0.0,4100,4200,390.0,58.668722093053475,32.855000000000025,25.0,25.0,0.99051605284884,-0.13739704890846094,1.0,0.0,0.0,0.0,0.0,38.838901293193544,38.49768769508258,40.728319188440565,39.842793312924776,54.275000000000134,54.275000000000134,54.275000000000134,54.275000000000134
2025-12-22T17:44:02.545763,28.600,387.5164696452839,4360.120076231092,74.40480304924368,4100,1500,1520,40.0,35.0,20.0,4360.120076231092,55.80360228693276,1500,1520,800,0,0,74.40480304924368,74.40480304924368,37.20240152462184,0.0,4100,4200,390.0,55.80360228693276,32.86000000000003,25.0,25.0,0.9867719642745915,-0.16211443649985147,1.0,0.0,0.0,0.0,0.0,37.775786283349156,37.868830342249936,37.453717529289264,44.43693387736419,54.30000000000014,54.30000000000014,54.30000000000014,54.30000000000014
2025-12-22T17:44:02.596288,28.650,387.45499017224853,4266.215449260135,70.64861797040541,4100,1500,1520,40.0,35.0,20.0,4266.215449260135,52.98646347780406,1500,1520,800,0,0,70.64861797040541,70.64861797040541,35.324308985202705,0.0,4100,4200,390.0,52.98646347780406,32.86500000000003,25.0,25.0,0.9824111753434853,-0.1867305078454823,1.0,0.0,0.0,0.0,0.0,36.825251195849944,42.7762718618993,44.64443116939732,35.268545235248475,54.32500000000014,54.32500000000014,54.32500000000014,54.32500000000014
2025-12-22T17:44:02.646808,28.700,387.9152907738915,4174.144901518422,66.96579606073686,4100,1500,1520,40.0,35.0,20.0,4174.144901518422,50.22434704555265,1500,1520,800,0,0,66.96579606073686,66.96579606073686,33.48289803036843,0.0,4100,4200,390.0,50.22434704555265,32.870000000000026,25.0,25.0,0.9774364114066537,-0.21122987870205012,1.0,0.0,0.0,0.0,0.0,41.65395841365238,36.131873626866344,44.61196273495148,40.19627264717947,54.350000000000136,54.350000000000136,54.350000000000136,54.350000000000136
2025-12-22T17:44:02.698902,28.750,387.51024896954493,4084.1385614258907,63.36554245703563,4100,1500,1520,40.0,35.0,20.0,4084.1385614258907,47.52415684277672,1500,1520,800,0,0,63.36554245703563,63.36554245703563,31.682771228517815,0.0,4100,4200,390.0,47.52415684277672,32.87500000000003,25.0,25.0,0.9718507815296216,-0.23559723776025854,1.0,0.0,0.0,0.0,0.0,40.911368251866726,43.558058161269095,40.63854037145651,36.49576376493864,54.375000000000135,54.375000000000135,54.375000000000135,54.375000000000135
2025-12-22T17:44:02.749921,28.800,387.46486743601,3996.4213979583783,59.85685591833514,4100,1500,1520,40.0,35.0,20.0,3996.4213979583783,44.89264193875135,1500,1520,800,0,0,59.85685591833514,59.85685591833514,29.92842795916757,0.0,4100,4200,390.0,44.89264193875135,32.880000000000024,25.0,25.0,0.9656577765492419,-0.2598173562138879,1.0,0.0,0.0,0.0,0.0,39.84994623345586,44.05891625567398,35.54254983846738,43.35405851971185,54.400000000000134,54.400000000000134,54.400000000000134,54.400000000000134
2025-12-22T17:44:02.800447,28.850,387.42343752331396,3911.212658342338,56.44850633369352,4100,1500,1520,40.0,35.0,20.0,3911.212658342338,42.33637975027014,1500,1520,800,0,0,56.44850633369352,56.44850633369352,28.22425316684676,0.0,4100,4200,390.0,42.33637975027014,32.885000000000026,25.0,25.0,0.9588612668920365,-0.28387509727730365,1.0,0.0,0.0,0.0,0.0,43.80893890268425,39.516016602872355,39.30640380901419,41.783233554272535,54.42500000000014,54.42500000000014,54.42500000000014,54.42500000000014
2025-12-22T17:44:02.851294,28.900,388.0615372000037,3828.725320050956,53.14901280203823,4100,1500,1520,40.0,35.0,20.0,3828.725320050956,39.861759601528675,1500,1520,800,0,0,53.14901280203823,53.14901280203823,26.574506401019114,0.0,4100,4200,390.0,39.861759601528675,32.89000000000003,25.0,25.0,0.9514655001553053,-0.3077554256454544,1.0,0.0,0.0,0.0,0.0,39.472169988821264,36.7680945156378,37.50029933769301,43.38039082308277,54.45000000000014,54.45000000000014,54.45000000000014,54.45000000000014
2025-12-22T17:44:02.901849,28.950,388.09856695717485,3749.1655584713844,49.96662233885537,4100,1500,1520,40.0,35.0,20.0,3749.1655584713844,37.47496675414153,1500,1520,800,0,0,49.96662233885537,49.96662233885537,24.983311169427687,0.0,4100,4200,390.0,37.47496675414153,32.895000000000024,25.0,25.0,0.9434750984525159,-0.3314434168904482,1.0,0.0,0.0,0.0,0.0,39.74420850959717,40.80629967698057,37.14976570791703,44.89113734226002,54.475000000000136,54.475000000000136,54.475000000000136,54.475000000000136
2025-12-22T17:44:02.952392,29.000,388.05501754016603,3672.73223157365,46.90928926294602,4100,1500,1520,40.0,35.0,20.0,3672.73223157365,35.18196694720952,1500,1520,800,0,0,46.90928926294602,46.90928926294602,23.45464463147301,0.0,4100,4200,390.0,35.18196694720952,32.90000000000003,25.0,25.0,0.9348950555246338,-0.3549242667888345,0.9999999999999999,0.0,0.0,0.0,0.0,40.40922683823202,36.43876668450623,38.73619179539746,35.534770857039604,54.50000000000014,54.50000000000014,54.50000000000014,54.50000000000014
2025-12-22T17:44:03.002957,29.050,388.32784386823533,3599.6163828692906,43.984655314771636,4100,1500,1520,40.0,35.0,20.0,3599.6163828692906,32.98849148607873,1500,1520,800,0,0,43.984655314771636,43.984655314771636,21.992327657385818,0.0,4100,4200,390.0,32.98849148607873,32.90500000000003,25.0,25.0,0.9257307336191967,-0.37818330057376137,1.0,0.0,0.0,0.0,0.0,44.58402051382007,35.89002855585534,35.76467822015593,41.69500499988028,54.52500000000014,54.52500000000014,54.52500000000014,54.52500000000014
2025-12-22T17:44:03.056535,29.100,388.4363342403787,3530.0007639020687,41.20003055608275,4100,1500,1520,40.0,35.0,20.0,3530.0007639020687,30.900022917062063,1500,1520,800,0,0,41.20003055608275,41.20003055608275,20.600015278041376,0.0,4100,4200,390.0,30.900022917062063,32.910000000000025,25.0,25.0,0.9159878601390836,-0.4012059821062275,1.0,0.0,0.0,0.0,0.0,42.90796672899272,38.015724257065195,41.867288629733565,39.743422547028416,54.55000000000014,54.55000000000014,54.55000000000014,54.55000000000014
2025-12-22T17:44:03.107060,29.150,388.86633829023896,3464.0593774642884,38.56237509857155,4100,1500,1520,40.0,35.0,20.0,3464.0593774642884,28.921781323928663,1500,1520,800,0,0,38.56237509857155,38.56237509857155,19.281187549285775,0.0,4100,4200,390.0,28.921781323928663,32.91500000000003,25.0,25.0,0.9056725240630756,-0.42397792295969566,0.9999999999999999,0.0,0.0,0.0,0.0,36.08669728743587,40.36033044418659,43.80157631208954,44.166980493216705,54.57500000000014,54.57500000000014,54.57500000000014,54.57500000000014
2025-12-22T17:44:03.159622,29.200,388.87067359982865,3401.957042680435,36.07828170721739,4100,1500,1520,40.0,35.0,20.0,3401.957042680435,27.058711280413043,1500,1520,800,0,0,36.07828170721739,36.07828170721739,18.039140853608696,0.0,4100,4200,390.0,27.058711280413043,32.92000000000003,25.0,25.0,0.8947911721404416,-0.44648489141239117,1.0,0.0,0.0,0.0,0.0,35.74078436342339,44.86843510734939,43.53507442403049,35.412571617197045,54.600000000000136,54.600000000000136,54.600000000000136,54.600000000000136
2025-12-22T17:44:03.209140,29.250,388.7815292793839,3343.8489830451963,33.753959321807855,4100,1500,1520,40.0,35.0,20.0,3343.8489830451963,25.31546949135589,1500,1520,800,0,0,33.753959321807855,33.753959321807855,16.876979660903928,0.0,4100,4200,390.0,25.31546949135589,32.925000000000026,25.0,25.0,0.8833506048619296,-0.4687128213416646,1.0,0.0,0.0,0.0,0.0,37.23163756475246,42.7118864067322,41.89605061717339,41.42700142626528,54.62500000000014,54.62500000000014,54.62500000000014,54.62500000000014
2025-12-22T17:44:03.261228,29.300,388.3986420003125,3289.8804384455684,31.595217537822734,4100,1500,1520,40.0,35.0,20.0,3289.8804384455684,23.69641315336705,1500,1520,800,0,0,31.595217537822734,31.595217537822734,15.797608768911367,0.0,4100,4200,390.0,23.69641315336705,32.93000000000003,25.0,25.0,0.8713579722096824,-0.4906478210148603,1.0,0.0,0.0,0.0,0.0,41.26460554454539,35.717857526649254,40.332388320017785,41.16502730952046,54.65000000000014,54.65000000000014,54.65000000000014,54.65000000000014
2025-12-22T17:44:03.312231,29.350,388.82347988592807,3240.186302136776,29.60745208547104,4100,1500,1520,40.0,35.0,20.0,3240.186302136776,22.20558906410328,1500,1520,800,0,0,29.60745208547104,29.60745208547104,14.80372604273552,0.0,4100,4200,390.0,22.20558906410328,32.93500000000003,25.0,25.0,0.8588207691887305,-0.5122761817711978,1.0,0.0,0.0,0.0,0.0,44.34910898075462,36.737973240214245,38.8833517904492,44.130555980914934,54.67500000000014,54.67500000000014,54.67500000000014,54.67500000000014
2025-12-22T17:44:03.363405,29.400,388.66079289428325,3194.8907835793843,27.795631343175387,4100,1500,1520,40.0,35.0,20.0,3194.8907835793843,20.84672350738154,1500,1520,800,0,0,27.795631343175387,27.795631343175387,13.897815671587693,0.0,4100,4200,390.0,20.84672350738154,32.940000000000026,25.0,25.0,0.8457468311428584,-0.5335843865892379,1.0,0.0,0.0,0.0,0.0,36.39649873382937,40.34849554614655,39.763598376347105,36.021730814278804,54.700000000000145,54.700000000000145,54.700000000000145,54.700000000000145
2025-12-22T17:44:03.414233,29.450,388.7208668900619,3154.107097980338,26.164283919213517,4100,1500,1520,40.0,35.0,20.0,3154.107097980338,19.623212939410138,1500,1520,800,0,0,26.164283919213517,26.164283919213517,13.082141959606759,0.0,4100,4200,390.0,19.623212939410138,32.94500000000003,25.0,25.0,0.8321443288577699,-0.5545591185345812,1.0,0.0,0.0,0.0,0.0,39.810385025528355,40.586014361547456,37.855289851506825,40.38527805577497,54.72500000000014,54.72500000000014,54.72500000000014,54.72500000000014
2025-12-22T17:44:03.470833,29.500,388.66605920293983,3117.9371833139003,24.71748733255602,4100,1500,1520,40.0,35.0,20.0,3117.9371833139003,18.538115499417014,1500,1520,800,0,0,24.71748733255602,24.71748733255602,12.35874366627801,0.0,4100,4200,390.0,18.538115499417014,32.95000000000003,25.0,25.0,0.8180217634546124,-0.5751872690825189,1.0,0.0,0.0,0.0,0.0,41.74261061010975,37.01179857041986,37.992277431889434,39.1325094399831,54.75000000000014,54.75000000000014,54.75000000000014,54.75000000000014
2025-12-22T17:44:03.517842,29.550,388.80939951970817,3086.4714455298117,23.458857821192453,4100,1500,1520,40.0,35.0,20.0,3086.4714455298117,17.59414336589434,1500,1520,800,0,0,23.458857821192453,23.458857821192453,11.729428910596226,0.0,4100,4200,390.0,17.59414336589434,32.95500000000003,25.0,25.0,0.8033879610770537,-0.595455946310434,1.0,0.0,0.0,0.0,0.0,41.40644058131585,41.75470363886987,41.16256290069791,41.57551677901467,54.77500000000014,54.77500000000014,54.77500000000014,54.77500000000014
2025-12-22T17:44:03.568365,29.600,389.51906920685644,3059.7885325854913,22.391541303419643,4100,1500,1520,40.0,35.0,20.0,3059.7885325854913,16.793655977564732,1500,1520,800,0,0,22.391541303419643,22.391541303419643,11.195770651709822,0.0,4100,4200,390.0,16.793655977564732,32.96000000000003,25.0,25.0,0.7882520673752288,-0.6153524829548328,1.0,0.0,0.0,0.0,0.0,40.417662005398,35.20503568477524,39.51370232061108,39.280991933666456,54.80000000000014,54.80000000000014,54.80000000000014,54.80000000000014
2025-12-22T17:44:03.619420,29.650,388.77902749946776,3037.9551378671085,21.51820551468434,4100,1500,1520,40.0,35.0,20.0,3037.9551378671085,16.138654136013255,1500,1520,800,0,0,21.51820551468434,21.51820551468434,10.75910275734217,0.0,4100,4200,390.0,16.138654136013255,32.96500000000003,25.0,25.0,0.7726235417900068,-0.6348644443279727,1.0,0.0,0.0,0.0,0.0,38.74671248026566,35.71003007631862,36.347331624970906,43.92309258734362,54.825000000000145,54.825000000000145,54.825000000000145,54.825000000000145
2025-12-22T17:44:03.669956,29.700,389.0004217344171,3021.0258334908467,20.841033339633867,4100,1500,1520,40.0,35.0,20.0,3021.0258334908467,15.6307750047254,1500,1520,800,0,0,20.841033339633867,20.841033339633867,10.420516669816934,0.0,4100,4200,390.0,15.630775004725399,32.97000000000003,25.0,25.0,0.7565121516411479,-0.6539796360891375,0.9999999999999999,0.0,0.0,0.0,0.0,42.59681775776991,35.108463713722955,41.429527891852544,39.862639866642056,54.85000000000014,54.85000000000014,54.85000000000014,54.85000000000014
2025-12-22T17:44:03.720988,29.750,389.6824643615721,3009.042933901035,20.36171735604141,4100,1500,1520,40.0,35.0,20.0,3009.042933901035,15.271288017031058,1500,1520,800,0,0,20.36171735604141,20.36171735604141,10.180858678020705,0.0,4100,4200,390.0,15.271288017031058,32.97500000000003,25.0,25.0,0.739927966023047,-0.6726861118657026,1.0,0.0,0.0,0.0,0.0,41.294535022754005,39.48927659217938,41.57534744568481,36.15232423411812,54.87500000000014,54.87500000000014,54.87500000000014,54.87500000000014
2025-12-22T17:44:03.773644,29.800,389.3706864117476,3002.0363901060755,20.081455604243004,4100,1500,1520,40.0,35.0,20.0,3002.0363901060755,15.061091703182253,1500,1520,800,0,0,20.081455604243004,20.081455604243004,10.040727802121502,0.0,4100,4200,390.0,15.061091703182253,32.98000000000003,25.0,25.0,0.7228813495118767,-0.6909721807192298,1.0,0.0,0.0,0.0,0.0,37.901884653583636,41.860350079537476,37.579098283855565,41.420543702803606,54.90000000000015,54.90000000000015,54.90000000000015,54.90000000000015
2025-12-22T17:44:03.825316,29.850,388.82568503283994,3000.023714816517,20.000948592660677,4100,1500,1520,40.0,35.0,20.0,3000.023714816517,15.000711444495508,1500,1520,800,0,0,20.000948592660677,20.000948592660677,10.000474296330339,0.0,4100,4200,390.0,15.000711444495508,32.98500000000003,25.0,25.0,0.705382955688065,-0.708826414451923,0.9999999999999999,0.0,0.0,0.0,0.0,44.6205667474526,41.62294521647687,35.22442253691982,42.389205693838036,54.925000000000146,54.925000000000146,54.925000000000146,54.925000000000146
2025-12-22T17:44:03.876875,29.900,389.6063251651022,3003.0099386724023,20.1203975468961,4100,1500,1520,40.0,35.0,20.0,3003.0099386724023,15.090298160172075,1500,1520,800,0,0,20.1203975468961,20.1203975468961,10.06019877344805,0.0,4100,4200,390.0,15.090298160172074,32.99000000000003,25.0,25.0,0.6874437204781547,-0.7262376547488795,1.0,0.0,0.0,0.0,0.0,43.6432841295542,38.5253359938515,36.98032261206497,37.645771608166626,54.950000000000145,54.950000000000145,54.950000000000145,54.950000000000145
2025-12-22T17:44:03.928003,29.950,389.65507949877707,3010.9875976692883,20.439503906771535,4100,1500,1520,40.0,35.0,20.0,3010.9875976692883,15.32962793007865,1500,1520,800,0,0,20.439503906771535,20.439503906771535,10.219751953385767,0.0,4100,4200,390.0,15.329627930078653,32.99500000000003,25.0,25.0,0.6690748553202047,-0.743195020151674,1.0,0.0,0.0,0.0,0.0,42.881632026091445,44.84487480335967,39.11478142293156,43.633637646703285,54.97500000000014,54.97500000000014,54.97500000000014,54.97500000000014
2025-12-22T17:44:03.979052,30.000,389.4636400911483,3023.9367518143663,20.95747007257465,4100,1500,1520,40.0,35.0,20.0,3023.9367518143663,15.718102554430988,1500,1520,800,0,0,20.95747007257465,20.95747007257465,10.478735036287325,0.0,4100,4200,390.0,15.718102554430988,33.00000000000003,25.0,25.0,0.6502878401570062,-0.759687912858916,1.0,0.0,0.0,0.0,0.0,38.845349152067946,44.45954852743657,40.44910622054321,41.86825916692602,55.00000000000014,55.00000000000014,55.00000000000014,55.00000000000014
2025-12-22T17:44:04.029878,30.050,389.48717465043455,3041.825034966063,21.673001398642512,4100,1500,1520,40.0,35.0,20.0,3041.825034966063,16.254751048981884,1500,1520,800,0,0,21.673001398642512,21.673001398642512,10.836500699321256,0.0,4100,4200,390.0,16.254751048981884,33.00500000000003,25.0,25.0,0.6310944162614925,-0.7757060253495301,0.9999999999999999,0.0,0.0,0.0,0.0,43.72621804999202,39.586933789370924,39.6981840210928,39.672353703586744,55.02500000000015,55.02500000000015,55.02500000000015,55.02500000000015
2025-12-22T17:44:04.081656,30.100,388.77017518214444,3064.6077357325366,22.584309429301456,4100,1500,1520,40.0,35.0,20.0,3064.6077357325366,16.938232071976092,1500,1520,800,0,0,22.584309429301456,22.584309429301456,11.292154714650728,0.0,4100,4200,390.0,16.938232071976092,33.010000000000026,25.0,25.0,0.6115065788988255,-0.791239346824622,1.0,0.0,0.0,0.0,0.0,37.31867937092244,38.58951214803766,36.3409685617611,40.48447910629312,55.050000000000146,55.050000000000146,55.050000000000146,55.050000000000146
2025-12-22T17:44:04.132242,30.150,389.0731645059006,3092.2279092268723,23.689116369074895,4100,1500,1520,40.0,35.0,20.0,3092.2279092268723,17.76683727680617,1500,1520,800,0,0,23.689116369074895,23.689116369074895,11.844558184537448,0.0,4100,4200,390.0,17.76683727680617,33.01500000000003,25.0,25.0,0.591536569829745,-0.8062781694639011,1.0,0.0,0.0,0.0,0.0,44.63938791288771,40.734868407447266,39.34765573896542,36.854213588502745,55.075000000000145,55.075000000000145,55.075000000000145,55.075000000000145
2025-12-22T17:44:04.186366,30.200,388.89157811309207,3124.6165193996426,24.984660775985702,4100,1500,1520,40.0,35.0,20.0,3124.6165193996426,18.738495581989277,1500,1520,800,0,0,24.984660775985702,24.984660775985702,12.492330387992851,0.0,4100,4200,390.0,18.738495581989277,33.02000000000003,25.0,25.0,0.5711968696598676,-0.8208130944927525,1.0,0.0,0.0,0.0,0.0,39.26318427935571,40.540846054228616,35.75794455969136,38.23548363846198,55.10000000000015,55.10000000000015,55.10000000000015,55.10000000000015
2025-12-22T17:44:04.236882,30.250,388.9293167521265,3161.692611593078,26.467704463723123,4100,1500,1520,40.0,35.0,20.0,3161.692611593078,19.850778347792343,1500,1520,800,0,0,26.467704463723123,26.467704463723123,13.233852231861562,0.0,4100,4200,390.0,19.850778347792343,33.02500000000003,25.0,25.0,0.5505001900397134,-0.8348350380561655,1.0,0.0,0.0,0.0,0.0,35.45865672593107,43.099238806991345,38.97785274855939,36.118852296193765,55.12500000000015,55.12500000000015,55.12500000000015,55.12500000000015
2025-12-22T17:44:04.287459,30.300,389.13698157364416,3203.3635148855496,28.13454059542198,4100,1500,1520,40.0,35.0,20.0,3203.3635148855496,21.100905446566486,1500,1520,800,0,0,28.13454059542198,28.13454059542198,14.06727029771099,0.0,4100,4200,390.0,21.100905446566486,33.03000000000003,25.0,25.0,0.5294594657203392,-0.8483352368958471,1.0,0.0,0.0,0.0,0.0,39.65702507393179,44.50005839716448,42.338181209731204,44.534278216425804,55.15000000000015,55.15000000000015,55.15000000000015,55.15000000000015
2025-12-22T17:44:04.337691,30.350,389.1308606069664,3249.5250737206143,29.981002948824568,4100,1500,1520,40.0,35.0,20.0,3249.5250737206143,22.485752211618426,1500,1520,800,0,0,29.981002948824568,29.981002948824568,14.990501474412284,0.0,4100,4200,390.0,22.485752211618426,33.03500000000003,25.0,25.0,0.5080878464695393,-0.8613052538269726,1.0,0.0,0.0,0.0,0.0,44.11458204475747,37.35096903620793,41.735322653743864,41.95571032979793,55.175000000000146,55.175000000000146,55.175000000000146,55.175000000000146
2025-12-22T17:44:04.388577,30.400,388.4780382778234,3300.0619082416583,32.00247632966634,4100,1500,1520,40.0,35.0,20.0,3300.0619082416583,24.001857247249752,1500,1520,800,0,0,32.00247632966634,32.00247632966634,16.00123816483317,0.0,4100,4200,390.0,24.001857247249752,33.04000000000003,25.0,25.0,0.4863986888536693,-0.8737369830111528,1.0,0.0,0.0,0.0,0.0,42.056515727816716,37.49226846288419,38.72880834567494,42.3324103503156,55.200000000000145,55.200000000000145,55.200000000000145,55.200000000000145
2025-12-22T17:44:04.438766,30.450,388.5137171655664,3354.8477026814544,34.19390810725818,4100,1500,1520,40.0,35.0,20.0,3354.8477026814544,25.645431080443636,1500,1520,800,0,0,34.19390810725818,34.19390810725818,17.09695405362909,0.0,4100,4200,390.0,25.645431080443636,33.04500000000003,25.0,25.0,0.4644055478902266,-0.8856226550223173,1.0,0.0,0.0,0.0,0.0,36.42829077709483,38.040841298343274,35.45119155218185,40.061120955470805,55.22500000000015,55.22500000000015,55.22500000000015,55.22500000000015
2025-12-22T17:44:04.489246,30.500,388.8256284152379,3413.7455210857934,36.54982084343173,4100,1500,1520,40.0,35.0,20.0,3413.7455210857934,27.4123656325738,1500,1520,800,0,0,36.54982084343173,36.54982084343173,18.274910421715866,0.0,4100,4200,390.0,27.412365632573803,33.05000000000003,25.0,25.0,0.44212216857640557,-0.8969548417023548,1.0,0.0,0.0,0.0,0.0,36.44191208635913,41.632532186751824,42.69378381164266,42.89995187341258,55.25000000000015,55.25000000000015,55.25000000000015,55.25000000000015
2025-12-22T17:44:04.539608,30.550,388.70877717474605,3476.6081495820545,39.06432598328219,4100,1500,1520,40.0,35.0,20.0,3476.6081495820545,29.29824448746164,1500,1520,800,0,0,39.06432598328219,39.06432598328219,19.532162991641094,0.0,4100,4200,390.0,29.29824448746164,33.05500000000003,25.0,25.0,0.41956247729892215,-0.9077264608034689,1.0,0.0,0.0,0.0,0.0,44.52266256597193,41.56112906479794,36.972663745195426,39.985228274904244,55.27500000000015,55.27500000000015,55.27500000000015,55.27500000000015
2025-12-22T17:44:04.590144,30.600,388.718087916551,3543.2784643372224,41.731138573488884,4100,1500,1520,40.0,35.0,20.0,3543.2784643372224,31.29835393011666,1500,1520,800,0,0,41.731138573488884,41.731138573488884,20.865569286744442,0.0,4100,4200,390.0,31.29835393011666,33.06000000000003,25.0,25.0,0.3967405731304751,-0.9179307804143525,1.0,0.0,0.0,0.0,0.0,43.186350419076135,44.82883818256551,38.88845930474119,40.14977787132874,55.30000000000015,55.30000000000015,55.30000000000015,55.30000000000015
2025-12-22T17:44:04.640684,30.650,388.7037959605213,3613.5898242856365,44.543592971425454,4100,1500,1520,40.0,35.0,20.0,3613.5898242856365,33.40769472856909,1500,1520,800,0,0,44.543592971425454,44.543592971425454,22.271796485712727,0.0,4100,4200,390.0,33.40769472856909,33.06500000000003,25.0,25.0,0.37367071901828464,-0.9275614231674139,1.0,0.0,0.0,0.0,0.0,43.381001861789706,35.66764626393537,39.23046451654753,38.567815040852864,55.32500000000015,55.32500000000015,55.32500000000015,55.32500000000015
2025-12-22T17:44:04.694240,30.700,388.66091325359787,3687.3664876448747,47.49465950579499,4100,1500,1520,40.0,35.0,20.0,3687.3664876448747,35.62099462934624,1500,1520,800,0,0,47.49465950579499,47.49465950579499,23.747329752897496,0.0,4100,4200,390.0,35.62099462934624,33.07000000000003,25.0,25.0,0.3503673328702147,-0.9366123702244233,1.0,0.0,0.0,0.0,0.0,35.08356549641909,41.68897026375249,41.225507940294605,43.45096586357232,55.35000000000015,55.35000000000015,55.35000000000015,55.35000000000015
2025-12-22T17:44:04.744749,30.750,388.40559582791946,3764.424051178683,50.57696204714732,4100,1500,1520,40.0,35.0,20.0,3764.424051178683,37.932721535360486,1500,1520,800,0,0,50.57696204714732,50.57696204714732,25.28848102357366,0.0,4100,4200,390.0,37.932721535360486,33.07500000000003,25.0,25.0,0.32684497854404987,-0.9450779650380912,0.9999999999999999,0.0,0.0,0.0,0.0,38.27728874360647,38.76085762223859,35.63047104166531,39.60385487334957,55.37500000000015,55.37500000000015,55.37500000000015,55.37500000000015
2025-12-22T17:44:04.796296,30.800,388.1588788233762,3844.5699111090294,53.78279644436118,4100,1500,1520,40.0,35.0,20.0,3844.5699111090294,40.33709733327089,1500,1520,800,0,0,53.78279644436118,53.78279644436118,26.89139822218059,0.0,4100,4200,390.0,40.33709733327089,33.08000000000003,25.0,25.0,0.30311835674555837,-0.952952916887226,1.0,0.0,0.0,0.0,0.0,44.71655104760463,35.00184661095331,41.86067663070055,40.82747382947157,55.40000000000015,55.40000000000015,55.40000000000015,55.40000000000015
2025-12-22T17:44:04.847321,30.850,387.48301016311217,3927.6037445252455,57.104149781009816,4100,1500,1520,40.0,35.0,20.0,3927.6037445252455,42.82811233575736,1500,1520,800,0,0,57.104149781009816,57.104149781009816,28.552074890504908,0.0,4100,4200,390.0,42.82811233575736,33.08500000000003,25.0,25.0,0.27920229584102935,-0.9602323041832629,0.9999999999999999,0.0,0.0,0.0,0.0,36.54119748399957,35.45973884583808,35.87429539323854,44.493373253526876,55.42500000000015,55.42500000000015,55.42500000000015,55.42500000000015
2025-12-22T17:44:04.897833,30.900,387.2982061169608,4013.318010086975,60.532720403479,4100,1500,1520,40.0,35.0,20.0,4013.318010086975,45.399540302609246,1500,1520,800,0,0,60.532720403479,60.532720403479,30.2663602017395,0.0,4100,4200,390.0,45.399540302609246,33.09000000000003,25.0,25.0,0.25511174259002667,-0.966911577546096,1.0,0.0,0.0,0.0,0.0,42.60240803445343,43.47379454480891,37.337611047236756,43.35669502526976,55.45000000000015,55.45000000000015,55.45000000000015,55.45000000000015
2025-12-22T17:44:04.948309,30.950,387.78759189141806,4101.49846676944,64.0599386707776,4100,1500,1520,40.0,35.0,20.0,4101.49846676944,48.0449540030832,1500,1520,800,0,0,64.0599386707776,64.0599386707776,32.0299693353888,0.0,4100,4200,390.0,48.0449540030832,33.09500000000003,25.0,25.0,0.23086175280415097,-0.9729865626472932,1.0,0.0,0.0,0.0,0.0,38.54684826976872,38.25849546432826,43.38322913842708,35.660610190605425,55.47500000000015,55.47500000000015,55.47500000000015,55.47500000000015
2025-12-22T17:44:04.998700,31.000,387.5902156066571,4191.924709354429,67.67698837417716,4100,1500,1520,40.0,35.0,20.0,4191.924709354429,50.75774128063287,1500,1520,800,0,0,67.67698837417716,67.67698837417716,33.83849418708858,0.0,4100,4200,390.0,50.75774128063287,33.10000000000003,25.0,25.0,0.2064674819376471,-0.9784534628189158,1.0,0.0,0.0,0.0,0.0,36.75716730278055,35.8642617607056,44.38094819301802,37.69277215691975,55.500000000000156,55.500000000000156,55.500000000000156,55.500000000000156
2025-12-22T17:44:05.049112,31.050,387.7209275212149,4284.370719328555,71.37482877314223,4100,1500,1520,40.0,35.0,20.0,4284.370719328555,53.53112157985667,1500,1520,800,0,0,71.37482877314223,71.37482877314223,35.68741438657111,0.0,4100,4200,390.0,53.53112157985667,33.10500000000003,25.0,25.0,0.1819441756157389,-0.9833088614263116,1.0,0.0,0.0,0.0,0.0,35.566225946276475,40.396581027242476,39.437052799905636,41.425319286941296,55.525000000000155,55.525000000000155,55.525000000000155,55.525000000000155
2025-12-22T17:44:05.099637,31.100,386.73399567484637,4378.605429811836,75.14421719247345,4100,1500,1520,40.0,35.0,20.0,4378.605429811836,56.35816289435509,1500,1520,800,0,0,75.14421719247345,75.14421719247345,37.572108596236724,0.0,4100,4200,390.0,56.35816289435509,33.11000000000003,25.0,25.0,0.1573071601066094,-0.987549724003401,0.9999999999999999,0.0,0.0,0.0,0.0,35.45914851834756,41.408454142071626,39.05871830292006,42.866099287660845,55.55000000000015,55.55000000000015,55.55000000000015,55.55000000000015
2025-12-22T17:44:05.151678,31.150,387.0208544741026,4474.393303104551,78.97573212418204,4100,1500,1520,40.0,35.0,20.0,4474.393303104551,59.23179909313653,1500,1520,800,0,0,78.97573212418204,78.97573212418204,39.48786606209102,0.0,4100,4200,390.0,59.23179909313653,33.11500000000003,25.0,25.0,0.13257183274298237,-0.9911734001491196,1.0,0.0,0.0,0.0,0.0,42.48565274053156,40.07170713913324,40.84593539319941,44.129953018706814,55.57500000000015,55.57500000000015,55.57500000000015,55.57500000000015
2025-12-22T17:44:05.203196,31.200,387.13720655038185,4571.4949194088285,82.85979677635314,4100,1500,1520,40.0,35.0,20.0,4571.4949194088285,62.14484758226485,1500,1520,800,0,0,82.85979677635314,82.85979677635314,41.42989838817657,0.0,4100,4200,390.0,62.14484758226486,33.12000000000003,25.0,25.0,0.10775365229929042,-0.9941776251838318,0.9999999999999999,0.0,0.0,0.0,0.0,41.67298453614144,43.5264030983046,43.485175237796405,40.82071641714426,55.60000000000015,55.60000000000015,55.60000000000015,55.60000000000015
2025-12-22T17:44:05.253758,31.250,386.24577281578894,4669.667575253452,86.78670301013807,4100,1500,1520,40.0,35.0,20.0,4669.667575253452,65.09002725760355,1500,1520,800,0,0,86.78670301013807,86.78670301013807,43.393351505069035,0.0,4100,4200,390.0,65.09002725760355,33.12500000000003,25.0,25.0,0.08286812933044421,-0.9965605215646829,1.0,0.0,0.0,0.0,0.0,38.271482801221495,42.999448269465546,38.35923636288714,39.26695807869515,55.625000000000156,55.625000000000156,55.625000000000156,55.625000000000156
2025-12-22T17:44:05.306176,31.300,386.62859154430146,4768.66589012614,90.74663560504561,4100,1500,1520,40.0,35.0,20.0,4768.66589012614,68.0599767037842,1500,1520,800,0,0,90.74663560504561,90.74663560504561,45.373317802522806,0.0,4100,4200,390.0,68.0599767037842,33.13000000000003,25.0,25.0,0.05793081647824053,-0.9983206000590013,0.9999999999999999,0.0,0.0,0.0,0.0,38.543839558095904,38.35355700940526,41.90245556485115,39.733994240238914,55.650000000000155,55.650000000000155,55.650000000000155,55.650000000000155
2025-12-22T17:44:05.357187,31.350,386.76147686335344,4868.242419797038,94.72969679188151,4100,1500,1520,40.0,35.0,20.0,4868.242419797038,71.04727259391113,1500,1520,800,0,0,94.72969679188151,94.72969679188151,47.364848395940754,0.0,4100,4200,390.0,71.04727259391113,33.13500000000003,25.0,25.0,0.03295729875146742,-0.9994567606750212,1.0,0.0,0.0,0.0,0.0,38.07946685384606,39.7773622179596,44.15090442839073,38.72565248583533,55.67500000000015,55.67500000000015,55.67500000000015,55.67500000000015
2025-12-22T17:44:05.407724,31.400,385.95555357647197,4968.148274800422,98.72593099201687,4100,1500,1520,40.0,35.0,20.0,4968.148274800422,74.04444824401266,1500,1520,800,0,0,98.72593099201687,98.72593099201687,49.362965496008435,0.0,4100,4200,390.0,74.04444824401266,33.14000000000003,25.0,25.0,0.00796318378578103,-0.9999682933493411,1.0,0.0,0.0,0.0,0.0,37.335075874996654,42.84609265724109,43.62200542617696,37.0544476359027,55.70000000000016,55.70000000000016,55.70000000000016,55.70000000000016
2025-12-22T17:44:05.458494,31.450,385.74443374815655,5068.133742528747,102.72534970114987,4100,1500,1520,40.0,35.0,20.0,5068.133742528747,77.0440122758624,1500,1520,800,0,0,102.72534970114987,102.72534970114987,51.36267485057493,0.0,4100,4200,390.0,77.0440122758624,33.14500000000003,25.0,25.0,-0.017035907910558652,-0.9998548783906908,1.0,0.0,0.0,0.0,0.0,37.79369566054376,42.07099050793448,41.592067555735724,37.71357410552526,55.72500000000016,55.72500000000016,55.72500000000016,55.72500000000016
2025-12-22T17:44:05.509033,31.500,385.9014542113435,5167.948911384116,106.71795645536467,4100,1500,1520,40.0,35.0,20.0,5167.948911384116,80.0384673415235,1500,1520,800,0,0,106.71795645536467,106.71795645536467,53.358978227682336,0.0,4100,4200,390.0,80.0384673415235,33.150000000000034,25.0,25.0,-0.042024352718996974,-0.9991165866797275,1.0,0.0,0.0,0.0,0.0,43.309687382646175,44.11930134739937,40.730137068039944,39.63134274800204,55.750000000000156,55.750000000000156,55.750000000000156,55.750000000000156
2025-12-22T17:44:05.560579,31.550,385.8646941395138,5267.344295427129,110.69377181708515,4100,1500,1520,40.0,35.0,20.0,5267.344295427129,83.02032886281387,1500,1520,800,0,0,110.69377181708515,110.69377181708515,55.346885908542575,0.0,4100,4200,390.0,83.02032886281387,33.15500000000003,25.0,25.0,-0.06698653367493766,-0.9977538796247382,1.0,0.0,0.0,0.0,0.0,37.0179168147183,42.10958830554904,43.97741287493979,44.36399075218637,55.775000000000155,55.775000000000155,55.775000000000155,55.775000000000155
2025-12-22T17:44:05.611082,31.600,385.96466408819197,5366.071457961791,114.64285831847162,4100,1500,1520,40.0,35.0,20.0,5366.071457961791,85.98214373885372,1500,1520,800,0,0,114.64285831847162,114.64285831847162,57.32142915923581,0.0,4100,4200,390.0,85.98214373885372,33.16000000000003,25.0,25.0,-0.0919068502278373,-0.9957676088732742,1.0,0.0,0.0,0.0,0.0,40.585033507828896,37.98428891091023,38.38396808970847,44.03128111893474,55.80000000000015,55.80000000000015,55.80000000000015,55.80000000000015
2025-12-22T17:44:05.662651,31.650,385.5928937867045,5463.883632497878,118.55534529991512,4100,1500,1520,40.0,35.0,20.0,5463.883632497878,88.91650897493633,1500,1520,800,0,0,118.55534529991512,118.55534529991512,59.27767264995756,0.0,4100,4200,390.0,88.91650897493633,33.165000000000035,25.0,25.0,-0.11676972799104166,-0.9931590157798993,1.0,0.0,0.0,0.0,0.0,43.352082250170724,44.43386005577635,36.28377014178125,36.144831889615666,55.82500000000016,55.82500000000016,55.82500000000016,55.82500000000016
2025-12-22T17:44:05.713209,31.700,385.7124785506529,5560.536339538646,122.42145358154585,4100,1500,1520,40.0,35.0,20.0,5560.536339538646,91.81609018615939,1500,1520,800,0,0,122.42145358154585,122.42145358154585,61.210726790772924,0.0,4100,4200,390.0,91.81609018615939,33.17000000000003,25.0,25.0,-0.14155962847527034,-0.9899297306303834,0.9999999999999999,0.0,0.0,0.0,0.0,39.86835502228975,42.26855544839282,40.9387731602809,44.883257486005526,55.85000000000016,55.85000000000016,55.85000000000016,55.85000000000016
2025-12-22T17:44:05.764811,31.750,385.22212190161486,5655.78799765225,126.23151990609,4100,1500,1520,40.0,35.0,20.0,5655.78799765225,94.6736399295675,1500,1520,800,0,0,126.23151990609,126.23151990609,63.115759953045,0.0,4100,4200,390.0,94.6736399295675,33.17500000000003,25.0,25.0,-0.16626105879966682,-0.9860817716228273,1.0,0.0,0.0,0.0,0.0,41.584055509887264,37.37076633370914,42.309648887023734,43.52150935910016,55.875000000000156,55.875000000000156,55.875000000000156,55.875000000000156
2025-12-22T17:44:05.816386,31.800,384.9017674417311,5749.40052729951,129.9760210919804,4100,1500,1520,40.0,35.0,20.0,5749.40052729951,97.4820158189853,1500,1520,800,0,0,129.9760210919804,129.9760210919804,64.9880105459902,0.0,4100,4200,390.0,97.4820158189853,33.180000000000035,25.0,25.0,-0.19085858137434458,-0.9816175436063542,1.0,0.0,0.0,0.0,0.0,40.892672321500136,40.36362380587561,40.51819354392018,40.624179259590335,55.90000000000016,55.90000000000016,55.90000000000016,55.90000000000016
2025-12-22T17:44:05.867690,31.850,385.0684371258072,5841.139945908772,133.64559783635087,4100,1500,1520,40.0,35.0,20.0,5841.139945908772,100.23419837726316,1500,1520,800,0,0,133.64559783635087,133.64559783635087,66.82279891817544,0.0,4100,4200,390.0,100.23419837726316,33.18500000000003,25.0,25.0,-0.21533682354837838,-0.9765398365781575,0.9999999999999999,0.0,0.0,0.0,0.0,35.759112431545965,44.83053868642838,39.85794616360492,36.750499227509316,55.92500000000016,55.92500000000016,55.92500000000016,55.92500000000016
2025-12-22T17:44:05.918271,31.900,384.37558617786334,5930.776952710477,137.23107810841907,4100,1500,1520,40.0,35.0,20.0,5930.776952710477,102.9233085813143,1500,1520,800,0,0,137.23107810841907,137.23107810841907,68.61553905420953,0.0,4100,4200,390.0,102.92330858131432,33.19000000000003,25.0,25.0,-0.23968048721721064,-0.9708518239398434,1.0,0.0,0.0,0.0,0.0,38.93620829409003,44.10010558509803,35.698236017424776,42.899861244679244,55.95000000000016,55.95000000000016,55.95000000000016,55.95000000000016
2025-12-22T17:44:05.968727,31.950,384.7220707761432,6018.087501869672,140.7235000747869,4100,1500,1520,40.0,35.0,20.0,6018.087501869672,105.54262505609017,1500,1520,800,0,0,140.7235000747869,140.7235000747869,70.36175003739345,0.0,4100,4200,390.0,105.54262505609017,33.195000000000036,25.0,25.0,-0.2638743583834688,-0.9645570605141578,0.9999999999999999,0.0,0.0,0.0,0.0,44.89327969077169,35.8399324556111,37.223167260195225,36.84646166188945,55.97500000000016,55.97500000000016,55.97500000000016,55.97500000000016
2025-12-22T17:44:06.019411,32.000,384.336331395248,6102.853362483915,144.11413449935657,4100,1500,1520,40.0,35.0,20.0,6102.853362483915,108.08560087451743,1500,1520,800,0,0,144.11413449935657,144.11413449935657,72.05706724967828,0.0,4100,4200,390.0,108.08560087451743,33.20000000000003,25.0,25.0,-0.2879033166652184,-0.9576594803233386,1.0,0.0,0.0,0.0,0.0,35.442878271461204,35.89028070873666,40.82592681676084,38.110809584886674,56.000000000000156,56.000000000000156,56.000000000000156,56.000000000000156
2025-12-22T17:44:06.070457,32.050,384.83664797451166,6184.86266404687,147.39450656187478,4100,1500,1520,40.0,35.0,20.0,6184.86266404687,110.54587992140608,1500,1520,800,0,0,147.39450656187478,147.39450656187478,73.69725328093739,0.0,4100,4200,390.0,110.5458799214061,33.205000000000034,25.0,25.0,-0.31175234474570807,-0.9501633941304797,1.0,0.0,0.0,0.0,0.0,36.41914014963331,44.07666067496594,41.080791646994335,38.39870305959871,56.02500000000016,56.02500000000016,56.02500000000016,56.02500000000016
2025-12-22T17:44:06.123153,32.100,384.5780348305949,6263.910426014255,150.55641704057018,4100,1500,1520,40.0,35.0,20.0,6263.910426014255,112.91731278042764,1500,1520,800,0,0,150.55641704057018,150.55641704057018,75.27820852028509,0.0,4100,4200,390.0,112.91731278042764,33.21000000000003,25.0,25.0,-0.3354065377587086,-0.9420734867454428,1.0,0.0,0.0,0.0,0.0,40.277387167519024,37.02127107721968,44.72701814202887,35.10196796008601,56.05000000000015,56.05000000000015,56.05000000000015,56.05000000000015
2025-12-22T17:44:06.175686,32.150,383.8416458375997,6339.79907014843,153.5919628059372,4100,1500,1520,40.0,35.0,20.0,6339.79907014843,115.19397210445288,1500,1520,800,0,0,153.5919628059372,153.5919628059372,76.7959814029686,0.0,4100,4200,390.0,115.19397210445288,33.21500000000003,25.0,25.0,-0.35885111260356406,-0.9333948140970059,1.0,0.0,0.0,0.0,0.0,44.750949147625576,42.07970454495599,37.41285337706403,43.216354857444514,56.07500000000016,56.07500000000016,56.07500000000016,56.07500000000016
2025-12-22T17:44:06.228220,32.200,383.9830318872681,6412.338914361101,156.49355657444406,4100,1500,1520,40.0,35.0,20.0,6412.338914361101,117.37016743083305,1500,1520,800,0,0,156.49355657444406,156.49355657444406,78.24677828722203,0.0,4100,4200,390.0,117.37016743083305,33.22000000000003,25.0,25.0,-0.3820714171841503,-0.9241328000730712,1.0,0.0,0.0,0.0,0.0,42.15985573398909,43.869226886003815,43.73319438777169,42.129870349404854,56.10000000000015,56.10000000000015,56.10000000000015,56.10000000000015
2025-12-22T17:44:06.278721,32.250,384.22961083834383,6481.348646819759,159.25394587279033,4100,1500,1520,40.0,35.0,20.0,6481.348646819759,119.44045940459274,1500,1520,800,0,0,159.25394587279033,159.25394587279033,79.62697293639516,0.0,4100,4200,390.0,119.44045940459276,33.22500000000003,25.0,25.0,-0.40505293956595795,-0.9142932331309122,1.0,0.0,0.0,0.0,0.0,38.69365933917303,35.30335782745642,41.84115815151107,38.863168659994265,56.125000000000156,56.125000000000156,56.125000000000156,56.125000000000156
2025-12-22T17:44:06.329362,32.300,383.7180880493396,6546.655779132829,161.86623116531314,4100,1500,1520,40.0,35.0,20.0,6546.655779132829,121.39967337398485,1500,1520,800,0,0,161.86623116531314,161.86623116531314,80.93311558265657,0.0,4100,4200,390.0,121.39967337398484,33.23000000000003,25.0,25.0,-0.42778131704557926,-0.9038822626795757,0.9999999999999999,0.0,0.0,0.0,0.0,44.224976640312306,44.14406188195473,38.8881813968344,37.80784519488706,56.15000000000015,56.15000000000015,56.15000000000015,56.15000000000015
2025-12-22T17:44:06.379805,32.350,383.9607087605605,6608.097077480826,164.32388309923303,4100,1500,1520,40.0,35.0,20.0,6608.097077480826,123.24291232442476,1500,1520,800,0,0,164.32388309923303,164.32388309923303,82.16194154961651,0.0,4100,4200,390.0,123.24291232442476,33.23500000000003,25.0,25.0,-0.4502423451269301,-0.8929063952367025,1.0,0.0,0.0,0.0,0.0,41.442109895437866,42.128946296423905,42.29616862926286,39.08073751075819,56.17500000000015,56.17500000000015,56.17500000000015,56.17500000000015
2025-12-22T17:44:06.430431,32.400,384.0431061594936,6665.51897061589,166.6207588246356,4100,1500,1520,40.0,35.0,20.0,6665.51897061589,124.96556911847671,1500,1520,800,0,0,166.6207588246356,166.6207588246356,83.3103794123178,0.0,4100,4200,390.0,124.9655691184767,33.24000000000003,25.0,25.0,-0.47242198639859767,-0.8813724903621641,0.9999999999999999,0.0,0.0,0.0,0.0,43.22643369906922,37.256806592104084,40.10916047668459,36.70307296368897,56.200000000000145,56.200000000000145,56.200000000000145,56.200000000000145
2025-12-22T17:44:06.481068,32.450,383.89683271516685,6718.777933709927,168.7511173483971,4100,1500,1520,40.0,35.0,20.0,6718.777933709927,126.56333801129782,1500,1520,800,0,0,168.7511173483971,168.7511173483971,84.37555867419854,0.0,4100,4200,390.0,126.56333801129782,33.24500000000003,25.0,25.0,-0.49430637930676563,-0.8692877563710627,1.0,0.0,0.0,0.0,0.0,43.54277421287878,38.74181238793526,43.60264528980804,35.954650824405554,56.22500000000015,56.22500000000015,56.22500000000015,56.22500000000015
2025-12-22T17:44:06.531741,32.500,383.44370863070526,6767.740847091934,170.70963388367736,4100,1500,1520,40.0,35.0,20.0,6767.740847091934,128.032225412758,1500,1520,800,0,0,170.70963388367736,170.70963388367736,85.35481694183868,0.0,4100,4200,390.0,128.032225412758,33.25000000000003,25.0,25.0,-0.5158818468182341,-0.8566597458287672,1.0,0.0,0.0,0.0,0.0,37.24198494515473,44.43691296479596,38.347664476626946,39.169389394734495,56.25000000000014,56.25000000000014,56.25000000000014,56.25000000000014
2025-12-22T17:44:06.581950,32.550,383.15854746780775,6812.285328977848,172.4914131591139,4100,1500,1520,40.0,35.0,20.0,6812.285328977848,129.36855986933543,1500,1520,800,0,0,172.4914131591139,172.4914131591139,86.24570657955695,0.0,4100,4200,390.0,129.36855986933543,33.25500000000003,25.0,25.0,-0.5371349049681202,-0.8434963508308073,0.9999999999999999,0.0,0.0,0.0,0.0,43.05073058784006,40.422255389437694,44.042708720104585,44.70907689086913,56.27500000000015,56.27500000000015,56.27500000000015,56.27500000000015
2025-12-22T17:44:06.632786,32.600,383.3558288134586,6852.300041361272,174.09200165445088,4100,1500,1520,40.0,35.0,20.0,6852.300041361272,130.56900124083816,1500,1520,800,0,0,174.09200165445088,174.09200165445088,87.04600082722544,0.0,4100,4200,390.0,130.56900124083816,33.260000000000026,25.0,25.0,-0.5580522712868973,-0.8298057980705698,1.0,0.0,0.0,0.0,0.0,44.7277456358443,36.3147943295708,36.46887640467062,44.590850627636414,56.30000000000014,56.30000000000014,56.30000000000014,56.30000000000014
2025-12-22T17:44:06.683338,32.650,383.37641774647244,6887.684968300507,175.50739873202025,4100,1500,1520,40.0,35.0,20.0,6887.684968300507,131.6305490490152,1500,1520,800,0,0,175.50739873202025,175.50739873202025,87.75369936601012,0.0,4100,4200,390.0,131.6305490490152,33.26500000000003,25.0,25.0,-0.5786208731015056,-0.8155966436978829,1.0,0.0,0.0,0.0,0.0,36.71885423629534,39.63617602665244,41.40819567272292,40.20583143890072,56.325000000000145,56.325000000000145,56.325000000000145,56.325000000000145
2025-12-22T17:44:06.733862,32.700,383.14891183619267,6918.351665906317,176.7340666362527,4100,1500,1520,40.0,35.0,20.0,6918.351665906317,132.55054997718952,1500,1520,800,0,0,176.7340666362527,176.7340666362527,88.36703331812635,0.0,4100,4200,390.0,132.55054997718952,33.270000000000024,25.0,25.0,-0.598827855705348,-0.8008777679717017,1.0,0.0,0.0,0.0,0.0,35.705353377698444,35.31803646405413,42.91219314349533,43.653086725757944,56.350000000000136,56.350000000000136,56.350000000000136,56.350000000000136
2025-12-22T17:44:06.784913,32.750,383.1516740704212,6944.223483405598,177.76893933622392,4100,1500,1520,40.0,35.0,20.0,6944.223483405598,133.32670450216796,1500,1520,800,0,0,177.76893933622392,177.76893933622392,88.88446966811196,0.0,4100,4200,390.0,133.32670450216796,33.27500000000003,25.0,25.0,-0.6186605903920628,-0.785658369710235,0.9999999999999999,0.0,0.0,0.0,0.0,39.09981132206218,43.1074878052208,42.240046456257915,36.66434127842455,56.37500000000014,56.37500000000014,56.37500000000014,56.37500000000014
2025-12-22T17:44:06.835937,32.800,383.04581436917323,6965.235754728382,178.60943018913528,4100,1500,1520,40.0,35.0,20.0,6965.235754728382,133.95707264185145,1500,1520,800,0,0,178.60943018913528,178.60943018913528,89.30471509456764,0.0,4100,4200,390.0,133.95707264185145,33.28000000000003,25.0,25.0,-0.6381066823480541,-0.7699479605419833,1.0,0.0,0.0,0.0,0.0,36.11206881587956,43.3117411419983,43.80914307377782,42.67281867568599,56.400000000000134,56.400000000000134,56.400000000000134,56.400000000000134
2025-12-22T17:44:06.886172,32.850,382.9596182790601,6981.335960139341,179.25343840557366,4100,1500,1520,40.0,35.0,20.0,6981.335960139341,134.44007880418025,1500,1520,800,0,0,179.25343840557366,179.25343840557366,89.62671920278683,0.0,4100,4200,390.0,134.44007880418025,33.285000000000025,25.0,25.0,-0.6571539783988471,-0.753756358961281,1.0,0.0,0.0,0.0,0.0,42.229398077094224,37.35906826977325,38.80063925807682,35.49400036089953,56.42500000000014,56.42500000000014,56.42500000000014,56.42500000000014
2025-12-22T17:44:06.936404,32.900,382.79415309470613,6992.483857509774,179.69935430039095,4100,1500,1520,40.0,35.0,20.0,6992.483857509774,134.7745157252932,1500,1520,800,0,0,179.69935430039095,179.69935430039095,89.84967715019548,0.0,4100,4200,390.0,134.7745157252932,33.29000000000003,25.0,25.0,-0.6757905746044264,-0.7370936841920566,1.0,0.0,0.0,0.0,0.0,41.46743452594353,39.25922380621189,41.04765476976552,36.09651285341463,56.45000000000013,56.45000000000013,56.45000000000013,56.45000000000013
2025-12-22T17:44:06.986760,32.950,382.7939924095931,6998.651582901966,179.94606331607866,4100,1500,1520,40.0,35.0,20.0,6998.651582901966,134.959547487059,1500,1520,800,0,0,179.94606331607866,179.94606331607866,89.97303165803933,0.0,4100,4200,390.0,134.959547487059,33.29500000000003,25.0,25.0,-0.6940048236988106,-0.7199703498636474,1.0,0.0,0.0,0.0,0.0,36.68160189209993,41.45903424536482,35.76822610901391,41.80937360947361,56.475000000000136,56.475000000000136,56.475000000000136,56.475000000000136
2025-12-22T17:44:07.037444,33.000,383.67585009082313,6999.823720214527,179.9929488085811,4100,1500,1520,40.0,35.0,20.0,6999.823720214527,134.99471160643583,1500,1520,800,0,0,179.9929488085811,179.9929488085811,89.99647440429055,0.0,4100,4200,390.0,134.99471160643583,33.300000000000026,25.0,25.0,-0.7117853423692154,-0.7023970575026199,1.0,0.0,0.0,0.0,0.0,40.21559992131958,41.791242749681274,35.65906139193508,41.536914827361734,56.50000000000013,56.50000000000013,56.50000000000013,56.50000000000013
2025-12-22T17:44:07.087987,33.050,383.09370917815545,6995.997339714613,179.83989358858452,4100,1500,1520,40.0,35.0,20.0,6995.997339714613,134.87992019143837,1500,1520,800,0,0,179.83989358858452,179.83989358858452,89.91994679429226,0.0,4100,4200,390.0,134.87992019143837,33.30500000000003,25.0,25.0,-0.7291210183702526,-0.6843847898446647,1.0,0.0,0.0,0.0,0.0,41.981369517754636,44.566935018464164,43.97412159708426,38.74972972383346,56.525000000000134,56.525000000000134,56.525000000000134,56.525000000000134
2025-12-22T17:44:07.139526,33.100,382.97735049292845,6987.182005360732,179.4872802144293,4100,1500,1520,40.0,35.0,20.0,6987.182005360732,134.61546016082195,1500,1520,800,0,0,179.4872802144293,179.4872802144293,89.74364010721465,0.0,4100,4200,390.0,134.61546016082195,33.310000000000024,25.0,25.0,-0.7460010174687219,-0.6659448039707432,0.9999999999999999,0.0,0.0,0.0,0.0,38.82498828292254,40.67408708285138,44.76048003838781,35.23087093767499,56.550000000000125,56.550000000000125,56.550000000000125,56.550000000000125
2025-12-22T17:44:07.190543,33.150,383.67425375566734,6973.399750897833,178.9359900359133,4100,1500,1520,40.0,35.0,20.0,6973.399750897833,134.201992526935,1500,1520,800,0,0,178.9359900359133,178.9359900359133,89.46799501795665,0.0,4100,4200,390.0,134.201992526935,33.315000000000026,25.0,25.0,-0.762414790214655,-0.647088624271779,1.0,0.0,0.0,0.0,0.0,44.40047096072415,36.5734242351042,41.72177923883273,39.76772724414031,56.57500000000013,56.57500000000013,56.57500000000013,56.57500000000013
2025-12-22T17:44:07.241446,33.200,383.36207135269296,6954.685024784412,178.18740099137648,4100,1500,1520,40.0,35.0,20.0,6954.685024784412,133.64055074353234,1500,1520,800,0,0,178.18740099137648,178.18740099137648,89.09370049568824,0.0,4100,4200,390.0,133.64055074353234,33.32000000000002,25.0,25.0,-0.7783520785343766,-0.6278280352462892,1.0,0.0,0.0,0.0,0.0,37.42242908297289,37.61675596365364,37.13561940240456,44.6278679833409,56.60000000000012,56.60000000000012,56.60000000000012,56.60000000000012
2025-12-22T17:44:07.292989,33.250,383.58560581415475,6931.084604089313,177.24338416357253,4100,1500,1520,40.0,35.0,20.0,6931.084604089313,132.9325381226794,1500,1520,800,0,0,177.24338416357253,177.24338416357253,88.62169208178626,0.0,4100,4200,390.0,132.9325381226794,33.325000000000024,25.0,25.0,-0.7938029221414681,-0.6081750741354551,1.0,0.0,0.0,0.0,0.0,40.36590350076497,38.94705003548537,38.78125048856918,42.114798403802574,56.62500000000013,56.62500000000013,56.62500000000013,56.62500000000013
2025-12-22T17:44:07.343537,33.300,383.63813849845076,6902.6574775734125,176.10629910293648,4100,1500,1520,40.0,35.0,20.0,6902.6574775734125,132.07972432720237,1500,1520,800,0,0,176.10629910293648,176.10629910293648,88.05314955146824,0.0,4100,4200,390.0,132.07972432720237,33.33000000000003,25.0,25.0,-0.8087576647616218,-0.5881420234002397,1.0,0.0,0.0,0.0,0.0,41.187180010624004,43.213625832310385,39.9514155896869,44.4467663322574,56.65000000000012,56.65000000000012,56.65000000000012,56.65000000000012
2025-12-22T17:44:07.394550,33.350,383.7096043414818,6869.474698248438,174.7789879299375,4100,1500,1520,40.0,35.0,20.0,6869.474698248438,131.0842409474531,1500,1520,800,0,0,174.7789879299375,174.7789879299375,87.38949396496875,0.0,4100,4200,390.0,131.0842409474531,33.33500000000002,25.0,25.0,-0.8232069601674981,-0.5677414030452486,1.0,0.0,0.0,0.0,0.0,43.306867153695435,40.270641013360894,39.1191976122309,37.52095199552429,56.675000000000125,56.675000000000125,56.675000000000125,56.675000000000125
2025-12-22T17:44:07.444907,33.400,383.61161481940275,6831.619205781444,173.26476823125776,4100,1500,1520,40.0,35.0,20.0,6831.619205781444,129.9485761734433,1500,1520,800,0,0,173.26476823125776,173.26476823125776,86.63238411562888,0.0,4100,4200,390.0,129.9485761734433,33.340000000000025,25.0,25.0,-0.8371417780198129,-0.5469859627941345,1.0,0.0,0.0,0.0,0.0,38.95936770145199,42.02965067858115,36.79840460593444,44.21542313598633,56.70000000000012,56.70000000000012,56.70000000000012,56.70000000000012
2025-12-22T17:44:07.495261,33.450,383.497584123779,6789.18561918884,171.5674247675536,4100,1500,1520,40.0,35.0,20.0,6789.18561918884,128.6755685756652,1500,1520,800,0,0,171.5674247675536,171.5674247675536,85.7837123837768,0.0,4100,4200,390.0,128.6755685756652,33.34500000000003,25.0,25.0,-0.8505534095110067,-0.5258886741214359,1.0,0.0,0.0,0.0,0.0,37.038550252336876,41.45120409654551,42.09253942508809,43.344647159366424,56.72500000000012,56.72500000000012,56.72500000000012,56.72500000000012
2025-12-22T17:44:07.547322,33.500,383.4994778202354,6742.280000338123,169.6912000135249,4100,1500,1520,40.0,35.0,20.0,6742.280000338123,127.26840001014368,1500,1520,800,0,0,169.6912000135249,169.6912000135249,84.84560000676245,0.0,4100,4200,390.0,127.26840001014368,33.35000000000002,25.0,25.0,-0.8634334728079648,-0.5044627221458268,1.0,0.0,0.0,0.0,0.0,36.798870456685066,35.89817007914562,41.444606988119574,36.43100299785171,56.750000000000114,56.750000000000114,56.750000000000114,56.750000000000114
2025-12-22T17:44:07.598827,33.550,383.25150537160846,6691.019588848443,167.64078355393775,4100,1500,1520,40.0,35.0,20.0,6691.019588848443,125.73058766545331,1500,1520,800,0,0,167.64078355393775,167.64078355393775,83.82039177696888,0.0,4100,4200,390.0,125.73058766545333,33.355000000000025,25.0,25.0,-0.8757739182903908,-0.482721497389847,1.0,0.0,0.0,0.0,0.0,37.485445057860055,43.46406245322891,38.39049619424782,41.28318031102377,56.77500000000012,56.77500000000012,56.77500000000012,56.77500000000012
2025-12-22T17:44:07.651446,33.600,383.4619174875982,6635.532509052622,165.4213003621049,4100,1500,1520,40.0,35.0,20.0,6635.532509052622,124.06597527157867,1500,1520,800,0,0,165.4213003621049,165.4213003621049,82.71065018105244,0.0,4100,4200,390.0,124.06597527157867,33.36000000000002,25.0,25.0,-0.8875670335815569,-0.4606785874112616,0.9999999999999999,0.0,0.0,0.0,0.0,37.181174454177054,41.27325862054076,44.383111229128104,41.17082818721676,56.80000000000011,56.80000000000011,56.80000000000011,56.80000000000011
2025-12-22T17:44:07.702012,33.650,383.5336893999097,6575.957449753034,163.03829799012135,4100,1500,1520,40.0,35.0,20.0,6575.957449753034,122.27872349259101,1500,1520,800,0,0,163.03829799012135,163.03829799012135,81.51914899506068,0.0,4100,4200,390.0,122.27872349259101,33.36500000000002,25.0,25.0,-0.8988054483682888,-0.4383477683112796,1.0,0.0,0.0,0.0,0.0,37.40405492135827,42.38336685729395,44.587664443082744,38.40039721430493,56.82500000000012,56.82500000000012,56.82500000000012,56.82500000000012
2025-12-22T17:44:07.753643,33.700,384.4031363027516,6512.443317571838,160.49773270287352,4100,1500,1520,40.0,35.0,20.0,6512.443317571838,120.37329952715514,1500,1520,800,0,0,160.49773270287352,160.49773270287352,80.24886635143676,0.0,4100,4200,390.0,120.37329952715513,33.37000000000002,25.0,25.0,-0.909482139007171,-0.41574299612493887,1.0,0.0,0.0,0.0,0.0,36.49099207921063,36.2330479573352,44.42127282776701,37.9952897362719,56.85000000000011,56.85000000000011,56.85000000000011,56.85000000000011
2025-12-22T17:44:07.804670,33.750,383.95406079628185,6445.148864761965,157.80595459047862,4100,1500,1520,40.0,35.0,20.0,6445.148864761965,118.35446594285897,1500,1520,800,0,0,157.80595459047862,157.80595459047862,78.90297729523931,0.0,4100,4200,390.0,118.35446594285898,33.37500000000002,25.0,25.0,-0.9195904329140953,-0.3928783980990388,1.0,0.0,0.0,0.0,0.0,43.764515932419734,36.303987099957446,43.35669048155694,40.11994637168987,56.875000000000114,56.875000000000114,56.875000000000114,56.875000000000114
2025-12-22T17:44:07.854894,33.800,384.2185923722877,6374.242292409169,154.96969169636674,4100,1500,1520,40.0,35.0,20.0,6374.242292409169,116.22726877227505,1500,1520,800,0,0,154.96969169636674,154.96969169636674,77.48484584818337,0.0,4100,4200,390.0,116.22726877227505,33.380000000000024,25.0,25.0,-0.9291240127344091,-0.3697682638630708,1.0,0.0,0.0,0.0,0.0,37.44034682990798,44.73891030493781,38.215086920082186,44.11382958382452,56.900000000000105,56.900000000000105,56.900000000000105,56.900000000000105
2025-12-22T17:44:07.905613,33.850,384.2784784914204,6299.9008300169,151.99603320067598,4100,1500,1520,40.0,35.0,20.0,6299.9008300169,113.99702490050699,1500,1520,800,0,0,151.99603320067598,151.99603320067598,75.99801660033799,0.0,4100,4200,390.0,113.997024900507,33.38500000000002,25.0,25.0,-0.9380769202910563,-0.34642703649866496,1.0,0.0,0.0,0.0,0.0,35.650191428608174,43.68709631106046,40.78935120104204,43.27925621238656,56.92500000000011,56.92500000000011,56.92500000000011,56.92500000000011
2025-12-22T17:44:07.956137,33.900,384.5066217850674,6222.310292524855,148.8924117009942,4100,1500,1520,40.0,35.0,20.0,6222.310292524855,111.66930877574563,1500,1520,800,0,0,148.8924117009942,148.8924117009942,74.4462058504971,0.0,4100,4200,390.0,111.66930877574563,33.39000000000002,25.0,25.0,-0.9464435603082434,-0.3228693035131343,1.0,0.0,0.0,0.0,0.0,38.92376775274135,42.96594347554927,38.8056366165254,38.28099808709445,56.9500000000001,56.9500000000001,56.9500000000001,56.9500000000001
2025-12-22T17:44:08.006675,33.950,384.28240277043284,6141.6646158683925,145.6665846347357,4100,1500,1520,40.0,35.0,20.0,6141.6646158683925,109.24993847605177,1500,1520,800,0,0,145.6665846347357,145.6665846347357,72.83329231736785,0.0,4100,4200,390.0,109.24993847605177,33.395000000000024,25.0,25.0,-0.9542187039083058,-0.2991097877227575,1.0,0.0,0.0,0.0,0.0,41.5747242803607,39.79265099984568,42.593537012495446,37.261499535519256,56.97500000000011,56.97500000000011,56.97500000000011,56.97500000000011
2025-12-22T17:44:08.057233,34.000,384.3018468524687,6058.165372239698,142.32661488958792,4100,1500,1520,40.0,35.0,20.0,6058.165372239698,106.74496116719094,1500,1520,800,0,0,142.32661488958792,142.32661488958792,71.16330744479396,0.0,4100,4200,390.0,106.74496116719095,33.40000000000002,25.0,25.0,-0.9613974918795852,-0.2751633380514979,1.0,0.0,0.0,0.0,0.0,38.66264402502487,41.23952656780921,42.874741231625094,39.05887298578235,57.0000000000001,57.0000000000001,57.0000000000001,57.0000000000001
2025-12-22T17:44:08.107802,34.050,384.93613677075086,5972.021266262277,138.88085065049108,4100,1500,1520,40.0,35.0,20.0,5972.021266262277,104.16063798786831,1500,1520,800,0,0,138.88085065049108,138.88085065049108,69.44042532524554,0.0,4100,4200,390.0,104.16063798786831,33.40500000000002,25.0,25.0,-0.9679754377132792,-0.2510449202509094,1.0,0.0,0.0,0.0,0.0,36.21636600043302,38.786911978852395,36.174285565007544,43.83008988765722,57.025000000000105,57.025000000000105,57.025000000000105,57.025000000000105
2025-12-22T17:44:08.163390,34.100,384.5588617352224,5883.44761333809,135.3379045335236,4100,1500,1520,40.0,35.0,20.0,5883.44761333809,101.50342840014271,1500,1520,800,0,0,135.3379045335236,135.3379045335236,67.6689522667618,0.0,4100,4200,390.0,101.50342840014271,33.41000000000002,25.0,25.0,-0.9739484304073632,-0.22676960754702902,1.0,0.0,0.0,0.0,0.0,39.395510549905836,43.614143065408214,39.26577529110361,38.749550524480675,57.0500000000001,57.0500000000001,57.0500000000001,57.0500000000001
2025-12-22T17:44:08.214404,34.150,385.28074560130375,5792.665801471182,131.70663205884728,4100,1500,1520,40.0,35.0,20.0,5792.665801471182,98.77997404413546,1500,1520,800,0,0,131.70663205884728,131.70663205884728,65.85331602942364,0.0,4100,4200,390.0,98.77997404413546,33.41500000000002,25.0,25.0,-0.9793127370358327,-0.20235257122010114,1.0,0.0,0.0,0.0,0.0,40.78377265810536,36.38511707148055,40.31011390498229,35.99774531310017,57.0750000000001,57.0750000000001,57.0750000000001,57.0750000000001
2025-12-22T17:44:08.264943,34.200,385.62579760835763,5699.902737912965,127.9961095165186,4100,1500,1520,40.0,35.0,20.0,5699.902737912965,95.99708213738896,1500,1520,800,0,0,127.9961095165186,127.9961095165186,63.9980547582593,0.0,4100,4200,390.0,95.99708213738896,33.420000000000016,25.0,25.0,-0.9840650050816604,-0.17780907112302125,0.9999999999999999,0.0,0.0,0.0,0.0,38.12550693140135,44.23583237530693,40.40893201967566,38.25910740749923,57.100000000000094,57.100000000000094,57.100000000000094,57.100000000000094
2025-12-22T17:44:08.315476,34.250,385.2744401215556,5605.390282012265,124.2156112804906,4100,1500,1520,40.0,35.0,20.0,5605.390282012265,93.16170846036795,1500,1520,800,0,0,124.2156112804906,124.2156112804906,62.1078056402453,0.0,4100,4200,390.0,93.16170846036795,33.42500000000002,25.0,25.0,-0.988202264532011,-0.15315444614442458,1.0,0.0,0.0,0.0,0.0,43.70616080003997,35.19877352530547,44.76126825277588,38.386570160177314,57.1250000000001,57.1250000000001,57.1250000000001,57.1250000000001
2025-12-22T17:44:08.366003,34.300,385.2132019287289,5509.364665687699,120.37458662750797,4100,1500,1520,40.0,35.0,20.0,5509.364665687699,90.28093997063098,1500,1520,800,0,0,120.37458662750797,120.37458662750797,60.18729331375398,0.0,4100,4200,390.0,90.28093997063098,33.43000000000002,25.0,25.0,-0.9917219297344013,-0.1284041046223801,0.9999999999999999,0.0,0.0,0.0,0.0,35.321101271301366,39.23718755426076,44.379986688033284,35.134879478396094,57.15000000000009,57.15000000000009,57.15000000000009,57.15000000000009
2025-12-22T17:44:08.416539,34.350,385.53755590983224,5412.065902970904,116.48263611883615,4100,1500,1520,40.0,35.0,20.0,5412.065902970904,87.36197708912712,1500,1520,800,0,0,116.48263611883615,116.48263611883615,58.24131805941808,0.0,4100,4200,390.0,87.36197708912712,33.43500000000002,25.0,25.0,-0.9946218010126502,-0.10357351471468071,1.0,0.0,0.0,0.0,0.0,40.433736320030974,41.761217419606716,37.51332491362854,39.666359334657635,57.1750000000001,57.1750000000001,57.1750000000001,57.1750000000001
2025-12-22T17:44:08.466938,34.400,385.4777633577036,5313.737190096455,112.54948760385821,4100,1500,1520,40.0,35.0,20.0,5313.737190096455,84.41211570289366,1500,1520,800,0,0,112.54948760385821,112.54948760385821,56.274743801929105,0.0,4100,4200,390.0,84.41211570289366,33.44000000000002,25.0,25.0,-0.9969000660416033,-0.07867819473174806,0.9999999999999999,0.0,0.0,0.0,0.0,41.503882247091056,43.282527545728975,41.14322976192422,39.98396709100049,57.20000000000009,57.20000000000009,57.20000000000009,57.20000000000009
2025-12-22T17:44:08.517287,34.450,385.85513407526736,5214.624297637935,108.58497190551742,4100,1500,1520,40.0,35.0,20.0,5214.624297637935,81.43872892913807,1500,1520,800,0,0,108.58497190551742,108.58497190551742,54.29248595275871,0.0,4100,4200,390.0,81.43872892913807,33.44500000000002,25.0,25.0,-0.9985553009797786,-0.053733703438193885,1.0,0.0,0.0,0.0,0.0,39.81251386239941,37.97215335521296,39.72158263279008,36.28195783178571,57.225000000000094,57.225000000000094,57.225000000000094,57.225000000000094
2025-12-22T17:44:08.568937,34.500,385.6752892376513,5114.974956209495,104.59899824837977,4100,1500,1520,40.0,35.0,20.0,5114.974956209495,78.44924868628483,1500,1520,800,0,0,104.59899824837977,104.59899824837977,52.299499124189886,0.0,4100,4200,390.0,78.44924868628483,33.45000000000002,25.0,25.0,-0.9995864713592197,-0.02875563032909838,1.0,0.0,0.0,0.0,0.0,43.91516794826205,41.663519515074796,40.468410162895,38.324596602318366,57.250000000000085,57.250000000000085,57.250000000000085,57.250000000000085
2025-12-22T17:44:08.626470,34.550,385.74328696742566,5015.03823726833,100.60152949073318,4100,1500,1520,40.0,35.0,20.0,5015.03823726833,75.45114711804989,1500,1520,800,0,0,100.60152949073318,100.60152949073318,50.30076474536659,0.0,4100,4200,390.0,75.45114711804989,33.45500000000002,25.0,25.0,-0.9999929327320057,-0.003759585887083374,1.0,0.0,0.0,0.0,0.0,40.37364163092294,36.97696815553921,41.72422565477744,44.49761863229948,57.27500000000009,57.27500000000009,57.27500000000009,57.27500000000009
2025-12-22T17:44:08.679996,34.600,385.9322912539353,4915.063930565756,96.60255722263025,4100,1500,1520,40.0,35.0,20.0,4915.063930565756,72.45191791697269,1500,1520,800,0,0,96.60255722263025,96.60255722263025,48.30127861131513,0.0,4100,4200,390.0,72.45191791697269,33.460000000000015,25.0,25.0,-0.9997744310730093,0.02123880817373126,1.0,0.0,0.0,0.0,0.0,41.27635582424556,43.24711577903021,41.11549666614021,39.81879440495692,57.30000000000008,57.30000000000008,57.30000000000008,57.30000000000008
2025-12-22T17:44:08.731536,34.650,386.0805234317827,4815.301919802919,92.61207679211675,4100,1500,1520,40.0,35.0,20.0,4815.301919802919,69.45905759408757,1500,1520,800,0,0,92.61207679211675,92.61207679211675,46.306038396058376,0.0,4100,4200,390.0,69.45905759408757,33.46500000000002,25.0,25.0,-0.998931102938655,0.04622392867079036,1.0,0.0,0.0,0.0,0.0,40.121711681828685,37.68149990903196,39.51997052513192,40.53664780949738,57.32500000000009,57.32500000000009,57.32500000000009,57.32500000000009
2025-12-22T17:44:08.784633,34.700,386.7722636121088,4716.001558051673,88.64006232206692,4100,1500,1520,40.0,35.0,20.0,4716.001558051673,66.4800467415502,1500,1520,800,0,0,88.64006232206692,88.64006232206692,44.32003116103346,0.0,4100,4200,390.0,66.4800467415502,33.47000000000001,25.0,25.0,-0.9974634753815751,0.07118016071708405,0.9999999999999999,0.0,0.0,0.0,0.0,41.63534972209848,44.43969159171358,35.76215661530968,36.028553186248935,57.35000000000008,57.35000000000008,57.35000000000008,57.35000000000008
2025-12-22T17:44:08.840734,34.750,386.37265620671667,4617.411044501769,84.69644178007076,4100,1500,1520,40.0,35.0,20.0,4617.411044501769,63.52233133505307,1500,1520,800,0,0,84.69644178007076,84.69644178007076,42.34822089003538,0.0,4100,4200,390.0,63.52233133505307,33.475000000000016,25.0,25.0,-0.9953724656212196,0.09609190747994382,1.0,0.0,0.0,0.0,0.0,37.88780029771828,39.183301193314236,43.12395062058488,37.323422260700085,57.375000000000085,57.375000000000085,57.375000000000085,57.375000000000085
2025-12-22T17:44:08.890869,34.800,387.43886218713334,4519.776804092134,80.79107216368536,4100,1500,1520,40.0,35.0,20.0,4519.776804092134,60.59330412276402,1500,1520,800,0,0,80.79107216368536,80.79107216368536,40.39553608184268,0.0,4100,4200,390.0,60.59330412276402,33.48000000000002,25.0,25.0,-0.9926593804706233,0.12094359992855525,1.0,0.0,0.0,0.0,0.0,40.05077002579624,43.17286979963481,40.6611606790122,36.95269936387406,57.40000000000008,57.40000000000008,57.40000000000008,57.40000000000008
2025-12-22T17:44:08.941372,34.850,387.15174910209316,4423.342871576862,76.9337148630745,4100,1500,1520,40.0,35.0,20.0,4423.342871576862,57.700286147305874,1500,1520,800,0,0,76.9337148630745,76.9337148630745,38.46685743153725,0.0,4100,4200,390.0,57.700286147305874,33.485000000000014,25.0,25.0,-0.9893259155196905,0.14571970656409547,1.0,0.0,0.0,0.0,0.0,38.375418362571914,37.57808474596423,35.13483687160322,35.01878115712176,57.42500000000008,57.42500000000008,57.42500000000008,57.42500000000008
2025-12-22T17:44:08.991873,34.900,386.93972360126645,4328.350281565422,73.13401126261687,4100,1500,1520,40.0,35.0,20.0,4328.350281565422,54.85050844696265,1500,1520,800,0,0,73.13401126261687,73.13401126261687,36.56700563130843,0.0,4100,4200,390.0,54.85050844696265,33.490000000000016,25.0,25.0,-0.9853741540755069,0.17040474312641435,1.0,0.0,0.0,0.0,0.0,36.0126123722574,39.87500178624266,37.575244541784244,43.840834248170054,57.450000000000074,57.450000000000074,57.450000000000074,57.450000000000074
2025-12-22T17:44:09.045555,34.950,387.08746023888483,4235.036466061656,69.40145864246622,4100,1500,1520,40.0,35.0,20.0,4235.036466061656,52.05109398184967,1500,1520,800,0,0,69.40145864246622,69.40145864246622,34.70072932123311,0.0,4100,4200,390.0,52.05109398184967,33.49500000000002,25.0,25.0,-0.9808065658603394,0.19498328227119305,1.0,0.0,0.0,0.0,0.0,38.87026278073941,35.070646319209516,35.023532615113204,44.540004713668935,57.47500000000008,57.47500000000008,57.47500000000008,57.47500000000008
2025-12-22T17:44:09.100631,35.000,387.634177132679,4143.634661007428,65.74538644029712,4100,1500,1520,40.0,35.0,20.0,4143.634661007428,49.309039830222844,1500,1520,800,0,0,65.74538644029712,65.74538644029712,32.87269322014856,0.0,4100,4200,390.0,49.309039830222844,33.500000000000014,25.0,25.0,-0.9756260054681412,0.2194399632115321,1.0,0.0,0.0,0.0,0.0,36.67562399754142,38.20791747032546,43.90068257884039,40.91916692213712,57.50000000000007,57.50000000000007,57.50000000000007,57.50000000000007
2025-12-22T17:44:09.152145,35.050,387.18628174125246,4054.3733233142348,62.1749329325694,4100,1500,1520,40.0,35.0,20.0,4054.3733233142348,46.63119969942705,1500,1520,800,0,0,62.1749329325694,62.1749329325694,31.0874664662847,0.0,4100,4200,390.0,46.63119969942705,33.50500000000002,25.0,25.0,-0.9698357105805229,0.24375950131794313,1.0,0.0,0.0,0.0,0.0,36.59116696880208,35.21390372717309,37.47532809246609,39.496948692242675,57.52500000000008,57.52500000000008,57.52500000000008,57.52500000000008
2025-12-22T17:44:09.203688,35.100,387.7580722532932,3967.4755598399024,58.6990223935961,4100,1500,1520,40.0,35.0,20.0,3967.4755598399024,44.02426679519708,1500,1520,800,0,0,58.6990223935961,58.6990223935961,29.34951119679805,0.0,4100,4200,390.0,44.02426679519708,33.51000000000001,25.0,25.0,-0.9634392999433069,0.26792669767074473,0.9999999999999999,0.0,0.0,0.0,0.0,40.53907256451798,42.55634643963859,41.21549668990373,35.859643577268756,57.55000000000007,57.55000000000007,57.55000000000007,57.55000000000007
2025-12-22T17:44:09.254242,35.150,387.58809395690605,3883.1585697376368,55.32634278950547,4100,1500,1520,40.0,35.0,20.0,3883.1585697376368,41.4947570921291,1500,1520,800,0,0,55.32634278950547,55.32634278950547,27.663171394752734,0.0,4100,4200,390.0,41.4947570921291,33.515000000000015,25.0,25.0,-0.9564407711049295,0.29192644855889266,1.0,0.0,0.0,0.0,0.0,41.58255315931614,40.3183515068751,43.08521992157439,38.848155575938726,57.575000000000074,57.575000000000074,57.575000000000074,57.575000000000074
2025-12-22T17:44:09.305270,35.200,387.7787530863021,3801.633101571253,52.06532406285013,4100,1500,1520,40.0,35.0,20.0,3801.633101571253,39.0489930471376,1500,1520,800,0,0,52.06532406285013,52.06532406285013,26.032662031425065,0.0,4100,4200,390.0,39.0489930471376,33.52000000000001,25.0,25.0,-0.9488444979181027,0.3157437549193074,1.0,0.0,0.0,0.0,0.0,35.08094560434874,42.2961106164626,38.63375154501286,39.84488681772529,57.600000000000065,57.600000000000065,57.600000000000065,57.600000000000065
2025-12-22T17:44:09.420959,35.250,388.1305626108095,3723.1029265535253,48.924117062141015,4100,1500,1520,40.0,35.0,20.0,3723.1029265535253,36.69308779660576,1500,1520,800,0,0,48.924117062141015,48.924117062141015,24.462058531070507,0.0,4100,4200,390.0,36.69308779660576,33.52500000000001,25.0,25.0,-0.9406552278062987,0.3393637317108005,0.9999999999999999,0.0,0.0,0.0,0.0,43.45109117925778,42.05109152551903,38.137336456634586,39.99702646049546,57.62500000000007,57.62500000000007,57.62500000000007,57.62500000000007
2025-12-22T17:44:09.471965,35.300,388.4212816273386,3647.764329224273,45.9105731689709,4100,1500,1520,40.0,35.0,20.0,3647.764329224273,34.432929876728174,1500,1520,800,0,0,45.9105731689709,45.9105731689709,22.95528658448545,0.0,4100,4200,390.0,34.432929876728174,33.530000000000015,25.0,25.0,-0.9318780787967654,0.3627716172167406,1.0,0.0,0.0,0.0,0.0,39.23518815419835,35.79744067998131,39.572606415640905,36.140914596151326,57.65000000000006,57.65000000000006,57.65000000000006,57.65000000000006
2025-12-22T17:44:09.522236,35.350,388.79473098961216,3575.805616841235,43.032224673649395,4100,1500,1520,40.0,35.0,20.0,3575.805616841235,32.27416850523704,1500,1520,800,0,0,43.032224673649395,43.032224673649395,21.516112336824698,0.0,4100,4200,390.0,32.27416850523704,33.53500000000001,25.0,25.0,-0.9225185363219252,0.3859527822706463,1.0,0.0,0.0,0.0,0.0,38.13822637755899,40.28239819352078,36.17532765537821,38.42983140926982,57.67500000000007,57.67500000000007,57.67500000000007,57.67500000000007
2025-12-22T17:44:09.572936,35.400,388.85015468930374,3507.406648709997,40.296265948399885,4100,1500,1520,40.0,35.0,20.0,3507.406648709997,30.222199461299915,1500,1520,800,0,0,40.296265948399885,40.296265948399885,20.148132974199942,0.0,4100,4200,390.0,30.222199461299915,33.54000000000001,25.0,25.0,-0.9125824497911583,0.4088927393989382,1.0,0.0,0.0,0.0,0.0,40.214111077939975,41.20316138213731,39.10690719836176,44.4860572846041,57.70000000000006,57.70000000000006,57.70000000000006,57.70000000000006
2025-12-22T17:44:09.626643,35.450,388.7509656986727,3442.738386629393,37.70953546517573,4100,1500,1520,40.0,35.0,20.0,3442.738386629393,28.2821515988818,1500,1520,800,0,0,37.70953546517573,37.70953546517573,18.854767732587867,0.0,4100,4200,390.0,28.282151598881804,33.545000000000016,25.0,25.0,-0.9020760289351132,0.43157715187513906,1.0,0.0,0.0,0.0,0.0,40.96225389977875,43.53537034007464,41.49892252206101,43.95127062697483,57.725000000000065,57.725000000000065,57.725000000000065,57.725000000000065
2025-12-22T17:44:09.677660,35.500,388.8700528294741,3381.962467576045,35.278498703041805,4100,1500,1520,40.0,35.0,20.0,3381.962467576045,26.458874027281354,1500,1520,800,0,0,35.278498703041805,35.278498703041805,17.639249351520903,0.0,4100,4200,390.0,26.458874027281354,33.55000000000001,25.0,25.0,-0.891005839924826,0.4539918426798607,1.0,0.0,0.0,0.0,0.0,41.66436335881222,44.234036570415356,36.72625764313562,40.74495519789987,57.75000000000006,57.75000000000006,57.75000000000006,57.75000000000006
2025-12-22T17:44:09.727763,35.550,388.866926239847,3325.230799696099,33.00923198784396,4100,1500,1520,40.0,35.0,20.0,3325.230799696099,24.75692399088297,1500,1520,800,0,0,33.00923198784396,33.00923198784396,16.50461599392198,0.0,4100,4200,390.0,24.75692399088297,33.555000000000014,25.0,25.0,-0.879378801268078,0.47612280336097984,1.0,0.0,0.0,0.0,0.0,37.105744063731926,41.427719124520735,35.37101797085902,41.31687375411765,57.77500000000006,57.77500000000006,57.77500000000006,57.77500000000006
2025-12-22T17:44:09.780338,35.600,388.54579293159554,3272.6851826139737,30.90740730455893,4100,1500,1520,40.0,35.0,20.0,3272.6851826139737,23.180555478419198,1500,1520,800,0,0,30.90740730455893,30.90740730455893,15.453703652279465,0.0,4100,4200,390.0,23.180555478419198,33.56000000000001,25.0,25.0,-0.8672021794855531,0.49795620278846475,1.0,0.0,0.0,0.0,0.0,40.340448930477216,38.50204733674878,44.062802892878395,44.77080260751919,57.800000000000054,57.800000000000054,57.800000000000054,57.800000000000054
2025-12-22T17:44:09.831342,35.650,388.74549658743956,3224.456953007145,28.978278120285808,4100,1500,1520,40.0,35.0,20.0,3224.456953007145,21.733708590214356,1500,1520,800,0,0,28.978278120285808,28.978278120285808,14.489139060142904,0.0,4100,4200,390.0,21.733708590214356,33.56500000000001,25.0,25.0,-0.8544835845694992,0.519478395798381,0.9999999999999999,0.0,0.0,0.0,0.0,44.07303744289666,40.49855176658851,42.89827963111308,44.47880277443396,57.82500000000006,57.82500000000006,57.82500000000006,57.82500000000006
2025-12-22T17:44:09.881888,35.700,389.40626704991683,3180.6666563328554,27.226666253314207,4100,1500,1520,40.0,35.0,20.0,3180.6666563328554,20.419999689985655,1500,1520,800,0,0,27.226666253314207,27.226666253314207,13.613333126657103,0.0,4100,4200,390.0,20.419999689985655,33.57000000000001,25.0,25.0,-0.841230965227731,0.540675931720675,1.0,0.0,0.0,0.0,0.0,40.602557895258165,42.848138660166,44.73607916524806,37.246192317927076,57.85000000000005,57.85000000000005,57.85000000000005,57.85000000000005
2025-12-22T17:44:09.932336,35.750,388.7547793419799,3141.423745527243,25.656949821089725,4100,1500,1520,40.0,35.0,20.0,3141.423745527243,19.242712365817294,1500,1520,800,0,0,25.656949821089725,25.656949821089725,12.828474910544863,0.0,4100,4200,390.0,19.242712365817294,33.57500000000001,25.0,25.0,-0.8274526039159454,0.561535562785405,1.0,0.0,0.0,0.0,0.0,44.953525410695335,35.58401153563364,43.36599701224698,35.708866855768214,57.87500000000006,57.87500000000006,57.87500000000006,57.87500000000006
2025-12-22T17:44:09.982769,35.800,389.3929534238904,3106.8263074300103,24.273052297200422,4100,1500,1520,40.0,35.0,20.0,3106.8263074300103,18.204789222900317,1500,1520,800,0,0,24.273052297200422,24.273052297200422,12.136526148600211,0.0,4100,4200,390.0,18.204789222900317,33.58000000000001,25.0,25.0,-0.8131571116614574,0.5820442524021657,1.0,0.0,0.0,0.0,0.0,44.27595635464755,41.469397208933685,42.26214797391004,37.87616232918871,57.90000000000005,57.90000000000005,57.90000000000005,57.90000000000005
2025-12-22T17:44:10.033580,35.850,389.02342923804053,3076.9608176184024,23.0784327047361,4100,1500,1520,40.0,35.0,20.0,3076.9608176184024,17.308824528552076,1500,1520,800,0,0,23.0784327047361,23.0784327047361,11.53921635236805,0.0,4100,4200,390.0,17.308824528552076,33.58500000000001,25.0,25.0,-0.7983534226815877,0.6021891833075335,1.0,0.0,0.0,0.0,0.0,41.953255780566295,37.09036534696024,40.98200867165259,40.32881747044896,57.925000000000054,57.925000000000054,57.925000000000054,57.925000000000054
2025-12-22T17:44:10.087285,35.900,389.1296263063242,3051.901924263302,22.076076970532085,4100,1500,1520,40.0,35.0,20.0,3051.901924263302,16.557057727899064,1500,1520,800,0,0,22.076076970532085,22.076076970532085,11.038038485266043,0.0,4100,4200,390.0,16.557057727899064,33.59000000000001,25.0,25.0,-0.7830507888000678,0.6219577655754381,1.0,0.0,0.0,0.0,0.0,35.91131995593968,37.0443113529189,36.51173911998231,38.1963686830749,57.950000000000045,57.950000000000045,57.950000000000045,57.950000000000045
2025-12-22T17:44:10.138817,35.950,388.75375432681346,3031.7122615476774,21.268490461907106,4100,1500,1520,40.0,35.0,20.0,3031.7122615476774,15.95136784643033,1500,1520,800,0,0,21.268490461907106,21.268490461907106,10.634245230953553,0.0,4100,4200,390.0,15.95136784643033,33.59500000000001,25.0,25.0,-0.7672587736649513,0.6413376444854574,0.9999999999999999,0.0,0.0,0.0,0.0,38.35317893508959,43.45749294212152,44.41361384259798,37.00680747644363,57.97500000000005,57.97500000000005,57.97500000000005,57.97500000000005
2025-12-22T17:44:10.192352,36.000,389.67303959109444,3016.442293113745,20.657691724549792,4100,1500,1520,40.0,35.0,20.0,3016.442293113745,15.493268793412344,1500,1520,800,0,0,20.657691724549792,20.657691724549792,10.328845862274896,0.0,4100,4200,390.0,15.493268793412344,33.60000000000001,25.0,25.0,-0.7509872467716456,0.6603167082441148,1.0,0.0,0.0,0.0,0.0,40.37407090745568,40.10024934851811,41.44522286960439,36.94494794293286,58.00000000000004,58.00000000000004,58.00000000000004,58.00000000000004
2025-12-22T17:44:10.244878,36.050,389.3765290962121,3006.130185930143,20.24520743720572,4100,1500,1520,40.0,35.0,20.0,3006.130185930143,15.18390557790429,1500,1520,800,0,0,20.24520743720572,20.24520743720572,10.12260371860286,0.0,4100,4200,390.0,15.183905577904289,33.60500000000001,25.0,25.0,-0.7342463772947978,0.6788830955543564,1.0,0.0,0.0,0.0,0.0,41.72036411826921,42.151763954737746,44.682715507633716,40.98193622831673,58.02500000000005,58.02500000000005,58.02500000000005,58.02500000000005
2025-12-22T17:44:10.296419,36.100,388.94585579052665,3000.801714894389,20.03206859577557,4100,1500,1520,40.0,35.0,20.0,3000.801714894389,15.024051446831677,1500,1520,800,0,0,20.03206859577557,20.03206859577557,10.016034297887785,0.0,4100,4200,390.0,15.024051446831677,33.61000000000001,25.0,25.0,-0.7170466277328921,0.6970252030284754,1.0,0.0,0.0,0.0,0.0,43.02204745395532,43.01431177959605,42.62919976776472,37.335439190767936,58.05000000000004,58.05000000000004,58.05000000000004,58.05000000000004
2025-12-22T17:44:10.348940,36.150,389.6142231590442,3000.470198409059,20.018807936362364,4100,1500,1520,40.0,35.0,20.0,3000.470198409059,15.014105952271773,1500,1520,800,0,0,20.018807936362364,20.018807936362364,10.009403968181182,0.0,4100,4200,390.0,15.014105952271773,33.61500000000001,25.0,25.0,-0.6993987473695287,0.7147316924398514,1.0,0.0,0.0,0.0,0.0,41.22438729866648,37.25052739484725,36.89640133783614,41.483502545507626,58.075000000000045,58.075000000000045,58.075000000000045,58.075000000000045
2025-12-22T17:44:10.399917,36.200,389.26567471292856,3005.1364650927153,20.205458603708607,4100,1500,1520,40.0,35.0,20.0,3005.1364650927153,15.154093952781455,1500,1520,800,0,0,20.205458603708607,20.205458603708607,10.102729301854303,0.0,4100,4200,390.0,15.154093952781455,33.620000000000005,25.0,25.0,-0.6813137655554714,0.7319914978089733,1.0,0.0,0.0,0.0,0.0,36.81116817489183,43.88821734776468,36.013065755908364,36.272463708634405,58.10000000000004,58.10000000000004,58.10000000000004,58.10000000000004
2025-12-22T17:44:10.450134,36.250,388.8499808276767,3014.7888517087936,20.59155406835174,4100,1500,1520,40.0,35.0,20.0,3014.7888517087936,15.443665551263805,1500,1520,800,0,0,20.59155406835174,20.59155406835174,10.29577703417587,0.0,4100,4200,390.0,15.443665551263805,33.62500000000001,25.0,25.0,-0.6628029848156624,0.7487938323193166,1.0,0.0,0.0,0.0,0.0,37.999635634050755,36.79494133937038,42.266610866070984,40.65446512991329,58.12500000000004,58.12500000000004,58.12500000000004,58.12500000000004
2025-12-22T17:44:10.500955,36.300,388.95968891506703,3029.4032323176193,21.176129292704772,4100,1500,1520,40.0,35.0,20.0,3029.4032323176193,15.882096969528579,1500,1520,800,0,0,21.176129292704772,21.176129292704772,10.588064646352386,0.0,4100,4200,390.0,15.882096969528579,33.63000000000001,25.0,25.0,-0.6438779737855121,0.7651281950587518,1.0,0.0,0.0,0.0,0.0,35.1440723134219,36.88957102319884,37.887316259477416,42.57938144050394,58.150000000000034,58.150000000000034,58.150000000000034,58.150000000000034
2025-12-22T17:44:10.551600,36.350,389.0813337466243,3048.9430785786926,21.957723143147703,4100,1500,1520,40.0,35.0,20.0,3048.9430785786926,16.468292357360777,1500,1520,800,0,0,21.957723143147703,21.957723143147703,10.978861571573852,0.0,4100,4200,390.0,16.468292357360777,33.635000000000005,25.0,25.0,-0.6245505599808788,0.7809843775822732,1.0,0.0,0.0,0.0,0.0,44.4459863515715,40.31707993136179,36.662138973066746,44.99279179390572,58.17500000000004,58.17500000000004,58.17500000000004,58.17500000000004
2025-12-22T17:44:10.602342,36.400,389.19067061986453,3073.3595510525165,22.93438204210065,4100,1500,1520,40.0,35.0,20.0,3073.3595510525165,17.20078653157549,1500,1520,800,0,0,22.93438204210065,22.93438204210065,11.467191021050326,0.0,4100,4200,390.0,17.20078653157549,33.64000000000001,25.0,25.0,-0.6048328224062558,0.7963524702919447,1.0,0.0,0.0,0.0,0.0,43.84160708213062,35.61968049238479,42.477788216694805,40.33022043744747,58.20000000000003,58.20000000000003,58.20000000000003,58.20000000000003
2025-12-22T17:44:10.654435,36.450,388.8238789155837,3102.5916212737593,24.103664850950366,4100,1500,1520,40.0,35.0,20.0,3102.5916212737593,18.077748638212775,1500,1520,800,0,0,24.103664850950366,24.103664850950366,12.051832425475183,0.0,4100,4200,390.0,18.077748638212775,33.64500000000001,25.0,25.0,-0.5847370840057873,0.8112228686300756,1.0,0.0,0.0,0.0,0.0,37.270777426319135,42.230911753237564,37.05518908877235,43.93333877477335,58.22500000000004,58.22500000000004,58.22500000000004,58.22500000000004
2025-12-22T17:44:10.707975,36.500,389.20819806297567,3136.5662242906355,25.462648971625413,4100,1500,1520,40.0,35.0,20.0,3136.5662242906355,19.09698672871906,1500,1520,800,0,0,25.462648971625413,25.462648971625413,12.731324485812706,0.0,4100,4200,390.0,19.09698672871906,33.650000000000006,25.0,25.0,-0.5642759039618288,0.8255862790817572,1.0,0.0,0.0,0.0,0.0,41.93272499868468,38.31272749611786,41.265488218613406,43.76981087553143,58.25000000000003,58.25000000000003,58.25000000000003,58.25000000000003
2025-12-22T17:44:10.759514,36.550,389.4438872192725,3175.1984412892343,27.007937651569364,4100,1500,1520,40.0,35.0,20.0,3175.1984412892343,20.255953238677023,1500,1520,800,0,0,27.007937651569364,27.007937651569364,13.503968825784682,0.0,4100,4200,390.0,20.255953238677023,33.65500000000001,25.0,25.0,-0.5434620698458679,0.8394337249830061,1.0,0.0,0.0,0.0,0.0,40.69377226861491,37.85081543778775,40.15811734548609,44.287904463470355,58.275000000000034,58.275000000000034,58.275000000000034,58.275000000000034
2025-12-22T17:44:10.812079,36.600,388.493485788676,3218.3917118463287,28.735668473853153,4100,1500,1520,40.0,35.0,20.0,3218.3917118463287,21.551751355389865,1500,1520,800,0,0,28.735668473853153,28.735668473853153,14.367834236926576,0.0,4100,4200,390.0,21.551751355389865,33.660000000000004,25.0,25.0,-0.5223085896267072,0.852756552130888,0.9999999999999999,0.0,0.0,0.0,0.0,42.56861475794015,35.20531393478302,40.421530789676645,37.256088876525055,58.300000000000026,58.300000000000026,58.300000000000026,58.300000000000026
2025-12-22T17:44:10.863664,36.650,388.82297376709147,3266.038075280147,30.641523011205877,4100,1500,1520,40.0,35.0,20.0,3266.038075280147,22.981142258404407,1500,1520,800,0,0,30.641523011205877,30.641523011205877,15.320761505602938,0.0,4100,4200,390.0,22.981142258404407,33.665000000000006,25.0,25.0,-0.5008286835409086,0.8655464341921122,1.0,0.0,0.0,0.0,0.0,44.06841460469966,36.0059297026319,42.649230570389975,35.16566883521783,58.32500000000003,58.32500000000003,58.32500000000003,58.32500000000003
2025-12-22T17:44:10.914939,36.700,389.0872242196052,3318.018440495851,32.720737619834026,4100,1500,1520,40.0,35.0,20.0,3318.018440495851,24.54055321487552,1500,1520,800,0,0,32.720737619834026,32.720737619834026,16.360368809917013,0.0,4100,4200,390.0,24.54055321487552,33.67,25.0,25.0,-0.4790357758305743,0.8777953779067191,1.0,0.0,0.0,0.0,0.0,35.894624064790904,39.071900471685936,40.7513239687199,40.49408471144114,58.35000000000002,58.35000000000002,58.35000000000002,58.35000000000002
2025-12-22T17:44:10.965508,36.750,388.3465199122203,3374.2028836512513,34.968115346050055,4100,1500,1520,40.0,35.0,20.0,3374.2028836512513,26.22608650953754,1500,1520,800,0,0,34.968115346050055,34.968115346050055,17.484057673025028,0.0,4100,4200,390.0,26.226086509537545,33.675000000000004,25.0,25.0,-0.4569434863536335,0.8894957280836073,1.0,0.0,0.0,0.0,0.0,36.415718464720555,35.987516949777344,37.140866974730564,43.826098375342234,58.37500000000003,58.37500000000003,58.37500000000003,58.37500000000003
2025-12-22T17:44:11.015808,36.800,389.0672839732703,3434.450972898753,37.37803891595013,4100,1500,1520,40.0,35.0,20.0,3434.450972898753,28.033529186962596,1500,1520,800,0,0,37.37803891595013,37.37803891595013,18.689019457975064,0.0,4100,4200,390.0,28.033529186962596,33.68000000000001,25.0,25.0,-0.4345656220718743,0.9006401723847792,1.0,0.0,0.0,0.0,0.0,38.37570431954651,42.29132903394765,44.31013750704993,43.83593218447768,58.40000000000002,58.40000000000002,58.40000000000002,58.40000000000002
2025-12-22T17:44:11.066643,36.850,388.42469046371747,3498.612119391835,39.944484775673416,4100,1500,1520,40.0,35.0,20.0,3498.612119391835,29.958363581755062,1500,1520,800,0,0,39.944484775673416,39.944484775673416,19.972242387836708,0.0,4100,4200,390.0,29.95836358175506,33.685,25.0,25.0,-0.4119161684220419,0.9112217458953139,1.0,0.0,0.0,0.0,0.0,38.376561207147006,44.60788967598382,44.25239231308849,42.75885257780283,58.425000000000026,58.425000000000026,58.425000000000026,58.425000000000026
2025-12-22T17:44:11.120311,36.900,388.31148365894825,3566.5259536787444,42.66103814714978,4100,1500,1520,40.0,35.0,20.0,3566.5259536787444,31.995778610362336,1500,1520,800,0,0,42.66103814714978,42.66103814714978,21.33051907357489,0.0,4100,4200,390.0,31.995778610362333,33.690000000000005,25.0,25.0,-0.3890092805753958,0.9212338354762123,1.0,0.0,0.0,0.0,0.0,37.10713238972639,44.74902987342089,38.78524791393312,39.96033213918404,58.45000000000002,58.45000000000002,58.45000000000002,58.45000000000002
2025-12-22T17:44:11.171309,36.950,388.0635758982107,3638.0227265426047,45.52090906170419,4100,1500,1520,40.0,35.0,20.0,3638.0227265426047,34.140681796278145,1500,1520,800,0,0,45.52090906170419,45.52090906170419,22.760454530852094,0.0,4100,4200,390.0,34.140681796278145,33.69500000000001,25.0,25.0,-0.36585927459118883,0.930670183897394,1.0,0.0,0.0,0.0,0.0,39.06712914105388,39.694290270979735,38.83541260590038,36.885034751461944,58.47500000000002,58.47500000000002,58.47500000000002,58.47500000000002
2025-12-22T17:44:11.225138,37.000,388.29453868284884,3712.9237332860557,48.51694933144222,4100,1500,1520,40.0,35.0,20.0,3712.9237332860557,36.387711998581665,1500,1520,800,0,0,48.51694933144222,48.51694933144222,24.25847466572111,0.0,4100,4200,390.0,36.387711998581665,33.7,25.0,25.0,-0.3424806184695959,0.9395248937482621,1.0,0.0,0.0,0.0,0.0,37.35645909585733,42.39426881782998,39.0486641991835,41.20270243932988,58.500000000000014,58.500000000000014,58.500000000000014,58.500000000000014
2025-12-22T17:44:11.276697,37.050,387.89845854724575,3791.041760399929,51.641670415997154,4100,1500,1520,40.0,35.0,20.0,3791.041760399929,38.73125281199786,1500,1520,800,0,0,51.641670415997154,51.641670415997154,25.820835207998577,0.0,4100,4200,390.0,38.73125281199786,33.705000000000005,25.0,25.0,-0.31888792310968483,0.9477924311233931,1.0,0.0,0.0,0.0,0.0,37.995224699814756,41.473656093233586,39.17831135131548,43.123778708928235,58.52500000000002,58.52500000000002,58.52500000000002,58.52500000000002
2025-12-22T17:44:11.328246,37.100,388.1242920469431,3872.181553499522,54.88726213998088,4100,1500,1520,40.0,35.0,20.0,3872.181553499522,41.16544660498566,1500,1520,800,0,0,54.88726213998088,54.88726213998088,27.44363106999044,0.0,4100,4200,390.0,41.16544660498566,33.71,25.0,25.0,-0.2950959331780802,0.9554676290810474,1.0,0.0,0.0,0.0,0.0,41.80891799899576,35.946089384926495,41.6110406389278,40.67147797844453,58.55000000000001,58.55000000000001,58.55000000000001,58.55000000000001
2025-12-22T17:44:11.379254,37.150,387.9315192628967,3956.140305358874,58.24561221435494,4100,1500,1520,40.0,35.0,20.0,3956.140305358874,43.68420916076621,1500,1520,800,0,0,58.24561221435494,58.24561221435494,29.12280610717747,0.0,4100,4200,390.0,43.68420916076621,33.715,25.0,25.0,-0.2711195178940266,0.9625456908723401,1.0,0.0,0.0,0.0,0.0,40.15748905912367,43.33437091160417,37.3233116694419,43.425501321627,58.57500000000002,58.57500000000002,58.57500000000002,58.57500000000002
2025-12-22T17:44:11.429671,37.200,387.82670014198874,4042.7081628232077,61.7083265129283,4100,1500,1520,40.0,35.0,20.0,4042.7081628232077,46.28124488469623,1500,1520,800,0,0,61.7083265129283,61.7083265129283,30.85416325646415,0.0,4100,4200,390.0,46.28124488469623,33.72,25.0,25.0,-0.24697366173661056,0.9690221929390525,0.9999999999999999,0.0,0.0,0.0,0.0,38.052858904204825,38.18418338161793,39.22759339008673,42.031123801947864,58.60000000000001,58.60000000000001,58.60000000000001,58.60000000000001
2025-12-22T17:44:11.479906,37.250,387.48583821198787,4131.668751332532,65.26675005330128,4100,1500,1520,40.0,35.0,20.0,4131.668751332532,48.95006253997596,1500,1520,800,0,0,65.26675005330128,65.26675005330128,32.63337502665064,0.0,4100,4200,390.0,48.95006253997596,33.725,25.0,25.0,-0.22267345507994887,0.974893087678212,1.0,0.0,0.0,0.0,0.0,44.10952730179093,36.4634643437528,37.30774558140888,44.308119325561066,58.625000000000014,58.625000000000014,58.625000000000014,58.625000000000014
2025-12-22T17:44:11.530191,37.300,387.1706089401806,4222.799715745353,68.9119886298141,4100,1500,1520,40.0,35.0,20.0,4222.799715745353,51.683991472360574,1500,1520,800,0,0,68.9119886298141,68.9119886298141,34.45599431490705,0.0,4100,4200,390.0,51.683991472360574,33.730000000000004,25.0,25.0,-0.1982340847621961,0.9801547059717126,1.0,0.0,0.0,0.0,0.0,41.37053460689258,44.560852968837494,38.95694592894631,35.243649818075504,58.650000000000006,58.650000000000006,58.650000000000006,58.650000000000006
2025-12-22T17:44:11.587822,37.350,387.54215386927353,4315.873276110726,72.63493104442904,4100,1500,1520,40.0,35.0,20.0,4315.873276110726,54.47619828332178,1500,1520,800,0,0,72.63493104442904,72.63493104442904,36.31746552221452,0.0,4100,4200,390.0,54.47619828332178,33.735,25.0,25.0,-0.17367082459426494,0.984803759479394,1.0,0.0,0.0,0.0,0.0,41.09300229448021,36.04201175781086,36.910689709797005,39.049584597967,58.67500000000001,58.67500000000001,58.67500000000001,58.67500000000001
2025-12-22T17:44:11.641358,37.400,386.89693079593496,4410.656796999512,76.42627187998048,4100,1500,1520,40.0,35.0,20.0,4410.656796999512,57.31970390998536,1500,1520,800,0,0,76.42627187998048,76.42627187998048,38.21313593999024,0.0,4100,4200,390.0,57.31970390998536,33.74,25.0,25.0,-0.14899902581419178,0.9888373426941469,1.0,0.0,0.0,0.0,0.0,39.71542122614987,36.87404689020931,39.06663855245708,42.03176094597855,58.7,58.7,58.7,58.7
2025-12-22T17:44:11.692877,37.450,387.4885800822811,4506.913368971792,80.27653475887169,4100,1500,1520,40.0,35.0,20.0,4506.913368971792,60.20740106915377,1500,1520,800,0,0,80.27653475887169,80.27653475887169,40.138267379435845,0.0,4100,4200,390.0,60.20740106915376,33.745000000000005,25.0,25.0,-0.12423410749311242,0.9922529347577611,0.9999999999999999,0.0,0.0,0.0,0.0,40.46679267860431,39.02842482281091,35.71599104804959,36.879203002172254,58.72500000000001,58.72500000000001,58.72500000000001,58.72500000000001
2025-12-22T17:44:11.743423,37.500,387.0208725626805,4604.402400727089,84.17609602908358,4100,1500,1520,40.0,35.0,20.0,4604.402400727089,63.13207202181269,1500,1520,800,0,0,84.17609602908358,84.17609602908358,42.08804801454179,0.0,4100,4200,390.0,63.13207202181269,33.75,25.0,25.0,-0.09939154689884463,0.9950484010363791,1.0,0.0,0.0,0.0,0.0,41.734700493249505,42.8457501266077,44.606643130519416,44.10419200385675,58.75,58.75,58.75,58.75
2025-12-22T17:44:11.794972,37.550,386.9041113133172,4702.880220457322,88.11520881829287,4100,1500,1520,40.0,35.0,20.0,4702.880220457322,66.08640661371965,1500,1520,800,0,0,88.11520881829287,88.11520881829287,44.057604409146435,0.0,4100,4200,390.0,66.08640661371965,33.755,25.0,25.0,-0.07448686982309961,0.997221994454573,0.9999999999999999,0.0,0.0,0.0,0.0,43.898368562149805,37.01872767483299,37.2811248408606,36.81483847221686,58.775000000000006,58.775000000000006,58.775000000000006,58.775000000000006
2025-12-22T17:44:11.845489,37.600,386.0761444463344,4802.100684899421,92.08402739597683,4100,1500,1520,40.0,35.0,20.0,4802.100684899421,69.06302054698263,1500,1520,800,0,0,92.08402739597683,92.08402739597683,46.042013697988416,0.0,4100,4200,390.0,69.06302054698263,33.76,25.0,25.0,-0.04953564087836742,0.9987723565872102,1.0,0.0,0.0,0.0,0.0,44.03265383186872,44.13725768239311,44.29967567047068,44.07496158896364,58.8,58.8,58.8,58.8
2025-12-22T17:44:11.896027,37.650,386.3888941285565,4901.8157945653,96.07263178261202,4100,1500,1520,40.0,35.0,20.0,4901.8157945653,72.05447383695902,1500,1520,800,0,0,96.07263178261202,96.07263178261202,48.03631589130601,0.0,4100,4200,390.0,72.05447383695902,33.765,25.0,25.0,-0.024553453770540974,0.9996985185084241,1.0,0.0,0.0,0.0,0.0,37.90859143388129,35.107302964472936,42.99947973865486,41.7984263484946,58.825,58.825,58.825,58.825
2025-12-22T17:44:11.946354,37.700,386.4054338409026,5001.776313611421,100.07105254445683,4100,1500,1520,40.0,35.0,20.0,5001.776313611421,75.05328940834262,1500,1520,800,0,0,100.07105254445683,100.07105254445683,50.03552627222842,0.0,4100,4200,390.0,75.05328940834262,33.769999999999996,25.0,25.0,0.0004440784466426386,0.9999999013971618,1.0,0.0,0.0,0.0,0.0,40.5701657583353,43.41554286390199,39.090416081317194,35.348941387356234,58.849999999999994,58.849999999999994,58.849999999999994,58.849999999999994
2025-12-22T17:44:11.996747,37.750,386.3415053192352,5101.732392798599,104.06929571194397,4100,1500,1520,40.0,35.0,20.0,5101.732392798599,78.05197178395798,1500,1520,800,0,0,104.06929571194397,104.06929571194397,52.03464785597198,0.0,4100,4200,390.0,78.05197178395798,33.775,25.0,25.0,0.025441333129252477,0.9996763168989282,1.0,0.0,0.0,0.0,0.0,41.591149388698284,44.51478831979527,43.204188371893466,39.81229861805455,58.875,58.875,58.875,58.875
2025-12-22T17:44:12.046925,37.800,385.5943022707818,5201.434193984987,108.05736775939948,4100,1500,1520,40.0,35.0,20.0,5201.434193984987,81.04302581954961,1500,1520,800,0,0,108.05736775939948,108.05736775939948,54.02868387969974,0.0,4100,4200,390.0,81.04302581954961,33.78,25.0,25.0,0.05042268780680768,0.9987279672435018,0.9999999999999999,0.0,0.0,0.0,0.0,37.90351928883565,44.01839813688826,35.79186152492996,43.17481734085541,58.89999999999999,58.89999999999999,58.89999999999999,58.89999999999999
2025-12-22T17:44:12.097267,37.850,386.25760847309135,5300.632514591312,112.0253005836525,4100,1500,1520,40.0,35.0,20.0,5300.632514591312,84.01897543773937,1500,1520,800,0,0,112.0253005836525,112.0253005836525,56.01265029182625,0.0,4100,4200,390.0,84.01897543773937,33.785,25.0,25.0,0.07537252994581296,0.9971554451185469,0.9999999999999999,0.0,0.0,0.0,0.0,36.10410840165968,44.74618060977419,41.92079246569619,41.83634007092953,58.925,58.925,58.925,58.925
2025-12-22T17:44:12.150360,37.900,385.8740152178553,5399.079410477547,115.96317641910187,4100,1500,1520,40.0,35.0,20.0,5399.079410477547,86.97238231432641,1500,1520,800,0,0,115.96317641910187,115.96317641910187,57.981588209550935,0.0,4100,4200,390.0,86.97238231432641,33.79,25.0,25.0,0.10027526670708388,0.9949597332992041,1.0,0.0,0.0,0.0,0.0,42.343253877134046,38.28350411519004,41.04715394725999,38.41330475502563,58.94999999999999,58.94999999999999,58.94999999999999,58.94999999999999
2025-12-22T17:44:12.200438,37.950,385.19302001218216,5496.528815674127,119.86115262696507,4100,1500,1520,40.0,35.0,20.0,5496.528815674127,89.8958644702238,1500,1520,800,0,0,119.86115262696507,119.86115262696507,59.93057631348253,0.0,4100,4200,390.0,89.8958644702238,33.795,25.0,25.0,0.12511533469076372,0.9921422040338865,0.9999999999999999,0.0,0.0,0.0,0.0,41.95003823444259,36.04779655775145,39.040021164595544,44.290630128933,58.974999999999994,58.974999999999994,58.974999999999994,58.974999999999994
2025-12-22T17:44:12.250722,38.000,385.2726484448981,5592.73715741873,123.70948629674919,4100,1500,1520,40.0,35.0,20.0,5592.73715741873,92.78211472256189,1500,1520,800,0,0,123.70948629674919,123.70948629674919,61.854743148374595,0.0,4100,4200,390.0,92.78211472256189,33.8,25.0,25.0,0.1498772096629418,0.9887046181866709,1.0,0.0,0.0,0.0,0.0,43.262965960485005,37.2636508606841,39.47724722773659,36.90435941120358,58.999999999999986,58.999999999999986,58.999999999999986,58.999999999999986
2025-12-22T17:44:12.300821,38.050,384.7213767679714,5687.463964961331,127.49855859845323,4100,1500,1520,40.0,35.0,20.0,5687.463964961331,95.62391894883993,1500,1520,800,0,0,127.49855859845323,127.49855859845323,63.749279299226615,0.0,4100,4200,390.0,95.62391894883993,33.805,25.0,25.0,0.17454541625779432,0.9846491241368132,1.0,0.0,0.0,0.0,0.0,39.97066331168504,37.01295050292005,37.62298452529167,36.20820356512913,59.02499999999999,59.02499999999999,59.02499999999999,59.02499999999999
2025-12-22T17:44:12.351849,38.100,385.1634090380645,5780.47247061584,131.2188988246336,4100,1500,1520,40.0,35.0,20.0,5780.47247061584,98.41417411847522,1500,1520,800,0,0,131.2188988246336,131.2188988246336,65.6094494123168,0.0,4100,4200,390.0,98.41417411847522,33.809999999999995,25.0,25.0,0.1991045376491843,0.9799782564360826,1.0,0.0,0.0,0.0,0.0,41.39259759974849,40.256383911106035,39.348464605507985,35.30267884037806,59.04999999999998,59.04999999999998,59.04999999999998,59.04999999999998
2025-12-22T17:44:12.404460,38.150,384.56571859316705,5871.5302015560155,134.86120806224062,4100,1500,1520,40.0,35.0,20.0,5871.5302015560155,101.14590604668047,1500,1520,800,0,0,134.86120806224062,134.86120806224062,67.43060403112031,0.0,4100,4200,390.0,101.14590604668047,33.815,25.0,25.0,0.223539225185676,0.974694934224749,1.0,0.0,0.0,0.0,0.0,37.51249914101138,38.75292416579505,37.57913484339422,44.251986500366556,59.07499999999999,59.07499999999999,59.07499999999999,59.07499999999999
2025-12-22T17:44:12.455289,38.200,384.9382236580037,5960.4095608764555,138.4163824350582,4100,1500,1520,40.0,35.0,20.0,5960.4095608764555,103.81228682629366,1500,1520,800,0,0,138.4163824350582,138.4163824350582,69.2081912175291,0.0,4100,4200,390.0,103.81228682629367,33.81999999999999,25.0,25.0,0.24783420798294262,0.9688024594072145,1.0,0.0,0.0,0.0,0.0,42.042600663469514,40.69472423981601,40.871495885562176,43.8551477584722,59.09999999999998,59.09999999999998,59.09999999999998,59.09999999999998
2025-12-22T17:44:12.506001,38.250,385.0091985953745,6046.8883964663355,141.87553585865342,4100,1500,1520,40.0,35.0,20.0,6046.8883964663355,106.40665189399007,1500,1520,800,0,0,141.87553585865342,141.87553585865342,70.93776792932671,0.0,4100,4200,390.0,106.40665189399007,33.824999999999996,25.0,25.0,0.2719743024675716,0.962304514588432,0.9999999999999999,0.0,0.0,0.0,0.0,40.139849665426375,36.58769321825331,36.053920229886415,40.40812968458342,59.124999999999986,59.124999999999986,59.124999999999986,59.124999999999986
2025-12-22T17:44:12.556594,38.300,384.16400654622055,6130.750556273987,145.2300222509595,4100,1500,1520,40.0,35.0,20.0,6130.750556273987,108.92251668821963,1500,1520,800,0,0,145.2300222509595,145.2300222509595,72.61501112547975,0.0,4100,4200,390.0,108.92251668821964,33.83,25.0,25.0,0.2959444218663041,0.955205160772396,0.9999999999999999,0.0,0.0,0.0,0.0,41.245092858009784,35.27638820054294,42.04757402197181,44.69923901128348,59.14999999999998,59.14999999999998,59.14999999999998,59.14999999999998
2025-12-22T17:44:12.607207,38.350,384.00009184207585,6211.78642857446,148.4714571429784,4100,1500,1520,40.0,35.0,20.0,6211.78642857446,111.3535928572338,1500,1520,800,0,0,148.4714571429784,148.4714571429784,74.2357285714892,0.0,4100,4200,390.0,111.35359285723379,33.834999999999994,25.0,25.0,0.31972958563477694,0.9475088348241476,1.0,0.0,0.0,0.0,0.0,42.18323570103789,38.167262654179005,35.30488526806381,40.8464789090544,59.17499999999998,59.17499999999998,59.17499999999998,59.17499999999998
2025-12-22T17:44:12.661712,38.400,384.09193238393857,6289.793465889669,151.59173863558678,4100,1500,1520,40.0,35.0,20.0,6289.793465889669,113.69380397669008,1500,1520,800,0,0,151.59173863558678,151.59173863558678,75.79586931779339,0.0,4100,4200,390.0,113.69380397669008,33.839999999999996,25.0,25.0,0.34331492881987535,0.9392203466968782,1.0,0.0,0.0,0.0,0.0,42.87083949043724,44.77687878865704,41.648605684535944,44.042445339507736,59.199999999999974,59.199999999999974,59.199999999999974,59.199999999999974
2025-12-22T17:44:12.712275,38.450,383.7970042957116,6364.576691251607,154.58306765006427,4100,1500,1520,40.0,35.0,20.0,6364.576691251607,115.9373007375482,1500,1520,800,0,0,154.58306765006427,154.58306765006427,77.29153382503213,0.0,4100,4200,390.0,115.93730073754821,33.845,25.0,25.0,0.36668571134984473,0.9303448764258652,1.0,0.0,0.0,0.0,0.0,36.32671916489631,38.32653148345725,38.8113215533573,35.5267754738691,59.22499999999998,59.22499999999998,59.22499999999998,59.22499999999998
2025-12-22T17:44:12.762823,38.500,384.4769142948507,6435.949185543219,157.43796742172876,4100,1500,1520,40.0,35.0,20.0,6435.949185543219,118.07847556629656,1500,1520,800,0,0,157.43796742172876,157.43796742172876,78.71898371086438,0.0,4100,4200,390.0,118.07847556629656,33.849999999999994,25.0,25.0,0.38982732724635566,0.9208879708911192,1.0,0.0,0.0,0.0,0.0,38.72809371741835,42.48351574166428,36.56145402118788,38.72622066217416,59.24999999999997,59.24999999999997,59.24999999999997,59.24999999999997
2025-12-22T17:44:12.815431,38.550,383.7388197895838,6503.732554698852,160.1493021879541,4100,1500,1520,40.0,35.0,20.0,6503.732554698852,120.11197664096558,1500,1520,800,0,0,160.1493021879541,160.1493021879541,80.07465109397705,0.0,4100,4200,390.0,120.11197664096558,33.855,25.0,25.0,0.4127253137527649,0.9108555403507638,1.0,0.0,0.0,0.0,0.0,35.286571568143685,39.88337781462467,42.01440245270656,36.539748464360905,59.27499999999998,59.27499999999998,59.27499999999998,59.27499999999998
2025-12-22T17:44:12.866417,38.600,383.62002168547633,6567.757375596515,162.71029502386062,4100,1500,1520,40.0,35.0,20.0,6567.757375596515,122.03272126789547,1500,1520,800,0,0,162.71029502386062,162.71029502386062,81.35514751193031,0.0,4100,4200,390.0,122.03272126789548,33.85999999999999,25.0,25.0,0.4353653603728676,0.9002538547473169,1.0,0.0,0.0,0.0,0.0,37.68037510146619,35.52230748973725,43.28592471731146,39.173702105271154,59.29999999999997,59.29999999999997,59.29999999999997,59.29999999999997
2025-12-22T17:44:12.917193,38.650,383.89483748028795,6627.863619527445,165.1145447810978,4100,1500,1520,40.0,35.0,20.0,6627.863619527445,123.83590858582335,1500,1520,800,0,0,165.1145447810978,165.1145447810978,82.5572723905489,0.0,4100,4200,390.0,123.83590858582333,33.864999999999995,25.0,25.0,0.45773331781449156,0.889089539789181,1.0,0.0,0.0,0.0,0.0,42.40628619652101,40.09705927599437,36.19934705295201,43.98065804726541,59.324999999999974,59.324999999999974,59.324999999999974,59.324999999999974
2025-12-22T17:44:12.967735,38.700,383.85974875021475,6683.901052184541,167.35604208738164,4100,1500,1520,40.0,35.0,20.0,6683.901052184541,125.51703156553623,1500,1520,800,0,0,167.35604208738164,167.35604208738164,83.67802104369082,0.0,4100,4200,390.0,125.51703156553621,33.86999999999999,25.0,25.0,0.4798152068323442,0.8773695728097908,1.0,0.0,0.0,0.0,0.0,36.84498028613238,37.118897347048524,41.16287846660576,35.50525540478965,59.349999999999966,59.349999999999966,59.349999999999966,59.349999999999966
2025-12-22T17:44:13.018311,38.750,383.2856269006083,6735.729609169892,169.42918436679565,4100,1500,1520,40.0,35.0,20.0,6735.729609169892,127.07188827509674,1500,1520,800,0,0,169.42918436679565,169.42918436679565,84.71459218339783,0.0,4100,4200,390.0,127.07188827509674,33.87499999999999,25.0,25.0,0.5015972269645858,0.865101278407007,1.0,0.0,0.0,0.0,0.0,37.79619419136956,43.15773132330591,39.77995670899897,38.109324056736554,59.37499999999997,59.37499999999997,59.37499999999997,59.37499999999997
2025-12-22T17:44:13.068540,38.800,383.4550858664511,6783.219746082823,171.32878984331293,4100,1500,1520,40.0,35.0,20.0,6783.219746082823,128.4965923824847,1500,1520,800,0,0,171.32878984331293,171.32878984331293,85.66439492165647,0.0,4100,4200,390.0,128.4965923824847,33.879999999999995,25.0,25.0,0.5230657651576691,0.852292323865481,0.9999999999999999,0.0,0.0,0.0,0.0,36.61750226935623,36.46419183319628,41.71439112165855,39.31197427768126,59.39999999999996,59.39999999999996,59.39999999999996,59.39999999999996
2025-12-22T17:44:13.122546,38.850,383.26725295636084,6826.25276231344,173.0501104925376,4100,1500,1520,40.0,35.0,20.0,6826.25276231344,129.7875828694032,1500,1520,800,0,0,173.0501104925376,173.0501104925376,86.5250552462688,0.0,4100,4200,390.0,129.7875828694032,33.88499999999999,25.0,25.0,0.5442074042740547,0.838950714364852,0.9999999999999999,0.0,0.0,0.0,0.0,38.92156348758496,41.92509209265928,43.832665933673084,44.74835599699793,59.42499999999997,59.42499999999997,59.42499999999997,59.42499999999997
2025-12-22T17:44:13.176094,38.900,383.2127000699256,6864.721097732327,174.58884390929308,4100,1500,1520,40.0,35.0,20.0,6864.721097732327,130.94163293196982,1500,1520,800,0,0,174.58884390929308,174.58884390929308,87.29442195464654,0.0,4100,4200,390.0,130.94163293196982,33.88999999999999,25.0,25.0,0.5650089314774847,0.8250847879767697,1.0,0.0,0.0,0.0,0.0,41.83491404924581,40.32971471007703,39.263235082563625,39.67697461012806,59.44999999999996,59.44999999999996,59.44999999999996,59.44999999999996
2025-12-22T17:44:13.227110,38.950,383.3640418931041,6898.528601534857,175.9411440613943,4100,1500,1520,40.0,35.0,20.0,6898.528601534857,131.95585804604573,1500,1520,800,0,0,175.9411440613943,175.9411440613943,87.97057203069716,0.0,4100,4200,390.0,131.95585804604573,33.894999999999996,25.0,25.0,0.5854573464905759,0.8107032104538712,1.0,0.0,0.0,0.0,0.0,38.9157416501591,41.050284156978634,44.91099467529163,43.48202457708079,59.474999999999966,59.474999999999966,59.474999999999966,59.474999999999966
2025-12-22T17:44:13.277645,39.000,383.24761866581235,6927.590772568134,177.10363090272534,4100,1500,1520,40.0,35.0,20.0,6927.590772568134,132.827723177044,1500,1520,800,0,0,177.10363090272534,177.10363090272534,88.55181545136267,0.0,4100,4200,390.0,132.827723177044,33.89999999999999,25.0,25.0,0.60553986971957,0.7958149698139677,1.0,0.0,0.0,0.0,0.0,42.139982977240166,37.99128273235813,40.321762191418536,38.99274484459855,59.49999999999996,59.49999999999996,59.49999999999996,59.49999999999996
2025-12-22T17:44:13.330712,39.050,382.85275124340797,6951.834970539859,178.07339882159437,4100,1500,1520,40.0,35.0,20.0,6951.834970539859,133.5550491161958,1500,1520,800,0,0,178.07339882159437,178.07339882159437,89.03669941079718,0.0,4100,4200,390.0,133.5550491161958,33.904999999999994,25.0,25.0,0.6252439502411629,0.780429370722826,1.0,0.0,0.0,0.0,0.0,36.24922611949423,38.86498182572323,41.84136116744739,40.86468288493053,59.52499999999996,59.52499999999996,59.52499999999996,59.52499999999996
2025-12-22T17:44:13.381216,39.100,383.16391635578645,6971.200597581237,178.8480239032495,4100,1500,1520,40.0,35.0,20.0,6971.200597581237,134.13601792743714,1500,1520,800,0,0,178.8480239032495,178.8480239032495,89.42401195162475,0.0,4100,4200,390.0,134.13601792743714,33.90999999999999,25.0,25.0,0.6445572736464242,0.7645560286790554,1.0,0.0,0.0,0.0,0.0,41.66760507785969,42.73185102503841,39.121248804126544,35.26898146893632,59.549999999999955,59.549999999999955,59.549999999999955,59.549999999999955
2025-12-22T17:44:13.431731,39.150,383.1641043492985,6985.63924971009,179.42556998840357,4100,1500,1520,40.0,35.0,20.0,6985.63924971009,134.56917749130267,1500,1520,800,0,0,179.42556998840357,179.42556998840357,89.71278499420178,0.0,4100,4200,390.0,134.56917749130267,33.91499999999999,25.0,25.0,0.6634677697369017,0.7482048640047334,1.0,0.0,0.0,0.0,0.0,38.24302563822813,36.76405245145546,44.006698531117976,43.3634266665143,59.57499999999996,59.57499999999996,59.57499999999996,59.57499999999996
2025-12-22T17:44:13.482245,39.200,383.0446764347587,6995.114837815598,179.8045935126239,4100,1500,1520,40.0,35.0,20.0,6995.114837815598,134.85344513446793,1500,1520,800,0,0,179.8045935126239,179.8045935126239,89.90229675631196,0.0,4100,4200,390.0,134.85344513446793,33.91999999999999,25.0,25.0,0.6819636200681017,0.7313860956455281,0.9999999999999999,0.0,0.0,0.0,0.0,35.4336778581207,37.25811385094279,36.695913984027335,35.02813833475596,59.59999999999995,59.59999999999995,59.59999999999995,59.59999999999995
2025-12-22T17:44:13.532772,39.250,383.45400833059693,6999.603677862289,179.98414711449155,4100,1500,1520,40.0,35.0,20.0,6999.603677862289,134.98811033586867,1500,1520,800,0,0,179.98414711449155,179.98414711449155,89.99207355724577,0.0,4100,4200,390.0,134.98811033586867,33.92499999999999,25.0,25.0,0.7000332653356335,0.7141102347841897,0.9999999999999999,0.0,0.0,0.0,0.0,42.13050224618635,41.786098907370274,40.23492129329689,41.93436526681393,59.62499999999996,59.62499999999996,59.62499999999996,59.62499999999996
2025-12-22T17:44:13.587115,39.300,383.735302968024,6999.09455008779,179.9637820035116,4100,1500,1520,40.0,35.0,20.0,6999.09455008779,134.9728365026337,1500,1520,800,0,0,179.9637820035116,179.9637820035116,89.9818910017558,0.0,4100,4200,390.0,134.9728365026337,33.92999999999999,25.0,25.0,0.7176654125993969,0.6963880782714028,1.0,0.0,0.0,0.0,0.0,38.21931761301759,37.9735946592771,35.02123816556418,42.03815714491933,59.64999999999995,59.64999999999995,59.64999999999995,59.64999999999995
2025-12-22T17:44:13.637625,39.350,383.04411335137104,6993.588727046387,179.74354908185546,4100,1500,1520,40.0,35.0,20.0,6993.588727046387,134.8076618113916,1500,1520,800,0,0,179.74354908185546,179.74354908185546,89.87177454092773,0.0,4100,4200,390.0,134.8076618113916,33.93499999999999,25.0,25.0,0.7348490423413033,0.6782307018781067,0.9999999999999999,0.0,0.0,0.0,0.0,44.39325559476802,35.869864875437344,38.947277305952966,41.91388481463754,59.674999999999955,59.674999999999955,59.674999999999955,59.674999999999955
2025-12-22T17:44:13.688165,39.400,383.1658802286764,6983.099970428308,179.32399881713232,4100,1500,1520,40.0,35.0,20.0,6983.099970428308,134.49299911284925,1500,1520,800,0,0,179.32399881713232,179.32399881713232,89.66199940856616,0.0,4100,4200,390.0,134.49299911284925,33.93999999999999,25.0,25.0,0.7515734153521154,0.6596494533734993,0.9999999999999999,0.0,0.0,0.0,0.0,44.880599510030805,41.997424865703536,41.81958722374834,43.17083357521054,59.699999999999946,59.699999999999946,59.699999999999946,59.699999999999946
2025-12-22T17:44:13.738695,39.450,383.2856791037875,6967.654496662658,178.70617986650632,4100,1500,1520,40.0,35.0,20.0,6967.654496662658,134.02963489987974,1500,1520,800,0,0,178.70617986650632,178.70617986650632,89.35308993325316,0.0,4100,4200,390.0,134.02963489987974,33.94499999999999,25.0,25.0,0.7678280794431034,0.6406559454330502,1.0,0.0,0.0,0.0,0.0,44.570922690068805,35.62987887851598,42.52616188538241,44.07571679685649,59.72499999999995,59.72499999999995,59.72499999999995,59.72499999999995
2025-12-22T17:44:13.791051,39.500,383.28885986555986,6947.290911390005,177.89163645560018,4100,1500,1520,40.0,35.0,20.0,6947.290911390005,133.41872734170013,1500,1520,800,0,0,177.89163645560018,177.89163645560018,88.94581822780009,0.0,4100,4200,390.0,133.41872734170013,33.94999999999999,25.0,25.0,0.7836028759783222,0.6212620483809567,1.0,0.0,0.0,0.0,0.0,43.94178074947529,37.244852345731914,35.56643326272274,35.616606683115464,59.74999999999994,59.74999999999994,59.74999999999994,59.74999999999994
2025-12-22T17:44:13.842098,39.550,383.5484411188018,6922.060112968379,176.88240451873517,4100,1500,1520,40.0,35.0,20.0,6922.060112968379,132.66180338905139,1500,1520,800,0,0,176.88240451873517,176.88240451873517,88.44120225936759,0.0,4100,4200,390.0,132.66180338905139,33.95499999999999,25.0,25.0,0.7988879462234295,0.6014798827715777,1.0,0.0,0.0,0.0,0.0,41.99746325176371,38.58862213388335,42.773284325251836,42.080114473374486,59.77499999999995,59.77499999999995,59.77499999999995,59.77499999999995
2025-12-22T17:44:13.893117,39.600,383.85016002209437,6892.02516525389,175.6810066101556,4100,1500,1520,40.0,35.0,20.0,6892.02516525389,131.7607549576167,1500,1520,800,0,0,175.6810066101556,175.6810066101556,87.8405033050778,0.0,4100,4200,390.0,131.7607549576167,33.95999999999999,25.0,25.0,0.8136737375070723,0.581321811814482,1.0,0.0,0.0,0.0,0.0,39.15495967422068,43.47303510527166,44.779365185681804,36.71252537067897,59.79999999999994,59.79999999999994,59.79999999999994,59.79999999999994
2025-12-22T17:44:13.943467,39.650,383.50186559585933,6857.261139973924,174.29044559895698,4100,1500,1520,40.0,35.0,20.0,6857.261139973924,130.71783419921775,1500,1520,800,0,0,174.29044559895698,174.29044559895698,87.14522279947849,0.0,4100,4200,390.0,130.71783419921775,33.96499999999999,25.0,25.0,0.8279510091909968,0.560800433647844,1.0,0.0,0.0,0.0,0.0,42.96531525808496,41.74546095567016,40.40255318440171,39.790837055897434,59.824999999999946,59.824999999999946,59.824999999999946,59.824999999999946
2025-12-22T17:44:13.993824,39.700,383.7925253517067,6817.854929086929,172.71419716347714,4100,1500,1520,40.0,35.0,20.0,6817.854929086929,129.53564787260785,1500,1520,800,0,0,172.71419716347714,172.71419716347714,86.35709858173857,0.0,4100,4200,390.0,129.53564787260785,33.969999999999985,25.0,25.0,0.8417108384451457,0.5399285734650183,0.9999999999999999,0.0,0.0,0.0,0.0,36.36510747521455,36.42182347631544,42.9481128562809,42.16213836428805,59.84999999999994,59.84999999999994,59.84999999999994,59.84999999999994
2025-12-22T17:44:14.044083,39.750,383.46190854981046,6773.905027597762,170.95620110391044,4100,1500,1520,40.0,35.0,20.0,6773.905027597762,128.21715082793284,1500,1520,800,0,0,170.95620110391044,170.95620110391044,85.47810055195522,0.0,4100,4200,390.0,128.21715082793284,33.97499999999999,25.0,25.0,0.8549446258241371,0.5187192754992108,1.0,0.0,0.0,0.0,0.0,43.25780983925944,44.110038681952645,38.88086195180329,42.142076617796526,59.87499999999994,59.87499999999994,59.87499999999994,59.87499999999994
2025-12-22T17:44:14.096017,39.800,383.2337158972106,6725.52128737148,169.0208514948592,4100,1500,1520,40.0,35.0,20.0,6725.52128737148,126.76563862114439,1500,1520,800,0,0,169.0208514948592,169.0208514948592,84.5104257474296,0.0,4100,4200,390.0,126.7656386211444,33.97999999999999,25.0,25.0,0.8676441006416373,0.4971857948712577,1.0,0.0,0.0,0.0,0.0,42.342987678742,41.625916862362445,38.04845359206736,38.8418665795294,59.899999999999935,59.899999999999935,59.899999999999935,59.899999999999935
2025-12-22T17:44:14.147529,39.850,383.7816793296132,6672.824642560885,166.9129857024354,4100,1500,1520,40.0,35.0,20.0,6672.824642560885,125.18473927682655,1500,1520,800,0,0,166.9129857024354,166.9129857024354,83.4564928512177,0.0,4100,4200,390.0,125.18473927682655,33.984999999999985,25.0,25.0,0.8798013261392712,0.47534158930560627,0.9999999999999999,0.0,0.0,0.0,0.0,40.784312600059266,43.03227224649033,44.23652652268842,36.88989285325678,59.92499999999994,59.92499999999994,59.92499999999994,59.92499999999994
2025-12-22T17:44:14.200609,39.900,383.8183786007867,6615.946807334121,164.63787229336484,4100,1500,1520,40.0,35.0,20.0,6615.946807334121,123.47840422002363,1500,1520,800,0,0,164.63787229336484,164.63787229336484,82.31893614668242,0.0,4100,4200,390.0,123.47840422002363,33.98999999999999,25.0,25.0,0.8914087044468376,0.4532003107196756,1.0,0.0,0.0,0.0,0.0,37.61556634087917,43.61105644896981,42.81831197387878,44.57119236188818,59.94999999999993,59.94999999999993,59.94999999999993,59.94999999999993
2025-12-22T17:44:14.256157,39.950,383.68743076047105,6555.029946657851,162.20119786631403,4100,1500,1520,40.0,35.0,20.0,6555.029946657851,121.65089839973552,1500,1520,800,0,0,162.20119786631403,162.20119786631403,81.10059893315702,0.0,4100,4200,390.0,121.65089839973552,33.99499999999999,25.0,25.0,0.9024589813307308,0.430775796691852,1.0,0.0,0.0,0.0,0.0,39.79939964117297,41.894883837711134,42.53564854111115,38.62570075450301,59.97499999999994,59.97499999999994,59.97499999999994,59.97499999999994
2025-12-22T17:44:14.309238,40.000,384.31164920810903,6490.226320958877,159.6090528383551,4100,1500,1520,40.0,35.0,20.0,6490.226320958877,119.70678962876633,1500,1520,800,0,0,159.6090528383551,159.6090528383551,79.80452641917755,0.0,4100,4200,390.0,119.70678962876632,33.999999999999986,25.0,25.0,0.9129452507276001,0.40808206181345363,1.0,0.0,0.0,0.0,0.0,37.098166095362615,40.290338956061355,42.95377152386414,40.07907979423287,59.99999999999993,59.99999999999993,59.99999999999993,59.99999999999993
2025-12-22T17:44:14.359753,40.050,383.94407418908816,6421.6979055523725,156.8679162220949,4100,1500,1520,40.0,35.0,20.0,6421.6979055523725,117.65093716657117,1500,1520,800,0,0,156.8679162220949,156.8679162220949,78.43395811104745,0.0,4100,4200,390.0,117.65093716657115,34.00499999999999,25.0,25.0,0.9228609590604155,0.3851332889300664,1.0,0.0,0.0,0.0,0.0,38.646235746480784,40.955239433894654,36.782477277469866,41.62794243742469,60.024999999999935,60.024999999999935,60.024999999999935,60.024999999999935
2025-12-22T17:44:14.410164,40.100,383.88863034822646,6349.615985787943,153.98463943151773,4100,1500,1520,40.0,35.0,20.0,6349.615985787943,115.4884795736383,1500,1520,800,0,0,153.98463943151773,153.98463943151773,76.99231971575887,0.0,4100,4200,390.0,115.4884795736383,34.009999999999984,25.0,25.0,0.9321999093342394,0.36194382027772753,1.0,0.0,0.0,0.0,0.0,36.02440235653611,36.71868861901103,38.47234499431821,36.786555089771696,60.049999999999926,60.049999999999926,60.049999999999926,60.049999999999926
2025-12-22T17:44:14.460728,40.150,384.37666477594536,6274.1607289254625,150.96642915701852,4100,1500,1520,40.0,35.0,20.0,6274.1607289254625,113.2248218677639,1500,1520,800,0,0,150.96642915701852,150.96642915701852,75.48321457850926,0.0,4100,4200,390.0,113.2248218677639,34.014999999999986,25.0,25.0,0.9409562650091462,0.33852814851949514,0.9999999999999999,0.0,0.0,0.0,0.0,41.49654538256533,38.336628749966664,42.568031805955734,43.624178940456126,60.07499999999993,60.07499999999993,60.07499999999993,60.07499999999993
2025-12-22T17:44:14.511079,40.200,384.3366022157784,6195.520733810748,147.82082935242997,4100,1500,1520,40.0,35.0,20.0,6195.520733810748,110.86562201432247,1500,1520,800,0,0,147.82082935242997,147.82082935242997,73.91041467621498,0.0,4100,4200,390.0,110.86562201432248,34.01999999999998,25.0,25.0,0.9491245536478711,0.31490090768800505,1.0,0.0,0.0,0.0,0.0,38.423292247996564,37.72661851244033,40.26286960160209,35.25516243223623,60.09999999999992,60.09999999999992,60.09999999999992,60.09999999999992
2025-12-22T17:44:14.561620,40.250,384.7460557462835,6113.892559476671,144.55570237906682,4100,1500,1520,40.0,35.0,20.0,6113.892559476671,108.41677678430011,1500,1520,800,0,0,144.55570237906682,144.55570237906682,72.27785118953341,0.0,4100,4200,390.0,108.4167767843001,34.024999999999984,25.0,25.0,0.956699670335904,0.2910768640396769,1.0,0.0,0.0,0.0,0.0,42.14540904771223,36.00047579394229,40.159898776995064,40.46731747861523,60.12499999999993,60.12499999999993,60.12499999999993,60.12499999999993
2025-12-22T17:44:14.612034,40.300,385.05864422696004,6029.480233847932,141.1792093539173,4100,1500,1520,40.0,35.0,20.0,6029.480233847932,105.88440701543797,1500,1520,800,0,0,141.1792093539173,141.1792093539173,70.58960467695864,0.0,4100,4200,390.0,105.88440701543797,34.02999999999999,25.0,25.0,0.9636768808718956,0.26707090682628504,1.0,0.0,0.0,0.0,0.0,38.55367323301638,39.093198765807514,36.744386244295264,39.53062004003248,60.14999999999992,60.14999999999992,60.14999999999992,60.14999999999992
2025-12-22T17:44:14.663572,40.350,385.0758283297595,5942.494743777515,137.6997897511006,4100,1500,1520,40.0,35.0,20.0,5942.494743777515,103.27484231332545,1500,1520,800,0,0,137.6997897511006,137.6997897511006,68.8498948755503,0.0,4100,4200,390.0,103.27484231332546,34.03499999999998,25.0,25.0,0.9700518247263791,0.24289803898966,1.0,0.0,0.0,0.0,0.0,38.60120761939471,43.83036771158046,39.873987973981755,38.5753902526044,60.174999999999926,60.174999999999926,60.174999999999926,60.174999999999926
2025-12-22T17:44:14.715088,40.400,385.12240551591947,5853.153507689429,134.12614030757717,4100,1500,1520,40.0,35.0,20.0,5853.153507689429,100.59460523068287,1500,1520,800,0,0,134.12614030757717,134.12614030757717,67.06307015378859,0.0,4100,4200,390.0,100.59460523068287,34.039999999999985,25.0,25.0,0.9758205177669586,0.21857336778533892,1.0,0.0,0.0,0.0,0.0,41.57330493991202,39.325896101856074,36.61400306697835,44.30352195150918,60.19999999999992,60.19999999999992,60.19999999999992,60.19999999999992
2025-12-22T17:44:14.768639,40.450,385.33757547621144,5761.679832145877,130.4671932858351,4100,1500,1520,40.0,35.0,20.0,5761.679832145877,97.85039496437632,1500,1520,800,0,0,130.4671932858351,130.4671932858351,65.23359664291755,0.0,4100,4200,390.0,97.85039496437632,34.04499999999999,25.0,25.0,0.9809793547482627,0.19411209534102228,1.0,0.0,0.0,0.0,0.0,36.358085013463466,40.352618083524696,43.31517810101462,38.23909327060385,60.22499999999992,60.22499999999992,60.22499999999992,60.22499999999992
2025-12-22T17:44:14.819178,40.500,385.27452924835677,5668.30235369715,126.73209414788596,4100,1500,1520,40.0,35.0,20.0,5668.30235369715,95.04907061091447,1500,1520,800,0,0,126.73209414788596,126.73209414788596,63.36604707394298,0.0,4100,4200,390.0,95.04907061091447,34.04999999999998,25.0,25.0,0.9855251115651058,0.16952950915573897,1.0,0.0,0.0,0.0,0.0,44.10915986708929,44.66619796574183,43.344834509029255,35.23296669939486,60.249999999999915,60.249999999999915,60.249999999999915,60.249999999999915
2025-12-22T17:44:14.869755,40.550,384.99908962604275,5573.254467409316,122.93017869637265,4100,1500,1520,40.0,35.0,20.0,5573.254467409316,92.19763402227949,1500,1520,800,0,0,122.93017869637265,122.93017869637265,61.465089348186325,0.0,4100,4200,390.0,92.19763402227949,34.054999999999986,25.0,25.0,0.989454947267448,0.14484097254565712,1.0,0.0,0.0,0.0,0.0,41.350289309773295,38.12371322149489,40.33427423401452,41.74317939997957,60.27499999999992,60.27499999999992,60.27499999999992,60.27499999999992
2025-12-22T17:44:14.920598,40.600,385.30123507553014,5476.773743498115,119.07094973992461,4100,1500,1520,40.0,35.0,20.0,5476.773743498115,89.30321230494346,1500,1520,800,0,0,119.07094973992461,119.07094973992461,59.53547486996231,0.0,4100,4200,390.0,89.30321230494346,34.05999999999998,25.0,25.0,0.9927664058358969,0.12006191504251137,1.0,0.0,0.0,0.0,0.0,38.27584729739121,38.90193814109518,44.45672054568939,41.005002893183025,60.29999999999991,60.29999999999991,60.29999999999991,60.29999999999991
2025-12-22T17:44:14.971120,40.650,385.6483220312775,5379.1013335271355,115.1640533410854,4100,1500,1520,40.0,35.0,20.0,5379.1013335271355,86.37304000581406,1500,1520,800,0,0,115.1640533410854,115.1640533410854,57.5820266705427,0.0,4100,4200,390.0,86.37304000581406,34.06499999999998,25.0,25.0,0.99545741771664,0.09520782275064814,0.9999999999999999,0.0,0.0,0.0,0.0,38.80059301146928,40.748856741497235,43.02952656004513,39.198333609562795,60.32499999999992,60.32499999999992,60.32499999999992,60.32499999999992
2025-12-22T17:44:15.021189,40.700,385.8779270905741,5280.4813676544945,111.2192547061798,4100,1500,1520,40.0,35.0,20.0,5280.4813676544945,83.41444102963484,1500,1520,800,0,0,111.2192547061798,111.2192547061798,55.6096273530899,0.0,4100,4200,390.0,83.41444102963484,34.06999999999998,25.0,25.0,0.9975263011148481,0.07029422866871417,1.0,0.0,0.0,0.0,0.0,44.26236622213369,44.20375106119591,44.18101460769739,35.08298844892851,60.34999999999991,60.34999999999991,60.34999999999991,60.34999999999991
2025-12-22T17:44:15.076418,40.750,386.09525377200947,5181.160344434591,107.24641377738365,4100,1500,1520,40.0,35.0,20.0,5181.160344434591,80.43481033303775,1500,1520,800,0,0,107.24641377738365,107.24641377738365,53.623206888691826,0.0,4100,4200,390.0,80.43481033303775,34.07499999999998,25.0,25.0,0.9989717630457422,0.045336702982038166,1.0,0.0,0.0,0.0,0.0,38.08879533863192,38.953426094889004,44.62498821439441,44.64909970378578,60.374999999999915,60.374999999999915,60.374999999999915,60.374999999999915
2025-12-22T17:44:15.127421,40.800,386.0865267087708,5081.386514700084,103.25546058800339,4100,1500,1520,40.0,35.0,20.0,5081.386514700084,77.44159544100253,1500,1520,800,0,0,103.25546058800339,103.25546058800339,51.627730294001694,0.0,4100,4200,390.0,77.44159544100253,34.079999999999984,25.0,25.0,0.9997929001426674,0.02035084333177178,1.0,0.0,0.0,0.0,0.0,38.666725716632115,38.65722934574771,38.97244239666434,42.82478296074333,60.399999999999906,60.399999999999906,60.399999999999906,60.399999999999906
2025-12-22T17:44:15.178484,40.850,386.19655910248343,4981.4092610641055,99.25637044256422,4100,1500,1520,40.0,35.0,20.0,4981.4092610641055,74.44227783192316,1500,1520,800,0,0,99.25637044256422,99.25637044256422,49.62818522128211,0.0,4100,4200,390.0,74.44227783192316,34.08499999999998,25.0,25.0,0.9999891992216673,-0.00464773493312841,1.0,0.0,0.0,0.0,0.0,37.229205239180814,42.8956446398031,44.1077938334365,44.454151412103286,60.42499999999991,60.42499999999991,60.42499999999991,60.42499999999991
2025-12-22T17:44:15.231026,40.900,386.8050396257556,4881.478474593596,95.25913898374385,4100,1500,1520,40.0,35.0,20.0,4881.478474593596,71.44435423780789,1500,1520,800,0,0,95.25913898374385,95.25913898374385,47.629569491871926,0.0,4100,4200,390.0,71.44435423780789,34.08999999999998,25.0,25.0,0.9995605376022073,-0.0296434085149857,1.0,0.0,0.0,0.0,0.0,37.18229162020369,41.47586584357515,36.56666561895698,41.89980010363004,60.4499999999999,60.4499999999999,60.4499999999999,60.4499999999999
2025-12-22T17:44:15.282037,40.950,386.1911476054308,4781.843930211786,91.27375720847142,4100,1500,1520,40.0,35.0,20.0,4781.843930211786,68.45531790635357,1500,1520,800,0,0,91.27375720847142,91.27375720847142,45.63687860423571,0.0,4100,4200,390.0,68.45531790635357,34.094999999999985,25.0,25.0,0.998507183183846,-0.054620555931455726,0.9999999999999999,0.0,0.0,0.0,0.0,37.72697227173662,37.04359661241305,43.46446804809088,35.78505341525406,60.47499999999991,60.47499999999991,60.47499999999991,60.47499999999991
2025-12-22T17:44:15.332553,41.000,387.1835437853678,4682.754662390961,87.31018649563843,4100,1500,1520,40.0,35.0,20.0,4682.754662390961,65.48263987172882,1500,1520,800,0,0,87.31018649563843,87.31018649563843,43.65509324781922,0.0,4100,4200,390.0,65.48263987172882,34.09999999999998,25.0,25.0,0.9968297942788069,-0.07956356727844445,1.0,0.0,0.0,0.0,0.0,44.6316187933291,37.77735316634825,37.1839742832014,43.35361412469211,60.4999999999999,60.4999999999999,60.4999999999999,60.4999999999999
2025-12-22T17:44:15.382786,41.050,386.85848941689414,4584.458342695981,83.37833370783922,4100,1500,1520,40.0,35.0,20.0,4584.458342695981,62.53375028087942,1500,1520,800,0,0,83.37833370783922,83.37833370783922,41.68916685391961,0.0,4100,4200,390.0,62.53375028087942,34.10499999999998,25.0,25.0,0.994529419200554,-0.10445685398579005,1.0,0.0,0.0,0.0,0.0,37.52134704593916,37.06049464578603,39.95142294110492,36.22229944487501,60.524999999999906,60.524999999999906,60.524999999999906,60.524999999999906
2025-12-22T17:44:15.433315,41.100,386.9498666471181,4487.200660734348,79.48802642937395,4100,1500,1520,40.0,35.0,20.0,4487.200660734348,59.61601982203046,1500,1520,800,0,0,79.48802642937395,79.48802642937395,39.74401321468697,0.0,4100,4200,390.0,59.61601982203045,34.10999999999998,25.0,25.0,0.991607495608631,-0.12928485855961194,1.0,0.0,0.0,0.0,0.0,37.929726241929814,35.34225261920187,44.873623490573976,39.296323569813595,60.5499999999999,60.5499999999999,60.5499999999999,60.5499999999999
2025-12-22T17:44:15.483836,41.150,387.25968883641997,4391.224710060147,75.64898840240589,4100,1500,1520,40.0,35.0,20.0,4391.224710060147,56.736741301804415,1500,1520,800,0,0,75.64898840240589,75.64898840240589,37.824494201202945,0.0,4100,4200,390.0,56.73674130180441,34.11499999999998,25.0,25.0,0.98806584961017,-0.15403206430523786,1.0,0.0,0.0,0.0,0.0,40.022938964094784,41.92343690100002,41.283256748591164,39.16702268817777,60.5749999999999,60.5749999999999,60.5749999999999,60.5749999999999
2025-12-22T17:44:15.534376,41.200,387.646989245725,4296.770380566753,71.87081522267013,4100,1500,1520,40.0,35.0,20.0,4296.770380566753,53.9031114170026,1500,1520,800,0,0,71.87081522267013,71.87081522267013,35.935407611335066,0.0,4100,4200,390.0,53.90311141700259,34.119999999999976,25.0,25.0,0.9839066946186346,-0.1786830050246332,1.0,0.0,0.0,0.0,0.0,43.29375808949289,42.701208346163924,37.21903637137026,44.125055827913584,60.599999999999895,60.599999999999895,60.599999999999895,60.599999999999895
2025-12-22T17:44:15.584686,41.250,387.30944915776047,4204.073758887036,68.16295035548144,4100,1500,1520,40.0,35.0,20.0,4204.073758887036,51.122212766611085,1500,1520,800,0,0,68.16295035548144,68.16295035548144,34.08147517774072,0.0,4100,4200,390.0,51.122212766611085,34.12499999999998,25.0,25.0,0.9791326299705079,-0.203222274682271,0.9999999999999999,0.0,0.0,0.0,0.0,43.428749218784525,40.17353277818478,37.96298306823354,39.36145805342505,60.6249999999999,60.6249999999999,60.6249999999999,60.6249999999999
2025-12-22T17:44:15.636756,41.300,387.1460431569177,4113.366538299728,64.53466153198912,4100,1500,1520,40.0,35.0,20.0,4113.366538299728,48.40099614899184,1500,1520,800,0,0,64.53466153198912,64.53466153198912,32.26733076599456,0.0,4100,4200,390.0,48.40099614899184,34.12999999999998,25.0,25.0,0.9737466393007927,-0.22763453703340303,0.9999999999999999,0.0,0.0,0.0,0.0,39.41152185842289,37.87629579708973,37.83764866003388,43.76927290300323,60.64999999999989,60.64999999999989,60.64999999999989,60.64999999999989
2025-12-22T17:44:15.687281,41.350,387.8846427313488,4024.8754396168893,60.995017584675566,4100,1500,1520,40.0,35.0,20.0,4024.8754396168893,45.746263188506674,1500,1520,800,0,0,60.995017584675566,60.995017584675566,30.497508792337783,0.0,4100,4200,390.0,45.746263188506674,34.13499999999998,25.0,25.0,0.9677520886783362,-0.25190453520871325,1.0,0.0,0.0,0.0,0.0,39.20675163182808,36.317200786981786,42.07798092440874,38.662657405839866,60.6749999999999,60.6749999999999,60.6749999999999,60.6749999999999
2025-12-22T17:44:15.738312,41.400,387.9691120866477,3938.8216444999543,57.55286577999817,4100,1500,1520,40.0,35.0,20.0,3938.8216444999543,43.16464933499863,1500,1520,800,0,0,57.55286577999817,57.55286577999817,28.776432889999086,0.0,4100,4200,390.0,43.16464933499863,34.13999999999998,25.0,25.0,0.961152724502146,-0.2760171012493646,1.0,0.0,0.0,0.0,0.0,37.98783242353969,36.383294004141675,42.02442353391881,41.33220840213525,60.69999999999989,60.69999999999989,60.69999999999989,60.69999999999989
2025-12-22T17:44:15.788856,41.450,388.2519480924141,3855.420242620765,54.216809704830595,4100,1500,1520,40.0,35.0,20.0,3855.420242620765,40.66260727862294,1500,1520,800,0,0,54.216809704830595,54.216809704830595,27.108404852415298,0.0,4100,4200,390.0,40.66260727862294,34.14499999999998,25.0,25.0,0.9539526711600137,-0.29995716558647967,1.0,0.0,0.0,0.0,0.0,43.68702651888695,41.7273473928367,39.642934005478445,44.80559554812122,60.724999999999895,60.724999999999895,60.724999999999895,60.724999999999895
2025-12-22T17:44:15.839916,41.500,387.8980750930025,3774.8796940494085,50.99518776197635,4100,1500,1520,40.0,35.0,20.0,3774.8796940494085,38.24639082148226,1500,1520,800,0,0,50.99518776197635,50.99518776197635,25.497593880988173,0.0,4100,4200,390.0,38.24639082148226,34.14999999999998,25.0,25.0,0.9461564284509064,-0.3237097664591304,1.0,0.0,0.0,0.0,0.0,38.72693433027504,37.077329191145104,38.06189373677797,44.25855065722253,60.749999999999886,60.749999999999886,60.749999999999886,60.749999999999886
2025-12-22T17:44:15.891465,41.550,388.50936151930705,3697.401308212607,47.89605232850428,4100,1500,1520,40.0,35.0,20.0,3697.401308212607,35.92203924637821,1500,1520,800,0,0,47.89605232850428,47.89605232850428,23.94802616425214,0.0,4100,4200,390.0,35.92203924637821,34.15499999999998,25.0,25.0,0.9377688687727387,-0.34726005926495196,0.9999999999999999,0.0,0.0,0.0,0.0,38.32335537690327,36.44343596809175,40.97868335488331,35.30946334587648,60.77499999999989,60.77499999999989,60.77499999999989,60.77499999999989
2025-12-22T17:44:15.943017,41.600,388.7224315215322,3623.1787407249894,44.927149628999565,4100,1500,1520,40.0,35.0,20.0,3623.1787407249894,33.695362221749676,1500,1520,800,0,0,44.927149628999565,44.927149628999565,22.463574814499783,0.0,4100,4200,390.0,33.695362221749676,34.159999999999975,25.0,25.0,0.9287952340772825,-0.37059332583753585,1.0,0.0,0.0,0.0,0.0,39.375514715426405,40.51246651387189,36.350817721534085,41.40790309884966,60.79999999999988,60.79999999999988,60.79999999999988,60.79999999999988
2025-12-22T17:44:15.992197,41.650,388.1501785247053,3552.3975093509075,42.0959003740363,4100,1500,1520,40.0,35.0,20.0,3552.3975093509075,31.571925280527225,1500,1520,800,0,0,42.0959003740363,42.0959003740363,21.04795018701815,0.0,4100,4200,390.0,31.57192528052723,34.16499999999998,25.0,25.0,0.919241132594118,-0.3936949836448048,1.0,0.0,0.0,0.0,0.0,37.59375973103723,38.27731255607068,39.2348924126759,41.093494483466614,60.82499999999989,60.82499999999989,60.82499999999989,60.82499999999989
2025-12-22T17:44:16.042845,41.700,388.85246729818425,3485.234530306645,39.40938121226579,4100,1500,1520,40.0,35.0,20.0,3485.234530306645,29.557035909199342,1500,1520,800,0,0,39.40938121226579,39.40938121226579,19.704690606132896,0.0,4100,4200,390.0,29.55703590919934,34.16999999999997,25.0,25.0,0.9091125353256728,-0.4165505949026207,1.0,0.0,0.0,0.0,0.0,41.498950230618,35.43496562524086,42.96424490924274,39.58237474663777,60.84999999999988,60.84999999999988,60.84999999999988,60.84999999999988
2025-12-22T17:44:16.093250,41.750,388.1593049598247,3421.857676062008,36.87430704248033,4100,1500,1520,40.0,35.0,20.0,3421.857676062008,27.65573028186025,1500,1520,800,0,0,36.87430704248033,36.87430704248033,18.437153521240166,0.0,4100,4200,390.0,27.65573028186025,34.174999999999976,25.0,25.0,0.8984157723155397,-0.4391458755979297,1.0,0.0,0.0,0.0,0.0,41.74438602197789,35.455123281239146,44.10995781691703,38.599363745780785,60.874999999999886,60.874999999999886,60.874999999999886,60.874999999999886
2025-12-22T17:44:16.143807,41.800,388.5956490049879,3362.4253557465818,34.49701422986328,4100,1500,1520,40.0,35.0,20.0,3362.4253557465818,25.87276067239746,1500,1520,800,0,0,34.49701422986328,34.49701422986328,17.24850711493164,0.0,4100,4200,390.0,25.872760672397465,34.17999999999998,25.0,25.0,0.8871575286924052,-0.46146670441580534,1.0,0.0,0.0,0.0,0.0,36.43482353269286,44.225292075938434,42.12255090392736,36.352979831348186,60.89999999999988,60.89999999999988,60.89999999999988,60.89999999999988
2025-12-22T17:44:16.194833,41.850,389.1634849968418,3307.0861192094003,32.283444768376015,4100,1500,1520,40.0,35.0,20.0,3307.0861192094003,24.21258357628201,1500,1520,800,0,0,32.283444768376015,32.283444768376015,16.141722384188007,0.0,4100,4200,390.0,24.21258357628201,34.184999999999974,25.0,25.0,0.8753448404920622,-0.48349913156481084,1.0,0.0,0.0,0.0,0.0,35.17069737591632,40.20977303348158,39.37546110410355,37.81003192048537,60.92499999999988,60.92499999999988,60.92499999999988,60.92499999999988
2025-12-22T17:44:16.247484,41.900,388.37293197902454,3255.9782857216887,30.239131428867566,4100,1500,1520,40.0,35.0,20.0,3255.9782857216887,22.679348571650674,1500,1520,800,0,0,30.239131428867566,30.239131428867566,15.119565714433783,0.0,4100,4200,390.0,22.679348571650674,34.189999999999976,25.0,25.0,0.8629850902601163,-0.5052293874951644,1.0,0.0,0.0,0.0,0.0,39.128903702879285,35.768090157400295,37.3757705553393,40.62857105913703,60.949999999999875,60.949999999999875,60.949999999999875,60.949999999999875
2025-12-22T17:44:16.299002,41.950,389.3832005255449,3209.229598250722,28.369183930028882,4100,1500,1520,40.0,35.0,20.0,3209.229598250722,21.27688794752166,1500,1520,800,0,0,28.369183930028882,28.369183930028882,14.184591965014441,0.0,4100,4200,390.0,21.27688794752166,34.19499999999998,25.0,25.0,0.8500860024381351,-0.5266438915042602,1.0,0.0,0.0,0.0,0.0,35.99948262650656,36.24338022252757,39.72602105615916,41.99022618633906,60.97499999999988,60.97499999999988,60.97499999999988,60.97499999999988
2025-12-22T17:44:16.350524,42.000,389.36666168035475,3166.9569041689315,26.678276166757257,4100,1500,1520,40.0,35.0,20.0,3166.9569041689315,20.008707125067943,1500,1520,800,0,0,26.678276166757257,26.678276166757257,13.339138083378629,0.0,4100,4200,390.0,20.008707125067943,34.199999999999974,25.0,25.0,0.8366556385361241,-0.5477292602241643,1.0,0.0,0.0,0.0,0.0,38.608428025247456,43.41672148467828,41.933894286063435,36.37033254680893,60.99999999999987,60.99999999999987,60.99999999999987,60.99999999999987
2025-12-22T17:44:16.402666,42.050,389.5190272598884,3129.2658631963277,25.170634527853096,4100,1500,1520,40.0,35.0,20.0,3129.2658631963277,18.877975895889822,1500,1520,800,0,0,25.170634527853096,25.170634527853096,12.585317263926548,0.0,4100,4200,390.0,18.877975895889822,34.20499999999998,25.0,25.0,0.8227023920943448,-0.5684723159857856,1.0,0.0,0.0,0.0,0.0,36.790153330976565,35.713528460587376,41.3322469675414,40.912726062465225,61.02499999999988,61.02499999999988,61.02499999999988,61.02499999999988
2025-12-22T17:44:16.453677,42.100,389.05540106561426,3096.2506833062275,23.8500273322491,4100,1500,1520,40.0,35.0,20.0,3096.2506833062275,17.887520499186824,1500,1520,800,0,0,23.8500273322491,23.8500273322491,11.92501366612455,0.0,4100,4200,390.0,17.887520499186824,34.20999999999997,25.0,25.0,0.8082349834376255,-0.5888600950544886,1.0,0.0,0.0,0.0,0.0,37.66452495920609,40.42917055414868,40.40817628052757,38.061899141375534,61.04999999999987,61.04999999999987,61.04999999999987,61.04999999999987
2025-12-22T17:44:16.504128,42.150,389.62800074890845,3067.9938852543833,22.71975541017534,4100,1500,1520,40.0,35.0,20.0,3067.9938852543833,17.039816557631504,1500,1520,800,0,0,22.71975541017534,22.71975541017534,11.35987770508767,0.0,4100,4200,390.0,17.039816557631504,34.214999999999975,25.0,25.0,0.7932624542254422,-0.608879855732006,1.0,0.0,0.0,0.0,0.0,36.550641545752015,37.87348655266635,43.32933138338966,37.048036217337426,61.074999999999875,61.074999999999875,61.074999999999875,61.074999999999875
2025-12-22T17:44:16.554615,42.200,389.57011826147857,3044.566096320069,21.78264385280275,4100,1500,1520,40.0,35.0,20.0,3044.566096320069,16.336982889602062,1500,1520,800,0,0,21.78264385280275,21.78264385280275,10.891321926401375,0.0,4100,4200,390.0,16.336982889602062,34.21999999999997,25.0,25.0,0.7777941618011754,-0.6285190863195858,1.0,0.0,0.0,0.0,0.0,43.45380176159558,38.534252410052716,44.66134136273069,43.88213990519965,61.099999999999866,61.099999999999866,61.099999999999866,61.099999999999866
2025-12-22T17:44:16.604902,42.250,389.5077379608368,3026.0258737746626,21.0410349509865,4100,1500,1520,40.0,35.0,20.0,3026.0258737746626,15.780776213239875,1500,1520,800,0,0,21.0410349509865,21.0410349509865,10.52051747549325,0.0,4100,4200,390.0,15.780776213239875,34.22499999999997,25.0,25.0,0.761839773344076,-0.6477655129373954,1.0,0.0,0.0,0.0,0.0,43.855094944723504,39.492962116448986,42.73937887604338,35.90752095311818,61.12499999999987,61.12499999999987,61.12499999999987,61.12499999999987
2025-12-22T17:44:16.655524,42.300,389.7280888739834,3012.4195585189673,20.496782340758685,4100,1500,1520,40.0,35.0,20.0,3012.4195585189673,15.372586755569014,1500,1520,800,0,0,20.496782340758685,20.496782340758685,10.248391170379342,0.0,4100,4200,390.0,15.372586755569014,34.229999999999976,25.0,25.0,0.7454092598275918,-0.6666071071952967,1.0,0.0,0.0,0.0,0.0,38.454112830773205,40.48852818621758,38.521496557810075,40.825822861149234,61.149999999999864,61.149999999999864,61.149999999999864,61.149999999999864
2025-12-22T17:44:16.707087,42.350,389.732352834272,3003.7811592550897,20.151246370203594,4100,1500,1520,40.0,35.0,20.0,3003.7811592550897,15.113434777652696,1500,1520,800,0,0,20.151246370203594,20.151246370203594,10.075623185101797,0.0,4100,4200,390.0,15.113434777652696,34.23499999999997,25.0,25.0,0.7285128897878341,-0.6850320937101991,1.0,0.0,0.0,0.0,0.0,35.134605975608466,44.5539413693312,42.756131076286465,42.05115493406181,61.17499999999987,61.17499999999987,61.17499999999987,61.17499999999987
2025-12-22T17:44:16.761630,42.400,389.4766182561304,3000.1322674823987,20.005290699295955,4100,1500,1520,40.0,35.0,20.0,3000.1322674823987,15.003968024471966,1500,1520,800,0,0,20.005290699295955,20.005290699295955,10.002645349647977,0.0,4100,4200,390.0,15.003968024471964,34.239999999999974,25.0,25.0,0.7111612229060773,-0.70302895746529,1.0,0.0,0.0,0.0,0.0,43.56464168708066,38.34782351305588,42.75127940686209,36.27370560123187,61.19999999999986,61.19999999999986,61.19999999999986,61.19999999999986
2025-12-22T17:44:16.814898,42.450,389.03773716961314,3001.48200353002,20.0592801412008,4100,1500,1520,40.0,35.0,20.0,3001.48200353002,15.044460105900601,1500,1520,800,0,0,20.0592801412008,20.0592801412008,10.0296400706004,0.0,4100,4200,390.0,15.044460105900601,34.244999999999976,25.0,25.0,0.6933651034093015,-0.7205864510065456,1.0,0.0,0.0,0.0,0.0,43.65321298112718,43.62501524710308,40.10808120122858,36.80930520315508,61.224999999999866,61.224999999999866,61.224999999999866,61.224999999999866
2025-12-22T17:44:16.866432,42.500,388.74027021779665,3007.826993760763,20.313079750430518,4100,1500,1520,40.0,35.0,20.0,3007.826993760763,15.234809812822888,1500,1520,800,0,0,20.313079750430518,20.313079750430518,10.156539875215259,0.0,4100,4200,390.0,15.234809812822888,34.24999999999997,25.0,25.0,0.6751356532929033,-0.7376936014720236,1.0,0.0,0.0,0.0,0.0,36.25949727102907,35.52153731476879,36.199405574302986,37.99251173317535,61.24999999999986,61.24999999999986,61.24999999999986,61.24999999999986
2025-12-22T17:44:16.917453,42.550,388.83544330663926,3019.151379003458,20.766055160138322,4100,1500,1520,40.0,35.0,20.0,3019.151379003458,15.574541370103741,1500,1520,800,0,0,20.766055160138322,20.766055160138322,10.383027580069161,0.0,4100,4200,390.0,15.574541370103741,34.254999999999974,25.0,25.0,0.6564842653698112,-0.754339717449545,1.0,0.0,0.0,0.0,0.0,36.57195937138172,37.66222305000252,41.84292391403304,36.19139767358203,61.274999999999864,61.274999999999864,61.274999999999864,61.274999999999864
2025-12-22T17:44:16.968266,42.600,389.51468064573487,3035.4268541926244,21.417074167704982,4100,1500,1520,40.0,35.0,20.0,3035.4268541926244,16.062805625778736,1500,1520,800,0,0,21.417074167704982,21.417074167704982,10.708537083852491,0.0,4100,4200,390.0,16.062805625778736,34.25999999999997,25.0,25.0,0.6374225961503484,-0.7705143956584782,1.0,0.0,0.0,0.0,0.0,36.67960811601547,42.224098969525315,44.66043748242376,40.371195968129015,61.299999999999855,61.299999999999855,61.299999999999855,61.299999999999855
2025-12-22T17:44:17.019509,42.650,389.4482885981519,3056.6127391163927,22.26450956465571,4100,1500,1520,40.0,35.0,20.0,3056.6127391163927,16.698382173491783,1500,1520,800,0,0,22.26450956465571,22.26450956465571,11.132254782327855,0.0,4100,4200,390.0,16.698382173491783,34.26499999999997,25.0,25.0,0.6179625585572928,-0.7862075274514513,1.0,0.0,0.0,0.0,0.0,40.51182949389268,41.6230843408401,36.15579099630503,35.091712780474026,61.32499999999986,61.32499999999986,61.32499999999986,61.32499999999986
2025-12-22T17:44:17.072081,42.700,389.601633840662,3082.6560800958487,23.306243203833958,4100,1500,1520,40.0,35.0,20.0,3082.6560800958487,17.47968240287547,1500,1520,800,0,0,23.306243203833958,23.306243203833958,11.653121601916979,0.0,4100,4200,390.0,17.47968240287547,34.26999999999997,25.0,25.0,0.5981163144806886,-0.801409305131927,1.0,0.0,0.0,0.0,0.0,36.294192078596524,39.96396484754513,39.3875243866622,38.11886012447044,61.34999999999985,61.34999999999985,61.34999999999985,61.34999999999985
2025-12-22T17:44:17.125643,42.750,389.2812434134745,3113.4917823416545,24.539671293666174,4100,1500,1520,40.0,35.0,20.0,3113.4917823416545,18.40475347024963,1500,1520,800,0,0,24.539671293666174,24.539671293666174,12.269835646833087,0.0,4100,4200,390.0,18.40475347024963,34.27499999999997,25.0,25.0,0.5778962671770606,-0.8161102280836943,1.0,0.0,0.0,0.0,0.0,41.89245612938247,39.42205428656068,36.650954880435116,38.25049512224544,61.37499999999986,61.37499999999986,61.37499999999986,61.37499999999986
2025-12-22T17:44:17.178163,42.800,388.962304347079,3149.042772657118,25.961710906284722,4100,1500,1520,40.0,35.0,20.0,3149.042772657118,19.47128317971354,1500,1520,800,0,0,25.961710906284722,25.961710906284722,12.980855453142361,0.0,4100,4200,390.0,19.47128317971354,34.27999999999997,25.0,25.0,0.5573150535177823,-0.830301108708444,0.9999999999999999,0.0,0.0,0.0,0.0,44.04677209598734,35.64542053919277,42.83744200788766,39.262000324310854,61.39999999999985,61.39999999999985,61.39999999999985,61.39999999999985
2025-12-22T17:44:17.229708,42.850,389.4395324547518,3189.2201920810485,27.568807683241943,4100,1500,1520,40.0,35.0,20.0,3189.2201920810485,20.676605762431457,1500,1520,800,0,0,27.568807683241943,27.568807683241943,13.784403841620971,0.0,4100,4200,390.0,20.676605762431457,34.28499999999997,25.0,25.0,0.5363855360914437,-0.8439730781677188,0.9999999999999999,0.0,0.0,0.0,0.0,38.73753323462402,41.73692125630316,37.85579844038068,43.60518421409961,61.424999999999855,61.424999999999855,61.424999999999855,61.424999999999855
2025-12-22T17:44:17.283793,42.900,388.7315601622374,3233.923617988882,29.3569447195553,4100,1500,1520,40.0,35.0,20.0,3233.923617988882,22.017708539666476,1500,1520,800,0,0,29.3569447195553,29.3569447195553,14.67847235977765,0.0,4100,4200,390.0,22.017708539666476,34.28999999999997,25.0,25.0,0.5151207951651509,-0.8571175919256486,1.0,0.0,0.0,0.0,0.0,39.97397028750173,35.54969425407542,39.081798880979626,35.53594404259468,61.44999999999985,61.44999999999985,61.44999999999985,61.44999999999985
2025-12-22T17:44:17.335981,42.950,388.3924585345453,3283.0413150969434,31.321652603877737,4100,1500,1520,40.0,35.0,20.0,3283.0413150969434,23.491239452908303,1500,1520,800,0,0,31.321652603877737,31.321652603877737,15.660826301938869,0.0,4100,4200,390.0,23.491239452908303,34.29499999999997,25.0,25.0,0.4935341205097856,-0.8697264350890068,1.0,0.0,0.0,0.0,0.0,36.94065843217304,39.72904145824684,43.818254556678596,41.326062458482156,61.47499999999985,61.47499999999985,61.47499999999985,61.47499999999985
2025-12-22T17:44:17.386506,43.000,388.63293894582836,3336.4505147424643,33.45802058969856,4100,1500,1520,40.0,35.0,20.0,3336.4505147424643,25.093515442273922,1500,1520,800,0,0,33.45802058969856,33.45802058969856,16.72901029484928,0.0,4100,4200,390.0,25.093515442273922,34.29999999999997,25.0,25.0,0.4716390030943308,-0.8817917275412521,1.0,0.0,0.0,0.0,0.0,37.754187274795775,37.81915159808287,42.5339499595824,40.03380334710642,61.499999999999844,61.499999999999844,61.499999999999844,61.499999999999844
2025-12-22T17:44:17.437553,43.050,388.4142860305419,3394.017721741304,35.76070886965216,4100,1500,1520,40.0,35.0,20.0,3394.017721741304,26.820531652239122,1500,1520,800,0,0,35.76070886965216,35.76070886965216,17.88035443482608,0.0,4100,4200,390.0,26.820531652239122,34.30499999999997,25.0,25.0,0.44944912665445447,-0.893305928867344,1.0,0.0,0.0,0.0,0.0,44.73669979977882,36.53212739463364,44.140988813829594,44.26282166608414,61.52499999999985,61.52499999999985,61.52499999999985,61.52499999999985
2025-12-22T17:44:17.487865,43.100,388.24121658253904,3455.599048056388,38.223961922255526,4100,1500,1520,40.0,35.0,20.0,3455.599048056388,28.667971441691645,1500,1520,800,0,0,38.223961922255526,38.223961922255526,19.111980961127763,0.0,4100,4200,390.0,28.667971441691645,34.30999999999997,25.0,25.0,0.4269783591406197,-0.904261843066257,1.0,0.0,0.0,0.0,0.0,40.145293158179676,43.54055271729513,40.1899176964463,35.46341499079512,61.54999999999984,61.54999999999984,61.54999999999984,61.54999999999984
2025-12-22T17:44:17.538382,43.150,388.1942942284082,3521.0405724428633,40.84162289771453,4100,1500,1520,40.0,35.0,20.0,3521.0405724428633,30.631217173285897,1500,1520,800,0,0,40.84162289771453,40.84162289771453,20.420811448857265,0.0,4100,4200,390.0,30.631217173285897,34.31499999999997,25.0,25.0,0.40424074405106764,-0.9146526230482473,1.0,0.0,0.0,0.0,0.0,41.96661717106369,37.739875344851974,39.427439026794616,37.418833334484944,61.57499999999985,61.57499999999985,61.57499999999985,61.57499999999985
2025-12-22T17:44:17.589018,43.200,387.87785278959535,3590.1787251710502,43.60714900684201,4100,1500,1520,40.0,35.0,20.0,3590.1787251710502,32.705361755131506,1500,1520,800,0,0,43.60714900684201,43.60714900684201,21.803574503421004,0.0,4100,4200,390.0,32.705361755131506,34.319999999999965,25.0,25.0,0.38125049165508795,-0.9244717749140607,1.0,0.0,0.0,0.0,0.0,43.65263539725605,38.28156782770162,37.87505155044174,41.02966699264705,61.59999999999984,61.59999999999984,61.59999999999984,61.59999999999984
2025-12-22T17:44:17.645713,43.250,388.4791123089896,3662.8406968655827,46.51362787462331,4100,1500,1520,40.0,35.0,20.0,3662.8406968655827,34.885220905967486,1500,1520,800,0,0,46.51362787462331,46.51362787462331,23.256813937311655,0.0,4100,4200,390.0,34.885220905967486,34.32499999999997,25.0,25.0,0.35802197011206305,-0.9337131620134081,1.0,0.0,0.0,0.0,0.0,40.62730648737535,43.32640871652205,44.68563040963136,36.64158039923724,61.624999999999844,61.624999999999844,61.624999999999844,61.624999999999844
2025-12-22T17:44:17.700325,43.300,387.8743269390169,3738.8448704388475,49.5537948175539,4100,1500,1520,40.0,35.0,20.0,3738.8448704388475,37.16534611316543,1500,1520,800,0,0,49.5537948175539,49.5537948175539,24.77689740877695,0.0,4100,4200,390.0,37.16534611316543,34.32999999999997,25.0,25.0,0.3345696964918364,-0.9423710087801728,1.0,0.0,0.0,0.0,0.0,42.79363122253682,42.1293258714678,39.13224962796509,41.616007392339256,61.649999999999835,61.649999999999835,61.649999999999835,61.649999999999835
2025-12-22T17:44:17.756932,43.350,387.8200209009049,3818.0012750391206,52.72005100156481,4100,1500,1520,40.0,35.0,20.0,3818.0012750391206,39.54003825117361,1500,1520,800,0,0,52.72005100156481,52.72005100156481,26.360025500782406,0.0,4100,4200,390.0,39.54003825117361,34.334999999999965,25.0,25.0,0.3109083277020161,-0.9504399043419504,1.0,0.0,0.0,0.0,0.0,36.916502701323836,44.65144952991301,38.57624519455693,36.84756643100962,61.67499999999984,61.67499999999984,61.67499999999984,61.67499999999984
2025-12-22T17:44:17.807565,43.400,387.8266799912693,3900.1120608787587,56.00448243515034,4100,1500,1520,40.0,35.0,20.0,3900.1120608787587,42.00336182636275,1500,1520,800,0,0,56.00448243515034,56.00448243515034,28.00224121757517,0.0,4100,4200,390.0,42.00336182636275,34.33999999999997,25.0,25.0,0.287052651327885,-0.9579148059016688,1.0,0.0,0.0,0.0,0.0,44.996196745822786,44.93483762299675,35.61427182910055,42.060381349265704,61.69999999999983,61.69999999999983,61.69999999999983,61.69999999999983
2025-12-22T17:44:17.859167,43.450,387.3758131432799,3984.9719937556342,59.39887975022537,4100,1500,1520,40.0,35.0,20.0,3984.9719937556342,44.549159812669025,1500,1520,800,0,0,59.39887975022537,59.39887975022537,29.699439875112684,0.0,4100,4200,390.0,44.549159812669025,34.34499999999997,25.0,25.0,0.26301757639064116,-0.9647910418891716,1.0,0.0,0.0,0.0,0.0,44.94932355613899,35.52062747606926,37.459375854474175,40.68187038419595,61.72499999999984,61.72499999999984,61.72499999999984,61.72499999999984
2025-12-22T17:44:17.910666,43.500,387.3820475668174,4072.3689680317534,62.894758721270144,4100,1500,1520,40.0,35.0,20.0,4072.3689680317534,47.17106904095261,1500,1520,800,0,0,62.894758721270144,62.894758721270144,31.447379360635072,0.0,4100,4200,390.0,47.17106904095261,34.349999999999966,25.0,25.0,0.23881812402974487,-0.9710643148807979,1.0,0.0,0.0,0.0,0.0,41.046942376764044,44.55529117225835,35.427371403638276,36.85821727389053,61.74999999999983,61.74999999999983,61.74999999999983,61.74999999999983
2025-12-22T17:44:17.961962,43.550,387.1605021593938,4162.084536786891,66.48338147147564,4100,1500,1520,40.0,35.0,20.0,4162.084536786891,49.86253610360673,1500,1520,800,0,0,66.48338147147564,66.48338147147564,33.24169073573782,0.0,4100,4200,390.0,49.86253610360673,34.35499999999997,25.0,25.0,0.21446941811519554,-0.9767307042851318,1.0,0.0,0.0,0.0,0.0,42.15959885961012,39.085739176577384,39.448326245097235,38.78392281938347,61.774999999999835,61.774999999999835,61.774999999999835,61.774999999999835
2025-12-22T17:44:18.012522,43.600,387.4738187541972,4253.894457822123,70.1557783128849,4100,1500,1520,40.0,35.0,20.0,4253.894457822123,52.61683373466368,1500,1520,800,0,0,70.1557783128849,70.1557783128849,35.07788915644245,0.0,4100,4200,390.0,52.61683373466368,34.359999999999964,25.0,25.0,0.18998667579560516,-0.9817866687932443,1.0,0.0,0.0,0.0,0.0,42.968244942448464,36.04454022104236,41.02998740156609,36.39310695399948,61.79999999999983,61.79999999999983,61.79999999999983,61.79999999999983
2025-12-22T17:44:18.063101,43.650,386.97596858535945,4347.569254148544,73.90277016594177,4100,1500,1520,40.0,35.0,20.0,4347.569254148544,55.42707762445633,1500,1520,800,0,0,73.90277016594177,73.90277016594177,36.95138508297089,0.0,4100,4200,390.0,55.42707762445633,34.36499999999997,25.0,25.0,0.1653851979879758,-0.9862290485918969,1.0,0.0,0.0,0.0,0.0,40.699766236431245,40.4868234617121,37.77195018208929,40.4818206423318,61.82499999999983,61.82499999999983,61.82499999999983,61.82499999999983
2025-12-22T17:44:18.113664,43.700,386.7878790246204,4442.874787560231,77.71499150240922,4100,1500,1520,40.0,35.0,20.0,4442.874787560231,58.286243626806915,1500,1520,800,0,0,77.71499150240922,77.71499150240922,38.85749575120461,0.0,4100,4200,390.0,58.286243626806915,34.36999999999996,25.0,25.0,0.14068035981512453,-0.9900550673383208,0.9999999999999999,0.0,0.0,0.0,0.0,40.28168301443309,42.60103007731573,43.085332355075224,37.905666027926976,61.849999999999824,61.849999999999824,61.849999999999824,61.849999999999824
2025-12-22T17:44:18.164113,43.750,386.7317492906515,4539.572843857814,81.58291375431257,4100,1500,1520,40.0,35.0,20.0,4539.572843857814,61.187185315734425,1500,1520,800,0,0,81.58291375431257,81.58291375431257,40.791456877156286,0.0,4100,4200,390.0,61.187185315734425,34.374999999999964,25.0,25.0,0.11588760099673223,-0.9932623338953421,0.9999999999999999,0.0,0.0,0.0,0.0,37.39721169951487,44.211418870731116,40.836694466231755,42.118503984407624,61.87499999999983,61.87499999999983,61.87499999999983,61.87499999999983
2025-12-22T17:44:18.215652,43.800,386.5211938194438,4637.421728259926,85.49686913039702,4100,1500,1520,40.0,35.0,20.0,4637.421728259926,64.12265184779775,1500,1520,800,0,0,85.49686913039702,85.49686913039702,42.74843456519851,0.0,4100,4200,390.0,64.12265184779775,34.37999999999997,25.0,25.0,0.09102241620002123,-0.9958488438257636,0.9999999999999999,0.0,0.0,0.0,0.0,39.25180378046846,36.06659069587059,35.935897951853434,40.23678713262925,61.89999999999982,61.89999999999982,61.89999999999982,61.89999999999982
2025-12-22T17:44:18.266904,43.850,386.54978679085224,4736.176869514274,89.44707478057093,4100,1500,1520,40.0,35.0,20.0,4736.176869514274,67.0853060854282,1500,1520,800,0,0,89.44707478057093,89.44707478057093,44.723537390285465,0.0,4100,4200,390.0,67.0853060854282,34.38499999999996,25.0,25.0,0.06610034535609279,-0.9978129806450732,0.9999999999999999,0.0,0.0,0.0,0.0,38.13233937475644,36.138061933205705,40.858203922553315,44.80421102586316,61.92499999999983,61.92499999999983,61.92499999999983,61.92499999999983
2025-12-22T17:44:18.318978,43.900,386.313273304279,4835.591431198405,93.4236572479362,4100,1500,1520,40.0,35.0,20.0,4835.591431198405,70.06774293595215,1500,1520,800,0,0,93.4236572479362,93.4236572479362,46.7118286239681,0.0,4100,4200,390.0,70.06774293595215,34.389999999999965,25.0,25.0,0.0411369639479759,-0.9991535168316944,1.0,0.0,0.0,0.0,0.0,36.096568714859785,42.55128586279152,44.92700301218025,37.66210227090566,61.94999999999982,61.94999999999982,61.94999999999982,61.94999999999982
2025-12-22T17:44:18.370515,43.950,386.0314649697747,4935.416928682213,97.41667714728852,4100,1500,1520,40.0,35.0,20.0,4935.416928682213,73.0625078604664,1500,1520,800,0,0,97.41667714728852,97.41667714728852,48.70833857364426,0.0,4100,4200,390.0,73.0625078604664,34.39499999999997,25.0,25.0,0.01614787327645751,-0.9998696145941467,0.9999999999999999,0.0,0.0,0.0,0.0,39.52610666129905,37.97349233813012,43.253277982092165,38.94115014309452,61.974999999999824,61.974999999999824,61.974999999999824,61.974999999999824
2025-12-22T17:44:18.421151,44.000,386.64084097163266,5035.403850210102,101.4161540084041,4100,1500,1520,40.0,35.0,20.0,5035.403850210102,76.06211550630309,1500,1520,800,0,0,101.4161540084041,101.4161540084041,50.70807700420205,0.0,4100,4200,390.0,76.06211550630309,34.39999999999996,25.0,25.0,-0.008851309290222695,-0.9999608263946387,0.9999999999999999,0.0,0.0,0.0,0.0,44.871487382269294,43.90858748898937,43.71024724027662,39.96789105852051,61.999999999999815,61.999999999999815,61.999999999999815,61.999999999999815
2025-12-22T17:44:18.471808,44.050,386.33038185376535,5135.302280550435,105.41209122201741,4100,1500,1520,40.0,35.0,20.0,5135.302280550435,79.05906841651306,1500,1520,800,0,0,105.41209122201741,105.41209122201741,52.706045611008705,0.0,4100,4200,390.0,79.05906841651306,34.404999999999966,25.0,25.0,-0.03384496007671907,-0.9994270952287642,1.0,0.0,0.0,0.0,0.0,44.81144759903506,35.15228427997686,35.96158604236423,43.197882958894596,62.02499999999982,62.02499999999982,62.02499999999982,62.02499999999982
2025-12-22T17:44:18.522029,44.100,385.97594148257787,5234.862525653458,109.3945010261383,4100,1500,1520,40.0,35.0,20.0,5234.862525653458,82.04587576960373,1500,1520,800,0,0,109.3945010261383,109.3945010261383,54.69725051306915,0.0,4100,4200,390.0,82.04587576960373,34.40999999999996,25.0,25.0,-0.0588174588648685,-0.9982687546611281,1.0,0.0,0.0,0.0,0.0,37.46646108888224,40.36085014664188,41.44129280871365,39.40998461527804,62.04999999999981,62.04999999999981,62.04999999999981,62.04999999999981
2025-12-22T17:44:18.572465,44.150,385.40324058629415,5333.835736756385,113.3534294702554,4100,1500,1520,40.0,35.0,20.0,5333.835736756385,85.01507210269156,1500,1520,800,0,0,113.3534294702554,113.3534294702554,56.6767147351277,0.0,4100,4200,390.0,85.01507210269156,34.414999999999964,25.0,25.0,-0.08375319865581833,-0.9964865286168795,1.0,0.0,0.0,0.0,0.0,36.62584782757189,40.41329866593347,39.75637219836535,39.06139372299747,62.07499999999982,62.07499999999982,62.07499999999982,62.07499999999982
2025-12-22T17:44:18.624012,44.200,385.27382922894014,5431.974532375712,117.27898129502852,4100,1500,1520,40.0,35.0,20.0,5431.974532375712,87.95923597127138,1500,1520,800,0,0,117.27898129502852,117.27898129502852,58.63949064751426,0.0,4100,4200,390.0,87.95923597127138,34.41999999999996,25.0,25.0,-0.10863659542389258,-0.9940815309292822,0.9999999999999999,0.0,0.0,0.0,0.0,36.46166238692855,40.684251069167374,44.48522925087424,43.42478331045173,62.09999999999981,62.09999999999981,62.09999999999981,62.09999999999981
2025-12-22T17:44:18.679561,44.250,385.8715383546261,5529.0336166320885,121.16134466528355,4100,1500,1520,40.0,35.0,20.0,5529.0336166320885,90.87100849896267,1500,1520,800,0,0,121.16134466528355,121.16134466528355,60.580672332641775,0.0,4100,4200,390.0,90.87100849896267,34.42499999999996,25.0,25.0,-0.13345209785610074,-0.9910552646436049,1.0,0.0,0.0,0.0,0.0,36.869025144351134,37.675394933625384,44.62187786098462,38.366052801620945,62.124999999999815,62.124999999999815,62.124999999999815,62.124999999999815
2025-12-22T17:44:18.730101,44.300,385.3467410253096,5624.770392362266,124.99081569449064,4100,1500,1520,40.0,35.0,20.0,5624.770392362266,93.74311177086798,1500,1520,800,0,0,124.99081569449064,124.99081569449064,62.49540784724532,0.0,4100,4200,390.0,93.74311177086798,34.429999999999964,25.0,25.0,-0.15818419707120215,-0.9874096210777669,1.0,0.0,0.0,0.0,0.0,44.27837377918863,41.261878418587315,35.19166860527279,44.7338400631511,62.14999999999981,62.14999999999981,62.14999999999981,62.14999999999981
2025-12-22T17:44:18.780629,44.350,385.56646505727855,5718.945567485668,128.75782269942673,4100,1500,1520,40.0,35.0,20.0,5718.945567485668,96.56836702457005,1500,1520,800,0,0,128.75782269942673,128.75782269942673,64.37891134971336,0.0,4100,4200,390.0,96.56836702457005,34.43499999999996,25.0,25.0,-0.18281743631225197,-0.9831468786403259,1.0,0.0,0.0,0.0,0.0,37.00688288842952,43.5590761554468,44.672726437848496,39.98344970146172,62.17499999999981,62.17499999999981,62.17499999999981,62.17499999999981
2025-12-22T17:44:18.833304,44.400,385.44095922111495,5811.32375310997,132.4529501243988,4100,1500,1520,40.0,35.0,20.0,5811.32375310997,99.3397125932991,1500,1520,800,0,0,132.4529501243988,132.4529501243988,66.2264750621994,0.0,4100,4200,390.0,99.3397125932991,34.43999999999996,25.0,25.0,-0.2073364206065711,-0.9782697014065472,1.0,0.0,0.0,0.0,0.0,43.44290086668559,42.386911949684816,43.03544632239111,40.48783557421656,62.199999999999804,62.199999999999804,62.199999999999804,62.199999999999804
2025-12-22T17:44:18.885843,44.450,385.01829156009904,5901.67405188074,136.0669620752296,4100,1500,1520,40.0,35.0,20.0,5901.67405188074,102.0502215564222,1500,1520,800,0,0,136.0669620752296,136.0669620752296,68.0334810376148,0.0,4100,4200,390.0,102.0502215564222,34.444999999999965,25.0,25.0,-0.23172582638710293,-0.972781137453443,1.0,0.0,0.0,0.0,0.0,38.311201435604225,36.60479564917992,35.64414331966138,40.2499777219292,62.22499999999981,62.22499999999981,62.22499999999981,62.22499999999981
2025-12-22T17:44:18.936846,44.500,384.8647673883462,5989.770635104577,139.59082540418308,4100,1500,1520,40.0,35.0,20.0,5989.770635104577,104.69311905313731,1500,1520,800,0,0,139.59082540418308,139.59082540418308,69.79541270209154,0.0,4100,4200,390.0,104.6931190531373,34.44999999999996,25.0,25.0,-0.25597041106914414,-0.9666846169548232,0.9999999999999999,0.0,0.0,0.0,0.0,35.83670824234077,37.794194564796996,41.71607677275784,39.279822322057456,62.2499999999998,62.2499999999998,62.2499999999998,62.2499999999998
2025-12-22T17:44:18.987340,44.550,384.6289249318123,6075.393307203235,143.0157322881294,4100,1500,1520,40.0,35.0,20.0,6075.393307203235,107.26179921609706,1500,1520,800,0,0,143.0157322881294,143.0157322881294,71.5078661440647,0.0,4100,4200,390.0,107.26179921609705,34.45499999999996,25.0,25.0,-0.2800550225764637,-0.9599839500375495,1.0,0.0,0.0,0.0,0.0,38.4521367993911,39.54214191994194,42.33619410912109,37.79417527177252,62.27499999999981,62.27499999999981,62.27499999999981,62.27499999999981
2025-12-22T17:44:19.037898,44.600,384.3071334297881,6158.328056087893,146.33312224351573,4100,1500,1520,40.0,35.0,20.0,6158.328056087893,109.7498416826368,1500,1520,800,0,0,146.33312224351573,146.33312224351573,73.16656112175787,0.0,4100,4200,390.0,109.7498416826368,34.45999999999996,25.0,25.0,-0.3039646088108575,-0.9526833244003289,0.9999999999999999,0.0,0.0,0.0,0.0,43.451395682955344,43.95933432723918,35.764965792544245,41.33162800915429,62.2999999999998,62.2999999999998,62.2999999999998,62.2999999999998
2025-12-22T17:44:19.101052,44.650,384.64203103894573,6238.367588077922,149.53470352311686,4100,1500,1520,40.0,35.0,20.0,6238.367588077922,112.15102764233765,1500,1520,800,0,0,149.53470352311686,149.53470352311686,74.76735176155843,0.0,4100,4200,390.0,112.15102764233765,34.46499999999996,25.0,25.0,-0.3276842270592197,-0.9447873026965391,1.0,0.0,0.0,0.0,0.0,40.18840788842556,39.01168504101074,40.324138553523994,42.77025067165597,62.324999999999804,62.324999999999804,62.324999999999804,62.324999999999804
2025-12-22T17:44:19.152074,44.700,383.8426683150696,6315.311846027129,152.61247384108515,4100,1500,1520,40.0,35.0,20.0,6315.311846027129,114.45935538081386,1500,1520,800,0,0,152.61247384108515,152.61247384108515,76.30623692054257,0.0,4100,4200,390.0,114.45935538081385,34.469999999999956,25.0,25.0,-0.35119905333225193,-0.9363008196827183,1.0,0.0,0.0,0.0,0.0,38.720035850415485,40.04573481212479,42.9923301764028,42.828582862857665,62.349999999999795,62.349999999999795,62.349999999999795,62.349999999999795
2025-12-22T17:44:19.202658,44.750,384.2586108071402,6388.968509362436,155.5587403744974,4100,1500,1520,40.0,35.0,20.0,6388.968509362436,116.66905528087305,1500,1520,800,0,0,155.5587403744974,155.5587403744974,77.7793701872487,0.0,4100,4200,390.0,116.66905528087304,34.47499999999996,25.0,25.0,-0.3744943916289742,-0.9272291791345031,0.9999999999999999,0.0,0.0,0.0,0.0,38.347546026275886,39.375587947456395,41.07674801223352,42.913631942196275,62.3749999999998,62.3749999999998,62.3749999999998,62.3749999999998
2025-12-22T17:44:19.253203,44.800,383.79419683262853,6459.153474785153,158.36613899140613,4100,1500,1520,40.0,35.0,20.0,6459.153474785153,118.77460424355459,1500,1520,800,0,0,158.36613899140613,158.36613899140613,79.18306949570307,0.0,4100,4200,390.0,118.77460424355459,34.47999999999996,25.0,25.0,-0.39755568312124706,-0.9175780505319417,1.0,0.0,0.0,0.0,0.0,37.58637270285691,41.03253038089256,44.02308977743033,41.36857893552756,62.39999999999979,62.39999999999979,62.39999999999979,62.39999999999979
2025-12-22T17:44:19.303742,44.850,384.3922132938441,6525.691316433347,161.0276526573339,4100,1500,1520,40.0,35.0,20.0,6525.691316433347,120.77073949300043,1500,1520,800,0,0,161.0276526573339,161.0276526573339,80.51382632866695,0.0,4100,4200,390.0,120.77073949300043,34.48499999999996,25.0,25.0,-0.4203685152525653,-0.9073534655162528,1.0,0.0,0.0,0.0,0.0,41.05277772968067,39.26089677701486,36.62061347839256,41.21046220303762,62.4249999999998,62.4249999999998,62.4249999999998,62.4249999999998
2025-12-22T17:44:19.354308,44.900,383.81031714614113,6588.415724355137,163.53662897420548,4100,1500,1520,40.0,35.0,20.0,6588.415724355137,122.65247173065411,1500,1520,800,0,0,163.53662897420548,163.53662897420548,81.76831448710274,0.0,4100,4200,390.0,122.65247173065411,34.48999999999996,25.0,25.0,-0.4429186307454366,-0.8965618141202466,1.0,0.0,0.0,0.0,0.0,37.44675235617411,39.41045734250426,40.401868407559014,43.24436706617197,62.44999999999979,62.44999999999979,62.44999999999979,62.44999999999979
2025-12-22T17:44:19.405858,44.950,383.3532363078607,6647.169920196957,165.88679680787828,4100,1500,1520,40.0,35.0,20.0,6647.169920196957,124.41509760590871,1500,1520,800,0,0,165.88679680787828,165.88679680787828,82.94339840393914,0.0,4100,4200,390.0,124.4150976059087,34.49499999999996,25.0,25.0,-0.4651919365117158,-0.8852098407747622,1.0,0.0,0.0,0.0,0.0,35.892646595696334,41.856766552700954,36.70914307762007,35.559550886264134,62.474999999999795,62.474999999999795,62.474999999999795,62.474999999999795
2025-12-22T17:44:19.457485,45.000,383.86146771484164,6701.8070490677965,168.07228196271186,4100,1500,1520,40.0,35.0,20.0,6701.8070490677965,126.0542114720339,1500,1520,800,0,0,168.07228196271186,168.07228196271186,84.03614098135593,0.0,4100,4200,390.0,126.0542114720339,34.49999999999996,25.0,25.0,-0.48717451246032645,-0.8733046400936177,1.0,0.0,0.0,0.0,0.0,44.35101891918694,41.85787898131979,42.465156224811665,35.53040704376889,62.49999999999979,62.49999999999979,62.49999999999979,62.49999999999979
2025-12-22T17:44:19.508387,45.050,383.5508227214284,6752.190546599945,170.0876218639978,4100,1500,1520,40.0,35.0,20.0,6752.190546599945,127.56571639799836,1500,1520,800,0,0,170.0876218639978,170.0876218639978,85.0438109319989,0.0,4100,4200,390.0,127.56571639799836,34.50499999999996,25.0,25.0,-0.5088526201968644,-0.860853652439708,1.0,0.0,0.0,0.0,0.0,35.94233588695271,36.694665344052765,44.42685879403729,38.38807901042629,62.52499999999979,62.52499999999979,62.52499999999979,62.52499999999979
2025-12-22T17:44:19.558883,45.100,383.29812853050714,6798.194480288791,171.92777921155164,4100,1500,1520,40.0,35.0,20.0,6798.194480288791,128.94583440866373,1500,1520,800,0,0,171.92777921155164,171.92777921155164,85.96388960577582,0.0,4100,4200,390.0,128.94583440866373,34.509999999999955,25.0,25.0,-0.5302127116096471,-0.8478646592750196,0.9999999999999999,0.0,0.0,0.0,0.0,44.37757817931839,44.50384903471724,39.45225499522431,38.37844738512221,62.549999999999784,62.549999999999784,62.549999999999784,62.549999999999784
2025-12-22T17:44:19.609451,45.150,383.7580342458273,6839.703864258498,173.5881545703399,4100,1500,1520,40.0,35.0,20.0,6839.703864258498,130.19111592775494,1500,1520,800,0,0,173.5881545703399,173.5881545703399,86.79407728516995,0.0,4100,4200,390.0,130.19111592775494,34.51499999999996,25.0,25.0,-0.5512414373368426,-0.8343457782974705,1.0,0.0,0.0,0.0,0.0,36.08302775780562,36.790300135786445,40.76433725335307,41.423774996073504,62.57499999999979,62.57499999999979,62.57499999999979,62.57499999999979
2025-12-22T17:44:19.660135,45.200,383.2894928858194,6876.6149466668085,175.06459786667236,4100,1500,1520,40.0,35.0,20.0,6876.6149466668085,131.29844840000428,1500,1520,800,0,0,175.06459786667236,175.06459786667236,87.53229893333618,0.0,4100,4200,390.0,131.29844840000428,34.51999999999995,25.0,25.0,-0.5719256551093861,-0.8203054583676129,1.0,0.0,0.0,0.0,0.0,37.20282252196979,44.38221983664597,42.42261828406383,41.11529424369761,62.59999999999978,62.59999999999978,62.59999999999978,62.59999999999978
2025-12-22T17:44:19.710664,45.250,382.91200501827535,6908.835469030626,176.35341876122504,4100,1500,1520,40.0,35.0,20.0,6908.835469030626,132.26506407091878,1500,1520,800,0,0,176.35341876122504,176.35341876122504,88.17670938061252,0.0,4100,4200,390.0,132.26506407091878,34.524999999999956,25.0,25.0,-0.5922524379644699,-0.805752474228371,1.0,0.0,0.0,0.0,0.0,42.335136675400456,35.57450409350493,44.51860863296953,37.29202162578267,62.62499999999979,62.62499999999979,62.62499999999979,62.62499999999979
2025-12-22T17:44:19.765199,45.300,383.80124981976047,6936.2848968241615,177.4513958729665,4100,1500,1520,40.0,35.0,20.0,6936.2848968241615,133.08854690472486,1500,1520,800,0,0,177.4513958729665,177.4513958729665,88.72569793648324,0.0,4100,4200,390.0,133.08854690472486,34.52999999999996,25.0,25.0,-0.612209082324475,-0.7906959210211117,1.0,0.0,0.0,0.0,0.0,37.839702221641346,39.72214117720151,41.231940430472775,37.9915002825276,62.64999999999978,62.64999999999978,62.64999999999978,62.64999999999978
2025-12-22T17:44:19.816202,45.350,382.9657886374103,6958.894620773318,178.35578483093275,4100,1500,1520,40.0,35.0,20.0,6958.894620773318,133.76683862319956,1500,1520,800,0,0,178.35578483093275,178.35578483093275,89.17789241546637,0.0,4100,4200,390.0,133.76683862319956,34.534999999999954,25.0,25.0,-0.6317831159362933,-0.7751452086014775,1.0,0.0,0.0,0.0,0.0,35.12874012122769,38.6130102490914,40.063850991385344,40.29282321921114,62.674999999999784,62.674999999999784,62.674999999999784,62.674999999999784
2025-12-22T17:44:19.868242,45.400,383.1753031559678,6976.6081283431395,179.0643251337256,4100,1500,1520,40.0,35.0,20.0,6976.6081283431395,134.2982438502942,1500,1520,800,0,0,179.0643251337256,179.0643251337256,89.5321625668628,0.0,4100,4200,390.0,134.2982438502942,34.53999999999996,25.0,25.0,-0.6509623056660797,-0.7591100556585333,1.0,0.0,0.0,0.0,0.0,41.70080857051512,38.538372772974384,40.40715761987602,41.1065668482056,62.699999999999775,62.699999999999775,62.699999999999775,62.699999999999775
2025-12-22T17:44:19.920315,45.450,382.7974420790356,6989.381144989717,179.57524579958869,4100,1500,1520,40.0,35.0,20.0,6989.381144989717,134.68143434969153,1500,1520,800,0,0,179.57524579958869,179.57524579958869,89.78762289979434,0.0,4100,4200,390.0,134.68143434969153,34.54499999999996,25.0,25.0,-0.6697346651445625,-0.7426004836409014,0.9999999999999999,0.0,0.0,0.0,0.0,42.957784478094624,41.89839350711159,44.236259849427235,41.784590128743694,62.72499999999978,62.72499999999978,62.72499999999978,62.72499999999978
2025-12-22T17:44:19.971324,45.500,383.20284160063557,6997.181744823493,179.88726979293972,4100,1500,1520,40.0,35.0,20.0,6997.181744823493,134.9154523447048,1500,1520,800,0,0,179.88726979293972,179.88726979293972,89.94363489646986,0.0,4100,4200,390.0,134.9154523447048,34.549999999999955,25.0,25.0,-0.6880884622581345,-0.7256268104936833,0.9999999999999999,0.0,0.0,0.0,0.0,38.53290619397364,37.54139920139073,40.66309701449629,38.209080577182256,62.74999999999977,62.74999999999977,62.74999999999977,62.74999999999977
2025-12-22T17:44:20.021852,45.550,382.7509435318879,6999.990430407357,179.9996172162943,4100,1500,1520,40.0,35.0,20.0,6999.990430407357,134.99971291222073,1500,1520,800,0,0,179.9996172162943,179.9996172162943,89.99980860814715,0.0,4100,4200,390.0,134.99971291222073,34.55499999999996,25.0,25.0,-0.7060122264810416,-0.708199644210079,1.0,0.0,0.0,0.0,0.0,43.644024923264084,35.28547152712288,41.185140598880594,42.993297896618216,62.77499999999978,62.77499999999978,62.77499999999978,62.77499999999978
2025-12-22T17:44:20.072374,45.600,382.995063627277,6997.8001814900845,179.9120072596034,4100,1500,1520,40.0,35.0,20.0,6997.8001814900845,134.93400544470256,1500,1520,800,0,0,179.9120072596034,179.9120072596034,89.9560036298017,0.0,4100,4200,390.0,134.93400544470256,34.55999999999995,25.0,25.0,-0.723494756044088,-0.690329876201737,0.9999999999999999,0.0,0.0,0.0,0.0,42.95120410448287,38.27793869142033,44.99660147716637,42.87939806627839,62.79999999999977,62.79999999999977,62.79999999999977,62.79999999999977
2025-12-22T17:44:20.122924,45.650,383.45989096076283,6990.616472553309,179.62465890213235,4100,1500,1520,40.0,35.0,20.0,6990.616472553309,134.71849417659928,1500,1520,800,0,0,179.62465890213235,179.62465890213235,89.81232945106618,0.0,4100,4200,390.0,134.71849417659928,34.564999999999955,25.0,25.0,-0.7405251249353779,-0.6720286744919765,0.9999999999999999,0.0,0.0,0.0,0.0,40.36879405558644,43.71140572227568,37.32846892102089,41.21257942339203,62.824999999999775,62.824999999999775,62.824999999999775,62.824999999999775
2025-12-22T17:44:20.175188,45.700,382.8354732994847,6978.457259128169,179.13829036512678,4100,1500,1520,40.0,35.0,20.0,6978.457259128169,134.3537177738451,1500,1520,800,0,0,179.13829036512678,179.13829036512678,89.56914518256339,0.0,4100,4200,390.0,134.3537177738451,34.56999999999995,25.0,25.0,-0.7570926897287167,-0.6533074767361362,1.0,0.0,0.0,0.0,0.0,36.8937846456081,43.67648834929743,43.231800793760726,43.81807504922792,62.84999999999977,62.84999999999977,62.84999999999977,62.84999999999977
2025-12-22T17:44:20.225722,45.750,382.911713665917,6961.352932915832,178.4541173166333,4100,1500,1520,40.0,35.0,20.0,6961.352932915832,133.84058798747498,1500,1520,800,0,0,178.4541173166333,178.4541173166333,89.22705865831665,0.0,4100,4200,390.0,133.84058798747498,34.57499999999995,25.0,25.0,-0.7731870962354059,-0.6341779830734122,1.0,0.0,0.0,0.0,0.0,40.417385178498876,43.18882800531223,37.067246034287585,41.84457850201049,62.87499999999977,62.87499999999977,62.87499999999977,62.87499999999977
2025-12-22T17:44:20.278256,45.800,382.9738506278403,6939.346245824067,177.5738498329627,4100,1500,1520,40.0,35.0,20.0,6939.346245824067,133.18038737472205,1500,1520,800,0,0,177.5738498329627,177.5738498329627,88.78692491648135,0.0,4100,4200,390.0,133.18038737472205,34.579999999999956,25.0,25.0,-0.7887982859752745,-0.6146521488146519,0.9999999999999999,0.0,0.0,0.0,0.0,41.11805247439867,35.06559422998949,44.287661381394436,43.90064453577509,62.899999999999764,62.899999999999764,62.899999999999764,62.899999999999764
2025-12-22T17:44:20.331349,45.850,383.3128091601292,6912.492203109743,176.49968812438973,4100,1500,1520,40.0,35.0,20.0,6912.492203109743,132.3747660932923,1500,1520,800,0,0,176.49968812438973,176.49968812438973,88.24984406219487,0.0,4100,4200,390.0,132.3747660932923,34.58499999999995,25.0,25.0,-0.8039165024629013,-0.5947421769706737,1.0,0.0,0.0,0.0,0.0,42.40023679160771,42.95715793992991,35.98893167719569,44.65858538415047,62.92499999999977,62.92499999999977,62.92499999999977,62.92499999999977
2025-12-22T17:44:20.382960,45.900,383.1267424607106,6880.857925894331,175.23431703577324,4100,1500,1520,40.0,35.0,20.0,6880.857925894331,131.42573777682992,1500,1520,800,0,0,175.23431703577324,175.23431703577324,87.61715851788662,0.0,4100,4200,390.0,131.42573777682992,34.589999999999954,25.0,25.0,-0.8185322973051005,-0.5744605106257823,1.0,0.0,0.0,0.0,0.0,37.68108661663023,35.41741223712181,43.322429816817404,42.14331224417514,62.94999999999976,62.94999999999976,62.94999999999976,62.94999999999976
2025-12-22T17:44:20.433463,45.950,383.8995362289227,6844.522483396056,173.7808993358422,4100,1500,1520,40.0,35.0,20.0,6844.522483396056,130.33567450188167,1500,1520,800,0,0,173.7808993358422,173.7808993358422,86.8904496679211,0.0,4100,4200,390.0,130.33567450188167,34.594999999999956,25.0,25.0,-0.8326365361058605,-0.5538198251612467,0.9999999999999999,0.0,0.0,0.0,0.0,41.03866917352368,38.51096400248185,38.683744188374995,36.6557998171397,62.97499999999977,62.97499999999977,62.97499999999977,62.97499999999977
2025-12-22T17:44:20.484724,46.000,383.62747476422936,6803.57669529803,172.14306781192118,4100,1500,1520,40.0,35.0,20.0,6803.57669529803,129.1073008589409,1500,1520,800,0,0,172.14306781192118,172.14306781192118,86.07153390596059,0.0,4100,4200,390.0,129.1073008589409,34.59999999999995,25.0,25.0,-0.8462204041750438,-0.532833020333599,1.0,0.0,0.0,0.0,0.0,36.363676597528254,37.72667568125519,43.42429093308816,38.853396700088865,62.99999999999976,62.99999999999976,62.99999999999976,62.99999999999976
2025-12-22T17:44:20.535266,46.050,383.11566996542547,6758.122904746345,170.3249161898538,4100,1500,1520,40.0,35.0,20.0,6758.122904746345,127.74368714239036,1500,1520,800,0,0,170.3249161898538,170.3249161898538,85.1624580949269,0.0,4100,4200,390.0,127.74368714239036,34.604999999999954,25.0,25.0,-0.859275412037281,-0.5115132122127063,1.0,0.0,0.0,0.0,0.0,41.34213642585332,43.21737496027095,36.009611222170555,42.17688776277521,63.024999999999764,63.024999999999764,63.024999999999764,63.024999999999764
2025-12-22T17:44:20.586039,46.100,383.65091019990666,6708.274722545504,168.33098890182015,4100,1500,1520,40.0,35.0,20.0,6708.274722545504,126.24824167636511,1500,1520,800,0,0,168.33098890182015,168.33098890182015,84.16549445091007,0.0,4100,4200,390.0,126.24824167636511,34.60999999999995,25.0,25.0,-0.8717934007376169,-0.4898737249846545,1.0,0.0,0.0,0.0,0.0,42.01975602981393,38.38289235871661,35.5991904082804,36.48424227852174,63.049999999999756,63.049999999999756,63.049999999999756,63.049999999999756
2025-12-22T17:44:20.641960,46.150,383.3069596225292,6654.156743190577,166.16626972762307,4100,1500,1520,40.0,35.0,20.0,6654.156743190577,124.6247022957173,1500,1520,800,0,0,166.16626972762307,166.16626972762307,83.08313486381154,0.0,4100,4200,390.0,124.6247022957173,34.61499999999995,25.0,25.0,-0.8837665469405922,-0.46792808262456537,1.0,0.0,0.0,0.0,0.0,44.94056577557616,36.99414752673,40.18163556001738,42.02661275011635,63.07499999999976,63.07499999999976,63.07499999999976,63.07499999999976
2025-12-22T17:44:20.695511,46.200,383.8384644924685,6595.904233445853,163.83616933783412,4100,1500,1520,40.0,35.0,20.0,6595.904233445853,122.87712700337559,1500,1520,800,0,0,163.83616933783412,163.83616933783412,81.91808466891706,0.0,4100,4200,390.0,122.87712700337559,34.61999999999995,25.0,25.0,-0.8951873678195725,-0.4456900004445526,0.9999999999999999,0.0,0.0,0.0,0.0,43.455329722550715,37.12696719021251,36.2979968336865,38.788099430766515,63.09999999999975,63.09999999999975,63.09999999999975,63.09999999999975
2025-12-22T17:44:20.747052,46.250,383.51646376428397,6533.662794248372,161.3465117699349,4100,1500,1520,40.0,35.0,20.0,6533.662794248372,121.00988382745118,1500,1520,800,0,0,161.3465117699349,161.3465117699349,80.67325588496745,0.0,4100,4200,390.0,121.00988382745118,34.62499999999995,25.0,25.0,-0.9060487257332726,-0.4231733765220978,1.0,0.0,0.0,0.0,0.0,42.789000889858684,37.56970119588095,42.03819678489641,37.348002460032056,63.12499999999976,63.12499999999976,63.12499999999976,63.12499999999976
2025-12-22T17:44:20.798664,46.300,383.96940334484333,6467.587996781414,158.70351987125656,4100,1500,1520,40.0,35.0,20.0,6467.587996781414,119.02763990344242,1500,1520,800,0,0,158.70351987125656,158.70351987125656,79.35175993562828,0.0,4100,4200,390.0,119.02763990344242,34.62999999999995,25.0,25.0,-0.9163438326865484,-0.40039228301420476,1.0,0.0,0.0,0.0,0.0,35.37891311508781,41.52076765119997,35.69896845581885,39.0250602519,63.14999999999975,63.14999999999975,63.14999999999975,63.14999999999975
2025-12-22T17:44:20.850196,46.350,384.52736287892935,6397.844993627557,155.91379974510227,4100,1500,1520,40.0,35.0,20.0,6397.844993627557,116.9353498088267,1500,1520,800,0,0,155.91379974510227,155.91379974510227,77.95689987255113,0.0,4100,4200,390.0,116.93534980882671,34.63499999999995,25.0,25.0,-0.9260662545726746,-0.37736095736275926,0.9999999999999999,0.0,0.0,0.0,0.0,37.69485757734993,36.54152757224796,35.08630968119355,35.380877927204104,63.174999999999756,63.174999999999756,63.174999999999756,63.174999999999756
2025-12-22T17:44:20.900751,46.400,384.5003435951695,6324.608105973231,152.98432423892925,4100,1500,1520,40.0,35.0,20.0,6324.608105973231,114.73824317919693,1500,1520,800,0,0,152.98432423892925,152.98432423892925,76.49216211946462,0.0,4100,4200,390.0,114.73824317919693,34.63999999999995,25.0,25.0,-0.9352099151944508,-0.3540937933965915,1.0,0.0,0.0,0.0,0.0,37.79436753006505,37.85625370774463,35.97312670191347,43.394728631260385,63.19999999999975,63.19999999999975,63.19999999999975,63.19999999999975
2025-12-22T17:44:20.951028,46.450,384.30427555267534,6248.0603878965385,149.92241551586153,4100,1500,1520,40.0,35.0,20.0,6248.0603878965385,112.44181163689615,1500,1520,800,0,0,149.92241551586153,149.92241551586153,74.96120775793077,0.0,4100,4200,390.0,112.44181163689613,34.64499999999995,25.0,25.0,-0.9437691000616275,-0.33060533233580147,1.0,0.0,0.0,0.0,0.0,37.58146100242991,43.931016214560756,37.11181692544767,43.01979104998139,63.22499999999975,63.22499999999975,63.22499999999975,63.22499999999975
2025-12-22T17:44:21.001219,46.500,384.4556697747956,6168.39316882739,146.7357267530956,4100,1500,1520,40.0,35.0,20.0,6168.39316882739,110.0517950648217,1500,1520,800,0,0,146.7357267530956,146.7357267530956,73.3678633765478,0.0,4100,4200,390.0,110.0517950648217,34.64999999999995,25.0,25.0,-0.951738459962276,-0.3069102537039697,0.9999999999999999,0.0,0.0,0.0,0.0,41.570414275744156,37.59046515315677,38.05131276136815,38.82601717539773,63.249999999999744,63.249999999999744,63.249999999999744,63.249999999999744
2025-12-22T17:44:21.051792,46.550,384.3231441428433,6085.805575323573,143.43222301294293,4100,1500,1520,40.0,35.0,20.0,6085.805575323573,107.5741672597072,1500,1520,800,0,0,143.43222301294293,143.43222301294293,71.71611150647146,0.0,4100,4200,390.0,107.5741672597072,34.65499999999995,25.0,25.0,-0.9591130143058725,-0.283023366153933,1.0,0.0,0.0,0.0,0.0,40.997568506514554,39.91095659214784,40.522241318653485,40.93005313572824,63.27499999999975,63.27499999999975,63.27499999999975,63.27499999999975
2025-12-22T17:44:21.103857,46.600,384.90943909606705,6000.50403335806,140.02016133432238,4100,1500,1520,40.0,35.0,20.0,6000.50403335806,105.01512100074179,1500,1520,800,0,0,140.02016133432238,140.02016133432238,70.01008066716119,0.0,4100,4200,390.0,105.01512100074179,34.65999999999995,25.0,25.0,-0.9658881542360042,-0.2589595982128583,1.0,0.0,0.0,0.0,0.0,42.80325509990136,35.44129942718468,36.85142725209948,44.57457175151349,63.29999999999974,63.29999999999974,63.29999999999974,63.29999999999974
2025-12-22T17:44:21.154384,46.650,385.1790645175419,5912.70175236158,136.5080700944632,4100,1500,1520,40.0,35.0,20.0,5912.70175236158,102.3810525708474,1500,1520,800,0,0,136.5080700944632,136.5080700944632,68.2540350472316,0.0,4100,4200,390.0,102.3810525708474,34.66499999999995,25.0,25.0,-0.9720596455107551,-0.23473398895239947,1.0,0.0,0.0,0.0,0.0,39.254513520186485,42.41201821133745,36.13661406511821,35.494675627641854,63.32499999999975,63.32499999999975,63.32499999999975,63.32499999999975
2025-12-22T17:44:21.204913,46.700,385.3550194699464,5822.618192310079,132.90472769240318,4100,1500,1520,40.0,35.0,20.0,5822.618192310079,99.67854576930239,1500,1520,800,0,0,132.90472769240318,132.90472769240318,66.45236384620159,0.0,4100,4200,390.0,99.67854576930239,34.669999999999945,25.0,25.0,-0.9776236311489692,-0.21036167858976654,1.0,0.0,0.0,0.0,0.0,41.83473421098113,42.37430863479896,35.336853436881455,37.292232476062246,63.34999999999974,63.34999999999974,63.34999999999974,63.34999999999974
2025-12-22T17:44:21.255460,46.750,385.23890115709963,5730.478515189077,129.2191406075631,4100,1500,1520,40.0,35.0,20.0,5730.478515189077,96.91435545567234,1500,1520,800,0,0,129.2191406075631,129.2191406075631,64.60957030378155,0.0,4100,4200,390.0,96.91435545567234,34.67499999999995,25.0,25.0,-0.9825766338407382,-0.18585789902558328,1.0,0.0,0.0,0.0,0.0,35.76313342798743,40.33499644598953,38.9856052269518,35.493204087920844,63.374999999999744,63.374999999999744,63.374999999999744,63.374999999999744
2025-12-22T17:44:21.306486,46.800,385.06312407497614,5636.51302220596,125.46052088823839,4100,1500,1520,40.0,35.0,20.0,5636.51302220596,94.09539066617879,1500,1520,800,0,0,125.46052088823839,125.46052088823839,62.730260444119196,0.0,4100,4200,390.0,94.09539066617879,34.67999999999995,25.0,25.0,-0.9869155581206069,-0.16123796432444482,1.0,0.0,0.0,0.0,0.0,43.67922559005481,39.40737466299069,44.59517871762593,43.775736012620925,63.399999999999736,63.399999999999736,63.399999999999736,63.399999999999736
2025-12-22T17:44:21.358138,46.850,385.7944928267895,5540.956578156901,121.63826312627604,4100,1500,1520,40.0,35.0,20.0,5540.956578156901,91.22869734470703,1500,1520,800,0,0,121.63826312627604,121.63826312627604,60.81913156313802,0.0,4100,4200,390.0,91.22869734470703,34.684999999999945,25.0,25.0,-0.9906376923021385,-0.13651726114412588,0.9999999999999999,0.0,0.0,0.0,0.0,35.06818031850716,41.667476792931936,36.10513363098769,40.87445031320915,63.42499999999974,63.42499999999974,63.42499999999974,63.42499999999974
2025-12-22T17:44:21.410656,46.900,385.7301951252279,5444.04802438719,117.76192097548761,4100,1500,1520,40.0,35.0,20.0,5444.04802438719,88.32144073161571,1500,1520,800,0,0,117.76192097548761,117.76192097548761,58.880960487743806,0.0,4100,4200,390.0,88.32144073161571,34.68999999999995,25.0,25.0,-0.9937407101726303,-0.11171123911942057,1.0,0.0,0.0,0.0,0.0,44.19497825461705,43.14054822931874,36.778113870043306,42.627512142337466,63.44999999999973,63.44999999999973,63.44999999999973,63.44999999999973
2025-12-22T17:44:21.461191,46.950,385.71324111034596,5346.029581812252,113.84118327249007,4100,1500,1520,40.0,35.0,20.0,5346.029581812252,85.38088745436755,1500,1520,800,0,0,113.84118327249007,113.84118327249007,56.920591636245035,0.0,4100,4200,390.0,85.38088745436755,34.69499999999995,25.0,25.0,-0.9962226724469208,-0.08683540120662343,1.0,0.0,0.0,0.0,0.0,41.794418468022755,44.624262665196014,37.00866509519307,38.140523862400414,63.47499999999974,63.47499999999974,63.47499999999974,63.47499999999974
2025-12-22T17:44:21.511713,47.000,385.85159208031445,5247.146245491505,109.88584981966022,4100,1500,1520,40.0,35.0,20.0,5247.146245491505,82.41438736474517,1500,1520,800,0,0,109.88584981966022,109.88584981966022,54.94292490983011,0.0,4100,4200,390.0,82.41438736474517,34.699999999999946,25.0,25.0,-0.9980820279793797,-0.06190529399468649,0.9999999999999999,0.0,0.0,0.0,0.0,35.89413014692953,43.7330104861888,35.86462947091004,36.18081778818684,63.49999999999973,63.49999999999973,63.49999999999973,63.49999999999973
2025-12-22T17:44:21.562235,47.050,386.5088828806571,5147.645172268307,105.9058068907323,4100,1500,1520,40.0,35.0,20.0,5147.645172268307,79.42935516804923,1500,1520,800,0,0,105.9058068907323,105.9058068907323,52.95290344536615,0.0,4100,4200,390.0,79.42935516804923,34.70499999999995,25.0,25.0,-0.9993176147333243,-0.03693649798910718,1.0,0.0,0.0,0.0,0.0,43.6933857161262,41.78775418148193,44.82886916749845,40.61505973997502,63.524999999999736,63.524999999999736,63.524999999999736,63.524999999999736
2025-12-22T17:44:21.618765,47.100,386.3453302505566,5047.7750630065575,101.9110025202623,4100,1500,1520,40.0,35.0,20.0,5047.7750630065575,76.43325189019673,1500,1520,800,0,0,101.9110025202623,101.9110025202623,50.95550126013115,0.0,4100,4200,390.0,76.43325189019673,34.709999999999944,25.0,25.0,-0.999928660507253,-0.01194461787461959,1.0,0.0,0.0,0.0,0.0,36.792200929488494,35.85452479505471,41.006019705628766,42.964659203515026,63.54999999999973,63.54999999999973,63.54999999999973,63.54999999999973
2025-12-22T17:44:21.668285,47.150,386.5430728127425,4947.785540968063,97.91142163872252,4100,1500,1520,40.0,35.0,20.0,4947.785540968063,73.43356622904189,1500,1520,800,0,0,97.91142163872252,97.91142163872252,48.95571081936126,0.0,4100,4200,390.0,73.43356622904189,34.71499999999995,25.0,25.0,-0.9999147834174479,0.01305472723722554,1.0,0.0,0.0,0.0,0.0,41.317894018100645,36.016530983733695,37.23263400398555,40.86996682311958,63.57499999999973,63.57499999999973,63.57499999999973,63.57499999999973
2025-12-22T17:44:21.718817,47.200,386.06671649648905,4847.926527884384,93.91706111537536,4100,1500,1520,40.0,35.0,20.0,4847.926527884384,70.43779583653152,1500,1520,800,0,0,93.91706111537536,93.91706111537536,46.95853055768768,0.0,4100,4200,390.0,70.43779583653152,34.71999999999994,25.0,25.0,-0.9992759921366381,0.038045913569497124,1.0,0.0,0.0,0.0,0.0,44.39013753546381,39.99095607465212,37.94244409500145,36.323909262354434,63.599999999999724,63.599999999999724,63.599999999999724,63.599999999999724
2025-12-22T17:44:21.770378,47.250,387.11029256245513,4748.4476192826605,89.93790477130642,4100,1500,1520,40.0,35.0,20.0,4748.4476192826605,67.45342857847982,1500,1520,800,0,0,89.93790477130642,89.93790477130642,44.96895238565321,0.0,4100,4200,390.0,67.45342857847982,34.724999999999945,25.0,25.0,-0.9980126858885807,0.06301332244423571,1.0,0.0,0.0,0.0,0.0,37.42820624159209,35.2923885017655,37.99752614223894,37.437138857530734,63.62499999999973,63.62499999999973,63.62499999999973,63.62499999999973
2025-12-22T17:44:21.821982,47.300,387.0184069403272,4649.597460626783,85.98389842507132,4100,1500,1520,40.0,35.0,20.0,4649.597460626783,64.4879238188035,1500,1520,800,0,0,85.98389842507132,85.98389842507132,42.99194921253566,0.0,4100,4200,390.0,64.4879238188035,34.72999999999995,25.0,25.0,-0.9961256541985583,0.08794135004361886,0.9999999999999999,0.0,0.0,0.0,0.0,38.372179988575816,38.76130828560411,42.93530791985671,38.615146908269345,63.64999999999972,63.64999999999972,63.64999999999972,63.64999999999972
2025-12-22T17:44:21.872998,47.350,386.7621922159541,4551.623125833224,82.06492503332895,4100,1500,1520,40.0,35.0,20.0,4551.623125833224,61.54869377499671,1500,1520,800,0,0,82.06492503332895,82.06492503332895,41.032462516664474,0.0,4100,4200,390.0,61.54869377499671,34.73499999999994,25.0,25.0,-0.9936160763999516,0.11281441716183926,1.0,0.0,0.0,0.0,0.0,41.46222993364399,44.011792562065665,41.749435615417156,43.05967843249539,63.67499999999973,63.67499999999973,63.67499999999973,63.67499999999973
2025-12-22T17:44:21.923663,47.400,387.18111851346066,4454.769499714919,78.19077998859676,4100,1500,1520,40.0,35.0,20.0,4454.769499714919,58.643084991447566,1500,1520,800,0,0,78.19077998859676,78.19077998859676,39.09538999429838,0.0,4100,4200,390.0,58.643084991447566,34.739999999999945,25.0,25.0,-0.9904855208971945,0.13761697894160133,0.9999999999999999,0.0,0.0,0.0,0.0,42.009199967726566,40.59169266356979,41.02862424044545,38.441588742903654,63.69999999999972,63.69999999999972,63.69999999999972,63.69999999999972
2025-12-22T17:44:21.974252,47.450,387.7081688658234,4359.278665896772,74.37114663587086,4100,1500,1520,40.0,35.0,20.0,4359.278665896772,55.77835997690315,1500,1520,800,0,0,74.37114663587086,74.37114663587086,37.18557331793543,0.0,4100,4200,390.0,55.778359976903154,34.74499999999995,25.0,25.0,-0.9867359441855723,0.16233353458915095,1.0,0.0,0.0,0.0,0.0,35.482381210018914,44.11714980313228,36.933284804827466,41.1034656149058,63.724999999999724,63.724999999999724,63.724999999999724,63.724999999999724
2025-12-22T17:44:22.024892,47.500,386.987039181067,4265.389301732662,70.61557206930647,4100,1500,1520,40.0,35.0,20.0,4265.389301732662,52.96167905197985,1500,1520,800,0,0,70.61557206930647,70.61557206930647,35.30778603465323,0.0,4100,4200,390.0,52.96167905197986,34.74999999999994,25.0,25.0,-0.9823696896284757,0.186948637061767,1.0,0.0,0.0,0.0,0.0,35.644395179310806,40.60912276269949,44.78719369316815,39.25930932052863,63.749999999999716,63.749999999999716,63.749999999999716,63.749999999999716
2025-12-22T17:44:22.075109,47.550,387.6637087826651,4173.336081736364,66.93344326945456,4100,1500,1520,40.0,35.0,20.0,4173.336081736364,50.20008245209092,1500,1520,800,0,0,66.93344326945456,66.93344326945456,33.46672163472728,0.0,4100,4200,390.0,50.20008245209092,34.754999999999946,25.0,25.0,-0.9773894859928751,0.2114469027216603,0.9999999999999999,0.0,0.0,0.0,0.0,35.51914232686285,44.58973451578019,35.271275076946644,40.2410487343536,63.77499999999972,63.77499999999972,63.77499999999972,63.77499999999972
2025-12-22T17:44:22.130132,47.600,387.62651332528503,4083.3490910174787,63.33396364069915,4100,1500,1520,40.0,35.0,20.0,4083.3490910174787,47.500472730524365,1500,1520,800,0,0,63.33396364069915,63.33396364069915,31.666981820349577,0.0,4100,4200,390.0,47.500472730524365,34.75999999999994,25.0,25.0,-0.9717984457439303,0.2358130209502464,0.9999999999999999,0.0,0.0,0.0,0.0,35.29763302837154,36.35234119667782,42.22316265165533,41.37738009737687,63.79999999999971,63.79999999999971,63.79999999999971,63.79999999999971
2025-12-22T17:44:22.183697,47.650,387.52094215845113,3995.653250188485,59.82613000753939,4100,1500,1520,40.0,35.0,20.0,3995.653250188485,44.86959750565454,1500,1520,800,0,0,59.82613000753939,59.82613000753939,29.913065003769695,0.0,4100,4200,390.0,44.86959750565454,34.764999999999944,25.0,25.0,-0.9656000630998005,0.26003176371678377,1.0,0.0,0.0,0.0,0.0,39.513355121175664,36.36100965062582,44.923602225521535,35.95592607199376,63.82499999999972,63.82499999999972,63.82499999999972,63.82499999999972
2025-12-22T17:44:22.235240,47.700,387.9611051110997,3910.467753180343,56.41871012721373,4100,1500,1520,40.0,35.0,20.0,3910.467753180343,42.314032595410296,1500,1520,800,0,0,56.41871012721373,56.41871012721373,28.209355063606864,0.0,4100,4200,390.0,42.314032595410296,34.76999999999994,25.0,25.0,-0.9587982118478723,0.2840879950953975,1.0,0.0,0.0,0.0,0.0,38.7364882696731,38.54723816839261,42.991396216297005,38.64003211662676,63.84999999999971,63.84999999999971,63.84999999999971,63.84999999999971
2025-12-22T17:44:22.288769,47.750,387.90143374080054,3828.005519371825,53.120220774873,4100,1500,1520,40.0,35.0,20.0,3828.005519371825,39.84016558115475,1500,1520,800,0,0,53.120220774873,53.120220774873,26.5601103874365,0.0,4100,4200,390.0,39.84016558115475,34.77499999999994,25.0,25.0,-0.9513971429237683,0.30796668072454003,1.0,0.0,0.0,0.0,0.0,42.26627282050949,39.11434469648229,44.56127561467232,40.11928680011305,63.874999999999716,63.874999999999716,63.874999999999716,63.874999999999716
2025-12-22T17:44:22.340287,47.800,388.48221878529426,3748.4726614019505,49.93890645607802,4100,1500,1520,40.0,35.0,20.0,3748.4726614019505,37.454179842058515,1500,1520,800,0,0,49.93890645607802,49.93890645607802,24.96945322803901,0.0,4100,4200,390.0,37.454179842058515,34.779999999999944,25.0,25.0,-0.9434014817546509,0.33165289720297797,1.0,0.0,0.0,0.0,0.0,36.239496608726704,44.20541075210017,37.70996394294682,35.135930607550776,63.89999999999971,63.89999999999971,63.89999999999971,63.89999999999971
2025-12-22T17:44:22.391303,47.850,387.97460545946575,3672.0679699957327,46.88271879982931,4100,1500,1520,40.0,35.0,20.0,3672.0679699957327,35.16203909987198,1500,1520,800,0,0,46.88271879982931,46.88271879982931,23.441359399914656,0.0,4100,4200,390.0,35.16203909987198,34.78499999999994,25.0,25.0,-0.9348162253684807,0.3551318414164319,1.0,0.0,0.0,0.0,0.0,38.06109204174438,35.182426187155656,40.82212710435357,38.33732650827794,63.92499999999971,63.92499999999971,63.92499999999971,63.92499999999971
2025-12-22T17:44:22.441614,47.900,388.5787140806747,3598.9824170908933,43.95929668363572,4100,1500,1520,40.0,35.0,20.0,3598.9824170908933,32.96947251272679,1500,1520,800,0,0,43.95929668363572,43.95929668363572,21.97964834181786,0.0,4100,4200,390.0,32.96947251272679,34.78999999999994,25.0,25.0,-0.9256467392710371,0.37838883978904103,1.0,0.0,0.0,0.0,0.0,39.80704210305146,36.57964193598078,40.029841288882174,40.03047269847392,63.949999999999704,63.949999999999704,63.949999999999704,63.949999999999704
2025-12-22T17:44:22.492355,47.950,388.77429364058924,3529.398678507473,41.17594714029893,4100,1500,1520,40.0,35.0,20.0,3529.398678507473,30.881960355224198,1500,1520,800,0,0,41.17594714029893,41.17594714029893,20.587973570149465,0.0,4100,4200,390.0,30.881960355224198,34.794999999999945,25.0,25.0,-0.9158987540926512,0.4014093574538705,0.9999999999999999,0.0,0.0,0.0,0.0,41.03634315222927,36.547635814135326,36.657598044737746,44.162433081415315,63.97499999999971,63.97499999999971,63.97499999999971,63.97499999999971
2025-12-22T17:44:22.542963,48.000,388.3359707258833,3463.4906773534212,38.53962709413686,4100,1500,1520,40.0,35.0,20.0,3463.4906773534212,28.904720320602646,1500,1520,800,0,0,38.53962709413686,38.53962709413686,19.26981354706843,0.0,4100,4200,390.0,28.904720320602642,34.79999999999994,25.0,25.0,-0.9055783620067489,0.4241790073367299,0.9999999999999999,0.0,0.0,0.0,0.0,43.39549454280271,36.61274225119024,42.804471465828314,38.72599009599837,63.9999999999997,63.9999999999997,63.9999999999997,63.9999999999997
2025-12-22T17:44:22.595516,48.050,388.5602152501463,3401.4231493073994,36.05692597229597,4100,1500,1520,40.0,35.0,20.0,3401.4231493073994,27.04269447922198,1500,1520,800,0,0,36.05692597229597,36.05692597229597,18.028462986147986,0.0,4100,4200,390.0,27.04269447922198,34.80499999999994,25.0,25.0,-0.8946920129224406,0.4466835591476267,1.0,0.0,0.0,0.0,0.0,40.07617333192303,43.373872217502125,41.19933493701254,37.225881071264624,64.02499999999971,64.02499999999971,64.02499999999971,64.02499999999971
2025-12-22T17:44:22.646530,48.100,388.42826809804836,3343.351230865378,33.734049234615114,4100,1500,1520,40.0,35.0,20.0,3343.351230865378,25.300536925961335,1500,1520,800,0,0,33.734049234615114,33.734049234615114,16.867024617307557,0.0,4100,4200,390.0,25.300536925961335,34.80999999999994,25.0,25.0,-0.8832465104535381,0.46890894827423374,1.0,0.0,0.0,0.0,0.0,36.50615140173407,38.94670241585279,43.21906047155663,35.809046808670686,64.0499999999997,64.0499999999997,64.0499999999997,64.0499999999997
2025-12-22T17:44:22.698101,48.150,388.7076071627145,3289.4200715801917,31.576802863207675,4100,1500,1520,40.0,35.0,20.0,3289.4200715801917,23.682602147405756,1500,1520,800,0,0,31.576802863207675,31.576802863207675,15.788401431603837,0.0,4100,4200,390.0,23.682602147405756,34.81499999999994,25.0,25.0,-0.8712490076665171,0.4908412845718146,0.9999999999999999,0.0,0.0,0.0,0.0,44.83424475692816,39.95778717482139,41.48308193343335,36.34758619829288,64.0749999999997,64.0749999999997,64.0749999999997,64.0749999999997
2025-12-22T17:44:22.749120,48.200,389.280571861107,3239.7644712632496,29.59057885052998,4100,1500,1520,40.0,35.0,20.0,3239.7644712632496,22.192934137897485,1500,1520,800,0,0,29.59057885052998,29.59057885052998,14.79528942526499,0.0,4100,4200,390.0,22.192934137897485,34.819999999999936,25.0,25.0,-0.8587070026100843,0.5124668610441117,1.0,0.0,0.0,0.0,0.0,42.94394377461706,36.206338259751114,36.548458536469695,39.555279785669484,64.0999999999997,64.0999999999997,64.0999999999997,64.0999999999997
2025-12-22T17:44:22.800896,48.250,388.5913415747554,3194.5085430552062,27.780341722208263,4100,1500,1520,40.0,35.0,20.0,3194.5085430552062,20.835256291656197,1500,1520,800,0,0,27.780341722208263,27.780341722208263,13.890170861104131,0.0,4100,4200,390.0,20.835256291656197,34.82499999999994,25.0,25.0,-0.8456283336291396,0.5337721624097725,1.0,0.0,0.0,0.0,0.0,40.27941664866208,43.155407118723275,36.636687396233576,35.11061233119337,64.1249999999997,64.1249999999997,64.1249999999997,64.1249999999997
2025-12-22T17:44:22.852448,48.300,388.93090089446764,3153.7654032077508,26.15061612831002,4100,1500,1520,40.0,35.0,20.0,3153.7654032077508,19.612962096232515,1500,1520,800,0,0,26.15061612831002,26.15061612831002,13.07530806415501,0.0,4100,4200,390.0,19.612962096232515,34.82999999999994,25.0,25.0,-0.8320211744660673,0.5547438735489613,0.9999999999999999,0.0,0.0,0.0,0.0,44.74307118789001,41.39036175622368,36.61390183001718,42.428778010130785,64.1499999999997,64.1499999999997,64.1499999999997,64.1499999999997
2025-12-22T17:44:22.903006,48.350,389.40564195535984,3117.6368883518844,24.70547553407536,4100,1500,1520,40.0,35.0,20.0,3117.6368883518844,18.52910665055652,1500,1520,800,0,0,24.70547553407536,24.70547553407536,12.35273776703768,0.0,4100,4200,390.0,18.52910665055652,34.83499999999994,25.0,25.0,-0.8178940291524122,0.5753688878248746,1.0,0.0,0.0,0.0,0.0,39.11351761442751,35.42133509191927,42.1736150462536,41.51080924770275,64.1749999999997,64.1749999999997,64.1749999999997,64.1749999999997
2025-12-22T17:44:22.953700,48.400,389.38011816416065,3086.2133009593795,23.448532038375177,4100,1500,1520,40.0,35.0,20.0,3086.2133009593795,17.586399028781383,1500,1520,800,0,0,23.448532038375177,23.448532038375177,11.724266019187588,0.0,4100,4200,390.0,17.586399028781383,34.83999999999994,25.0,25.0,-0.8032557266941368,0.5956343152749632,1.0,0.0,0.0,0.0,0.0,42.8321110796784,43.34160704522518,44.35202355507165,39.9443801673179,64.19999999999969,64.19999999999969,64.19999999999969,64.19999999999969
2025-12-22T17:44:23.004329,48.450,389.379044921555,3059.57318363363,22.382927345345195,4100,1500,1520,40.0,35.0,20.0,3059.57318363363,16.787195509008896,1500,1520,800,0,0,22.382927345345195,22.382927345345195,11.191463672672597,0.0,4100,4200,390.0,16.787195509008896,34.84499999999994,25.0,25.0,-0.7881154155537802,0.615527490666739,1.0,0.0,0.0,0.0,0.0,42.742839936186826,43.187517363687604,41.93415551833129,41.17634517872364,64.2249999999997,64.2249999999997,64.2249999999997,64.2249999999997
2025-12-22T17:44:23.054570,48.500,388.7681787026563,3037.783122794045,21.511324911761818,4100,1500,1520,40.0,35.0,20.0,3037.783122794045,16.133493683821364,1500,1520,800,0,0,21.511324911761818,21.511324911761818,10.755662455880909,0.0,4100,4200,390.0,16.133493683821364,34.84999999999994,25.0,25.0,-0.7724825579329667,0.6350359814131328,1.0,0.0,0.0,0.0,0.0,44.64285230398584,41.106223202118215,41.152591402234265,38.370307835911184,64.24999999999969,64.24999999999969,64.24999999999969,64.24999999999969
2025-12-22T17:44:23.108530,48.550,389.0789496470613,3020.89758224468,20.835903289787183,4100,1500,1520,40.0,35.0,20.0,3020.89758224468,15.626927467340387,1500,1520,800,0,0,20.835903289787183,20.835903289787183,10.417951644893591,0.0,4100,4200,390.0,15.626927467340385,34.85499999999994,25.0,25.0,-0.756366923858838,0.6541475953424569,1.0,0.0,0.0,0.0,0.0,35.58907186954116,36.611294057875135,36.152792295170954,43.17387979556118,64.2749999999997,64.2749999999997,64.2749999999997,64.2749999999997
2025-12-22T17:44:23.159076,48.600,389.5127199617818,3008.9587670430874,20.358350681723493,4100,1500,1520,40.0,35.0,20.0,3008.9587670430874,15.26876301129262,1500,1520,800,0,0,20.358350681723493,20.358350681723493,10.179175340861747,0.0,4100,4200,390.0,15.26876301129262,34.859999999999935,25.0,25.0,-0.7397785850781038,0.6728503883181155,1.0,0.0,0.0,0.0,0.0,39.690871992949575,42.53641111562684,40.646481880482995,39.560205734275996,64.29999999999968,64.29999999999968,64.29999999999968,64.29999999999968
2025-12-22T17:44:23.210090,48.650,389.1548376905812,3001.9965180096574,20.079860720386307,4100,1500,1520,40.0,35.0,20.0,3001.9965180096574,15.05989554028973,1500,1520,800,0,0,20.079860720386307,20.079860720386307,10.039930360193154,0.0,4100,4200,390.0,15.05989554028973,34.86499999999994,25.0,25.0,-0.7227279087625282,0.6911326717033008,1.0,0.0,0.0,0.0,0.0,40.59613188892672,36.6134154587663,38.32757140361059,39.43551981416678,64.32499999999969,64.32499999999969,64.32499999999969,64.32499999999969
2025-12-22T17:44:23.260734,48.700,389.03481715408435,3000.0282371411045,20.001129485644185,4100,1500,1520,40.0,35.0,20.0,3000.0282371411045,15.000847114233139,1500,1520,800,0,0,20.001129485644185,20.001129485644185,10.000564742822093,0.0,4100,4200,390.0,15.000847114233139,34.86999999999993,25.0,25.0,-0.7052255510297851,0.7089830196660114,1.0,0.0,0.0,0.0,0.0,40.07876878249605,44.16900536522778,43.44437032037555,40.47494246252778,64.34999999999968,64.34999999999968,64.34999999999968,64.34999999999968
2025-12-22T17:44:23.311770,48.750,388.85243963085753,3003.0588441145387,20.122353764581547,4100,1500,1520,40.0,35.0,20.0,3003.0588441145387,15.09176532343616,1500,1520,800,0,0,20.122353764581547,20.122353764581547,10.061176882290773,0.0,4100,4200,390.0,15.09176532343616,34.874999999999936,25.0,25.0,-0.6872824502837311,0.7263902763198243,1.0,0.0,0.0,0.0,0.0,40.774857801376065,44.11673151441023,43.01167361917955,37.42601668141956,64.37499999999969,64.37499999999969,64.37499999999969,64.37499999999969
2025-12-22T17:44:23.363623,48.800,388.7554411509828,3011.080763990836,20.44323055963345,4100,1500,1520,40.0,35.0,20.0,3011.080763990836,15.332422919725087,1500,1520,800,0,0,20.44323055963345,20.44323055963345,10.221615279816724,0.0,4100,4200,390.0,15.332422919725087,34.87999999999994,25.0,25.0,-0.6689098203782593,0.7433435626959616,1.0,0.0,0.0,0.0,0.0,36.97326832515,44.35956159821198,44.24356000788792,40.741921249602996,64.39999999999968,64.39999999999968,64.39999999999968,64.39999999999968
2025-12-22T17:44:23.414129,48.850,389.32683799030787,3024.0739461480416,20.962957845921665,4100,1500,1520,40.0,35.0,20.0,3024.0739461480416,15.722218384441248,1500,1520,800,0,0,20.962957845921665,20.962957845921665,10.481478922960832,0.0,4100,4200,390.0,15.722218384441248,34.884999999999934,25.0,25.0,-0.6501191436090057,0.7598322835422914,1.0,0.0,0.0,0.0,0.0,42.61665355702648,36.32207487615889,39.60988341453799,42.09285580357692,64.42499999999968,64.42499999999968,64.42499999999968,64.42499999999968
2025-12-22T17:44:23.464417,48.900,388.84743411470595,3042.0059143974795,21.680236575899187,4100,1500,1520,40.0,35.0,20.0,3042.0059143974795,16.26017743192439,1500,1520,800,0,0,21.680236575899187,21.680236575899187,10.840118287949593,0.0,4100,4200,390.0,16.26017743192439,34.88999999999994,25.0,25.0,-0.6309221635372882,0.7758461339450158,1.0,0.0,0.0,0.0,0.0,38.51282470354565,39.052785603700926,38.912315194271066,38.92878935488457,64.44999999999968,64.44999999999968,64.44999999999968,64.44999999999968
2025-12-22T17:44:23.514990,48.950,389.55502263070724,3064.831848157316,22.593273926292653,4100,1500,1520,40.0,35.0,20.0,3064.831848157316,16.94495544471949,1500,1520,800,0,0,22.593273926292653,22.593273926292653,11.296636963146327,0.0,4100,4200,390.0,16.94495544471949,34.89499999999994,25.0,25.0,-0.611330877650763,0.7913751057689065,1.0,0.0,0.0,0.0,0.0,40.23171539856655,37.65787702142111,37.465928136667664,37.11131443369066,64.47499999999968,64.47499999999968,64.47499999999968,64.47499999999968
2025-12-22T17:44:23.565530,49.000,389.5415130213903,3092.494694480668,23.69978777922671,4100,1500,1520,40.0,35.0,20.0,3092.494694480668,17.774840834420033,1500,1520,800,0,0,23.69978777922671,23.69978777922671,11.849893889613355,0.0,4100,4200,390.0,17.774840834420033,34.899999999999935,25.0,25.0,-0.591357529865385,0.8064094939120634,1.0,0.0,0.0,0.0,0.0,35.86024202310312,42.16348539256191,38.8904954564458,42.6450833773479,64.49999999999967,64.49999999999967,64.49999999999967,64.49999999999967
2025-12-22T17:44:23.616227,49.050,389.3313554326627,3124.9253106582573,24.9970124263303,4100,1500,1520,40.0,35.0,20.0,3124.9253106582573,18.747759319747725,1500,1520,800,0,0,24.9970124263303,24.9970124263303,12.49850621316515,0.0,4100,4200,390.0,18.747759319747725,34.90499999999994,25.0,25.0,-0.5710146028733599,0.8209399023712874,0.9999999999999999,0.0,0.0,0.0,0.0,35.88749746214174,43.360370036463436,40.71741949932456,43.30349153786501,64.52499999999968,64.52499999999968,64.52499999999968,64.52499999999968
2025-12-22T17:44:23.669770,49.100,389.238899986598,3162.0426370391806,26.481705481567218,4100,1500,1520,40.0,35.0,20.0,3162.0426370391806,19.861279111175413,1500,1520,800,0,0,26.481705481567218,26.481705481567218,13.240852740783609,0.0,4100,4200,390.0,19.861279111175413,34.90999999999993,25.0,25.0,-0.5503148103418667,0.834957250114277,1.0,0.0,0.0,0.0,0.0,43.25306325730965,35.5838180585441,40.36639436775933,39.085657413879034,64.54999999999967,64.54999999999967,64.54999999999967,64.54999999999967
2025-12-22T17:44:23.720798,49.150,388.5823752857153,3203.753899637814,28.150155985512555,4100,1500,1520,40.0,35.0,20.0,3203.753899637814,21.112616989134416,1500,1520,800,0,0,28.150155985512555,28.150155985512555,14.075077992756277,0.0,4100,4200,390.0,21.112616989134416,34.914999999999935,25.0,25.0,-0.5292710889674301,0.8484527767549769,1.0,0.0,0.0,0.0,0.0,44.06075205345774,38.20772435337065,39.652407151969314,42.68461728426315,64.57499999999968,64.57499999999968,64.57499999999968,64.57499999999968
2025-12-22T17:44:23.771837,49.200,388.8548287465036,3249.954842020467,29.998193680818673,4100,1500,1520,40.0,35.0,20.0,3249.954842020467,22.498645260614005,1500,1520,800,0,0,29.998193680818673,29.998193680818673,14.999096840409337,0.0,4100,4200,390.0,22.498645260614005,34.91999999999993,25.0,25.0,-0.5078965903909067,0.861418048028535,1.0,0.0,0.0,0.0,0.0,35.891810637487566,40.44482413931189,39.081527933569504,36.862997211168945,64.59999999999967,64.59999999999967,64.59999999999967,64.59999999999967
2025-12-22T17:44:23.823903,49.250,388.70774871102924,3300.529985892169,32.02119943568674,4100,1500,1520,40.0,35.0,20.0,3300.529985892169,24.015899576765054,1500,1520,800,0,0,32.02119943568674,32.02119943568674,16.01059971784337,0.0,4100,4200,390.0,24.015899576765054,34.92499999999993,25.0,25.0,-0.4862046729781367,0.8738449610624434,1.0,0.0,0.0,0.0,0.0,40.7481409104699,36.06541578833699,41.44216977274076,44.392388316259094,64.62499999999967,64.62499999999967,64.62499999999967,64.62499999999967
2025-12-22T17:44:23.874439,49.300,388.5749278707569,3355.352919732265,34.214116789290614,4100,1500,1520,40.0,35.0,20.0,3355.352919732265,25.66058759196796,1500,1520,800,0,0,34.214116789290614,34.214116789290614,17.107058394645307,0.0,4100,4200,390.0,25.66058759196796,34.929999999999936,25.0,25.0,-0.46420889347140065,0.8857257494405691,1.0,0.0,0.0,0.0,0.0,37.87686965060081,36.1436232242526,37.7744875720481,37.218179459496746,64.64999999999966,64.64999999999966,64.64999999999966,64.64999999999966
2025-12-22T17:44:23.928989,49.350,388.2184685631681,3414.286614757389,36.57146459029556,4100,1500,1520,40.0,35.0,20.0,3414.286614757389,27.428598442721672,1500,1520,800,0,0,36.57146459029556,36.57146459029556,18.28573229514778,0.0,4100,4200,390.0,27.428598442721672,34.93499999999993,25.0,25.0,-0.4419229985168968,0.8970529880569122,1.0,0.0,0.0,0.0,0.0,41.28039474304865,42.920156136023515,43.311277138869926,44.97773900020953,64.67499999999967,64.67499999999967,64.67499999999967,64.67499999999967
2025-12-22T17:44:23.979521,49.400,388.4523071036116,3477.1837674220524,39.08735069688209,4100,1500,1520,40.0,35.0,20.0,3477.1837674220524,29.31551302266157,1500,1520,800,0,0,39.08735069688209,39.08735069688209,19.543675348441045,0.0,4100,4200,390.0,29.31551302266157,34.939999999999934,25.0,25.0,-0.4193609160735345,0.9078195977560553,1.0,0.0,0.0,0.0,0.0,39.498596110356125,41.51942755459195,40.45459758403542,43.368018162211236,64.69999999999966,64.69999999999966,64.69999999999966,64.69999999999966
2025-12-22T17:44:24.030053,49.450,388.2715084184954,3543.8871676007966,41.755486704031874,4100,1500,1520,40.0,35.0,20.0,3543.8871676007966,31.316615028023904,1500,1520,800,0,0,41.755486704031874,41.755486704031874,20.877743352015937,0.0,4100,4200,390.0,31.316615028023904,34.944999999999936,25.0,25.0,-0.3965367467084134,0.9180188497574043,1.0,0.0,0.0,0.0,0.0,35.96664284203358,42.450679506846654,37.55769909742793,36.01076169119654,64.72499999999967,64.72499999999967,64.72499999999967,64.72499999999967
2025-12-22T17:44:24.080495,49.500,388.73358901234207,3614.2300915316355,44.569203661265405,4100,1500,1520,40.0,35.0,20.0,3614.2300915316355,33.42690274594905,1500,1520,800,0,0,44.569203661265405,44.569203661265405,22.284601830632703,0.0,4100,4200,390.0,33.42690274594905,34.94999999999993,25.0,25.0,-0.3734647547844278,0.9276443698604585,1.0,0.0,0.0,0.0,0.0,40.22335160763818,41.65921637154033,44.20216350139198,43.08629633917994,64.74999999999966,64.74999999999966,64.74999999999966,64.74999999999966
2025-12-22T17:44:24.134043,49.550,388.6040919568755,3688.036718538627,47.521468741545085,4100,1500,1520,40.0,35.0,20.0,3688.036718538627,35.641101556158816,1500,1520,800,0,0,47.521468741545085,47.521468741545085,23.760734370772543,0.0,4100,4200,390.0,35.641101556158816,34.954999999999934,25.0,25.0,-0.35015935954550453,0.9366901424284778,1.0,0.0,0.0,0.0,0.0,42.2450130839148,36.34804211388253,41.51690880914548,39.97702130740003,64.77499999999966,64.77499999999966,64.77499999999966,64.77499999999966
2025-12-22T17:44:24.185589,49.600,388.56876903584777,3765.1225704920034,50.604902819680134,4100,1500,1520,40.0,35.0,20.0,3765.1225704920034,37.9536771147601,1500,1520,800,0,0,50.604902819680134,50.604902819680134,25.302451409840067,0.0,4100,4200,390.0,37.9536771147601,34.95999999999993,25.0,25.0,-0.3266351261050446,0.9451505141480597,1.0,0.0,0.0,0.0,0.0,38.04808805060311,38.02139299640563,42.00098352836416,38.00728652341394,64.79999999999966,64.79999999999966,64.79999999999966,64.79999999999966
2025-12-22T17:44:24.242803,49.650,387.8062916309935,3845.2949729074157,53.81179891629663,4100,1500,1520,40.0,35.0,20.0,3845.2949729074157,40.358849187222475,1500,1520,800,0,0,53.81179891629663,53.81179891629663,26.905899458148316,0.0,4100,4200,390.0,40.358849187222475,34.96499999999993,25.0,25.0,-0.3029067563432013,0.9530201975622765,1.0,0.0,0.0,0.0,0.0,42.604311069615854,44.061640812859345,36.049154406730004,37.7167114651795,64.82499999999966,64.82499999999966,64.82499999999966,64.82499999999966
2025-12-22T17:44:24.293826,49.700,388.3014356482908,3928.3535365318066,57.134141461272264,4100,1500,1520,40.0,35.0,20.0,3928.3535365318066,42.8506060959542,1500,1520,800,0,0,57.134141461272264,57.134141461272264,28.567070730636132,0.0,4100,4200,390.0,42.8506060959542,34.96999999999993,25.0,25.0,-0.2789890797186841,0.9602942743751635,1.0,0.0,0.0,0.0,0.0,41.37467063237235,41.74369797095994,41.80789012594909,38.87658818994048,64.84999999999965,64.84999999999965,64.84999999999965,64.84999999999965
2025-12-22T17:44:24.346163,49.750,387.9772040122714,4014.090658212178,60.56362632848712,4100,1500,1520,40.0,35.0,20.0,4014.090658212178,45.42271974636534,1500,1520,800,0,0,60.56362632848712,60.56362632848712,30.28181316424356,0.0,4100,4200,390.0,45.42271974636534,34.97499999999993,25.0,25.0,-0.2548970440008293,0.9669681985254941,1.0,0.0,0.0,0.0,0.0,39.71648738429681,43.22812268243197,44.33577730675785,44.16125409756285,64.87499999999966,64.87499999999966,64.87499999999966,64.87499999999966
2025-12-22T17:44:24.396669,49.800,387.737870555808,4102.292039795359,64.09168159181436,4100,1500,1520,40.0,35.0,20.0,4102.292039795359,48.06876119386077,1500,1520,800,0,0,64.09168159181436,64.09168159181436,32.04584079590718,0.0,4100,4200,390.0,48.06876119386077,34.97999999999993,25.0,25.0,-0.230645705927731,0.9730377990279199,1.0,0.0,0.0,0.0,0.0,39.08015357210222,43.934197338612044,35.76947572814207,38.36876770858097,64.89999999999965,64.89999999999965,64.89999999999965,64.89999999999965
2025-12-22T17:44:24.447185,49.850,387.2405930852802,4192.737223761784,67.70948895047135,4100,1500,1520,40.0,35.0,20.0,4192.737223761784,50.782116712853515,1500,1520,800,0,0,67.70948895047135,67.70948895047135,33.85474447523568,0.0,4100,4200,390.0,50.782116712853515,34.98499999999993,25.0,25.0,-0.20625022179626967,0.978499282579701,1.0,0.0,0.0,0.0,0.0,43.50904791095611,36.503854814683876,38.09875189771728,40.981847296745606,64.92499999999966,64.92499999999966,64.92499999999966,64.92499999999966
2025-12-22T17:44:24.497742,49.900,387.19044029266706,4285.200144254477,71.40800577017907,4100,1500,1520,40.0,35.0,20.0,4285.200144254477,53.556004327634305,1500,1520,800,0,0,71.40800577017907,71.40800577017907,35.70400288508954,0.0,4100,4200,390.0,53.55600432763431,34.98999999999993,25.0,25.0,-0.18172583798992026,0.9833492359313964,0.9999999999999999,0.0,0.0,0.0,0.0,41.38184948679326,40.115963846460915,38.62812779187313,41.21142527906365,64.94999999999965,64.94999999999965,64.94999999999965,64.94999999999965
2025-12-22T17:44:24.548274,49.950,387.2272285019682,4379.449692125965,75.17798768503859,4100,1500,1520,40.0,35.0,20.0,4379.449692125965,56.38349076377894,1500,1520,800,0,0,75.17798768503859,75.17798768503859,37.588993842519294,0.0,4100,4200,390.0,56.38349076377894,34.99499999999993,25.0,25.0,-0.1570878814502585,0.9875846280200343,1.0,0.0,0.0,0.0,0.0,37.49913376302416,35.12345016184512,37.71780735130439,41.95389006865006,64.97499999999965,64.97499999999965,64.97499999999965,64.97499999999965
2025-12-22T17:44:24.598815,50.000,386.82477504818513,4475.250292590785,79.01001170363139,4100,1500,1520,40.0,35.0,20.0,4475.250292590785,59.257508777723544,1500,1520,800,0,0,79.01001170363139,79.01001170363139,39.505005851815696,0.0,4100,4200,390.0,59.257508777723544,34.99999999999993,25.0,25.0,-0.13235175009812164,0.9912028118634271,1.0,0.0,0.0,0.0,0.0,38.79860147874217,37.51520447378873,44.812691159503046,35.10695128743386,64.99999999999964,64.99999999999964,64.99999999999964,64.99999999999964
2025-12-22T17:44:24.650355,50.050,386.8407305758144,4572.362494039763,82.89449976159052,4100,1500,1520,40.0,35.0,20.0,4572.362494039763,62.170874821192896,1500,1520,800,0,0,82.89449976159052,82.89449976159052,41.44724988079526,0.0,4100,4200,390.0,62.170874821192896,35.00499999999993,25.0,25.0,-0.10753290321040891,0.9942015262144496,1.0,0.0,0.0,0.0,0.0,43.109893658696194,38.54359317854143,42.98456688411885,40.523389831706154,65.02499999999965,65.02499999999965,65.02499999999965,65.02499999999965
2025-12-22T17:44:24.700883,50.100,386.59133872640814,4670.543566544334,86.82174266177336,4100,1500,1520,40.0,35.0,20.0,4670.543566544334,65.11630699633002,1500,1520,800,0,0,86.82174266177336,86.82174266177336,43.41087133088668,0.0,4100,4200,390.0,65.11630699633002,35.00999999999993,25.0,25.0,-0.08264685175853678,0.9965788969742448,1.0,0.0,0.0,0.0,0.0,42.379340635746246,44.20008526262039,35.019999589698145,42.31871641971957,65.04999999999964,65.04999999999964,65.04999999999964,65.04999999999964
2025-12-22T17:44:24.752424,50.150,386.72756235804894,4769.54810855495,90.78192434219801,4100,1500,1520,40.0,35.0,20.0,4769.54810855495,68.08644325664851,1500,1520,800,0,0,90.78192434219801,90.78192434219801,45.390962171099005,0.0,4100,4200,390.0,68.08644325664851,35.01499999999993,25.0,25.0,-0.05770914871458673,0.9983334383634747,0.9999999999999999,0.0,0.0,0.0,0.0,39.68623795077173,41.080281374253275,41.310508386912346,40.662098814215945,65.07499999999965,65.07499999999965,65.07499999999965,65.07499999999965
2025-12-22T17:44:24.807960,50.200,386.5642513484043,4869.128660277154,94.76514641108615,4100,1500,1520,40.0,35.0,20.0,4869.128660277154,71.07385980831461,1500,1520,800,0,0,94.76514641108615,94.76514641108615,47.382573205543075,0.0,4100,4200,390.0,71.07385980831461,35.019999999999925,25.0,25.0,-0.03273537933120395,0.9994640538508838,1.0,0.0,0.0,0.0,0.0,38.247133107736545,41.39099071382566,36.6306956622195,40.75826632485697,65.09999999999964,65.09999999999964,65.09999999999964,65.09999999999964
2025-12-22T17:44:24.861494,50.250,386.0439909619716,4969.036322192189,98.76145288768754,4100,1500,1520,40.0,35.0,20.0,4969.036322192189,74.07108966576565,1500,1520,800,0,0,98.76145288768754,98.76145288768754,49.38072644384377,0.0,4100,4200,390.0,74.07108966576565,35.02499999999993,25.0,25.0,-0.007741151401321763,0.9999700368385954,1.0,0.0,0.0,0.0,0.0,40.12170911685391,36.92440939772952,44.38020274950969,37.19692903173917,65.12499999999964,65.12499999999964,65.12499999999964,65.12499999999964
2025-12-22T17:44:24.912513,50.300,386.5288759707515,5069.021377176171,102.76085508704683,4100,1500,1520,40.0,35.0,20.0,5069.021377176171,77.07064131528513,1500,1520,800,0,0,102.76085508704683,102.76085508704683,51.38042754352342,0.0,4100,4200,390.0,77.07064131528513,35.02999999999993,25.0,25.0,0.017257914496200896,0.9998510711037129,1.0,0.0,0.0,0.0,0.0,41.14325830254506,35.149061473610274,39.20986607810541,39.17254690086405,65.14999999999964,65.14999999999964,65.14999999999964,65.14999999999964
