time,time_elapsed_s,dc_bus_voltage,rpm,torque_total,cell_min_v,throttle_raw1,throttle_raw2,motor_temp,pwrstg_temp,air_temp,n_actual,i_actual,s1_raw,s2_raw,brake_raw,precharge_btn,start_btn,torque_req,torque_est,throttle_pct,brake_pct,ams_min_cell_mv,ams_max_cell_mv,ams_stack_v,ams_current_a,ams_max_temp_c,ams_min_temp_c,ams_avg_temp_c,g_long,g_lat,g_total,susp_force_fl,susp_force_fr,susp_force_rl,susp_force_rr,susp_travel_fl,susp_travel_fr,susp_travel_rl,susp_travel_rr,brake_temp_fl,brake_temp_fr,brake_temp_rl,brake_temp_rr
2025-12-26T11:49:30.779704,0.000,398.9028561909722,76.87183751338544,230.0,4194.190516892658,2000.0,2000.0,35.45715277777778,30.36572222222222,25.0,76.87183751338544,9.143055555555556,2000.0,2000.0,800.0,1,1,230.0,207.0,100.0,0.0,4194.190516892658,4205.8964963743565,398.9028561909722,9.143055555555556,25.00062696598669,23.00062696598669,24.00062696598669,1.1722731906218145,0.0,1.1722731906218145,1230.5770965845013,1222.9436420446082,762.5123573997064,772.0286538291149,49.223083863380054,48.917745681784325,30.500494295988254,30.881146153164597,25.0,25.0,25.0,25.0
2025-12-26T11:49:30.830737,0.050,398.2814340593615,153.73671332098613,230.0,4188.912629243913,2000.0,2000.0,35.71569675090109,30.572557400720868,25.0,153.73671332098613,14.313935018021706,2000.0,2000.0,800.0,1,1,230.0,207.0,100.0,0.0,4188.912629243913,4199.412903523467,398.2814340593615,14.313935018021706,25.002163420689577,23.002163420689577,24.002163420689577,1.1721670266309885,0.0,1.1721670266309885,1229.9723428015532,1235.6248194677012,759.2879798819035,762.8521468003947,49.19889371206212,49.424992778708045,30.371519195276143,30.514085872015787,25.0,25.0,25.0,25.0
2025-12-26T11:49:30.881191,0.100,397.65899412364615,230.58070653305316,230.0,4182.362079618085,2000.0,2000.0,35.97467020434823,30.77973616347858,25.0,230.58070653305316,19.49340408696456,2000.0,2000.0,800.0,1,1,230.0,207.0,100.0,0.0,4182.362079618085,4192.067044463612,397.65899412364615,19.49340408696456,25.00501254600583,23.00501254600583,24.00501254600583,1.1718485731155466,0.0,1.1718485731155466,1225.4470255747483,1230.7303485614123,759.4820452789085,772.288656434073,49.01788102298993,49.22921394245649,30.37928181115634,30.891546257362922,25.0,25.0,25.0,25.0
2025-12-26T11:49:30.931798,0.150,397.0348992446786,307.38990760566224,230.0,4175.224529726951,2000.0,2000.0,36.234338627242614,30.98747090179409,25.0,307.38990760566224,24.686772544852268,2000.0,2000.0,800.0,1,1,230.0,207.0,100.0,0.0,4175.224529726951,4185.413447504939,397.0348992446786,24.686772544852268,25.009581204019263,23.009581204019263,24.009581204019263,1.1713180030960144,0.0,1.1713180030960144,1239.9619985590762,1241.0027068032052,759.3543007220001,759.6202453833273,49.59847994236305,49.64010827212821,30.374172028880004,30.384809815333092,25.0,25.0,25.0,25.0
2025-12-26T11:49:30.982411,0.200,396.4092441652597,384.1504284123582,230.0,4167.7488315851415,2000.0,2000.0,36.494662557073624,31.1957300456589,25.0,384.1504284123582,29.893251141472557,2000.0,2000.0,800.0,1,1,230.0,207.0,100.0,0.0,4167.7488315851415,4178.53506852131,396.4092441652597,29.893251141472557,25.016278792371786,23.016278792371786,24.016278792371786,1.1705756431825762,0.0,1.1705756431825762,1222.2143539967012,1243.1213936969223,756.0103383975207,768.28543026222,48.88857415986805,49.724855747876894,30.24041353590083,30.7314172104888,25.0,25.0,25.0,25.0
2025-12-26T11:49:31.033313,0.250,395.7821268091011,460.8484122872909,230.0,4161.265639888546,2000.0,2000.0,36.75560120510132,31.40448096408106,25.0,460.8484122872909,35.11202410202649,2000.0,2000.0,800.0,1,1,230.0,207.0,100.0,0.0,4161.265639888546,4172.999494601563,395.7821268091011,35.11202410202649,25.025516920804392,23.025516920804392,24.025516920804392,1.1696219731403188,0.0,1.1696219731403188,1244.2764467921754,1224.2185752302696,754.5631510245062,757.5591314333694,49.77105787168701,48.96874300921078,30.182526040980246,30.302365257334777,25.0,25.0,25.0,25.0
2025-12-26T11:49:31.083902,0.300,395.15364597873105,537.4700440244115,230.0,4154.840324683459,2000.0,2000.0,37.017113415554824,31.61369073244386,25.0,537.4700440244115,40.34226831109652,2000.0,2000.0,800.0,1,1,230.0,207.0,100.0,0.0,4154.840324683459,4165.4511800413875,395.15364597873105,40.34226831109652,25.03770908730613,23.03770908730613,24.03770908730613,1.1684576252191667,0.0,1.1684576252191667,1229.9965210457608,1237.2969925067744,761.9238123130957,768.576761984106,49.19986084183043,49.49187970027098,30.47695249252383,30.743070479364242,25.0,25.0,25.0,25.0
2025-12-26T11:49:31.134444,0.350,394.5239012851108,614.001559817405,230.0,4149.185622591505,2000.0,2000.0,37.279157694951756,31.823326155961407,25.0,614.001559817405,45.583153899035175,2000.0,2000.0,800.0,1,1,230.0,207.0,100.0,0.0,4149.185622591505,4158.42837015978,394.5239012851108,45.583153899035175,25.053270350381094,23.053270350381094,24.053270350381094,1.1670833832501306,0.0,1.1670833832501306,1234.048903665183,1236.7778266015134,757.2587476393053,769.7392541063468,49.36195614660732,49.47111306406054,30.290349905572214,30.789570164253874,25.0,25.0,25.0,25.0
2025-12-26T11:49:31.186498,0.400,393.8929930866303,690.4292571251822,230.0,4142.613024741536,2000.0,2000.0,37.54169223751005,32.03335379000804,25.0,690.4292571251822,50.83384475020104,2000.0,2000.0,800.0,1,1,230.0,207.0,100.0,0.0,4142.613024741536,4153.083424919481,393.8929930866303,50.83384475020104,25.07261699788427,23.07261699788427,24.07261699788427,1.1655001815101067,0.0,1.1655001815101067,1238.7784336056577,1244.463935192389,758.2653442915574,755.5552793193337,49.55113734422631,49.77855740769556,30.330613771662296,30.22221117277335,25.0,25.0,25.0,25.0
2025-12-26T11:49:31.237053,0.450,393.26102242730246,766.7395044479406,230.0,4136.04005075344,2000.0,2000.0,37.804674950894686,32.24373996071575,25.0,766.7395044479406,56.09349901789378,2000.0,2000.0,800.0,1,1,230.0,207.0,100.0,0.0,4136.04005075344,4145.014230415977,393.26102242730246,56.093499017893784,25.096166212910305,23.096166212910305,24.096166212910305,1.1637091033580802,0.0,1.1637091033580802,1222.2289807371533,1229.0915883953653,760.4039520711584,774.7097826645044,48.88915922948613,49.163663535814614,30.416158082846337,30.988391306580176,25.0,25.0,25.0,25.0
2025-12-26T11:49:31.288041,0.500,392.6280909741696,842.9187509990301,230.0,4129.049826177301,2000.0,2000.0,38.06806348229244,32.45445078583395,25.0,842.9187509990301,61.36126964584878,2000.0,2000.0,800.0,1,1,230.0,207.0,100.0,0.0,4129.049826177301,4139.253487552259,392.6280909741696,61.36126964584878,25.12433573722696,23.12433573722696,24.12433573722696,1.1617113796461715,0.0,1.1617113796461715,1225.0744759158886,1237.2908316913852,759.4062556081778,779.3686003862284,49.002979036635544,49.49163326765541,30.376250224327116,31.174744015449136,25.0,25.0,25.0,25.0
2025-12-26T11:49:31.338475,0.550,391.99430095400726,918.9535362581203,230.0,4123.1156759557925,2000.0,2000.0,38.33181524478086,32.66545219582469,25.0,918.9535362581203,66.63630489561726,2000.0,2000.0,800.0,1,1,230.0,207.0,100.0,0.0,4123.1156759557925,4132.233789057402,391.99430095400726,66.63630489561726,25.157543532751212,23.157543532751212,24.157543532751212,1.1595083869095417,0.0,1.1595083869095417,1241.5232974789412,1240.3296181880607,760.1047844051493,775.9811315620019,49.660931899157646,49.61318472752243,30.404191376205972,31.039245262480076,25.0,25.0,25.0,25.0
2025-12-26T11:49:31.389114,0.600,391.35975508940413,994.8304993914725,230.0,4114.950579949568,2000.0,2000.0,38.59588744395709,32.87670995516567,25.0,994.8304993914725,71.91774887914174,2000.0,2000.0,800.0,1,1,230.0,207.0,100.0,0.0,4114.950579949568,4125.035401852841,391.35975508940413,71.91774887914174,25.19620744157098,23.19620744157098,24.19620744157098,1.1571016453397576,0.0,1.1571016453397576,1238.285231592045,1226.8774540320117,763.3794496502379,778.7620406421465,49.531409263681795,49.075098161280465,30.535177986009515,31.150481625685863,25.0,25.0,25.0,25.0
2025-12-26T11:49:31.439359,0.650,390.7245565343044,1070.5363885254524,230.0,4108.962193889968,2000.0,2000.0,38.86023710479148,33.088189683833185,25.0,1070.5363885254524,77.20474209582959,2000.0,2000.0,800.0,1,1,230.0,207.0,100.0,0.0,4108.962193889968,4119.621586360432,390.7245565343044,77.20474209582959,25.240744845019254,23.240744845019254,24.240744845019254,1.1544928165467407,0.0,1.1544928165467407,1229.4248073214987,1227.7064128810384,762.0028520181951,763.2966931482289,49.17699229285995,49.108256515241536,30.4801140807278,30.531867725929153,25.0,25.0,25.0,25.0
2025-12-26T11:49:31.490442,0.700,390.0888088090963,1146.058069859787,230.0,4102.3522245166705,2000.0,2000.0,39.12482109867092,33.29985687893674,25.0,1146.058069859787,82.49642197341838,2000.0,2000.0,800.0,1,1,230.0,207.0,100.0,0.0,4102.3522245166705,4112.555117487934,390.0888088090963,82.49642197341838,25.29157232230995,23.29157232230995,24.29157232230995,1.1516837011149748,0.0,1.1516837011149748,1239.388783909713,1239.886075578991,771.4763344757425,766.5631218512599,49.57555135638852,49.59544302315964,30.859053379029703,30.662524874050398,25.0,25.0,25.0,25.0
2025-12-26T11:49:31.546182,0.750,389.4526157353319,1221.3825366074884,230.0,4095.6981706721704,2000.0,2000.0,39.389596170596135,33.51167693647691,25.0,1221.3825366074884,87.79192341192271,2000.0,2000.0,800.0,1,1,230.0,207.0,100.0,0.0,4095.6981706721704,4104.508573829129,389.4526157353319,87.79192341192271,25.349105309246077,23.349105309246077,24.349105309246077,1.1486762359601341,0.0,1.1486762359601341,1238.5149823067359,1240.6362474333075,761.1457448283253,773.4788843154231,49.540599292269434,49.6254498973323,30.44582979313301,30.939155372616924,25.0,25.0,25.0,25.0
2025-12-26T11:49:31.597193,0.800,388.816081370165,1296.4969177487815,230.0,4088.7251231200717,2000.0,2000.0,39.65451896649733,33.723615173197864,25.0,1296.4969177487815,93.09037932994661,2000.0,2000.0,800.0,1,1,230.0,207.0,100.0,0.0,4088.7251231200717,4098.950145575466,388.816081370165,93.09037932994661,25.413757757510876,23.413757757510876,24.413757757510876,1.1454724914927938,0.0,1.1454724914927938,1231.0478422180631,1223.5139604226624,776.266918555849,780.646005799748,49.241913688722526,48.9405584169065,31.05067674223396,31.22584023198992,25.0,25.0,25.0,25.0
2025-12-26T11:49:31.650744,0.850,388.1793099405919,1371.3884865868622,230.0,4081.450499282567,2000.0,2000.0,39.919546060632214,33.93563684850577,25.0,1371.3884865868622,98.39092121264433,2000.0,2000.0,800.0,1,1,230.0,207.0,100.0,0.0,4081.450499282567,4091.752178241487,388.1793099405919,98.39092121264433,25.48594179505136,23.48594179505136,24.48594179505136,1.142074668596326,0.0,1.142074668596326,1233.3379726384144,1239.2649463251723,762.1394638998788,763.636348250429,49.33351890553658,49.570597853006895,30.48557855599515,30.54545393001716,25.0,25.0,25.0,25.0
2025-12-26T11:49:31.701755,0.900,387.54240577758276,1446.0446690937883,230.0,4074.6608389078115,2000.0,2000.0,40.18463398303054,34.14770718642443,25.0,1446.0446690937883,103.69267966061074,2000.0,2000.0,800.0,1,1,230.0,207.0,100.0,0.0,4074.6608389078115,4085.73063337757,387.54240577758276,103.69267966061075,25.56606738806123,23.56606738806123,24.56606738806123,1.138485095426522,0.0,1.138485095426522,1218.6585083067541,1222.5306240718287,777.5696527209271,771.1373774002099,48.746340332270165,48.901224962873144,31.102786108837083,30.845495096008396,25.0,25.0,25.0,25.0
2025-12-26T11:49:31.752166,0.950,386.9054732501879,1520.4530520353364,230.0,4069.3995045109555,2000.0,2000.0,40.44973924694919,34.359791397559356,25.0,1520.4530520353364,108.99478493898386,2000.0,2000.0,800.0,1,1,230.0,207.0,100.0,0.0,4069.3995045109555,4079.191890018574,386.9054732501879,108.99478493898387,25.654542005066446,23.654542005066446,24.654542005066446,1.1347062240408903,0.0,1.1347062240408903,1229.903970007131,1234.2496692889245,765.8715932228331,772.3965614328606,49.19615880028524,49.36998677155698,30.634863728913324,30.895862457314426,25.0,25.0,25.0,25.0
2025-12-26T11:49:31.802729,1.000,386.2686166997071,1594.601390864202,230.0,4062.5995863663434,2000.0,2000.0,40.714818376302205,34.57185470104176,25.0,1594.601390864202,114.29636752604404,2000.0,2000.0,800.0,1,1,230.0,207.0,100.0,0.0,4062.5995863663434,4072.077762635172,386.2686166997071,114.29636752604404,25.751770283611854,23.751770283611854,24.751770283611854,1.130740626865928,0.0,1.130740626865928,1232.5723125819695,1235.734896954725,773.1553655234297,772.3994897882058,49.30289250327878,49.429395878189,30.92621462093719,30.89597959152823,25.0,25.0,25.0,25.0
2025-12-26T11:49:31.853090,1.050,385.63194037400496,1668.4776173714804,230.0,4054.891663431561,2000.0,2000.0,40.97982793302991,34.78386234642392,25.0,1668.4776173714804,119.59655866059813,2000.0,2000.0,800.0,1,1,230.0,207.0,100.0,0.0,4054.891663431561,4066.2162261381454,385.63194037400496,119.59655866059813,25.85815370004117,23.85815370004117,24.85815370004117,1.1265909930110292,0.0,1.1265909930110292,1233.7533376191673,1228.1103494459012,763.680361987001,778.3185928120314,49.35013350476669,49.12441397783605,30.54721447948004,31.132743712481258,25.0,25.0,25.0,25.0
2025-12-26T11:49:31.903821,1.100,384.9955483620584,1742.0698470869684,230.0,4048.6863914990304,2000.0,2000.0,41.24472454437214,34.99577963549771,25.0,1742.0698470869684,124.89449088744277,2000.0,2000.0,800.0,1,1,230.0,207.0,100.0,0.0,4048.6863914990304,4058.5804749737877,384.9955483620584,124.89449088744277,25.974090242855304,23.974090242855304,24.974090242855304,1.1222601244379913,0.0,1.1222601244379913,1217.3035003586801,1232.6379305499315,771.4458646067433,770.5494979836136,48.6921400143472,49.30551722199726,30.85783458426973,30.821979919344546,25.0,25.0,25.0,25.0
2025-12-26T11:49:31.954368,1.150,384.35954452882066,1815.3663864194127,230.0,4042.8862576868382,2000.0,2000.0,41.50946493001041,35.20757194400832,25.0,1815.3663864194127,130.1892986002081,2000.0,2000.0,800.0,1,1,230.0,207.0,100.0,0.0,4042.8862576868382,4051.8466155626234,384.35954452882066,130.1892986002081,26.09997409012565,24.09997409012565,25.09997409012565,1.1177509319953456,0.0,1.1177509319953456,1223.6890672377508,1228.7374819190293,772.6961755911328,788.2350330778246,48.947562689510036,49.14949927676117,30.907847023645314,31.529401323112985,25.0,25.0,25.0,25.0
2025-12-26T11:49:32.011445,1.200,383.7240324504828,1888.3557395284663,230.0,4034.658577103037,2000.0,2000.0,41.77400592904453,35.41920474323562,25.0,1888.3557395284663,135.4801185808905,2000.0,2000.0,800.0,1,1,230.0,207.0,100.0,0.0,4034.658577103037,4044.6367932760472,383.7240324504828,135.4801185808905,26.236195291429443,24.236195291429443,25.236195291429443,1.113066431327002,0.0,1.113066431327002,1212.3068597704269,1214.65320563542,778.2955214574635,786.8400971042324,48.49227439081707,48.58612822541679,31.13182085829854,31.473603884169297,25.0,25.0,25.0,25.0
2025-12-26T11:49:32.062958,1.250,383.08911535021633,1961.0266149207546,230.0,4028.2772033046886,2000.0,2000.0,42.03830452676973,35.630643621415786,25.0,1961.0266149207546,140.76609053539454,2000.0,2000.0,800.0,1,1,230.0,207.0,100.0,0.0,4028.2772033046886,4038.0944711444427,383.08911535021633,140.76609053539454,26.383139454763654,24.383139454763654,25.383139454763654,1.1082097386648844,0.0,1.1082097386648844,1216.1014966871762,1229.7812297176142,788.3162068769751,786.401315996934,48.644059867487044,49.19124918870457,31.532648275079005,31.456052639877363,25.0,25.0,25.0,25.0
2025-12-26T11:49:32.114719,1.300,382.4548960344756,2033.3679317630747,230.0,4022.6739665844298,2000.0,2000.0,42.302317881220716,35.84185430497657,25.0,2033.3679317630747,146.04635762441427,2000.0,2000.0,800.0,1,1,230.0,207.0,100.0,0.0,4022.6739665844298,4031.4189637290447,382.4548960344756,146.04635762441427,26.541187438882268,24.541187438882268,25.541187438882268,1.1031840665154231,0.0,1.1031840665154231,1231.0191188288259,1212.5038562908046,780.8656609514882,769.2793123107442,49.24076475315303,48.50015425163218,31.23462643805953,30.77117249242977,25.0,25.0,25.0,25.0
2025-12-26T11:49:32.168237,1.350,381.82147682994076,2105.368825906433,230.0,4015.508176507099,2000.0,2000.0,42.56600334944987,36.052802679559896,25.0,2105.368825906433,151.32006698899735,2000.0,2000.0,800.0,1,1,230.0,207.0,100.0,0.0,4015.508176507099,4025.9957085972715,381.82147682994076,151.32006698899735,26.710715051489224,24.710715051489224,25.710715051489224,1.0979927192499,0.0,1.0979927192499,1213.6442368515607,1211.387864008954,788.3943269730125,776.7438234645069,48.545769474062425,48.45551456035816,31.535773078920503,31.069752938580276,25.0,25.0,25.0,25.0
2025-12-26T11:49:32.218705,1.400,381.1889595211759,2177.018655615285,230.0,4008.875034376959,2000.0,2000.0,42.82931851350745,36.26345481080596,25.0,2177.018655615285,156.58637027014902,2000.0,2000.0,800.0,1,1,230.0,207.0,100.0,0.0,4008.875034376959,4019.186453286679,381.1889595211759,156.58637027014902,26.892092753705665,24.892092753705665,25.892092753705665,1.092639088608749,0.0,1.092639088608749,1207.137386220837,1224.2524190707093,782.4420118301309,772.8599838733876,48.28549544883348,48.97009676282837,31.297680473205236,30.914399354935505,25.0,25.0,25.0,25.0
2025-12-26T11:49:32.269964,1.450,380.55744528907985,2248.307006996982,230.0,4001.821348424504,2000.0,2000.0,43.09222120609243,36.47377696487395,25.0,2248.307006996982,161.84442412184862,2000.0,2000.0,800.0,1,1,230.0,207.0,100.0,0.0,4001.821348424504,4012.5466301012543,380.55744528907985,161.84442412184862,27.08568537121571,25.08568537121571,26.08568537121571,1.087126649129987,0.0,1.087126649129987,1228.4018056547586,1221.8832483118433,788.894991448845,791.6289918051611,49.13607222619034,48.87532993247373,31.5557996579538,31.665159672206446,25.0,25.0,25.0,25.0
2025-12-26T11:49:32.320533,1.500,379.9270346502021,2319.223699127144,230.0,3995.9656464856025,2000.0,2000.0,43.35466953584338,36.683735628674704,25.0,2319.223699127144,167.0933907168676,2000.0,2000.0,800.0,1,1,230.0,207.0,100.0,0.0,3995.9656464856025,4005.683461330709,379.9270346502021,167.0933907168676,27.291851812479663,25.291851812479663,26.291851812479663,1.0814589535119892,0.0,1.0814589535119892,1209.250543609927,1227.4726820143503,778.8914366977053,785.4746962334001,48.370021744397086,49.09890728057401,31.155657467908213,31.418987849336006,25.0,25.0,25.0,25.0
2025-12-26T11:49:32.371588,1.550,379.297827396994,2389.758788867299,230.0,3988.9440802979584,2000.0,2000.0,43.61662191223974,36.89329752979179,25.0,2389.758788867299,172.33243824479467,2000.0,2000.0,800.0,1,1,230.0,207.0,100.0,0.0,3988.9440802979584,3999.552543916792,379.297827396994,172.33243824479467,27.51094479438749,25.51094479438749,26.51094479438749,1.0756396279208182,0.0,1.0756396279208182,1204.1354992039514,1215.2140011319862,782.9934795348189,777.7911413899504,48.165419968158055,48.60856004527945,31.319739181392755,31.111645655598018,25.0,25.0,25.0,25.0
2025-12-26T11:49:32.422260,1.600,378.6699225390672,2459.9025753718424,230.0,3982.770383300758,2000.0,2000.0,43.878037070084716,37.10242965606777,25.0,2459.9025753718424,177.5607414016943,2000.0,2000.0,800.0,1,1,230.0,207.0,100.0,0.0,3982.770383300758,3992.143174654101,378.6699225390672,177.5607414016943,27.74331057570851,25.74331057570851,26.74331057570851,1.0696723672522936,0.0,1.0696723672522936,1213.9059162632605,1214.9575332843829,785.8896538138357,788.7916273014979,48.556236650530415,48.59830133137531,31.43558615255343,31.551665092059917,25.0,25.0,25.0,25.0
2025-12-26T11:49:32.472964,1.650,378.0434182455218,2529.6456042819973,230.0,3976.2056201181827,2000.0,2000.0,44.13887409354207,37.31109927483366,25.0,2529.6456042819973,182.77748187084148,2000.0,2000.0,800.0,1,1,230.0,207.0,100.0,0.0,3976.2056201181827,3984.706942721284,378.0434182455218,182.77748187084148,27.989288698675814,25.989288698675814,26.989288698675814,1.063560930358928,0.0,1.063560930358928,1207.2543794131032,1223.344498257906,794.0846903716628,776.4712269404113,48.29017517652412,48.93377993031624,31.76338761486651,31.05884907761645,25.0,25.0,25.0,25.0
2025-12-26T11:49:32.523501,1.700,377.41841178841247,2598.9786716051344,230.0,3968.5861635310457,2000.0,2000.0,44.399092439699984,37.519273951759985,25.0,2598.9786716051344,187.98184879399963,2000.0,2000.0,800.0,1,1,230.0,207.0,100.0,0.0,3968.5861635310457,3977.85886604084,377.41841178841247,187.98184879399963,28.249211739025778,26.249211739025778,27.249211739025778,1.0573091352517545,0.0,1.0573091352517545,1199.6968059207481,1222.4983587916222,785.5236979692909,798.5052156732388,47.98787223682992,48.89993435166489,31.420947918771635,31.940208626929554,25.0,25.0,25.0,25.0
2025-12-26T11:49:32.574951,1.750,376.7949994874109,2667.892827278458,230.0,3963.244281299405,2000.0,2000.0,44.65865196163631,37.72692156930904,25.0,2667.892827278458,193.17303923272613,2000.0,2000.0,800.0,1,1,230.0,207.0,100.0,0.0,3963.244281299405,3971.977001105359,376.7949994874109,193.17303923272613,28.523405064794307,26.523405064794307,27.523405064794307,1.0509208542869612,0.0,1.0509208542869612,1201.1963605021488,1212.8874192145306,802.0777573216874,795.774471481959,48.047854420085955,48.51549676858122,32.083110292867495,31.83097885927836,25.0,25.0,25.0,25.0
2025-12-26T11:49:32.627348,1.800,376.17327665572634,2736.379378416697,230.0,3955.877762549736,2000.0,2000.0,44.91751293096081,37.93401034476865,25.0,2736.379378416697,198.3502586192162,2000.0,2000.0,800.0,1,1,230.0,207.0,100.0,0.0,3955.877762549736,3964.7518223943666,376.17327665572634,198.3502586192162,28.81218660415237,26.81218660415237,27.81218660415237,1.0444000093470827,0.0,1.0444000093470827,1197.7049423545038,1210.8917314012235,800.5343038009153,786.2085921485542,47.90819769418015,48.43566925604894,32.02137215203661,31.44834368594217,25.0,25.0,25.0,25.0
2025-12-26T11:49:32.678871,1.850,375.55333754733715,2804.429892244073,230.0,3948.3381881924006,2000.0,2000.0,45.17563605981071,38.140508847848565,25.0,2804.429892244073,203.51272119621413,2000.0,2000.0,800.0,1,1,230.0,207.0,100.0,0.0,3948.3381881924006,3959.9384719880777,375.55333754733715,203.51272119621413,29.115866622543724,27.115866622543724,28.115866622543724,1.0377505670263334,0.0,1.0377505670263334,1204.4031442645596,1211.2087515517592,802.6725788270498,790.835528467894,48.17612577058239,48.44835006207037,32.106903153081994,31.63342113871576,25.0,25.0,25.0,25.0
2025-12-26T11:49:32.729208,1.900,374.93527530559066,2872.0361987114347,230.0,3943.2026459506674,2000.0,2000.0,45.432982522277484,38.346386017821985,25.0,2872.0361987114347,208.6596504455497,2000.0,2000.0,800.0,1,1,230.0,207.0,100.0,0.0,3943.2026459506674,3952.681680153224,374.93527530559066,208.6596504455497,29.43474750936773,27.43474750936773,28.43474750936773,1.0309765338294512,0.0,1.0309765338294512,1203.156459797132,1213.6184625778237,789.2756927298284,805.2327203618688,48.12625839188527,48.544738503112946,31.571027709193135,32.20930881447475,25.0,25.0,25.0,25.0
2025-12-26T11:49:32.779798,1.950,374.3191819132179,2939.190392800042,230.0,3936.441793109729,2000.0,2000.0,45.6895139752438,38.55161118019504,25.0,2939.190392800042,213.79027950487588,2000.0,2000.0,800.0,1,1,230.0,207.0,100.0,0.0,3936.441793109729,3945.985370112574,374.3191819132179,213.79027950487588,29.769123574429972,27.769123574429972,28.769123574429972,1.0240819513931927,0.0,1.0240819513931927,1206.9465297967824,1216.8287813874063,802.1606037430498,806.7576980645902,48.277861191871295,48.67315125549625,32.08642414972199,32.270307922583605,25.0,25.0,25.0,25.0
2025-12-26T11:49:32.830291,2.000,373.70514814381386,3005.884836514064,230.0,3930.0233675572035,2000.0,2000.0,45.945192578610715,38.75615406288858,25.0,3005.884836514064,218.90385157221436,2000.0,2000.0,800.0,1,1,230.0,207.0,100.0,0.0,3930.0233675572035,3939.7601264584846,373.7051481438138,218.90385157221436,30.119280854362753,28.119280854362753,29.119280854362753,1.0170708917393776,0.0,1.0170708917393776,1203.6931301319262,1196.6835513128717,795.3925470886923,788.3880048613295,48.14772520527705,47.867342052514864,31.81570188354769,31.53552019445318,25.0,25.0,25.0,25.0
2025-12-26T11:49:32.880524,2.050,373.0932635148257,3072.112160564433,230.0,3924.274303986884,2000.0,2000.0,46.19998101489676,38.9599848119174,25.0,3072.112160564433,223.99962029793508,2000.0,2000.0,800.0,1,1,230.0,207.0,100.0,0.0,3924.274303986884,3932.501759022781,373.0932635148257,223.9996202979351,30.485496929196973,28.485496929196973,29.485496929196973,1.0099474525680858,0.0,1.0099474525680858,1199.6037705203187,1191.3631470293685,809.1916746699393,809.6039460137374,47.98415082081275,47.65452588117474,32.36766698679757,32.3841578405495,25.0,25.0,25.0,25.0
2025-12-26T11:49:32.931434,2.100,372.4836162420918,3137.8652657472294,230.0,3916.408127842808,2000.0,2000.0,46.45384250819129,39.16307400655303,25.0,3137.8652657472294,229.07685016382584,2000.0,2000.0,800.0,1,1,230.0,207.0,100.0,0.0,3916.408127842808,3926.3941463643923,372.4836162420918,229.07685016382584,30.868040749245928,28.868040749245928,29.868040749245928,1.0027157525993347,0.0,1.0027157525993347,1198.9900322565882,1190.0989097583383,805.0176970894628,803.8793512425107,47.95960129026353,47.60395639033353,32.20070788357851,32.15517404970043,25.0,25.0,25.0,25.0
2025-12-26T11:49:32.981909,2.150,371.876293195969,3203.1373240202943,230.0,3911.2644636505725,2000.0,2000.0,46.706740842446514,39.36539267395721,25.0,3203.1373240202943,234.13481684893026,2000.0,2000.0,800.0,1,1,230.0,207.0,100.0,0.0,3911.2644636505725,3920.1773959133334,371.876293195969,234.13481684893026,31.267172472440816,29.267172472440816,30.267172472440816,0.9953799269712387,0.0,0.9953799269712387,1189.470255498407,1187.3830064744257,805.5182555427555,800.123877976933,47.57881021993627,47.495320258977024,32.22073022171022,32.00495511907732,25.0,25.0,25.0,25.0
2025-12-26T11:49:33.032459,2.200,371.2713798590839,3267.921779282291,230.0,3904.046777024073,2000.0,2000.0,46.95864037909305,39.566912303274435,25.0,3267.921779282291,239.17280758186092,2000.0,2000.0,800.0,1,1,230.0,207.0,100.0,0.0,3904.046777024073,3915.0076310883665,371.2713798590839,239.17280758186092,31.683143312236773,29.683143312236773,30.683143312236773,0.9879441227023256,0.0,0.9879441227023256,1209.736184017249,1190.5754195336701,798.5182442157277,798.7852944878462,48.38944736068996,47.623016781346806,31.940729768629108,31.951411779513847,25.0,25.0,25.0,25.0
2025-12-26T11:49:33.084178,2.250,370.66896028574035,3332.2123478588924,230.0,3897.199315657679,2000.0,2000.0,47.2095060739659,39.76760485917272,25.0,3332.2123478588924,244.190121479318,2000.0,2000.0,800.0,1,1,230.0,207.0,100.0,0.0,3897.199315657679,3907.1000415596122,370.66896028574035,244.19012147931798,32.11619539618749,30.116195396187493,31.116195396187493,0.9804124942253406,0.0,0.9804124942253406,1196.218608885515,1188.248464385078,814.7285157789863,798.74285321904,47.8487443554206,47.52993857540312,32.58914063115945,31.9497141287616,25.0,25.0,25.0,25.0
2025-12-26T11:49:33.135282,2.300,370.06911706301224,3396.003018701242,230.0,3890.586019432134,2000.0,2000.0,47.45930349352857,39.96744279482286,25.0,3396.003018701242,249.1860698705715,2000.0,2000.0,800.0,1,1,230.0,207.0,100.0,0.0,3890.586019432134,3901.83518903717,370.06911706301224,249.18606987057146,32.56656163526577,30.56656163526577,31.56656163526577,0.97278919899951,0.0,0.97278919899951,1205.819872274414,1193.3037873144624,796.7603898543497,800.7715230138587,48.23279489097656,47.732151492578495,31.870415594173988,32.030860920554346,25.0,25.0,25.0,25.0
2025-12-26T11:49:33.185811,2.350,369.471931273547,3459.2880533022653,230.0,3885.4890077180653,2000.0,2000.0,47.70799883038456,40.166399064307654,25.0,3459.2880533022653,254.15997660769125,2000.0,2000.0,800.0,1,1,230.0,207.0,100.0,0.0,3885.4890077180653,3894.499423078071,369.471931273547,254.15997660769125,33.03446560398676,31.03446560398676,32.03446560398676,0.9650783932078625,0.0,0.9650783932078625,1190.2167259374078,1204.8108327794912,810.5188545607322,805.6687591901193,47.60866903749631,48.19243331117965,32.420754182429285,32.22675036760477,25.0,25.0,25.0,25.0
2025-12-26T11:49:33.236551,2.400,368.87748246010347,3522.061985336825,230.0,3879.569956601759,2000.0,2000.0,47.955558918066686,40.36444713445335,25.0,3522.061985336825,259.1111783613337,2000.0,2000.0,800.0,1,1,230.0,207.0,100.0,0.0,3879.569956601759,3887.995956154508,368.87748246010347,259.1111783613337,33.520121431370484,31.520121431370484,32.520121431370484,0.9572842275458338,0.0,0.9572842275458338,1182.3780756283486,1181.896197297193,818.3588519521333,815.3641557148294,47.29512302513394,47.27584789188773,32.73435407808533,32.614566228593176,25.0,25.0,25.0,25.0
2025-12-26T11:49:33.286663,2.450,368.28584859184286,3584.3196200320726,230.0,3872.954603680472,2000.0,2000.0,48.20195124509604,40.561560996076835,25.0,3584.3196200320726,264.03902490192087,2000.0,2000.0,800.0,1,1,230.0,207.0,100.0,0.0,3872.954603680472,3883.449265955158,368.28584859184286,264.03902490192087,34.02373370276011,32.02373370276011,33.02373370276011,0.9494108431069819,0.0,0.9494108431069819,1177.6896035775942,1181.0200877344823,806.5172859142883,804.9841752570426,47.10758414310377,47.24080350937929,32.260691436571534,32.199367010281705,25.0,25.0,25.0,25.0
2025-12-26T11:49:33.337463,2.500,367.69710603239065,3646.0560332747423,230.0,3866.795664361397,2000.0,2000.0,48.44714396830366,40.75771517464293,25.0,3646.0560332747423,268.94287936607327,2000.0,2000.0,800.0,1,1,230.0,207.0,100.0,0.0,3866.795664361397,3876.393557105995,367.69710603239065,268.94287936607327,34.545497372492704,32.545497372492704,33.545497372492704,0.9414623673712593,0.0,0.9414623673712593,1190.3882072486895,1176.937793784459,810.5999503332388,807.8817274210521,47.61552828994758,47.07751175137836,32.42399801332955,32.31526909684209,25.0,25.0,25.0,25.0
2025-12-26T11:49:33.388062,2.550,367.1113295096814,3707.266570462417,230.0,3860.044555824412,2000.0,2000.0,48.69110592540914,40.95288474032731,25.0,3707.266570462417,273.82211850818277,2000.0,2000.0,800.0,1,1,230.0,207.0,100.0,0.0,3860.044555824412,3870.247456312594,367.11132950968147,273.82211850818277,35.08559768740008,33.08559768740008,34.08559768740008,0.9334429103008755,0.0,0.9334429103008755,1182.138960882021,1191.1372122364344,807.8265784022938,815.2041174148097,47.28555843528084,47.64548848945737,32.31306313609175,32.60816469659239,25.0,25.0,25.0,25.0
2025-12-26T11:49:33.438389,2.600,366.5285920875988,3767.9468451061534,230.0,3853.692178620246,2000.0,2000.0,48.93380664685189,41.14704531748151,25.0,3767.9468451061534,278.6761329370378,2000.0,2000.0,800.0,1,1,230.0,207.0,100.0,0.0,3853.692178620246,3865.1243672166243,366.5285920875988,278.6761329370378,35.644210121098205,33.644210121098205,34.644210121098205,0.9253565605483928,0.0,0.9253565605483928,1173.5329142662754,1180.7502067301748,806.4735881371623,806.4806207329891,46.94131657065101,47.23000826920699,32.258943525486494,32.259224829319564,25.0,25.0,25.0,25.0
2025-12-26T11:49:33.488972,2.650,365.9489651394169,3828.0927371920843,230.0,3848.5897296185663,2000.0,2000.0,49.17521636687182,41.340173093497455,25.0,3828.0927371920843,283.5043273374364,2000.0,2000.0,800.0,1,1,230.0,207.0,100.0,0.0,3848.5897296185663,3857.304873295702,365.9489651394169,283.5043273374364,36.221500319005386,34.221500319005386,35.221500319005386,0.9172073817812884,0.0,0.9172073817812884,1175.5059994138126,1175.2540542452937,808.7931800866631,823.1309100161,47.0202399765525,47.01016216981175,32.351727203466524,32.925236400643996,25.0,25.0,25.0,25.0
2025-12-26T11:49:33.539640,2.700,365.37251832304867,3887.700391309888,230.0,3841.6045204494935,2000.0,2000.0,49.41530603383746,41.532244827069974,25.0,3887.700391309888,288.30612067674923,2000.0,2000.0,800.0,1,1,230.0,207.0,100.0,0.0,3841.6045204494935,3852.3246678038704,365.37251832304867,288.30612067674923,36.817624054011446,34.817624054011446,35.817624054011446,0.9089994091268152,0.0,0.9089994091268152,1182.0069291495408,1179.9016084558475,811.1554141649916,807.6842084914331,47.28027716598164,47.1960643382339,32.44621656659967,32.30736833965732,25.0,25.0,25.0,25.0
2025-12-26T11:49:33.592876,2.750,364.79931955810235,3946.7662145562554,230.0,3835.1723541994074,2000.0,2000.0,49.65404731982079,41.72323785585664,25.0,3946.7662145562554,293.08094639641587,2000.0,2000.0,800.0,1,1,230.0,207.0,100.0,0.0,3835.1723541994074,3846.241280890715,364.79931955810235,293.08094639641587,37.43272719270266,35.43272719270266,36.43272719270266,0.9007366457405915,0.0,0.9007366457405915,1178.2685882893136,1170.0440143168355,820.6895082119624,819.4206498898338,47.13074353157254,46.801760572673416,32.8275803284785,32.776825995593356,25.0,25.0,25.0,25.0
2025-12-26T11:49:33.643531,2.800,364.22943500474526,4005.2868742216388,230.0,3830.270734222732,2000.0,2000.0,49.89141262941919,41.91313010353536,25.0,4005.2868742216388,297.8282525883839,2000.0,2000.0,800.0,1,1,230.0,207.0,100.0,0.0,3830.270734222732,3840.8696523138033,364.22943500474526,297.8282525883839,38.06694567203049,36.06694567203049,37.06694567203049,0.892423059501952,0.0,0.892423059501952,1177.0218644969068,1182.14703514279,825.403262752409,816.5086798197642,47.08087457987627,47.2858814057116,33.01613051009636,32.66034719279057,25.0,25.0,25.0,25.0
2025-12-26T11:49:33.694331,2.850,363.6629290443718,4063.2592952687974,230.0,3824.868050561318,2000.0,2000.0,50.12737510782605,42.10190008626084,25.0,4063.2592952687974,302.547502156521,2000.0,2000.0,800.0,1,1,230.0,207.0,100.0,0.0,3824.868050561318,3833.4148072298995,363.6629290443718,302.547502156521,38.72040548629591,36.72040548629591,37.72040548629591,0.8840625798386945,0.0,0.8840625798386945,1178.582738400554,1170.232824438455,818.0163492273439,830.4473370925544,47.143309536022166,46.8093129775382,32.72065396909375,33.21789348370218,25.0,25.0,25.0,25.0
2025-12-26T11:49:33.744907,2.900,363.09986426206797,4120.6806576117515,230.0,3817.6064063860963,2000.0,2000.0,50.36190864815264,42.289526918522114,25.0,4120.6806576117515,307.2381729630529,2000.0,2000.0,800.0,1,1,230.0,207.0,100.0,0.0,3817.6064063860963,3827.3682497437044,363.09986426206797,307.2381729630529,39.3932226843054,37.3932226843054,38.3932226843054,0.8756590946834746,0.0,0.8756590946834746,1162.804418571759,1177.4133525819648,816.0270777771581,824.4604181376042,46.51217674287036,47.09653410327859,32.641083111086324,32.97841672550417,25.0,25.0,25.0,25.0
2025-12-26T11:49:33.795396,2.950,362.5403014308645,4177.548393203906,230.0,3812.6182512424552,2000.0,2000.0,50.59498789800518,42.47599031840414,25.0,4177.548393203906,311.8997579601036,2000.0,2000.0,800.0,1,1,230.0,207.0,100.0,0.0,3812.6182512424552,3822.468473357768,362.5403014308645,311.8997579601036,40.085503376539975,38.085503376539975,39.085503376539975,0.867216447563713,0.0,0.867216447563713,1182.3175841011323,1178.0891167887396,829.4871713596594,828.6369429968188,47.29270336404529,47.12356467154959,33.179486854386376,33.14547771987275,25.0,25.0,25.0,25.0
2025-12-26T11:49:33.845910,3.000,361.98429949776585,4233.860182944203,230.0,3806.170418795348,2000.0,2000.0,50.826588265321625,42.6612706122573,25.0,4233.860182944203,316.53176530643253,2000.0,2000.0,800.0,1,1,230.0,207.0,100.0,0.0,3806.170418795348,3816.8743149937122,361.98429949776585,316.53176530643253,40.79734375216418,38.79734375216418,39.79734375216418,0.858738434826508,0.0,0.858738434826508,1174.5308898118744,1178.7628647962367,838.2101944589374,839.1775674743459,46.981235592474974,47.150514591849465,33.5284077783575,33.567102698973834,25.0,25.0,25.0,25.0
2025-12-26T11:49:33.896422,3.050,361.4319155715433,4289.6139534102185,230.0,3801.0714179222873,2000.0,2000.0,51.05668592347428,42.84534873877942,25.0,4289.6139534102185,321.1337184694855,2000.0,2000.0,800.0,1,1,230.0,207.0,100.0,0.0,3801.0714179222873,3811.0517609300014,361.4319155715433,321.1337184694855,41.528830105688506,39.528830105688506,40.528830105688506,0.8502288029996823,0.0,0.8502288029996823,1161.7806808242674,1159.5540057276899,818.2356068101266,839.1492220561112,46.4712272329707,46.3821602291076,32.72942427240506,33.56596888224445,25.0,25.0,25.0,25.0
2025-12-26T11:49:33.947164,3.100,360.8832049122726,4344.807873427193,230.0,3795.5030944162363,2000.0,2000.0,51.28525781564473,43.02820625251578,25.0,4344.807873427193,325.70515631289453,2000.0,2000.0,800.0,1,1,230.0,207.0,100.0,0.0,3795.5030944162363,3805.153482388967,360.8832049122726,325.70515631289453,42.2800388730858,40.2800388730858,41.2800388730858,0.8416912462897324,0.0,0.8416912462897324,1171.723530643497,1167.382033106087,842.9146579399104,820.1778761199822,46.86894122573988,46.695281324243474,33.716586317596416,32.80711504479929,25.0,25.0,25.0,25.0
2025-12-26T11:49:33.997517,3.150,360.33822092260056,4399.440350481991,230.0,3788.250681627122,2000.0,2000.0,51.51228165847917,43.20982532678333,25.0,4399.440350481991,330.2456331695833,2000.0,2000.0,800.0,1,1,230.0,207.0,100.0,0.0,3788.250681627122,3799.8174072499173,360.33822092260056,330.2456331695833,43.05103667715025,41.05103667715025,42.05103667715025,0.8331294042171156,0.0,0.8331294042171156,1164.779089303247,1162.4334375261003,845.0763343018726,840.081658716054,46.59116357212988,46.49733750104401,33.803053372074906,33.60326634864216,25.0,25.0,25.0,25.0
2025-12-26T11:49:34.048596,3.200,359.7970151407176,4453.510026991013,230.0,3783.9270244907193,2000.0,2000.0,51.737735945032426,43.39018875602594,25.0,4453.510026991013,334.7547189006485,2000.0,2000.0,800.0,1,1,230.0,207.0,100.0,0.0,3783.9270244907193,3794.2946040804277,359.7970151407176,334.7547189006485,43.84188038187599,41.84188038187599,42.84188038187599,0.8245468593889616,0.0,0.8245468593889616,1170.7432928951316,1171.353547435857,823.6007135208417,828.2435665408764,46.829731715805266,46.85414189743428,32.94402854083367,33.129742661635056,25.0,25.0,25.0,25.0
2025-12-26T11:49:34.099616,3.250,359.25963723501513,4507.01577643104,230.0,3776.7512791631043,2000.0,2000.0,51.9615999470105,43.5692799576084,25.0,4507.01577643104,339.23199894021,2000.0,2000.0,800.0,1,1,230.0,207.0,100.0,0.0,3776.7512791631043,3787.6133910298436,359.25963723501513,339.23199894021,44.65261715562188,42.65261715562188,43.65261715562188,0.8159471354089897,0.0,0.8159471354089897,1167.5966220327102,1158.7088639920335,825.1235333278689,848.1374285133303,46.70386488130841,46.34835455968134,33.00494133311476,33.92549714053321,25.0,25.0,25.0,25.0
2025-12-26T11:49:34.150311,3.300,358.7261350004017,4559.956699341994,230.0,3772.214907794897,2000.0,2000.0,52.18385371632172,43.747082973057374,25.0,4559.956699341994,343.67707432643437,2000.0,2000.0,800.0,1,1,230.0,207.0,100.0,0.0,3772.214907794897,3782.178681192108,358.7261350004017,343.67707432643437,45.483284542819206,43.483284542819206,44.483284542819206,0.8073336949240949,0.0,0.8073336949240949,1170.0052794300937,1169.1600455228302,839.2555212687442,829.3707810803575,46.80021117720374,46.7664018209132,33.57022085074977,33.1748312432143,25.0,25.0,25.0,25.0
2025-12-26T11:49:34.202212,3.350,358.196554356251,4612.332119210497,230.0,3765.613005558123,2000.0,2000.0,52.40447808594779,43.923582468758234,25.0,4612.332119210497,348.0895617189558,2000.0,2000.0,800.0,1,1,230.0,207.0,100.0,0.0,3765.613005558123,3776.850745165136,358.19655435625106,348.0895617189558,46.3339105439697,44.3339105439697,45.3339105439697,0.7987099378067763,0.0,0.7987099378067763,1163.8907264152595,1153.4407400706557,834.6805625786343,831.0002352358035,46.55562905661038,46.13762960282623,33.387222503145374,33.24000940943214,25.0,25.0,25.0,25.0
2025-12-26T11:49:34.253201,3.400,357.67093934595493,4664.1415782431,230.0,3761.5587389427023,2000.0,2000.0,52.62345467014664,44.098763736117306,25.0,4664.1415782431,352.46909340293274,2000.0,2000.0,800.0,1,1,230.0,207.0,100.0,0.0,3761.5587389427023,3770.752510590049,357.67093934595493,352.46909340293274,47.20451370367336,45.20451370367336,46.20451370367336,0.7900791994722994,0.0,0.7900791994722994,1163.2132154099972,1161.3190853696917,848.0140031509695,836.1234671597517,46.52852861639989,46.45276341478767,33.92056012603878,33.44493868639007,25.0,25.0,25.0,25.0
2025-12-26T11:49:34.303693,3.450,357.1493321380489,4715.384833037881,230.0,3755.671092731918,2000.0,2000.0,52.84076586399948,44.27261269119958,25.0,4715.384833037881,356.8153172799895,2000.0,2000.0,800.0,1,1,230.0,207.0,100.0,0.0,3755.671092731918,3765.9650904799137,357.1493321380489,356.8153172799895,48.095103206417555,46.095103206417555,47.095103206417555,0.7814447493292184,0.0,0.7814447493292184,1155.6663654556135,1164.9729822993334,849.838315540552,843.5029788334189,46.226654618224536,46.59891929197334,33.99353262162208,33.74011915333676,25.0,25.0,25.0,25.0
2025-12-26T11:49:34.354373,3.500,358.40073610905563,4762.937055258843,220.6506355093841,3768.513966359621,1979.6752945856176,1979.6752945856176,52.31931153634021,43.85544922907217,25.0,4762.937055258843,346.38623072680423,1979.6752945856176,1979.6752945856176,800.0,1,1,220.6506355093841,198.58557195844568,95.93505891712351,0.0,3768.513966359621,3778.506848326778,358.40073610905563,346.38623072680423,48.92749493787684,46.92749493787684,47.92749493787684,0.7251575748324994,0.0,0.7251575748324994,1144.9030189468037,1132.7118048763123,854.705871933942,854.408870524254,45.79612075787215,45.308472195052495,34.18823487735768,34.17635482097016,25.0,25.0,25.0,25.0
2025-12-26T11:49:34.404904,3.550,360.4726423545262,4805.856911896853,208.3793377386747,3790.744931586906,1952.9985603014666,1952.9985603014666,51.45596327456549,43.16477061965239,25.0,4805.856911896853,329.11926549130976,1952.9985603014666,1952.9985603014666,800.0,1,1,208.3793377386747,187.54140396480724,90.59971206029334,0.0,3790.744931586906,3800.4739324920984,360.4726423545262,329.11926549130976,49.66939881927874,47.66939881927874,48.66939881927874,0.6545153454060302,0.0,0.6545153454060302,1118.7335294736495,1121.4896760386882,865.9910385041934,863.5982079564398,44.749341178945976,44.85958704154753,34.63964154016774,34.54392831825759,25.0,25.0,25.0,25.0
2025-12-26T11:49:34.455507,3.600,362.4624807662324,4844.591096651636,197.3034654348775,3812.1414921578507,1928.9205770323424,1928.9205770323424,50.62679266913839,42.50143413531072,25.0,4844.591096651636,312.5358533827678,1928.9205770323424,1928.9205770323424,800.0,1,1,197.3034654348775,177.57311889138975,85.78411540646847,0.0,3812.1414921578507,3822.0531529981686,362.4624807662324,312.5358533827678,50.32877469664856,48.32877469664856,49.32877469664856,0.5906850651347694,0.0,0.5906850651347694,1128.7766336459988,1110.772176607793,891.959682834655,884.3550883027569,45.15106534583995,44.43088706431172,35.6783873133862,35.37420353211028,25.0,25.0,25.0,25.0
2025-12-26T11:49:34.506123,3.650,364.2787427514823,4879.544082586723,187.3077450914006,3829.967629428855,1907.190750198697,1907.190750198697,49.86992980675841,41.89594384540673,25.0,4879.544082586723,297.39859613516813,1907.190750198697,1907.190750198697,800.0,1,1,187.3077450914006,168.57697058226054,81.43815003973938,0.0,3829.967629428855,3840.858637400784,364.2787427514823,297.39859613516813,50.916451500905374,48.916451500905374,49.916451500905374,0.5330228815819507,0.0,0.5330228815819507,1104.8170114591594,1106.3737023252365,900.643404273953,898.2532961869452,44.192680458366375,44.25494809300946,36.02573617095812,35.93013184747781,25.0,25.0,25.0,25.0
2025-12-26T11:49:34.557308,3.700,365.92552916256057,4911.081952886652,178.28779863355038,3848.110630818578,1887.5821709425009,1887.5821709425009,49.18366746981792,41.346933975854334,25.0,4911.081952886652,283.67334939635833,1887.5821709425009,1887.5821709425009,800.0,1,1,178.28779863355038,160.45901877019534,77.51643418850016,0.0,3848.110630818578,3858.7223009196646,365.92552916256057,283.67334939635833,51.44209896820714,49.44209896820714,50.44209896820714,0.48094336024526707,0.0,0.48094336024526707,1092.4172820676408,1095.7723451002182,908.795540347388,909.6428708989616,43.696691282705636,43.83089380400873,36.351821613895524,36.38571483595847,25.0,25.0,25.0,25.0
2025-12-26T11:49:34.607834,3.750,367.41667497570535,4939.535914314306,170.14915485564,3864.3539121309377,1869.8894670774782,1869.8894670774782,48.5622424356615,40.8497939485292,25.0,4939.535914314306,271.24484871323,1869.8894670774782,1869.8894670774782,800.0,1,1,170.14915485564,153.13423937007602,73.97789341549566,0.0,3864.3539121309377,3873.4280682758526,367.41667497570535,271.24484871323,51.91401871216083,49.91401871216083,50.91401871216083,0.4339146458261418,0.0,0.4339146458261418,1077.5029018134549,1075.429055994185,902.4826187546399,924.3912254238918,43.10011607253819,43.0171622397674,36.099304750185595,36.97564901695567,25.0,25.0,25.0,25.0
2025-12-26T11:49:34.658444,3.800,368.76604939294856,4965.205513751303,162.80634274030854,3877.4403246918337,1853.926832044149,1853.926832044149,47.99987710051959,40.399901680415674,25.0,4965.205513751303,259.99754201039184,1853.926832044149,1853.926832044149,800.0,1,1,162.80634274030854,146.52570846627768,70.7853664088298,0.0,3877.4403246918337,3887.4701127266467,368.76604939294856,259.99754201039184,52.33931232794318,50.33931232794318,51.33931232794318,0.39145393433262954,0.0,0.39145393433262954,1089.315090565518,1077.7015076091757,913.6097137282867,929.5054220888444,43.57260362262072,43.10806030436703,36.54438854913147,37.180216883553776,25.0,25.0,25.0,25.0
2025-12-26T11:49:34.708978,3.850,369.9865484588691,4988.361578134629,156.1820614000483,3890.5202718396044,1839.5262204348876,1839.5262204348876,47.49119923097318,39.992959384778544,25.0,4988.361578134629,249.8239846194636,1839.5262204348876,1839.5262204348876,800.0,1,1,156.1820614000483,140.56385526004348,67.90524408697752,0.0,3890.5202718396044,3899.5955841694586,369.9865484588691,249.8239846194636,52.72405958497277,50.72405958497277,51.72405958497277,0.3531232549522277,0.0,0.3531232549522277,1069.4640035098676,1068.246632589034,924.3890919467251,933.4774027336197,42.7785601403947,42.72986530356136,36.975563677869005,37.33909610934479,25.0,25.0,25.0,25.0
2025-12-26T11:49:34.760183,3.900,371.0900328108244,5009.248897702495,150.20642139893297,3901.262280664748,1826.5356986933325,1826.5356986933325,47.03126791034308,39.62501432827447,25.0,5009.248897702495,240.62535820686165,1826.5356986933325,1826.5356986933325,800.0,1,1,150.20642139893297,135.1857792590397,65.3071397386665,0.0,3901.262280664748,3911.8459534432454,371.0900328108244,240.62535820686168,53.07347313778675,51.07347313778675,52.07347313778675,0.318525555592403,0.0,0.318525555592403,1053.5439963938904,1066.5521260012963,924.3742767056718,940.637347801349,42.141759855755616,42.662085040051856,36.97497106822687,37.62549391205396,25.0,25.0,25.0,25.0
2025-12-26T11:49:34.810666,3.950,372.0873706414847,5028.088671820953,144.8162523158094,3912.7483980778447,1814.817939816977,1814.817939816977,46.61555564624712,39.29244451699769,25.0,5028.088671820953,232.3111129249423,1814.817939816977,1814.817939816977,800.0,1,1,144.8162523158094,130.33462708422846,62.9635879633954,0.0,3912.7483980778447,3922.603017089073,372.08737064148465,232.31111292494228,53.39202988681272,51.39202988681272,52.39202988681272,0.2873010823058869,0.0,0.2873010823058869,1047.936946309617,1065.0616651653647,935.3842618049246,953.9757629247898,41.91747785238468,42.60246660661459,37.41537047219698,38.15903051699159,25.0,25.0,25.0,25.0
2025-12-26T11:49:34.860835,4.000,372.98849626064936,5045.080735851255,139.95447157575856,3922.210624639599,1804.248851251649,1804.248851251649,46.239923977947875,38.991939182358294,25.0,5045.080735851255,224.79847955895744,1804.248851251649,1804.248851251649,800.0,1,1,139.95447157575856,125.95902441818271,60.849770250329804,0.0,3922.210624639599,3931.6582751304018,372.98849626064936,224.79847955895744,53.683582053760055,51.683582053760055,52.683582053760055,0.25912404022583574,0.0,0.25912404022583574,1052.3764932623812,1060.2698591717947,938.0950981522795,941.3747546730907,42.09505973049525,42.41079436687179,37.52380392609118,37.65499018692363,25.0,25.0,25.0,25.0
2025-12-26T11:49:34.911372,4.050,373.80247251116987,5060.405586593284,135.56950978604684,3931.2113395834535,1794.716325621841,1794.716325621841,45.90059747728162,38.7204779818253,25.0,5060.405586593284,218.0119495456324,1794.716325621841,1794.716325621841,800.0,1,1,135.56950978604684,122.01255880744216,58.943265124368196,0.0,3931.2113395834535,3941.3102567513884,373.80247251116987,218.01194954563238,53.951450961223685,51.951450961223685,52.951450961223685,0.23369952190922358,0.0,0.23369952190922358,1057.518407045972,1041.915446286179,954.7315277339541,960.0252441873955,42.30073628183888,41.67661785144716,38.18926110935816,38.40100976749582,25.0,25.0,25.0,25.0
2025-12-26T11:49:34.961973,4.100,374.53755380382967,5074.226222846995,131.61478805141843,3938.477205758113,1786.1191044596053,1786.1191044596053,45.594137491140955,38.47530999291276,25.0,5074.226222846995,211.8827498228191,1786.1191044596053,1786.1191044596053,800.0,1,1,131.61478805141843,118.45330924627659,57.22382089192106,0.0,3938.477205758113,3948.1770667813207,374.53755380382967,211.8827498228191,54.19850615400768,52.19850615400768,53.19850615400768,0.21076068794036198,0.0,0.21076068794036198,1038.077987939008,1030.0681242552096,954.5636897926724,968.9645177503481,41.52311951756032,41.202724970208386,38.1825475917069,38.75858071001392,25.0,25.0,25.0,25.0
2025-12-26T11:49:35.012522,4.150,375.2012480345998,5086.68981660654,128.04824299991952,3944.9013708888006,1778.365745651999,1778.365745651999,45.31741634909718,38.25393307927774,25.0,5086.68981660654,206.34832698194356,1778.365745651999,1778.365745651999,800.0,1,1,128.04824299991952,115.24341869992757,55.67314913039979,0.0,3944.9013708888006,3955.3645712628118,375.2012480345998,206.34832698194356,54.427232142337644,52.427232142337644,53.427232142337644,0.19006618412850487,0.0,0.19006618412850487,1028.4371321756353,1029.7549746597617,970.5324791039299,961.1489498761267,41.13748528702541,41.19019898639047,38.821299164157196,38.44595799504507,25.0,25.0,25.0,25.0
2025-12-26T11:49:35.065448,4.200,375.80037628882985,5097.929229367021,124.83189551555095,3950.8733267809266,1771.3736859033716,1771.3736859033716,45.067592492614764,38.05407399409181,25.0,5097.929229367021,201.3518498522953,1771.3736859033716,1771.3736859033716,800.0,1,1,124.83189551555095,112.34870596399585,54.27473718067432,0.0,3950.8733267809266,3961.6862607339885,375.80037628882985,201.3518498522953,54.63978471869807,52.63978471869807,53.63978471869807,0.17139777952037827,0.0,0.17139777952037827,1025.999616224665,1041.2492826654775,973.6237209252579,959.7826617356629,41.039984648986604,41.6499713066191,38.944948837010315,38.39130646942652,25.0,25.0,25.0,25.0
2025-12-26T11:49:35.116010,4.250,376.34112965159966,5108.06438700165,121.93145944106224,3956.7952124980475,1765.0683900892657,1765.0683900892657,44.842086809539026,37.87366944763122,25.0,5108.06438700165,196.84173619078055,1765.0683900892657,1765.0683900892657,800.0,1,1,121.93145944106224,109.73831349695602,53.013678017853145,0.0,3956.7952124980475,3966.6005670614672,376.34112965159966,196.84173619078055,54.83803850740153,52.83803850740153,53.83803850740153,0.1545582096399403,0.0,0.1545582096399403,1023.6721255217642,1040.8049475126431,977.9725464479642,959.6203779445494,40.94688502087057,41.63219790050572,39.118901857918566,38.384815117781976,25.0,25.0,25.0,25.0
2025-12-26T11:49:35.166627,4.300,376.8291227317261,5117.203525672169,119.3159867779828,3962.0046542677883,1759.3825799521364,1759.3825799521364,44.6385603374299,37.71084826994392,25.0,5117.203525672169,192.77120674859796,1759.3825799521364,1759.3825799521364,800.0,1,1,119.3159867779828,107.38438810018452,51.87651599042731,0.0,3962.0046542677883,3972.04910181206,376.8291227317261,192.77120674859796,55.02362715002232,53.02362715002232,54.02362715002232,0.13936920978321587,0.0,0.13936920978321587,1019.2876720799868,1026.3189175728237,970.3202733692356,973.9339813561049,40.77150688319947,41.05275670291295,38.81281093476942,38.957359254244196,25.0,25.0,25.0,25.0
2025-12-26T11:49:35.217260,4.350,377.2694437084343,5125.444320278222,116.95754616772884,3967.0699185478397,1754.2555351472365,1754.2555351472365,44.45489341535079,37.56391473228063,25.0,5125.444320278222,189.09786830701574,1754.2555351472365,1754.2555351472365,800.0,1,1,116.95754616772884,105.26179155095595,50.85110702944732,0.0,3967.0699185478397,3977.492502485265,377.2694437084343,189.09786830701574,55.19797730878703,53.19797730878703,54.19797730878703,0.12566972377126254,0.0,0.12566972377126254,1023.4309381437413,1015.6623269735627,986.3647854964007,984.7729871969424,40.93723752574965,40.62649307894251,39.45459141985603,39.390919487877696,25.0,25.0,25.0,25.0
2025-12-26T11:49:35.267799,4.400,377.6667008496252,5132.874906038994,114.83093168464055,3970.6469010442665,1749.6324601840013,1749.6324601840013,44.28916630542246,37.43133304433797,25.0,5132.874906038994,185.78332610844922,1749.6324601840013,1749.6324601840013,800.0,1,1,114.83093168464055,103.3478385161765,49.92649203680024,0.0,3970.6469010442665,3980.9318475524124,377.6667008496252,185.78332610844922,55.36233748094343,53.36233748094343,54.36233748094343,0.11331427424838152,0.0,0.11331427424838152,1029.7756693453873,1031.4070633405772,988.7082002921949,966.7002121994364,41.191026773815494,41.25628253362309,39.54832801168779,38.66800848797745,25.0,25.0,25.0,25.0
2025-12-26T11:49:35.318340,4.450,378.02506554650415,5139.57480293749,112.91339920724089,3975.4588094354594,1745.463911320089,1745.463911320089,44.139641265519124,37.3117130124153,25.0,5139.57480293749,182.79282531038243,1745.463911320089,1745.463911320089,800.0,1,1,112.91339920724089,101.6220592865168,49.09278226401778,0.0,3975.4588094354594,3986.1312360856414,378.02506554650415,182.79282531038243,55.51780245655241,53.51780245655241,54.51780245655241,0.10217148136559061,0.0,0.10217148136559061,1016.1043986938996,1019.2525635769982,975.5747435202618,985.6922521455364,40.64417594775598,40.77010254307993,39.02298974081047,39.42769008582145,25.0,25.0,25.0,25.0
2025-12-26T11:49:35.368767,4.500,378.34831197352605,5145.615751946712,111.1844278567021,3977.9043793443916,1741.7052779493524,1741.7052779493524,44.00474602773873,37.20379682219098,25.0,5145.615751946712,180.0949205547746,1741.7052779493524,1741.7052779493524,800.0,1,1,111.1844278567021,100.06598507103189,48.34105558987048,0.0,3977.9043793443916,3987.720971790027,378.34831197352605,180.0949205547746,55.665334116510735,53.665334116510735,54.665334116510735,0.09212271748014646,0.0,0.09212271748014646,1016.4821546455933,1018.140652056435,973.3163905771411,980.5248491315454,40.65928618582373,40.7256260822574,38.932655623085644,39.22099396526181,25.0,25.0,25.0,25.0
2025-12-26T11:49:35.419274,4.550,378.6398535240484,5151.062471198654,109.62550420082363,3981.6192617873035,1738.3163134800513,1738.3163134800513,43.88305862001218,37.10644689600974,25.0,5151.062471198654,177.66117240024363,1738.3163134800513,1738.3163134800513,800.0,1,1,109.62550420082363,98.66295378074126,47.66326269601027,0.0,3981.6192617873035,3991.133353617803,378.6398535240484,177.66117240024363,55.805779153518365,53.805779153518365,54.805779153518365,0.08306088630680498,0.0,0.08306088630680498,1028.913592375751,1015.4246182759664,974.6841796968669,975.0645614055529,41.156543695030045,40.616984731038656,38.987367187874675,39.002582456222115,25.0,25.0,25.0,25.0
2025-12-26T11:49:35.469895,4.600,378.9027761971942,5155.973339551238,108.2199271175184,3984.6448499189855,1735.26071112504,1735.26071112504,43.773293457751635,37.0186347662013,25.0,5155.973339551238,175.4658691550326,1735.26071112504,1735.26071112504,800.0,1,1,108.2199271175184,97.39793440576656,47.052142225008,0.0,3984.6448499189855,3993.7542410757815,378.9027761971942,175.4658691550326,55.93988420303796,53.93988420303796,54.93988420303796,0.0748893157576031,0.0,0.0748893157576031,1011.6249804404785,1024.0766242642028,984.1751200329318,980.6533457759324,40.46499921761914,40.96306497056811,39.36700480131727,39.226133831037295,25.0,25.0,25.0,25.0
2025-12-26T11:49:35.520869,4.650,379.1398691248691,5160.401014353951,106.95263139393919,3986.970385376321,1732.5057204216068,1732.5057204216068,43.67428862683666,36.93943090146933,25.0,5160.401014353951,173.48577253673324,1732.5057204216068,1732.5057204216068,800.0,1,1,106.95263139393919,96.25736825454527,46.50114408432138,0.0,3986.970385376321,3997.474859550925,379.1398691248691,173.48577253673324,56.06830879127449,54.06830879127449,55.06830879127449,0.06752075449097568,0.0,0.06752075449097568,1009.9106666187008,1024.1681063053447,982.8861193905288,984.6240483481317,40.396426664748034,40.96672425221379,39.31544477562115,39.38496193392527,25.0,25.0,25.0,25.0
2025-12-26T11:49:35.575971,4.700,379.35365243303056,5164.39298960819,105.81002830625417,3988.6428726749323,1730.02180066577,1730.02180066577,43.584994277086686,36.86799542166935,25.0,5164.39298960819,171.69988554173366,1730.02180066577,1730.02180066577,800.0,1,1,105.81002830625417,95.22902547562876,46.00436013315399,0.0,3988.6428726749323,3998.434524038252,379.35365243303056,171.69988554173366,56.19163644039222,54.19163644039222,55.19163644039222,0.060876462948547455,0.0,0.060876462948547455,1016.1679500854285,1006.655604549495,992.0469763401771,991.6755053659408,40.64671800341714,40.2662241819798,39.681879053607084,39.66702021463763,25.0,25.0,25.0,25.0
2025-12-26T11:49:35.626515,4.750,379.5464026306654,5167.992100161151,104.77986158112304,3992.167285618504,1727.78230778505,1727.78230778505,43.50446204563464,36.80356963650771,25.0,5167.992100161151,170.08924091269276,1727.78230778505,1727.78230778505,800.0,1,1,104.77986158112304,94.30187542301074,45.55646155701002,0.0,3992.167285618504,4001.9932857659005,379.5464026306654,170.08924091269276,56.310384215477114,54.310384215477114,55.310384215477114,0.05488539038221133,0.0,0.05488539038221133,1013.8702711150421,999.6896838857035,997.2863854817847,980.2869393189579,40.55481084460168,39.98758735542814,39.89145541927139,39.21147757275832,25.0,25.0,25.0,25.0
2025-12-26T11:49:35.677135,4.800,379.72017571529227,5171.236977059887,103.85107728372766,3992.2974043759914,1725.7632114863645,1725.7632114863645,43.43183543154808,36.745468345238464,25.0,5171.236977059887,168.63670863096164,1725.7632114863645,1725.7632114863645,800.0,1,1,103.85107728372766,93.4659695553549,45.1526422972729,0.0,3992.2974043759914,4003.890371890357,379.72017571529227,168.63670863096164,56.425010951340546,54.425010951340546,55.425010951340546,0.049483430061029766,0.0,0.049483430061029766,1001.7755620920461,1015.1005606235719,994.2338998443524,987.3063295854182,40.071022483681844,40.604022424942876,39.7693559937741,39.49225318341673,25.0,25.0,25.0,25.0
2025-12-26T11:49:35.728473,4.850,379.8768281765059,5174.162458722443,103.0137063093774,3993.845207987234,1723.9428398029943,1723.9428398029943,43.36634104608405,36.693072836867245,25.0,5174.162458722443,167.32682092168102,1723.9428398029943,1723.9428398029943,800.0,1,1,103.0137063093774,92.71233567843966,44.78856796059887,0.0,3993.845207987234,4005.2706659384808,379.8768281765059,167.32682092168102,56.5359243586143,54.5359243586143,55.5359243586143,0.04461274549438262,0.0,0.04461274549438262,1000.4601632634932,997.9084672609742,1001.7517761097897,992.0047153693512,40.01840653053973,39.91633869043897,40.07007104439159,39.680188614774046,25.0,25.0,25.0,25.0
2025-12-26T11:49:35.779483,4.900,380.0180360700815,5176.799962152923,102.2587582769351,3995.9387755902367,1722.3016484281197,1722.3016484281197,43.307280666711314,36.64582453336905,25.0,5176.799962152923,166.14561333422625,1722.3016484281197,1722.3016484281197,800.0,1,1,102.2587582769351,92.03288244924158,44.460329685623954,0.0,3995.9387755902367,4006.68766632935,380.0180360700815,166.14561333422625,56.64348717641229,54.64348717641229,55.64348717641229,0.040221161113620056,0.0,0.040221161113620056,1016.1541305187857,999.6414740973067,990.4937755530211,993.8851651622681,40.64616522075143,39.98565896389227,39.619751022120845,39.75540660649072,25.0,25.0,25.0,25.0
2025-12-26T11:49:35.830050,4.950,380.1453123251735,5179.17781803437,101.57812573328019,3996.6993441268387,1720.8220124636525,1720.8220124636525,43.25402402719337,36.60321922175469,25.0,5179.17781803437,165.08048054386734,1720.8220124636525,1720.8220124636525,800.0,1,1,101.57812573328019,91.42031315995217,44.16440249273052,0.0,3996.6993441268387,4007.7744114846973,380.1453123251735,165.08048054386734,56.74802251204591,54.74802251204591,55.74802251204591,0.036261611419086126,0.0,0.036261611419086126,1003.1803096007782,1013.9165609938333,990.8289209826551,1003.8857088813598,40.127212384031125,40.55666243975333,39.6331568393062,40.155428355254394,25.0,25.0,25.0,25.0
2025-12-26T11:49:35.880324,5.000,380.2600224366742,5181.3215731746695,100.96449767944345,3998.6818299629936,1719.4880384335727,1719.4880384335727,43.20600228038543,36.56480182430834,25.0,5181.3215731746695,164.12004560770848,1719.4880384335727,1719.4880384335727,800.0,1,1,100.96449767944345,90.8680479114991,43.897607686714544,0.0,3998.6818299629936,4009.4067103025372,380.2600224366742,164.12004560770848,56.84981848596702,54.84981848596702,55.84981848596702,0.0326916431234499,0.0,0.0326916431234499,1017.2600850444148,1005.6914163280592,986.3654372542692,1005.2249759916774,40.69040340177659,40.22765665312237,39.45461749017077,40.2089990396671,25.0,25.0,25.0,25.0
2025-12-26T11:49:35.930683,5.050,380.3633986842138,5183.254263453902,100.4112815215977,3999.9951448858747,1718.2853946121688,1718.2853946121688,43.16270207480699,36.53016165984559,25.0,5183.254263453902,163.25404149613973,1718.2853946121688,1718.2853946121688,800.0,1,1,100.4112815215977,90.37015336943793,43.65707892243378,0.0,3999.9951448858747,4009.7314820416887,380.3633986842138,163.25404149613973,56.949132281517144,54.949132281517144,55.949132281517144,0.029472965307025617,0.0,0.029472965307025617,1000.709052587389,999.1713794215898,986.6341510530004,1005.76473860469,40.02836210349556,39.96685517686359,39.46536604212002,40.2305895441876,25.0,25.0,25.0,25.0
2025-12-26T11:49:35.981564,5.100,380.4565530088456,5184.996660123952,99.91253263443093,4001.0042592440136,1717.2011579009368,1717.2011579009368,43.123660190400884,36.49892815232071,25.0,5184.996660123952,162.47320380801764,1717.2011579009368,1717.2011579009368,800.0,1,1,99.91253263443093,89.92127937098785,43.44023158018736,0.0,4001.0042592440136,4009.8272658075552,380.4565530088456,162.47320380801764,57.04619368355023,55.04619368355023,56.04619368355023,0.02657104304775345,0.0,0.02657104304775345,993.1756189573965,1007.2740758370054,1005.3449734038077,986.2498534249559,39.72702475829586,40.29096303348022,40.21379893615231,39.449994136998235,25.0,25.0,25.0,25.0
2025-12-26T11:49:36.037202,5.150,380.5404886683327,5186.567492040688,99.46289080121598,4002.627549187645,1716.2236756548173,1716.2236756548173,43.08845868310699,36.4707669464856,25.0,5186.567492040688,161.76917366213982,1716.2236756548173,1716.2236756548173,800.0,1,1,99.46289080121598,89.51660172109437,43.24473513096347,0.0,4002.627549187645,4012.4023936839885,380.5404886683327,161.76917366213982,57.14120817704614,55.14120817704614,56.14120817704614,0.023954730399694132,0.0,0.023954730399694132,1014.1247633546047,993.9322128660289,990.722970907335,1002.1605346608391,40.56499053418419,39.757288514641154,39.6289188362934,40.086421386433564,25.0,25.0,25.0,25.0
2025-12-26T11:49:36.088600,5.200,380.61611078226684,5187.983646163142,99.05752286470964,4003.217880127514,1715.3424410102384,1715.3424410102384,43.05672049191453,36.44537639353163,25.0,5187.983646163142,161.1344098382907,1715.3424410102384,1715.3424410102384,800.0,1,1,99.05752286470964,89.15177057823868,43.06848820204767,0.0,4003.217880127514,4012.58050840023,380.61611078226684,161.1344098382907,57.23435966600529,55.23435966600529,56.23435966600529,0.02159593897116997,0.0,0.02159593897116997,1008.4044808991472,1016.6515373086359,987.8054783624893,1006.8019089917781,40.336179235965886,40.666061492345435,39.512219134499574,40.272076359671125,25.0,25.0,25.0,25.0
2025-12-26T11:49:36.141247,5.250,380.6842358690697,5189.26034843097,98.69207098645467,4002.734132546044,1714.5479804053361,1714.5479804053361,43.02810546588037,36.4224843727043,25.0,5189.26034843097,160.56210931760737,1714.5479804053361,1714.5479804053361,800.0,1,1,98.69207098645467,88.8228638878092,42.90959608106725,0.0,4002.734132546044,4013.9267614549262,380.6842358690697,160.56210931760737,57.32581286385187,55.32581286385187,56.32581286385187,0.01946933869925034,0.0,0.01946933869925034,1006.6859668822273,1012.337107535795,997.9262283094547,996.9210640417145,40.26743867528909,40.4934843014318,39.91704913237819,39.87684256166858,25.0,25.0,25.0,25.0
2025-12-26T11:49:36.192260,5.300,380.7456004682993,5190.411326929025,98.36260596965137,4003.224928459803,1713.8317521079377,1713.8317521079377,43.00230677219563,36.401845417756505,25.0,5190.411326929025,160.04613544391265,1713.8317521079377,1713.8317521079377,800.0,1,1,98.36260596965137,88.52634537268624,42.76635042158755,0.0,4003.224928459803,4014.2291049597816,380.7456004682993,160.04613544391265,57.41571539897414,55.41571539897414,56.41571539897414,0.01755208773323166,0.0,0.01755208773323166,1014.1610134134229,1012.4428939045143,987.7061671940719,1005.1773927483739,40.566440536536916,40.497715756180575,39.50824668776288,40.207095709934954,25.0,25.0,25.0,25.0
2025-12-26T11:49:36.242829,5.350,380.8008689336215,5191.448959064293,98.06558515300758,4003.6245147548125,1713.1860546804512,1713.1860546804512,42.979047649740636,36.38323811979251,25.0,5191.448959064293,159.58095299481278,1713.1860546804512,1713.1860546804512,800.0,1,1,98.06558515300758,88.25902663770682,42.63721093609025,0.0,4003.6245147548125,4013.9455163787206,380.8008689336215,159.58095299481278,57.504199672647914,55.504199672647914,56.504199672647914,0.015823588628158712,0.0,0.015823588628158712,993.6083917762596,1014.2934594161403,1000.3440419127697,1000.0172428219715,39.744335671050386,40.57173837664561,40.01376167651079,40.00068971287886,25.0,25.0,25.0,25.0
2025-12-26T11:49:36.293480,5.400,380.85064047431666,5192.384404314229,97.79781443034463,4004.3024432366037,1712.6039444137928,1712.6039444137928,42.95807847568906,36.366462780551245,25.0,5192.384404314229,159.16156951378107,1712.6039444137928,1712.6039444137928,800.0,1,1,97.79781443034463,88.01803298731016,42.52078888275854,0.0,4004.3024432366037,4014.2259010217244,380.85064047431666,159.16156951378107,57.59138450121927,55.59138450121927,56.59138450121927,0.01426526831238905,0.0,0.01426526831238905,1007.5801420320661,1006.3784679279236,998.4365511323865,1007.095709452401,40.30320568128264,40.25513871711694,39.93746204529546,40.28382837809604,25.0,25.0,25.0,25.0
2025-12-26T11:49:36.343865,5.450,380.8954555162596,5193.227723954819,97.55641399364525,4005.7821676142726,1712.0791608557506,1712.0791608557506,42.939174115610086,36.35133929248807,25.0,5193.227723954819,158.7834823122017,1712.0791608557506,1712.0791608557506,800.0,1,1,97.55641399364525,87.80077259428073,42.41583217115011,0.0,4005.7821676142726,4015.786636549649,380.8954555162596,158.7834823122017,57.67737656989421,55.67737656989421,56.67737656989421,0.012860379532578268,0.0,0.012860379532578268,1008.6746950447466,999.382319648562,991.947130026612,986.4810387959668,40.346987801789865,39.97529278594248,39.67788520106448,39.45924155183867,25.0,25.0,25.0,25.0
2025-12-26T11:49:36.394223,5.500,380.93580144691185,5193.987989040469,97.33878743610006,4005.0599419631085,1711.6060596436957,1711.6060596436957,42.92213153018169,36.337705224145346,25.0,5193.987989040469,158.44263060363366,1711.6060596436957,1711.6060596436957,800.0,1,1,97.33878743610006,87.60490869249006,42.32121192873915,0.0,4005.0599419631085,4016.835547757757,380.93580144691185,158.44263060363366,57.76227172165753,55.76227172165753,56.76227172165753,0.011593821697277932,0.0,0.011593821697277932,1001.4399510308552,1006.1634250458831,1001.4282603756335,998.3207744885467,40.05759804123421,40.24653700183532,40.05713041502534,39.93283097954187,25.0,25.0,25.0,25.0
2025-12-26T11:49:36.444696,5.550,380.97211780299216,5194.673377784423,97.14259388688332,4005.4078355579527,1711.1795519280072,1711.1795519280072,42.9067676140767,36.32541409126136,25.0,5194.673377784423,158.13535228153398,1711.1795519280072,1711.1795519280072,800.0,1,1,97.14259388688332,87.42833449819499,42.23591038560144,0.0,4005.4078355579527,4016.1154586824573,380.97211780299216,158.13535228153398,57.84615610160319,55.84615610160319,56.84615610160319,0.010451979238204222,0.0,0.010451979238204222,990.6015255256051,1013.3340343020109,998.8685368673307,1000.6903489000217,39.624061021024204,40.533361372080435,39.95474147469323,40.02761395600087,25.0,25.0,25.0,25.0
2025-12-26T11:49:36.495173,5.600,381.0048009540923,5195.2912633768965,96.9657228812197,4006.8936440535713,1710.795049741782,1710.795049741782,42.89291724483074,36.31433379586459,25.0,5195.2912633768965,157.8583448966148,1710.795049741782,1710.795049741782,800.0,1,1,96.9657228812197,87.26915059309773,42.15900994835639,0.0,4006.8936440535713,4016.290915672097,381.0048009540923,157.8583448966148,57.92910717420893,55.92910717420893,56.92910717420893,0.009422575787937123,0.0,0.009422575787937123,991.1989851773806,998.338249427743,993.4326778303321,998.9532844658941,39.64795940709522,39.93352997710972,39.737307113213284,39.95813137863576,25.0,25.0,25.0,25.0
2025-12-26T11:49:36.557045,5.650,381.0342083305736,5195.848293177182,96.80627169809223,4006.5164536406373,1710.448416734983,1710.448416734983,42.88043152155674,36.30434521724539,25.0,5195.848293177182,157.6086304311347,1710.448416734983,1710.448416734983,800.0,1,1,96.80627169809223,87.125644528283,42.08968334699662,0.0,4006.5164536406373,4016.6489885202664,381.0342083305736,157.6086304311347,58.01119462874805,56.01119462874805,57.01119462874805,0.008494542635835508,0.0,0.008494542635835508,1006.5449491653741,1000.7377154674534,993.4901052897553,1008.6183261091571,40.261797966614964,40.02950861869814,39.73960421159021,40.344733044366286,25.0,25.0,25.0,25.0
2025-12-26T11:49:36.608614,5.700,381.06066223956583,5196.350460124889,96.66252492397298,4007.1593201748915,1710.1359237477673,1710.1359237477673,42.869176175250125,36.2953409402001,25.0,5196.350460124889,157.3835235050025,1710.1359237477673,1710.1359237477673,800.0,1,1,96.66252492397298,86.99627243157569,42.02718474955347,0.0,4007.1593201748915,4017.9429745274538,381.06066223956583,157.3835235050025,58.09248118603607,56.09248118603607,57.09248118603607,0.0076579000717849925,0.0,0.0076579000717849925,990.8755461181112,992.6122777173659,1007.6598162853138,994.0532726643868,39.63502184472445,39.70449110869464,40.30639265141255,39.76213090657547,25.0,25.0,25.0,25.0
2025-12-26T11:49:36.660766,5.750,381.08445330877976,5196.803167133008,96.53293602448318,4007.4334628583815,1709.8542087488765,1709.8542087488765,42.859030134141975,36.287224107313584,25.0,5196.803167133008,157.18060268283952,1709.8542087488765,1709.8542087488765,800.0,1,1,96.53293602448318,86.87964242203486,41.970841749775296,0.0,4007.4334628583815,4017.336389726446,381.08445330877976,157.18060268283952,58.17302331800357,56.17302331800357,57.17302331800357,0.006903650361329353,0.0,0.006903650361329353,1011.5126594377782,1001.4914343181008,989.3631573293062,998.5127220730998,40.46050637751113,40.05965737272403,39.57452629317225,39.94050888292399,25.0,25.0,25.0,25.0
2025-12-26T11:49:36.711313,5.800,381.10584359409404,5197.21128515113,96.41611072715622,4007.7480890941865,1709.6002407112092,1709.6002407112092,42.849884229118956,36.27990738329517,25.0,5197.21128515113,156.99768458237918,1709.6002407112092,1709.6002407112092,800.0,1,1,96.41611072715622,86.7744996544406,41.92004814224184,0.0,4007.7480890941865,4018.2527712163187,381.10584359409404,156.99768458237918,58.25287189012407,56.25287189012407,57.25287189012407,0.006223681217081869,0.0,0.006223681217081869,994.2233240782313,1004.521872272592,1002.3484158986262,986.9652624489559,39.76893296312925,40.18087489090368,40.09393663594505,39.478610497958236,25.0,25.0,25.0,25.0
2025-12-26T11:49:36.761403,5.850,381.1250693834706,5197.579205519844,96.31079203768057,4008.0926597593357,1709.371287038436,1709.371287038436,42.84164002564909,36.27331202051927,25.0,5197.579205519844,156.83280051298178,1709.371287038436,1709.371287038436,800.0,1,1,96.31079203768057,86.67971283391252,41.8742574076872,0.0,4008.0926597593357,4017.9272871764715,381.1250693834706,156.83280051298178,58.33207273546851,56.33207273546851,57.33207273546851,0.005610678741113282,0.0,0.005610678741113282,993.8385025121617,1006.2158484816912,1005.5232697207872,996.9131689211828,39.75354010048647,40.24863393926765,40.22093078883149,39.87652675684731,25.0,25.0,25.0,25.0
2025-12-26T11:49:36.812507,5.900,381.14234372665027,5197.910887176679,96.21584672935364,4008.8678501690797,1709.164884194247,1709.164884194247,42.83420876994347,36.267367015954775,25.0,5197.910887176679,156.6841753988694,1709.164884194247,1709.164884194247,800.0,1,1,96.21584672935364,86.59426205641829,41.83297683884941,0.0,4008.8678501690797,4018.1867460021817,381.14234372665027,156.6841753988694,58.41066716807523,56.41066716807523,57.41066716807523,0.005058048912410836,0.0,0.005058048912410836,1013.1299656147229,1010.5843530240984,1000.6086392249413,991.3350380975652,40.52519862458892,40.423374120963935,40.02434556899765,39.65340152390261,25.0,25.0,25.0,25.0
2025-12-26T11:49:36.862806,5.950,381.157858717268,5198.209899219114,96.1302531611457,4008.712725738091,1708.978811219882,1708.978811219882,42.82751043825668,36.26200835060535,25.0,5198.209899219114,156.55020876513368,1708.978811219882,1708.978811219882,800.0,1,1,96.1302531611457,86.51722784503113,41.79576224397639,0.0,4008.712725738091,4017.8937865421044,381.157858717268,156.55020876513368,58.48869244238836,56.48869244238836,57.48869244238836,0.004559846783394691,0.0,0.004559846783394691,992.4733893120864,1007.3557650410802,1003.4169545795841,992.7917423779826,39.69893557248346,40.29423060164321,40.13667818318336,39.711669695119305,25.0,25.0,25.0,25.0
2025-12-26T11:49:36.913342,6.000,381.17178755147523,5198.47945928066,96.05309029391542,4008.5786395227697,1708.8110658563378,1708.8110658563378,42.821472879291875,36.2571783034335,25.0,5198.47945928066,156.4294575858374,1708.8110658563378,1708.8110658563378,800.0,1,1,96.05309029391542,86.44778126452388,41.76221317126757,0.0,4008.5786395227697,4018.951821013938,381.17178755147523,156.4294575858374,58.56618216470762,56.56618216470762,57.56618216470762,0.004110712630731869,0.0,0.004110712630731869,1013.0153894089672,996.8745095614896,995.6218043980878,990.2643335298919,40.520615576358686,39.87498038245958,39.82487217592351,39.610573341195675,25.0,25.0,25.0,25.0
2025-12-26T11:49:36.963954,6.050,381.184286384835,5198.722468131407,95.9835277871001,4007.899905602078,1708.659843015435,1708.659843015435,42.816031040641825,36.25282483251346,25.0,5198.722468131407,156.3206208128365,1708.659843015435,1708.659843015435,800.0,1,1,95.9835277871001,86.38517500839009,41.731968603087,0.0,4007.899905602078,4017.68621492618,381.184286384835,156.3206208128365,58.64316666188906,56.64316666188906,57.64316666188906,0.0037058143792233493,0.0,0.0037058143792233493,995.6236505088699,1006.0397047994304,995.1451955662513,992.5564625952193,39.824946020354794,40.241588191977215,39.80580782265005,39.70225850380877,25.0,25.0,25.0,25.0
2025-12-26T11:49:37.014399,6.100,381.1954960071667,5198.941540874033,95.92081706972131,4009.510441071933,1708.5235153689594,1708.5235153689594,42.81112627107078,36.24890101685663,25.0,5198.941540874033,156.22252542141567,1708.5235153689594,1708.5235153689594,800.0,1,1,95.92081706972131,86.32873536274919,41.70470307379187,0.0,4009.510441071933,4019.2310476942357,381.1954960071667,156.22252542141567,58.71967331192443,56.71967331192443,57.71967331192443,0.0033407956838734177,0.0,0.0033407956838734177,999.4103316945768,1004.9291302668639,999.0513803191019,1002.3578935497593,39.97641326778307,40.197165210674555,39.96205521276408,40.09431574199037,25.0,25.0,25.0,25.0
2025-12-26T11:49:37.071331,6.150,381.2055433531078,5199.1390350699585,95.86428328995977,4007.7716590500368,1708.4006158477387,1708.4006158477387,42.80670569123372,36.24536455298697,25.0,5199.1390350699585,156.13411382467424,1708.4006158477387,1708.4006158477387,800.0,1,1,95.86428328995977,86.2778549609638,41.68012316954773,0.0,4007.7716590500368,4018.031162662231,381.2055433531078,156.13411382467424,58.795726840492726,56.795726840492726,57.795726840492726,0.003011729115297911,0.0,0.003011729115297911,1010.0494892019983,995.9159986906767,989.7241526832172,987.7548144968955,40.40197956807993,39.83663994762707,39.58896610732869,39.51019257987582,25.0,25.0,25.0,25.0
2025-12-26T11:49:37.121923,6.200,381.2145428644467,5199.3170760974435,95.81331805693831,4008.70408224623,1708.2898218629093,1708.2898218629093,42.80272162614625,36.242177300917,25.0,5199.3170760974435,156.05443252292497,1708.2898218629093,1708.2898218629093,800.0,1,1,95.81331805693831,86.23198625124448,41.65796437258187,0.0,4008.70408224623,4018.691766450905,381.2145428644467,156.05443252292497,58.87134958711113,56.87134958711113,57.87134958711113,0.002715073947783491,0.0,0.002715073947783491,993.4617070673672,989.0219274597965,991.4388964359332,1006.6201817790579,39.73846828269469,39.56087709839186,39.65755585743733,40.26480727116232,25.0,25.0,25.0,25.0
2025-12-26T11:49:37.176128,6.250,381.2225977187195,5199.477580013839,95.76737289682542,4008.6269140379904,1708.1899410800552,1708.1899410800552,42.79913109336688,36.2393048746935,25.0,5199.477580013839,155.98262186733757,1708.1899410800552,1708.1899410800552,800.0,1,1,95.76737289682542,86.19063560714288,41.63798821601105,0.0,4008.6269140379904,4019.8126011997574,381.2225977187195,155.98262186733757,58.946561744103505,56.946561744103505,57.946561744103505,0.002447638098266103,0.0,0.002447638098266103,997.7843238208903,988.8094496600902,995.3011138656015,999.9888038211838,39.91137295283561,39.552377986403606,39.81204455462406,39.99955215284735,25.0,25.0,25.0,25.0
2025-12-26T11:49:37.226644,6.300,381.2298009371599,5199.622274167457,95.72595335301705,4008.9143911594524,1708.0998985935153,1708.0998985935153,42.795895341439476,36.23671627315158,25.0,5199.622274167457,155.9179068287895,1708.0998985935153,1708.0998985935153,800.0,1,1,95.72595335301705,86.15335801771535,41.619979718703064,0.0,4008.9143911594524,4018.231323893448,381.2298009371599,155.9179068287895,59.02138157124566,57.02138157124566,58.02138157124566,0.0022065438086811707,0.0,0.0022065438086811707,1000.3613163909162,1004.7478099251013,996.307043673438,997.1551981423287,40.014452655636646,40.18991239700405,39.85228174693752,39.88620792569315,25.0,25.0,25.0,25.0
2025-12-26T11:49:37.277191,6.350,381.2362363838149,5199.75271578042,95.68861366705057,4008.395035738399,1708.0187253631534,1708.0187253631534,42.792979433674596,36.234383546939675,25.0,5199.75271578042,155.85958867349186,1708.0187253631534,1708.0187253631534,800.0,1,1,95.68861366705057,86.11975230034552,41.60374507263068,0.0,4008.395035738399,4019.2202023253108,381.2362363838149,155.85958867349186,59.09582558863112,57.09582558863112,58.09582558863112,0.0019891967040374095,0.0,0.0019891967040374095,1009.8442152872796,996.4421491986329,991.6785113891586,1005.8228125484719,40.39376861149118,39.857685967945315,39.66714045556635,40.23291250193888,25.0,25.0,25.0,25.0
2025-12-26T11:49:37.327921,6.400,381.2419796664901,5199.870308702098,95.65495198312561,4008.1224861243536,1707.9455477894035,1707.9455477894035,42.79035187282712,36.23228149826169,25.0,5199.870308702098,155.80703745654236,1707.9455477894035,1707.9455477894035,800.0,1,1,95.65495198312561,86.08945678481305,41.5891095578807,0.0,4008.1224861243536,4018.292465563584,381.2419796664901,155.80703745654236,59.16990875002253,57.16990875002253,58.16990875002253,0.0017932578945717764,0.0,0.0017932578945717764,989.5447923814086,1008.3473176300998,990.9818617374037,1009.0216317213798,39.58179169525634,40.33389270520399,39.63927446949615,40.36086526885519,25.0,25.0,25.0,25.0
2025-12-26T11:49:37.378253,6.450,381.24709894914923,5199.976318513178,95.62460602471923,4010.023932888375,1707.879578314607,1707.879578314607,42.78798426266115,36.23038741012892,25.0,5199.976318513178,155.75968525322295,1707.879578314607,1707.879578314607,800.0,1,1,95.62460602471923,86.06214542224731,41.5759156629214,0.0,4010.023932888375,4019.907346867902,381.24709894914923,155.75968525322295,59.243644598708464,57.243644598708464,58.243644598708464,0.0016166188228481967,0.0,0.0016166188228481967,989.8104313656249,1003.7154970003257,1009.0353944082004,989.017704105742,39.592417254625,40.14861988001303,40.361415776328016,39.56070816422968,25.0,25.0,25.0,25.0
2025-12-26T11:49:37.428757,6.500,381.25165568445186,5200.071886142596,95.5972491968442,4008.3113034564767,1707.8201069496613,1707.8201069496613,42.785851002784106,36.22868080222729,25.0,5200.071886142596,155.71702005568216,1707.8201069496613,1707.8201069496613,800.0,1,1,95.5972491968442,86.03752427715979,41.56402138993226,0.0,4008.3113034564767,4018.677131871077,381.25165568445186,155.71702005568216,59.31704540766804,57.31704540766804,58.31704540766804,0.0014573785859924217,0.0,0.0014573785859924217,1004.1796320000594,994.4516487224623,990.6798766221018,1001.3272480190553,40.16718528000238,39.778065948898494,39.62719506488407,40.05308992076221,25.0,25.0,25.0,25.0
2025-12-26T11:49:37.478922,6.550,381.255705274266,5200.158040143755,95.57258707206734,4009.8537150580364,1707.766493634929,1707.766493634929,42.78392901348583,36.22714321078867,25.0,5200.158040143755,155.6785802697166,1707.766493634929,1707.766493634929,800.0,1,1,95.57258707206734,86.01532836486061,41.5532987269858,0.0,4009.8537150580364,4019.252950240949,381.255705274266,155.6785802697166,59.39012230565328,57.39012230565328,58.39012230565328,0.001313823489735011,0.0,0.001313823489735011,1011.6883573355263,999.7107318871944,988.6464168016632,1009.8461830290299,40.46753429342105,39.988429275487775,39.54585667206653,40.393847321161196,25.0,25.0,25.0,25.0
2025-12-26T11:49:37.529190,6.600,381.25929766522495,5200.235707761947,95.55035422251817,4009.4190866130557,1707.7181613533003,1707.7181613533003,42.78219748763712,36.2257579901097,25.0,5200.235707761947,155.64394975274237,1707.7181613533003,1707.7181613533003,800.0,1,1,95.55035422251817,85.99531880026635,41.54363227066007,0.0,4009.4190866130557,4019.802311277373,381.25929766522495,155.64394975274237,59.46288539062863,57.46288539062863,58.46288539062863,0.001184408614791144,0.0,0.001184408614791144,994.9481544806926,1001.7475667475178,1000.4758591052217,1007.9449677172846,39.7979261792277,40.06990266990071,40.01903436420887,40.317798708691384,25.0,25.0,25.0,25.0
2025-12-26T11:49:37.581594,6.650,381.26247788570697,5200.305724911969,95.5303113638364,4009.0468385264917,1707.6745899213834,1707.6745899213834,42.78063766699085,36.22451013359268,25.0,5200.305724911969,155.612753339817,1707.6745899213834,1707.6745899213834,800.0,1,1,95.5303113638364,85.97728022745277,41.534917984276696,0.0,4009.0468385264917,4019.5599237625574,381.26247788570697,155.612753339817,59.535343831855336,57.535343831855336,58.535343831855336,0.001067741197677313,0.0,0.001067741197677313,1001.3435656024786,993.7721113285994,990.3552924053954,996.1051884456418,40.053742624099144,39.750884453143975,39.61421169621582,39.844207537825675,25.0,25.0,25.0,25.0
2025-12-26T11:49:37.632655,6.700,381.2652865299918,5200.36884517322,95.51224278035394,4010.1504782066904,1707.6353103920737,1707.6353103920737,42.7792326404887,36.223386112390955,25.0,5200.36884517322,155.58465280977393,1707.6353103920737,1707.6353103920737,800.0,1,1,95.51224278035394,85.96101850231855,41.52706207841476,0.0,4010.1504782066904,4018.9973373855114,381.2652865299918,155.58465280977393,59.607505961773604,57.607505961773604,58.607505961773604,0.0009625656474874837,0.0,0.0009625656474874837,989.4246613970637,991.6519932312458,993.8653184869316,992.9818552722413,39.57698645588255,39.66607972924983,39.75461273947727,39.71927421088965,25.0,25.0,25.0,25.0
2025-12-26T11:49:37.683681,6.750,381.26776019478336,5200.425747898995,95.49595400382574,4009.406672978333,1707.5999000083168,1707.5999000083168,42.777967162411244,36.22237372992899,25.0,5200.425747898995,155.5593432482248,1707.5999000083168,1707.5999000083168,800.0,1,1,95.49595400382574,85.94635860344317,41.51998000166337,0.0,4009.406672978333,4020.2869612264394,381.26776019478336,155.5593432482248,59.67937935871539,57.67937935871539,58.67937935871539,0.0008677500376816464,0.0,0.0008677500376816464,1004.3329509623584,1009.5443853409131,992.3979853754661,1006.01193449144,40.17331803849434,40.381775413636525,39.69591941501864,40.2404773796576,25.0,25.0,25.0,25.0
2025-12-26T11:49:37.735337,6.800,381.26993187278094,5200.477045527182,95.48126972075057,4009.3760025144397,1707.5679776538057,1707.5679776538057,42.77682748842145,36.22146199073716,25.0,5200.477045527182,155.53654976842904,1707.5679776538057,1707.5679776538057,800.0,1,1,95.48126972075057,85.93314274867552,41.51359553076112,0.0,4009.3760025144397,4019.7679447392484,381.26993187278094,155.53654976842904,59.75097092137372,57.75097092137372,58.75097092137372,0.0007822739277641,0.0,0.0007822739277641,994.4128107535792,1004.3188915072844,989.73717124468,987.8206198490627,39.776512430143164,40.17275566029138,39.5894868497872,39.51282479396251,25.0,25.0,25.0,25.0
2025-12-26T11:49:37.787611,6.850,381.2718313075192,5200.523290170997,95.46803188577638,4008.80084886398,1707.5391997516876,1707.5391997516876,42.77580122774259,36.22064098219407,25.0,5200.523290170997,155.51602455485178,1707.5391997516876,1707.5391997516876,800.0,1,1,95.46803188577638,85.92122869719874,41.507839950337555,0.0,4008.80084886398,4019.939880733606,381.2718313075192,155.51602455485178,59.82228693585894,57.82228693585894,58.82228693585894,0.0007052173839885245,0.0,0.0007052173839885245,995.4679712721429,990.2404501550197,1012.201221240476,994.9042669561449,39.818718850885716,39.60961800620079,40.48804884961904,39.796170678245794,25.0,25.0,25.0,25.0
2025-12-26T11:49:37.837961,6.900,381.2734853132875,5200.564979560633,95.45609802090007,4008.541529009162,1707.513256567174,1707.513256567174,42.77487720988419,36.219901767907345,25.0,5200.564979560633,155.4975441976837,1707.513256567174,1707.513256567174,800.0,1,1,95.45609802090007,85.91048821881007,41.50265131343481,0.0,4008.541529009162,4018.6645989160656,381.2734853132875,155.4975441976837,59.89333313608697,57.89333313608697,58.89333313608697,0.0006357510810895351,0.0,0.0006357510810895351,1009.6200991862582,994.8159425492477,998.3181202780145,988.8072816290247,40.38480396745033,39.79263770196991,39.93272481112058,39.55229126516099,25.0,25.0,25.0,25.0
2025-12-26T11:49:37.888222,6.950,381.27491806356016,5200.602562399752,95.44533968216818,4010.046980387833,1707.4898688742787,1707.4898688742787,42.77404536448549,36.21923629158839,25.0,5200.602562399752,155.48090728970976,1707.4898688742787,1707.4898688742787,800.0,1,1,95.44533968216818,85.90080571395137,41.49797377485573,0.0,4010.046980387833,4020.164608676935,381.27491806356016,155.48090728970976,59.96411475816854,57.96411475816854,58.96411475816854,0.0005731273786466805,0.0,0.0005731273786466805,1012.3617346183039,993.8467462767138,1008.5882414185228,988.8780324781341,40.494469384732156,39.75386985106855,40.34352965674091,39.55512129912536,25.0,25.0,25.0,25.0
2025-12-26T11:49:37.938943,7.000,381.27615135103684,5200.636443194413,95.43564107738494,4010.046732810362,1707.4687849508368,1707.4687849508368,42.77329661298616,36.218637290388926,25.0,5200.636443194413,155.46593225972322,1707.4687849508368,1707.4687849508368,800.0,1,1,95.43564107738494,85.89207696964645,41.49375699016737,0.0,4010.046732810362,4019.1899700786607,381.27615135103684,155.46593225972322,60.034636589400094,58.034636589400094,59.034636589400094,0.0005166722761415753,0.0,0.0005166722761415753,1004.6669024487692,997.8931699880509,997.1213662653337,1007.1293126154529,40.186676097950766,39.915726799522034,39.88485465061335,40.28517250461812,25.0,25.0,25.0,25.0
2025-12-26T11:49:37.989515,7.050,381.2772048220835,5200.666986606424,95.42689781996008,4008.7476135495494,1707.4497778694783,1707.4497778694783,42.772622770960936,36.21809821676875,25.0,5200.666986606424,155.45245541921875,1707.4497778694783,1707.4497778694783,800.0,1,1,95.42689781996008,85.88420803796407,41.489955573895685,0.0,4008.7476135495494,4018.522030790101,381.2772048220835,155.45245541921875,60.10490301239607,58.10490301239607,59.10490301239607,0.000465778160228773,0.0,0.000465778160228773,997.5408389876899,992.1071834175855,1006.1177332333936,991.2183659359505,39.901633559507594,39.68428733670342,40.24470932933574,39.64873463743802,25.0,25.0,25.0,25.0
2025-12-26T11:49:38.040482,7.100,381.2780961880949,5200.694521377908,95.4190158054881,4009.084350509191,1707.432643055409,1707.432643055409,42.772016460068954,36.217613168055166,25.0,5200.694521377908,155.44032920137906,1707.432643055409,1707.432643055409,800.0,1,1,95.4190158054881,85.87711422493929,41.48652861108179,0.0,4009.084350509191,4020.3028017752436,381.2780961880949,155.44032920137906,60.174918044847644,58.174918044847644,59.174918044847644,0.00041989726621435587,0.0,0.00041989726621435587,993.3926234233872,1010.7524345098005,995.3620569412543,987.4623754020387,39.73570493693549,40.43009738039202,39.81448227765017,39.49849501608155,25.0,25.0,25.0,25.0
2025-12-26T11:49:38.091095,7.150,381.2788414160471,5200.719343869347,95.411910198975,4008.759287430589,1707.4171960847282,1707.4171960847282,42.771471028671826,36.21717682293746,25.0,5200.719343869347,155.4294205734365,1707.4171960847282,1707.4171960847282,800.0,1,1,95.411910198975,85.8707191790775,41.48343921694565,0.0,4008.759287430589,4018.5388962611332,381.27884141604716,155.4294205734365,60.24468537534383,58.24468537534383,59.24468537534383,0.0003785357834429005,0.0,0.0003785357834429005,993.4059965123168,1009.2689432459271,992.5006317614619,993.2168934491715,39.736239860492674,40.37075772983708,39.700025270458475,39.72867573796686,25.0,25.0,25.0,25.0
2025-12-26T11:49:38.143144,7.200,381.2794549002896,5200.741721249142,95.40550452181355,4009.5489715590807,1707.4032706995947,1707.4032706995947,42.77098048026729,36.21678438421383,25.0,5200.741721249142,155.4196096053458,1707.4032706995947,1707.4032706995947,800.0,1,1,95.40550452181355,85.8649540696322,41.48065413991894,0.0,4009.5489715590807,4018.982139876044,381.2794549002896,155.4196096053458,60.31420839564723,58.31420839564723,59.31420839564723,0.00034124854118256447,0.0,0.00034124854118256447,1007.2171124110174,1004.6946189944628,1010.7072768872465,1003.7006292447282,40.288684496440695,40.18778475977851,40.42829107548986,40.14802516978913,25.0,25.0,25.0,25.0
2025-12-26T11:49:38.193648,7.250,381.27994961742235,5200.761894369024,95.3997298286875,4008.872510905765,1707.3907170188859,1707.3907170188859,42.77053940896951,36.21643152717561,25.0,5200.761894369024,155.41078817939024,1707.3907170188859,1707.3907170188859,800.0,1,1,95.3997298286875,85.85975684581875,41.478143403777175,0.0,4008.872510905765,4020.286310215406,381.27994961742235,155.41078817939024,60.38349022977688,58.38349022977688,59.38349022977688,0.0003076342178731683,0.0,0.0003076342178731683,1006.5335855357795,991.841642578174,1007.4211577976179,1002.8662980994937,40.26134342143118,39.67366570312696,40.296846311904716,40.11465192397975,25.0,25.0,25.0,25.0
2025-12-26T11:49:38.244218,7.300,381.28033726592275,5200.780080356254,95.39452396554405,4008.580851776495,1707.3793999250959,1707.3793999250959,42.77014294134213,36.216114353073706,25.0,5200.780080356254,155.40285882684256,1707.3793999250959,1707.3793999250959,800.0,1,1,95.39452396554405,85.85507156898964,41.475879985019155,0.0,4008.580851776495,4018.7535942052273,381.28033726592275,155.40285882684256,60.452533760215644,58.452533760215644,59.452533760215644,0.0002773310221808618,0.0,0.0002773310221808618,1007.5485550332492,999.740800505717,1004.5420629669128,1000.2729866323957,40.301942201329965,39.989632020228676,40.18168251867651,40.01091946529583,25.0,25.0,25.0,25.0
2025-12-26T11:49:38.295194,7.350,381.2806283920238,5200.796474950489,95.38983090065398,4009.2127758467873,1707.3691976101172,1707.3691976101172,42.7697866839591,36.21582934716727,25.0,5200.796474950489,155.3957336791819,1707.3691976101172,1707.3691976101172,800.0,1,1,95.38983090065398,85.85084781058858,41.47383952202347,0.0,4009.2127758467873,4019.439039796499,381.2806283920238,155.3957336791819,60.521341651527486,58.521341651527486,59.521341651527486,0.0002500127994219369,0.0,0.0002500127994219369,992.8357646251275,990.068358486774,996.082258824067,1006.4719915600358,39.7134305850051,39.602734339470956,39.84329035296268,40.258879662401434,25.0,25.0,25.0,25.0
2025-12-26T11:49:38.346014,7.400,381.2808325031969,5200.811254610489,95.38560012155894,4009.776230904047,1707.3600002642586,1707.3600002642586,42.76946667612923,36.215573340903376,25.0,5200.811254610489,155.38933352258445,1707.3600002642586,1707.3600002642586,800.0,1,1,95.38560012155894,85.84704010940304,41.47200005285171,0.0,4009.776230904047,4020.057869341439,381.2808325031969,155.38933352258445,60.58991637164169,58.58991637164169,59.58991637164169,0.00022538552145563717,0.0,0.00022538552145563717,1004.3380886529067,993.3310351976123,999.8392322198459,995.6225110035322,40.173523546116265,39.733241407904494,39.993569288793836,39.824900440141285,25.0,25.0,25.0,25.0
2025-12-26T11:49:38.396981,7.450,381.2809581704591,5200.824578413301,95.38178609141842,4010.230375082139,1707.351708894388,1707.351708894388,42.76917934727623,36.21534347782099,25.0,5200.824578413301,155.3835869455246,1707.351708894388,1707.351708894388,800.0,1,1,95.38178609141842,85.84360748227658,41.470341778877575,0.0,4010.230375082139,4019.5980979842593,381.2809581704591,155.3835869455246,60.658260211035234,58.658260211035234,59.658260211035234,0.0002031841222916559,0.0,0.0002031841222916559,1010.2713403794633,992.9779905961204,1011.2883565597404,1009.9578280942103,40.41085361517853,39.71911962384482,40.451534262389615,40.39831312376841,25.0,25.0,25.0,25.0
2025-12-26T11:49:38.447472,7.500,399.4460462229696,5147.472807878479,0.0,4200.7714689650775,1500.0,1500.0,35.2,30.16,25.0,5147.472807878479,4.0,1500.0,1500.0,900.0,1,1,0.0,0.0,0.0,20.0,4200.7714689650775,4211.5377916445295,399.4460462229696,4.0,60.54649437895424,58.54649437895424,59.54649437895424,-0.8135990018358754,0.0,0.8135990018358754,842.4134475216723,829.0650391914123,1165.7342979469543,1156.1396583245253,33.69653790086689,33.162601567656495,46.629371917878174,46.24558633298101,26.29947647160766,26.29947647160766,26.29947647160766,26.29947647160766
2025-12-26T11:49:38.498039,7.550,399.4451038420172,5073.2855475006345,0.0,4200.914573574363,1500.0,1500.0,35.2,30.16,25.0,5073.2855475006345,4.0,1500.0,1500.0,1000.0,1,1,0.0,0.0,0.0,40.0,4200.914573574363,4211.500408523532,399.4451038420172,4.0,60.43655864535034,58.43655864535034,59.43655864535034,-1.131334169181047,0.0,1.131334169181047,777.5693421232692,770.6354720251578,1236.7845806790099,1216.8439826194924,31.102773684930767,30.82541888100631,49.471383227160395,48.67375930477969,28.818789963961216,28.818789963961216,28.818789963961216,28.818789963961216
2025-12-26T11:49:38.548667,7.600,399.4441614610648,4978.505662113778,0.0,4201.212586517998,1500.0,1500.0,35.2,30.16,25.0,4978.505662113778,4.0,1500.0,1500.0,1100.0,1,1,0.0,0.0,0.0,60.0,4201.212586517998,4210.645822341128,399.4441614610648,4.0,60.3288474956182,58.3288474956182,59.3288474956182,-1.4453657183604212,0.0,1.4453657183604212,719.9648849920005,723.2433896048512,1291.5818822085514,1280.2280668191872,28.79859539968002,28.92973558419405,51.66327528834206,51.209122672767485,32.46732092329539,32.46732092329539,32.46732092329539,32.46732092329539
2025-12-26T11:49:38.599049,7.650,399.4432190801124,4863.362241630583,0.0,4200.12854018989,1500.0,1500.0,35.2,30.16,25.0,4863.362241630583,4.0,1500.0,1500.0,1200.0,1,1,0.0,0.0,0.0,80.0,4200.12854018989,4211.238351455355,399.4432190801124,4.0,60.223746181708705,58.223746181708705,59.223746181708705,-1.7559037129227095,0.0,1.7559037129227095,645.631223202894,637.8025858836312,1361.9376266857666,1346.8111355021188,25.825248928115762,25.512103435345246,54.47750506743067,53.87244542008475,37.14472945557418,37.14472945557418,37.14472945557418,37.14472945557418
2025-12-26T11:49:38.650198,7.700,399.44227669916,4728.067954652585,0.0,4200.225874346826,1500.0,1500.0,35.2,30.16,25.0,4728.067954652585,4.0,1500.0,1500.0,1300.0,1,1,0.0,0.0,0.0,100.0,4200.225874346826,4210.740799688376,399.44227669916,4.0,60.121631374658904,58.121631374658904,59.121631374658904,-2.0631985730922957,0.0,2.0631985730922957,580.7246427235019,583.738977661269,1405.8816687688598,1425.100467655046,23.228985708940076,23.349559106450762,56.23526675075439,57.00401870620184,42.74200870549999,42.74200870549999,42.74200870549999,42.74200870549999
2025-12-26T11:49:38.703271,7.750,399.44133431820757,4594.302444072014,0.0,4200.212814707736,1500.0,1500.0,35.2,30.16,25.0,4594.302444072014,4.0,1500.0,1500.0,1300.0,1,1,0.0,0.0,0.0,100.0,4200.212814707736,4209.727189300042,399.44133431820757,4.0,60.02244855685509,58.02244855685509,59.02244855685509,-2.039885177144872,0.0,2.039885177144872,580.2826350240209,590.5057171535085,1419.8907904898172,1409.933380998055,23.21130540096084,23.62022868614034,56.79563161959268,56.39733523992221,48.012903255402705,48.012903255402705,48.012903255402705,48.012903255402705
2025-12-26T11:49:38.756326,7.800,399.4403919372552,4462.006034464659,0.0,4200.508448743527,1500.0,1500.0,35.2,30.16,25.0,4462.006034464659,4.0,1500.0,1500.0,1300.0,1,1,0.0,0.0,0.0,100.0,4200.508448743527,4210.308063014223,399.4403919372552,4.0,59.92614546833442,57.92614546833442,58.92614546833442,-2.017481814080735,0.0,2.017481814080735,601.0798209499204,608.2676640399914,1391.2167322749162,1413.496311909039,24.043192837996816,24.330706561599655,55.64866929099665,56.53985247636156,52.976951304993264,52.976951304993264,52.976951304993264,52.976951304993264
2025-12-26T11:49:38.806843,7.850,399.43944955630275,4331.121123307413,0.0,4200.148549051761,1500.0,1500.0,35.2,30.16,25.0,4331.121123307413,4.0,1500.0,1500.0,1300.0,1,1,0.0,0.0,0.0,100.0,4200.148549051761,4210.742100394997,399.43944955630275,4.0,59.832672015864595,57.832672015864595,58.832672015864595,-1.9959568727603412,0.0,1.9959568727603412,592.1886655102312,589.2947373558392,1395.3084936830132,1392.7072057772907,23.687546620409247,23.571789494233567,55.81233974732053,55.70828823109163,57.652217464853635,57.652217464853635,57.652217464853635,57.652217464853635
2025-12-26T11:49:38.857287,7.900,399.43850717535037,4201.592069739885,0.0,4199.827984973931,1500.0,1500.0,35.2,30.16,25.0,4201.592069739885,4.0,1500.0,1500.0,1300.0,1,1,0.0,0.0,0.0,100.0,4199.827984973931,4209.638779330015,399.43850717535037,4.0,59.74198018721076,57.74198018721076,58.74198018721076,-1.9752804383970866,0.0,1.9752804383970866,610.5843517967098,604.8884175477002,1392.6472968691407,1384.6497338302436,24.42337407186839,24.195536701908008,55.705891874765626,55.385989353209744,62.05541440145902,62.05541440145902,62.05541440145902,62.05541440145902
2025-12-26T11:49:38.907779,7.950,399.43756479439793,4073.3650896142667,0.0,4200.960103942543,1500.0,1500.0,35.2,30.16,25.0,4073.3650896142667,4.0,1500.0,1500.0,1300.0,1,1,0.0,0.0,0.0,100.0,4200.960103942543,4211.349128927595,399.43756479439793,4.0,59.65402397027111,57.65402397027111,58.65402397027111,-1.9554241966635038,0.0,1.9554241966635038,602.7892634427936,604.0061373124352,1385.7697969483274,1397.5316635927334,24.111570537711746,24.160245492497406,55.430791877933096,55.90126654370933,66.20201308688364,66.20201308688364,66.20201308688364,66.20201308688364
2025-12-26T11:49:38.958495,8.000,399.43662241344555,3946.388156392548,0.0,4199.985150902876,1500.0,1500.0,35.2,30.16,25.0,3946.388156392548,4.0,1500.0,1500.0,1300.0,1,1,0.0,0.0,0.0,100.0,4199.985150902876,4211.42422185584,399.43662241344555,4.0,59.568759276786416,57.568759276786416,58.568759276786416,-1.9363613445207195,0.0,1.9363613445207195,606.3352365960417,608.2012814414174,1385.0381947612768,1399.2847818905389,24.253409463841667,24.3280512576567,55.40152779045108,55.971391275621556,70.10634281395635,70.10634281395635,70.10634281395635,70.10634281395635
2025-12-26T11:49:39.009104,8.050,399.43568003249317,3820.6109074838673,0.0,4201.565341242914,1500.0,1500.0,35.2,30.16,25.0,3820.6109074838673,4.0,1500.0,1500.0,1300.0,1,1,0.0,0.0,0.0,100.0,4201.565341242914,4210.823951801184,399.43568003249317,4.0,59.486143870350034,57.486143870350034,58.486143870350034,-1.9180665072581145,0.0,1.9180665072581145,608.1331809334821,621.3633006353828,1396.084798959518,1391.6291709279915,24.325327237339284,24.85453202541531,55.843391958380714,55.665166837119656,73.78168200839414,73.78168200839414,73.78168200839414,73.78168200839414
2025-12-26T11:49:39.060273,8.100,399.43473765154073,3695.9845556454648,0.0,4199.8427284518075,1500.0,1500.0,35.2,30.16,25.0,3695.9845556454648,4.0,1500.0,1500.0,1300.0,1,1,0.0,0.0,0.0,100.0,4199.8427284518075,4209.581404003263,399.43473765154073,4.0,59.40613729846519,57.40613729846519,58.40613729846519,-1.9005156612748175,0.0,1.9005156612748175,608.0234152578281,610.8516798012234,1381.5511978904594,1388.6765126420516,24.320936610313126,24.434067192048936,55.262047915618375,55.54706050568206,77.24034075566318,77.24034075566318,77.24034075566318,77.24034075566318
2025-12-26T11:49:39.115671,8.150,399.43379527058835,3572.4618050987674,0.0,4200.465636126148,1500.0,1500.0,35.2,30.16,25.0,3572.4618050987674,4.0,1500.0,1500.0,1300.0,1,1,0.0,0.0,0.0,100.0,4200.465636126148,4210.094709806815,399.43379527058835,4.0,59.32870082841439,57.32870082841439,58.32870082841439,-1.8836860621751654,0.0,1.8836860621751654,615.3415551661732,627.1838205340955,1373.0947767981243,1376.2008061035492,24.613662206646925,25.087352821363822,54.923791071924974,55.048032244141964,80.49373586001484,80.49373586001484,80.49373586001484,80.49373586001484
2025-12-26T11:49:39.166758,8.200,399.4328528896359,3449.996772037826,0.0,4201.324497064457,1500.0,1500.0,35.2,30.16,25.0,3449.996772037826,4.0,1500.0,1500.0,1300.0,1,1,0.0,0.0,0.0,100.0,4201.324497064457,4209.988151911737,399.4328528896359,4.0,59.25379738672291,57.25379738672291,58.25379738672291,-1.8675561777869338,0.0,1.8675561777869338,625.6506671571562,619.647500111095,1364.828863817158,1361.021857523955,25.02602668628625,24.7859000044438,54.593154552686315,54.4408743009582,83.55245916460599,83.55245916460599,83.55245916460599,83.55245916460599
2025-12-26T11:49:39.217665,8.250,399.43191050868353,3328.5449092307153,0.0,4199.94231121645,1500.0,1500.0,35.2,30.16,25.0,3328.5449092307153,4.0,1500.0,1500.0,1300.0,1,1,0.0,0.0,0.0,100.0,4199.94231121645,4211.10435274812,399.43191050868353,4.0,59.18139150201381,57.18139150201381,58.18139150201381,-1.852105625744452,0.0,1.852105625744452,619.3338256359046,625.2952593208928,1371.4731724098833,1366.2235653287719,24.773353025436187,25.01181037283571,54.85892689639533,54.64894261315087,86.42633978335617,86.42633978335617,86.42633978335617,86.42633978335617
2025-12-26T11:49:39.270724,8.300,372.1571539764846,3392.364358536503,230.0,3913.8790078397383,2000.0,2000.0,46.56432598647745,39.251460789181955,25.0,3392.364358536503,231.28651972954893,2000.0,2000.0,800.0,1,1,230.0,207.0,100.0,0.0,3913.8790078397383,3924.0350122137174,372.1571539764846,231.28651972954896,59.50899604590247,57.50899604590247,58.50899604590247,0.9732280622067295,0.0,0.9732280622067295,1195.8858253019507,1200.503130815238,805.2219273546889,801.7320147721723,47.83543301207803,48.020125232609516,32.20887709418756,32.06928059088689,85.0116224083879,85.0116224083879,85.0116224083879,85.0116224083879
2025-12-26T11:49:39.321244,8.350,399.4305939630781,3357.320737970732,0.0,4200.663725034846,1500.0,1500.0,35.2,30.16,25.0,3357.320737970732,4.0,1500.0,1500.0,900.0,1,1,0.0,0.0,0.0,20.0,4200.663725034846,4210.0209016599165,399.4305939630781,4.0,59.43549274099196,57.43549274099196,58.43549274099196,-0.5344050333702982,0.0,0.5344050333702982,889.433416711124,894.8588351765902,1112.9570522885801,1106.5189326504362,35.57733666844496,35.79435340706361,44.518282091543206,44.26075730601745,84.48883913675901,84.48883913675901,84.48883913675901,84.48883913675901
2025-12-26T11:49:39.371871,8.400,399.42965158212564,3301.069859438544,0.0,4200.67736378604,1500.0,1500.0,35.2,30.16,25.0,3301.069859438544,4.0,1500.0,1500.0,1000.0,1,1,0.0,0.0,0.0,40.0,4200.67736378604,4211.229302298679,399.42965158212564,4.0,59.36323292134171,57.36323292134171,58.36323292134171,-0.8578095565976941,0.0,0.8578095565976941,821.3108834216409,817.1833171474534,1164.2061994779115,1180.94048645573,32.85243533686564,32.687332685898134,46.56824797911646,47.2376194582292,84.81591870526145,84.81591870526145,84.81591870526145,84.81591870526145
2025-12-26T11:49:39.422135,8.450,372.3739097577062,3365.1038979745663,230.0,3916.15900579318,2000.0,2000.0,46.47306795702708,39.17845436562166,25.0,3365.1038979745663,229.4613591405415,2000.0,2000.0,800.0,1,1,230.0,207.0,100.0,0.0,3916.15900579318,3925.6378761522383,372.3739097577062,229.46135914054148,59.68466441853159,57.68466441853159,58.68466441853159,0.9765004856290996,0.0,0.9765004856290996,1205.1720182303668,1207.4740735755788,811.4417737214521,815.9417855246023,48.206880729214674,48.298962943023156,32.45767094885809,32.63767142098409,83.4474388285295,83.4474388285295,83.4474388285295,83.4474388285295
2025-12-26T11:49:39.472460,8.500,399.42833047361876,3330.277296701433,0.0,4200.498726929729,1500.0,1500.0,35.2,30.16,25.0,3330.277296701433,4.0,1500.0,1500.0,900.0,1,1,0.0,0.0,0.0,20.0,4200.498726929729,4210.230861116301,399.42833047361876,4.0,59.611312546152966,57.611312546152966,58.611312546152966,-0.5310955522021984,0.0,0.5310955522021984,885.6712751583476,899.3729469017408,1109.4206891732474,1108.578501480991,35.426851006333905,35.97491787606963,44.3768275669299,44.34314005923964,82.96241310242725,82.96241310242725,82.96241310242725,82.96241310242725
2025-12-26T11:49:39.522727,8.550,372.1395106374952,3394.0831558777663,230.0,3913.510177157441,2000.0,2000.0,46.57018581852586,39.256148654820684,25.0,3394.0831558777663,231.40371637051715,2000.0,2000.0,800.0,1,1,230.0,207.0,100.0,0.0,3913.510177157441,3923.068214360586,372.1395106374952,231.40371637051712,59.93836474124525,57.93836474124525,58.93836474124525,0.9730208166805215,0.0,0.9730208166805215,1183.3063304582186,1204.96522510215,813.8767607422203,811.4571335314373,47.33225321832874,48.198609004086,32.55507042968881,32.45828534125749,81.62691493841213,81.62691493841213,81.62691493841213,81.62691493841213
2025-12-26T11:49:39.578173,8.600,399.42701422100487,3359.0257933637586,0.0,4201.160432071427,1500.0,1500.0,35.2,30.16,25.0,3359.0257933637586,4.0,1500.0,1500.0,900.0,1,1,0.0,0.0,0.0,20.0,4201.160432071427,4209.658821727348,399.42701422100487,4.0,59.863911978877354,57.863911978877354,58.863911978877354,-0.5346145940888374,0.0,0.5346145940888374,897.0497274815762,884.8774683822729,1110.5844332655477,1118.5067394538362,35.881989099263045,35.395098735290915,44.42337733062191,44.740269578153445,81.18130863975256,81.18130863975256,81.18130863975256,81.18130863975256
2025-12-26T11:49:39.630712,8.650,399.42607184005243,3302.7614235648393,0.0,4200.680313523112,1500.0,1500.0,35.2,30.16,25.0,3302.7614235648393,4.0,1500.0,1500.0,1000.0,1,1,0.0,0.0,0.0,40.0,4200.680313523112,4210.473942038816,399.42607184005243,4.0,59.79071858196324,57.79071858196324,58.79071858196324,-0.8580152944961142,0.0,0.8580152944961142,827.9812746801869,825.30933020719,1181.983271641032,1163.7577320452826,33.11925098720747,33.0123732082876,47.27933086564128,46.55030928181131,81.58319127823637,81.58319127823637,81.58319127823637,81.58319127823637
2025-12-26T11:49:39.681782,8.700,372.35659337413335,3366.7823018073314,230.0,3914.8173598080084,2000.0,2000.0,46.478791676896066,39.18303334151685,25.0,3366.7823018073314,229.57583353792123,2000.0,2000.0,800.0,1,1,230.0,207.0,100.0,0.0,3914.8173598080084,3924.7853182894974,372.35659337413335,229.57583353792126,60.11159754395879,58.11159754395879,59.11159754395879,0.9762997949758775,0.0,0.9762997949758775,1185.4534885398432,1188.4079872720692,809.4790537743423,796.1532844868225,47.418139541593725,47.53631949088277,32.37916215097369,31.8461313794729,80.28813757232619,80.28813757232619,80.28813757232619,80.28813757232619
2025-12-26T11:49:39.735376,8.750,399.42475101773147,3331.942389421243,0.0,4200.914316826115,1500.0,1500.0,35.2,30.16,25.0,3331.942389421243,4.0,1500.0,1500.0,900.0,1,1,0.0,0.0,0.0,20.0,4200.914316826115,4209.83818153204,399.42475101773147,4.0,60.0373085089052,58.0373085089052,59.0373085089052,-0.5312985428078565,0.0,0.5312985428078565,888.1715070786075,889.627450661389,1113.255752110276,1105.2365991222923,35.5268602831443,35.58509802645556,44.53023008441104,44.20946396489169,79.87467757948008,79.87467757948008,79.87467757948008,79.87467757948008
2025-12-26T11:49:39.789914,8.800,372.12240451812835,3395.735179713317,230.0,3914.056656123196,2000.0,2000.0,46.57582204573044,39.260657636584355,25.0,3395.735179713317,231.51644091460884,2000.0,2000.0,800.0,1,1,230.0,207.0,100.0,0.0,3914.056656123196,3923.1245006330223,372.12240451812835,231.51644091460884,60.36380197272227,58.36380197272227,59.36380197272227,0.9728215199920958,0.0,0.9728215199920958,1188.4993659045183,1206.2487734167985,812.3812991403618,807.7456129949967,47.53997463618073,48.249950936671944,32.49525196561447,32.30982451979987,78.6098146254076,78.6098146254076,78.6098146254076,78.6098146254076
2025-12-26T11:49:39.839289,8.850,399.42343504692894,3360.6646025511586,0.0,4200.553066392366,1500.0,1500.0,35.2,30.16,25.0,3360.6646025511586,4.0,1500.0,1500.0,900.0,1,1,0.0,0.0,0.0,20.0,4200.553066392366,4211.249666550059,399.42343504692894,4.0,60.288408640859856,58.288408640859856,59.288408640859856,-0.5348161136342352,0.0,0.5348161136342352,887.3431434863094,881.0413248652897,1101.1038830442747,1114.4450325181733,35.49372573945237,35.241652994611584,44.04415532177099,44.57780130072693,78.2330520837176,78.2330520837176,78.2330520837176,78.2330520837176
2025-12-26T11:49:39.889600,8.900,399.42249266597656,3304.387259203307,0.0,4201.320506639644,1500.0,1500.0,35.2,30.16,25.0,3304.387259203307,4.0,1500.0,1500.0,1000.0,1,1,0.0,0.0,0.0,40.0,4201.320506639644,4209.797453053466,399.42249266597656,4.0,60.21429040707327,58.21429040707327,59.21429040707327,-0.8582131373484819,0.0,0.8582131373484819,819.8641768867611,832.9152684087056,1180.0136626111553,1164.52201507199,32.79456707547045,33.316610736348224,47.20054650444621,46.580880602879596,78.70168971574289,78.70168971574289,78.70168971574289,78.70168971574289
2025-12-26T11:49:39.940192,8.950,372.33980174467706,3368.3954821628545,230.0,3915.6835039820917,2000.0,2000.0,46.48429698133176,39.18743758506541,25.0,3368.3954821628545,229.6859396266352,2000.0,2000.0,800.0,1,1,230.0,207.0,100.0,0.0,3915.6835039820917,3924.402371371353,372.33980174467706,229.68593962663516,60.53461083812781,58.53461083812781,59.53461083812781,0.976106805587354,0.0,0.976106805587354,1204.5268552015561,1192.6225894775578,811.0360888575602,813.5817141861978,48.18107420806224,47.70490357910231,32.44144355430241,32.54326856744791,77.47210068206316,77.47210068206316,77.47210068206316,77.47210068206316
2025-12-26T11:49:39.990795,9.000,399.4211721189208,3333.542769683645,0.0,4199.553819009769,1500.0,1500.0,35.2,30.16,25.0,3333.542769683645,4.0,1500.0,1500.0,900.0,1,1,0.0,0.0,0.0,20.0,4199.553819009769,4211.361839407014,399.4211721189208,4.0,60.45939344345254,58.45939344345254,59.45939344345254,-0.5314937405094948,0.0,0.5314937405094948,896.4966511339418,902.6186260033534,1098.0435691585512,1101.7841130843826,35.85986604535767,36.104745040134134,43.92174276634205,44.0713645233753,77.12247554409112,77.12247554409112,77.12247554409112,77.12247554409112
2025-12-26T11:49:40.041366,9.050,372.10581500436876,3397.3229928461483,230.0,3912.03882277256,2000.0,2000.0,46.58124324823422,39.26499459858738,25.0,3397.3229928461483,231.62486496468446,2000.0,2000.0,800.0,1,1,230.0,207.0,100.0,0.0,3912.03882277256,3923.1145480172463,372.10581500436876,231.62486496468446,60.785322344550686,58.785322344550686,59.785322344550686,0.97262987491694,0.0,0.97262987491694,1198.4489085756472,1198.0945223707884,800.6440564914634,809.0847435864406,47.93795634302589,47.92378089483154,32.025762259658535,32.363389743457624,75.92058664225164,75.92058664225164,75.92058664225164,75.92058664225164
2025-12-26T11:49:40.098975,9.100,399.4198564191784,3362.239708601074,0.0,4200.827936302363,1500.0,1500.0,35.2,30.16,25.0,3362.239708601074,4.0,1500.0,1500.0,900.0,1,1,0.0,0.0,0.0,20.0,4200.827936302363,4211.114369672675,399.4198564191784,4.0,60.70899730718183,58.70899730718183,59.70899730718183,-0.5350098929572756,0.0,0.5350098929572756,896.1705602583336,883.7202165631633,1103.8590804775401,1108.187104579918,35.846822410333345,35.34880866252653,44.154363219101604,44.32748418319672,75.60522947607383,75.60522947607383,75.60522947607383,75.60522947607383
2025-12-26T11:49:40.150581,9.150,399.41891403822603,3305.9498900430813,0.0,4200.567546726169,1500.0,1500.0,35.2,30.16,25.0,3305.9498900430813,4.0,1500.0,1500.0,1000.0,1,1,0.0,0.0,0.0,40.0,4200.567546726169,4210.599938212472,399.41891403822603,4.0,60.63396295336321,58.63396295336321,59.63396295336321,-0.8584033806790511,0.0,0.8584033806790511,834.9081514707343,833.6173546506893,1163.091822641554,1167.0203273932893,33.39632605882937,33.344694186027574,46.52367290566216,46.68081309573157,76.13343718979313,76.13343718979313,76.13343718979313,76.13343718979313
2025-12-26T11:49:40.200111,9.200,372.3235147217928,3369.9459438274725,230.0,3914.753812838207,2000.0,2000.0,46.489592256289015,39.191673805031215,25.0,3369.9459438274725,229.79184512578027,2000.0,2000.0,800.0,1,1,230.0,207.0,100.0,0.0,3914.753812838207,3924.9131246623674,372.3235147217928,229.79184512578027,60.95371939008362,58.95371939008362,59.95371939008362,0.9759212292013923,0.0,0.9759212292013923,1205.7420681683498,1187.4554071514888,807.9357354398073,800.5853174513483,48.22968272673399,47.49821628605955,32.317429417592294,32.02341269805393,74.96220778458687,74.96220778458687,74.96220778458687,74.96220778458687
2025-12-26T11:49:40.251165,9.250,399.41759375593404,3335.0809231300955,0.0,4199.468101237342,1500.0,1500.0,35.2,30.16,25.0,3335.0809231300955,4.0,1500.0,1500.0,900.0,1,1,0.0,0.0,0.0,20.0,4199.468101237342,4210.744451058956,399.41759375593404,4.0,60.87758241332964,58.87758241332964,59.87758241332964,-0.5316814372609825,0.0,0.5316814372609825,903.910012752328,888.3389266429867,1095.906723304289,1100.0813893067111,36.15640051009312,35.53355706571947,43.836268932171556,44.00325557226844,74.66951723560135,74.66951723560135,74.66951723560135,74.66951723560135
2025-12-26T11:49:40.302747,9.300,372.0897222539009,3398.8490621173637,230.0,3913.019281525285,2000.0,2000.0,46.58645768498543,39.269166147988344,25.0,3398.8490621173637,231.72915369970863,2000.0,2000.0,800.0,1,1,230.0,207.0,100.0,0.0,3913.019281525285,3922.1354780154597,372.0897222539009,231.72915369970866,61.202941447359706,59.202941447359706,60.202941447359706,0.9724455947550938,0.0,0.9724455947550938,1194.1196061399044,1182.7984483216915,815.7389424165788,797.4067467377464,47.764784245596175,47.31193793286766,32.62955769666315,31.896269869509855,73.52376571380447,73.52376571380447,73.52376571380447,73.52376571380447
2025-12-26T11:49:40.355824,9.350,399.4162783169135,3363.7535593199627,0.0,4199.475792797602,1500.0,1500.0,35.2,30.16,25.0,3363.7535593199627,4.0,1500.0,1500.0,900.0,1,1,0.0,0.0,0.0,20.0,4199.475792797602,4209.786280426294,399.4162783169135,4.0,61.12569354101519,59.12569354101519,60.12569354101519,-0.5351962223307466,0.0,0.5351962223307466,893.5328965295523,889.0133095365634,1102.823322219319,1095.6453784000055,35.741315861182095,35.56053238146254,44.112932888772754,43.825815136000216,73.263175030663,73.263175030663,73.263175030663,73.263175030663
2025-12-26T11:49:40.406460,9.400,399.41533593596114,3307.4517451994075,0.0,4199.970702017911,1500.0,1500.0,35.2,30.16,25.0,3307.4517451994075,4.0,1500.0,1500.0,1000.0,1,1,0.0,0.0,0.0,40.0,4199.970702017911,4209.9894246916165,399.41533593596114,4.0,61.049751757024616,59.049751757024616,60.049751757024616,-0.8585863095233877,0.0,0.8585863095233877,819.389476962289,826.2246851968544,1182.9225110219686,1174.7221622593613,32.77557907849156,33.04898740787417,47.31690044087875,46.988886490374455,73.84453913863275,73.84453913863275,73.84453913863275,73.84453913863275
2025-12-26T11:49:40.456867,9.450,372.3077129130867,3371.4360976844773,230.0,3914.1587519499753,2000.0,2000.0,46.49468557341695,39.19574845873356,25.0,3371.4360976844773,229.89371146833903,2000.0,2000.0,800.0,1,1,230.0,207.0,100.0,0.0,3914.1587519499753,3925.820430271904,372.3077129130867,229.89371146833906,61.36893924513246,59.36893924513246,60.36893924513246,0.9757427877860053,0.0,0.9757427877860053,1195.410833796488,1200.29244943078,802.1585454096678,812.2493562230991,47.81643335185952,48.011697977231194,32.086341816386714,32.489974248923964,72.72532942238422,72.72532942238422,72.72532942238422,72.72532942238422
2025-12-26T11:49:40.507370,9.500,399.414015908335,3336.5592421797865,0.0,4201.282087810403,1500.0,1500.0,35.2,30.16,25.0,3336.5592421797865,4.0,1500.0,1500.0,900.0,1,1,0.0,0.0,0.0,20.0,4201.282087810403,4211.225391900747,399.414015908335,4.0,61.29189143498581,59.29189143498581,60.29189143498581,-0.5318619146344751,0.0,0.5318619146344751,902.8859489455631,896.0400537325949,1108.9028090285562,1104.7099888806397,36.11543795782252,35.841602149303796,44.35611236114225,44.18839955522559,72.48341524254968,72.48341524254968,72.48341524254968,72.48341524254968
2025-12-26T11:49:40.557980,9.550,372.07410716870675,3400.3157618145274,230.0,3913.404955489038,2000.0,2000.0,46.59147330514213,39.273178644113706,25.0,3400.3157618145274,231.82946610284262,2000.0,2000.0,800.0,1,1,230.0,207.0,100.0,0.0,3913.404955489038,3922.705681609058,372.07410716870675,231.82946610284262,61.61667580161199,59.61667580161199,60.61667580161199,0.9722684030044836,0.0,0.9722684030044836,1197.9705431874052,1204.2414473392084,803.7962478177684,798.4427984745913,47.91882172749621,48.169657893568335,32.15184991271074,31.937711938983654,71.38770092410138,71.38770092410138,71.38770092410138,71.38770092410138
2025-12-26T11:49:40.609532,9.600,399.4127007200955,3365.208510639105,0.0,4200.800070726705,1500.0,1500.0,35.2,30.16,25.0,3365.208510639105,4.0,1500.0,1500.0,900.0,1,1,0.0,0.0,0.0,20.0,4200.800070726705,4211.308926067728,399.4127007200955,4.0,61.538513832101636,59.538513832101636,60.538513832101636,-0.5353753816826282,0.0,0.5353753816826282,896.4072082265413,903.9158777383743,1101.0482048999422,1101.7233223822745,35.856288329061655,36.156635109534975,44.04192819599769,44.068932895290985,71.17595202606188,71.17595202606188,71.17595202606188,71.17595202606188
2025-12-26T11:49:40.665203,9.650,399.41175833914303,3308.8951625786713,0.0,4201.218432310578,1500.0,1500.0,35.2,30.16,25.0,3308.8951625786713,4.0,1500.0,1500.0,1000.0,1,1,0.0,0.0,0.0,40.0,4201.218432310578,4210.552982696794,399.41175833914303,4.0,61.46167327760502,59.46167327760502,60.46167327760502,-0.8587621987559008,0.0,0.8587621987559008,832.9671168675283,840.3248624703847,1174.004295850662,1182.01043840434,33.31868467470113,33.61299449881539,46.96017183402648,47.2804175361736,71.8047478173804,71.8047478173804,71.8047478173804,71.8047478173804
2025-12-26T11:49:40.717307,9.700,372.2923776544289,3372.868264058201,230.0,3914.934679955832,2000.0,2000.0,46.49958470124869,39.199667760998956,25.0,3372.868264058201,229.99169402497384,2000.0,2000.0,800.0,1,1,230.0,207.0,100.0,0.0,3914.934679955832,3925.7997416118046,372.2923776544289,229.9916940249738,61.78028734953612,59.78028734953612,60.78028734953612,0.975571213219973,0.0,0.975571213219973,1192.9903127456375,1200.1611911557925,807.5051233879464,816.2486845560576,47.7196125098255,48.0064476462317,32.300204935517854,32.6499473822423,70.73190124289347,70.73190124289347,70.73190124289347,70.73190124289347
2025-12-26T11:49:40.768393,9.750,399.4104385564733,3337.9800293523685,0.0,4199.945773402998,1500.0,1500.0,35.2,30.16,25.0,3337.9800293523685,4.0,1500.0,1500.0,900.0,1,1,0.0,0.0,0.0,20.0,4199.945773402998,4209.406009623735,399.4104385564733,4.0,61.702337422691365,59.702337422691365,60.702337422691365,-0.5320354441462057,0.0,0.5320354441462057,900.9645530520615,884.9382475891357,1100.2322744086525,1098.74744237593,36.03858212208246,35.39752990356543,44.0092909763461,43.949897695037194,70.5352680375537,70.5352680375537,70.5352680375537,70.5352680375537
2025-12-26T11:49:40.819017,9.800,372.05895136852035,3401.7253769733834,230.0,3912.1478999749215,2000.0,2000.0,46.596297759120226,39.27703820729618,25.0,3401.7253769733834,231.92595518240452,2000.0,2000.0,800.0,1,1,230.0,207.0,100.0,0.0,3912.1478999749215,3922.2484569227227,372.05895136852035,231.9259551824045,62.026542803346075,60.026542803346075,61.026542803346075,0.9720980330406649,0.0,0.9720980330406649,1198.2869853077484,1201.8108119710225,793.1307463597986,805.7257423001248,47.93147941230993,48.0724324788409,31.725229854391944,32.22902969200499,69.4841485424332,69.4841485424332,69.4841485424332,69.4841485424332
2025-12-26T11:49:40.870641,9.850,399.4091236094565,3366.606829894916,0.0,4199.40195367857,1500.0,1500.0,35.2,30.16,25.0,3366.606829894916,4.0,1500.0,1500.0,900.0,1,1,0.0,0.0,0.0,20.0,4199.40195367857,4210.720075788628,399.4091236094565,4.0,61.94747554270365,59.94747554270365,60.94747554270365,-0.5355476409225794,0.0,0.5355476409225794,895.149376417527,882.190104468336,1108.1476724002378,1115.6151872862854,35.80597505670108,35.28760417873344,44.32590689600951,44.624607491451414,69.31595463879665,69.31595463879665,69.31595463879665,69.31595463879665
2025-12-26T11:49:40.920178,9.900,399.4081812285041,3310.2823921376657,0.0,4199.354912822382,1500.0,1500.0,35.2,30.16,25.0,3310.2823921376657,4.0,1500.0,1500.0,1000.0,1,1,0.0,0.0,0.0,40.0,4199.354912822382,4211.104576599862,399.4081812285041,4.0,61.86974484416438,59.86974484416438,60.86974484416438,-0.8589313134107678,0.0,0.8589313134107678,819.4914079194396,820.1651640561581,1181.2174159079636,1180.1730666847307,32.77965631677758,32.80660656224632,47.24869663631854,47.20692266738922,69.98707281664547,69.98707281664547,69.98707281664547,69.98707281664547
2025-12-26T11:49:40.970824,9.950,372.27749098391473,3374.2446759527616,230.0,3915.0627329730064,2000.0,2000.0,46.504297116038686,39.203437692830946,25.0,3374.2446759527616,230.08594232077374,2000.0,2000.0,800.0,1,1,230.0,207.0,100.0,0.0,3915.0627329730064,3924.230786186747,372.27749098391473,230.08594232077377,62.187781497483805,60.187781497483805,61.187781497483805,0.9754062469798986,0.0,0.9754062469798986,1186.913302363955,1191.8393497472014,796.4107339314543,799.2975054607646,47.476532094558195,47.673573989888055,31.856429357258172,31.971900218430584,68.9555431535829,68.9555431535829,68.9555431535829,68.9555431535829
2025-12-26T11:49:41.021193,10.000,399.4068616814551,3339.34550048577,0.0,4199.332269571316,1500.0,1500.0,35.2,30.16,25.0,3339.34550048577,4.0,1500.0,1500.0,900.0,1,1,0.0,0.0,0.0,20.0,4199.332269571316,4210.285427173131,399.4068616814551,4.0,62.10893813571167,60.10893813571167,61.10893813571167,-0.5322022875755591,0.0,0.5322022875755591,886.0483357195985,889.2227053262028,1103.0913495107675,1096.7414515482253,35.44193342878394,35.56890821304811,44.123653980430696,43.869658061929016,68.79928750595121,68.79928750595121,68.79928750595121,68.79928750595121
2025-12-26T11:49:41.071431,10.050,372.04423716512224,3403.080106575118,230.0,3911.617652028715,2000.0,2000.0,46.60093840929208,39.28075072743366,25.0,3403.080106575118,232.01876818584154,2000.0,2000.0,800.0,1,1,230.0,207.0,100.0,0.0,3911.617652028715,3922.019010397888,372.04423716512224,232.01876818584157,62.432560672163234,60.432560672163234,61.432560672163234,0.97193422780319,0.0,0.97193422780319,1186.4635758586078,1186.9188791383299,799.363706154362,815.5401968104217,47.45854303434431,47.47675516553319,31.974548246174482,32.62160787241687,67.7879078760813,67.7879078760813,67.7879078760813,67.7879078760813
2025-12-26T11:49:41.122773,10.100,399.40554696647075,3367.9506990052446,0.0,4200.932256028545,1500.0,1500.0,35.2,30.16,25.0,3367.9506990052446,4.0,1500.0,1500.0,900.0,1,1,0.0,0.0,0.0,20.0,4200.932256028545,4209.594683194667,399.40554696647075,4.0,62.35259685579014,60.35259685579014,61.35259685579014,-0.5357132602615281,0.0,0.5357132602615281,885.5002413972677,898.6891261333951,1112.851203229967,1114.0685189539302,35.42000965589071,35.94756504533581,44.51404812919868,44.562740758157204,67.65855186541688,67.65855186541688,67.65855186541688,67.65855186541688
2025-12-26T11:49:41.174949,10.150,399.40460458551837,3311.6155990392936,0.0,4200.768229557108,1500.0,1500.0,35.2,30.16,25.0,3311.6155990392936,4.0,1500.0,1500.0,1000.0,1,1,0.0,0.0,0.0,40.0,4200.768229557108,4209.288314377623,399.40460458551837,4.0,62.273984603656515,60.273984603656515,61.273984603656515,-0.8590939089960591,0.0,0.8590939089960591,820.747133892281,821.8305906220817,1159.9153700977554,1174.5618982985432,32.82988535569124,32.873223624883266,46.39661480391021,46.98247593194173,68.36743276553968,68.36743276553968,68.36743276553968,68.36743276553968
2025-12-26T11:49:41.230930,10.200,372.2630356166541,3375.567482187672,230.0,3914.959966539448,2000.0,2000.0,46.50883001225519,39.20706400980415,25.0,3375.567482187672,230.17660024510377,2000.0,2000.0,800.0,1,1,230.0,207.0,100.0,0.0,3914.959966539448,3924.496676588219,372.2630356166541,230.17660024510377,62.591440280266,60.591440280266,61.591440280266,0.9752476398338852,0.0,0.9752476398338852,1201.9486681361923,1197.782540608167,808.0246871608928,795.1311670215811,48.077946725447696,47.91130162432668,32.32098748643571,31.80524668086324,67.3727187613014,67.3727187613014,67.3727187613014,67.3727187613014
2025-12-26T11:49:41.281460,10.250,399.40328526511416,3340.65778785134,0.0,4201.052295150259,1500.0,1500.0,35.2,30.16,25.0,3340.65778785134,4.0,1500.0,1500.0,900.0,1,1,0.0,0.0,0.0,20.0,4201.052295150259,4210.026907319768,399.40328526511416,4.0,62.5117121276735,60.5117121276735,61.5117121276735,-0.5323626972772524,0.0,0.5323626972772524,903.5481957272617,890.609932939835,1111.6239090790616,1101.81878496781,36.14192782909047,35.6243973175934,44.464956363162464,44.0727513987124,67.25246588576488,67.25246588576488,67.25246588576488,67.25246588576488
2025-12-26T11:49:41.332527,10.300,372.0299475374553,3404.382066641374,230.0,3912.131047602221,2000.0,2000.0,46.605402340343154,39.28432187227452,25.0,3404.382066641374,232.10804680686303,2000.0,2000.0,800.0,1,1,230.0,207.0,100.0,0.0,3912.131047602221,3921.93763519751,372.0299475374553,232.108046806863,62.83474840138353,60.83474840138353,61.83474840138353,0.9717767394887694,0.0,0.9717767394887694,1191.248607878025,1191.7459057751278,794.0974250034427,805.695963306054,47.649944315121,47.66983623100511,31.76389700013771,32.22783853224216,66.27649566593072,66.27649566593072,66.27649566593072,66.27649566593072
2025-12-26T11:49:41.386622,10.350,399.4019707733264,3369.2422175438965,0.0,4200.941895446686,1500.0,1500.0,35.2,30.16,25.0,3369.2422175438965,4.0,1500.0,1500.0,900.0,1,1,0.0,0.0,0.0,20.0,4200.941895446686,4209.533700995196,399.4019707733264,4.0,62.753896725381765,60.753896725381765,61.753896725381765,-0.5358724905242028,0.0,0.5358724905242028,894.5084737642273,887.5827833092609,1105.1805427502711,1100.1927832964695,35.780338950569096,35.50331133237044,44.20722171001084,44.00771133185878,66.1817691453667,66.1817691453667,66.1817691453667,66.1817691453667
2025-12-26T11:49:41.436773,10.400,399.40102839237403,3312.896866706945,0.0,4200.403162639444,1500.0,1500.0,35.2,30.16,25.0,3312.896866706945,4.0,1500.0,1500.0,1000.0,1,1,0.0,0.0,0.0,40.0,4200.403162639444,4210.351063471646,399.40102839237403,4.0,62.67441147146091,60.67441147146091,61.67441147146091,-0.8592502318009072,0.0,0.8592502318009072,827.6908864058062,830.5555304112917,1175.977676133847,1167.981443447384,33.107635456232245,33.222221216451665,47.03910704535388,46.71925773789536,66.92434392336354,66.92434392336354,66.92434392336354,66.92434392336354
2025-12-26T11:49:41.487541,10.450,399.4000860114216,3230.234420270745,0.0,4199.596578822242,1500.0,1500.0,35.2,30.16,25.0,3230.234420270745,4.0,1500.0,1500.0,1124.5497579568746,1,1,0.0,0.0,0.0,64.90995159137489,4199.596578822242,4210.851524213012,399.4000860114216,4.0,62.59684090987069,60.59684090987069,61.59684090987069,-1.2605782945086412,0.0,1.2605782945086412,742.8713603606977,754.9420700698221,1246.311714971348,1245.1893611925511,29.714854414427908,30.197682802792883,49.85246859885392,49.807574447702045,68.64351991872431,68.64351991872431,68.64351991872431,68.64351991872431
2025-12-26T11:49:41.537957,10.500,399.3991436304692,3153.5231871655487,0.0,4200.997729512052,1500.0,1500.0,35.2,30.16,25.0,3153.5231871655487,4.0,1500.0,1500.0,1099.8172118186149,1,1,0.0,0.0,0.0,59.963442363722976,4200.997729512052,4209.305268283148,399.3991436304692,4.0,62.52104828730981,60.52104828730981,61.52104828730981,-1.1698240200529062,0.0,1.1698240200529062,761.8837733523421,757.618763425896,1237.9125856269181,1241.8078538043587,30.475350934093687,30.304750537035837,49.51650342507673,49.67231415217435,70.08369857957189,70.08369857957189,70.08369857957189,70.08369857957189
2025-12-26T11:49:41.588318,10.550,399.3982012495168,3082.3203116670556,0.0,4200.968741521136,1500.0,1500.0,35.2,30.16,25.0,3082.3203116670556,4.0,1500.0,1500.0,1076.8652645451768,1,1,0.0,0.0,0.0,55.37305290903538,4200.968741521136,4209.467754685163,399.3982012495168,4.0,62.44690746708713,60.44690746708713,61.44690746708713,-1.0858231667420655,0.0,1.0858231667420655,792.7802302994431,786.0063878256545,1217.3655370285605,1218.1124658613821,31.711209211977724,31.440255513026184,48.69462148114242,48.72449863445529,71.27815807044438,71.27815807044438,71.27815807044438,71.27815807044438
2025-12-26T11:49:41.639300,10.600,399.3972588685644,3016.217850823163,0.0,4201.077174147801,1500.0,1500.0,35.2,30.16,25.0,3016.217850823163,4.0,1500.0,1500.0,1055.5614140136977,1,1,0.0,0.0,0.0,51.112282802739514,4201.077174147801,4209.395074141634,399.3972588685644,4.0,62.374302043135685,60.374302043135685,61.374302043135685,-1.0080433249423824,0.0,1.0080433249423824,797.5658873474455,801.2797254524672,1201.6967068174138,1201.2424405086144,31.90263549389782,32.05118901809869,48.06786827269655,48.049697620344574,72.25592838785812,72.25592838785812,72.25592838785812,72.25592838785812
2025-12-26T11:49:41.690632,10.650,399.39631648761195,2954.839758324669,0.0,4200.09886113032,1500.0,1500.0,35.2,30.16,25.0,2954.839758324669,4.0,1500.0,1500.0,1035.7836039783278,1,1,0.0,0.0,0.0,47.15672079566559,4200.09886113032,4210.160064568244,399.39631648761195,4.0,62.30312453620118,60.30312453620118,61.30312453620118,-0.9359980801156469,0.0,0.9359980801156469,817.9379925915043,803.1072637533216,1178.6455169692465,1189.146181796418,32.71751970366017,32.12429055013286,47.14582067876986,47.56584727185672,73.04238349484939,73.04238349484939,73.04238349484939,73.04238349484939
2025-12-26T11:49:41.741181,10.700,399.3953741066596,2897.8391637082177,0.0,4201.015053499035,1500.0,1500.0,35.2,30.16,25.0,2897.8391637082177,4.0,1500.0,1500.0,1017.419321646459,1,1,0.0,0.0,0.0,43.483864329291805,4201.015053499035,4209.482985130255,399.3953741066596,4.0,62.23327566350442,60.23327566350442,61.23327566350442,-0.8692425090883661,0.0,0.8692425090883661,814.7190043786869,838.5226960870641,1180.0497554038004,1162.430534936037,32.58876017514748,33.540907843482564,47.20199021615202,46.49722139744148,73.65974461009192,73.65974461009192,73.65974461009192,73.65974461009192
2025-12-26T11:49:41.794098,10.750,399.3944317257072,2844.8959135514156,0.0,4200.636160290665,1500.0,1500.0,35.2,30.16,25.0,2844.8959135514156,4.0,1500.0,1500.0,1000.3647836181453,1,1,0.0,0.0,0.0,40.07295672362906,4200.636160290665,4210.381564252968,399.3944317257072,4.0,62.16466367423454,60.16466367423454,61.16466367423454,-0.8073691847472251,0.0,0.8073691847472251,827.8175535589977,829.397609910699,1153.9717429605125,1152.829386560703,33.11270214235991,33.17590439642796,46.158869718420505,46.11317546242812,74.1275088761562,74.1275088761562,74.1275088761562,74.1275088761562
2025-12-26T11:49:41.848156,10.800,399.39348934475476,2795.7143456262793,0.0,4200.732559835368,1500.0,1500.0,35.2,30.16,25.0,2795.7143456262793,4.0,1500.0,1500.0,984.5242002134047,1,1,0.0,0.0,0.0,36.904840042680945,4200.732559835368,4210.716561168584,399.39348934475476,4.0,62.0972037441418,60.0972037441418,61.0972037441418,-0.7500046234922432,0.0,0.7500046234922432,849.9325563680525,852.8826001587801,1150.3065318248669,1144.4507016505731,33.9973022547221,34.1153040063512,46.01226127299468,45.77802806602293,74.46281520626658,74.46281520626658,74.46281520626658,74.46281520626658
2025-12-26T11:49:41.898673,10.850,399.3925469638024,2750.0212706607335,0.0,4199.649543681562,1500.0,1500.0,35.2,30.16,25.0,2750.0212706607335,4.0,1500.0,1500.0,969.809109500487,1,1,0.0,0.0,0.0,33.96182190009739,4199.649543681562,4209.973905835841,399.3925469638024,4.0,62.03081742328783,60.03081742328783,61.03081742328783,-0.696806119274235,0.0,0.696806119274235,854.2934566135895,868.9339666475679,1149.3208064796302,1147.7079002223186,34.17173826454358,34.757358665902714,45.9728322591852,45.90831600889274,74.68075712416375,74.68075712416375,74.68075712416375,74.68075712416375
2025-12-26T11:49:41.948917,10.900,399.39160458284994,2707.564139517546,0.0,4201.046696580773,1500.0,1500.0,35.2,30.16,25.0,2707.564139517546,4.0,1500.0,1500.0,956.1377734403264,1,1,0.0,0.0,0.0,31.227554688065283,4201.046696580773,4210.330554473307,399.39160458284994,4.0,61.965432131695124,59.965432131695124,60.965432131695124,-0.6474589160328902,0.0,0.6474589160328902,877.799654301933,875.248040471187,1136.5720362069671,1139.6161614348518,35.111986172077316,35.00992161884748,45.46288144827869,45.58464645739407,74.79465078221828,74.79465078221828,74.79465078221828,74.79465078221828
2025-12-26T11:49:41.999862,10.950,399.39066220189756,2668.1093763175677,0.0,4200.223855292972,1500.0,1500.0,35.2,30.16,25.0,2668.1093763175677,4.0,1500.0,1500.0,943.4346295077612,1,1,0.0,0.0,0.0,28.68692590155223,4200.223855292972,4210.436614357028,399.39066220189756,4.0,61.9009806982326,59.9009806982326,60.9009806982326,-0.6016736770941998,0.0,0.6016736770941998,884.2556263022802,882.3111123852959,1116.2164828819139,1108.7168550109732,35.37022505209121,35.292444495411836,44.648659315276554,44.34867420043893,74.8162650010881,74.8162650010881,74.8162650010881,74.8162650010881
2025-12-26T11:49:42.050376,11.000,399.3897198209451,2631.4408603775287,0.0,4199.70625298529,1500.0,1500.0,35.2,30.16,25.0,2631.4408603775287,4.0,1500.0,1500.0,931.6297919631729,1,1,0.0,0.0,0.0,26.32595839263459,4199.70625298529,4210.466060078682,399.3897198209451,4.0,61.83740093859225,59.83740093859225,60.83740093859225,-0.5591842157917947,0.0,0.5591842157917947,877.4360277211943,882.2425278163233,1119.0410840635548,1109.8562252231284,35.09744110884777,35.289701112652935,44.76164336254219,44.39424900892514,74.75601906598284,74.75601906598284,74.75601906598284,74.75601906598284
2025-12-26T11:49:42.100934,11.050,399.38877743999274,2597.358541858469,0.0,4200.572517781116,1500.0,1500.0,35.2,30.16,25.0,2597.358541858469,4.0,1500.0,1500.0,920.6585976493379,1,1,0.0,0.0,0.0,24.13171952986758,4200.572517781116,4210.620569132232,399.38877743999274,4.0,61.77463526866508,59.77463526866508,60.77463526866508,-0.5197454564185509,0.0,0.5197454564185509,898.8540896887622,894.2057383402458,1108.4326021216998,1105.4692835992598,35.95416358755049,35.76822953360983,44.33730408486799,44.218771343970396,74.62315309676835,74.62315309676835,74.62315309676835,74.62315309676835
2025-12-26T11:49:42.154488,11.100,399.3878350590403,2565.677177776622,0.0,4199.287084841648,1500.0,1500.0,35.2,30.16,25.0,2565.677177776622,4.0,1500.0,1500.0,910.461191794406,1,1,0.0,0.0,0.0,22.09223835888119,4199.287084841648,4209.28598919513,399.3878350590403,4.0,61.712630350021065,59.712630350021065,60.712630350021065,-0.48313159873420347,0.0,0.48313159873420347,896.4731307610441,901.2078963211807,1084.912791547463,1106.0138695332214,35.85892523044176,36.048315852847225,43.39651166189852,44.24055478132885,74.42587504697822,74.42587504697822,74.42587504697822,74.42587504697822
2025-12-26T11:49:42.205495,11.150,399.3868926780879,2536.2251765538635,0.0,4200.002982842875,1500.0,1500.0,35.2,30.16,25.0,2536.2251765538635,4.0,1500.0,1500.0,900.9821498272408,1,1,0.0,0.0,0.0,20.196429965448175,4200.002982842875,4209.388092058114,399.3868926780879,4.0,61.65133676454623,59.65133676454623,60.65133676454623,-0.44913446276848396,0.0,0.44913446276848396,905.7070957088557,898.1755914761525,1085.5301710841734,1083.790472954635,36.22828382835423,35.9270236590461,43.42120684336693,43.3516189181854,74.17148775228776,74.17148775228776,74.17148775228776,74.17148775228776
2025-12-26T11:49:42.256442,11.200,399.38595029713554,2508.8435406131193,0.0,4200.245163328726,1500.0,1500.0,35.2,30.16,25.0,2508.8435406131193,4.0,1500.0,1500.0,892.1701316677231,1,1,0.0,0.0,0.0,18.434026333544637,4200.245163328726,4209.977195819436,399.38595029713554,4.0,61.59070871559619,59.59070871559619,60.59070871559619,-0.41756199366395613,0.0,0.41756199366395613,923.0502334219141,910.9644444014924,1073.8321347485773,1091.5277857815415,36.92200933687656,36.438577776059695,42.9532853899431,43.66111143126166,73.86649891948457,73.86649891948457,73.86649891948457,73.86649891948457
2025-12-26T11:49:42.306997,11.250,399.3850079161831,2483.3848976835166,0.0,4200.364763227142,1500.0,1500.0,35.2,30.16,25.0,2483.3848976835166,4.0,1500.0,1500.0,883.9775653520364,1,1,0.0,0.0,0.0,16.79551307040728,4200.364763227142,4210.277522981484,399.3850079161831,4.0,61.530703753295825,59.530703753295825,60.530703753295825,-0.38823690887825035,0.0,0.38823690887825035,918.6632682309935,914.9639424107577,1070.012849477774,1070.0159328895509,36.74653072923974,36.598557696430305,42.80051397911096,42.80063731558204,73.5167165040416,73.5167165040416,73.5167165040416,73.5167165040416
2025-12-26T11:49:42.360931,11.300,394.36799481784357,2495.337295083902,57.5,4147.230654384892,1625.0,1625.0,37.29007300876568,31.832058407012543,25.0,2495.337295083902,45.8014601753136,1625.0,1625.0,800.0,1,1,57.5,51.75,25.0,0.0,4147.230654384892,4157.904558111221,394.36799481784357,45.8014601753136,61.48616574427571,59.48616574427571,60.48616574427571,0.1822705881551244,0.0,0.1822705881551244,1043.4213737695493,1026.4438429551346,968.9303560974612,967.0517799725689,41.73685495078197,41.05775371820539,38.757214243898446,38.682071198902754,72.64347336659945,72.64347336659945,72.64347336659945,72.64347336659945
2025-12-26T11:49:42.415017,11.350,394.2791548478257,2507.219586666682,57.5,4147.10822616721,1625.0,1625.0,37.32674131132027,31.86139304905621,25.0,2507.219586666682,46.53482622640532,1625.0,1625.0,800.0,1,1,57.5,51.75,25.0,0.0,4147.10822616721,4155.456181385317,394.2791548478257,46.53482622640532,61.441965874944984,59.441965874944984,60.441965874944984,0.18120149480255485,0.0,0.18120149480255485,1029.9732532707264,1024.277263120303,956.3367969132589,966.5456110053162,41.198930130829055,40.97109052481211,38.253471876530355,38.66182444021265,71.78277167591854,71.78277167591854,71.78277167591854,71.78277167591854
2025-12-26T11:49:42.465781,11.400,399.3823916140419,2481.8749373864284,0.0,4200.182983308659,1500.0,1500.0,35.2,30.16,25.0,2481.8749373864284,4.0,1500.0,1500.0,883.4916794674748,1,1,0.0,0.0,0.0,16.69833589349497,4200.182983308659,4209.708032924976,399.3823916140419,4.0,61.38223619273127,59.38223619273127,60.38223619273127,-0.38649853884109064,0.0,0.38649853884109064,916.5183970618124,917.3514779729178,1070.3738299057457,1089.483345198203,36.660735882472494,36.69405911891671,42.81495319622982,43.57933380792812,71.46738602010252,71.46738602010252,71.46738602010252,71.46738602010252
2025-12-26T11:49:42.516103,11.450,394.36836320885914,2493.8361673885584,57.5,4147.4940313601,1625.0,1625.0,37.28882936070768,31.831063488566144,25.0,2493.8361673885584,45.776587214153594,1625.0,1625.0,800.0,1,1,57.5,51.75,25.0,0.0,4147.4940313601,4156.37478885,394.36836320885914,45.776587214153594,61.33795669247862,59.33795669247862,60.33795669247862,0.18240528276582985,0.0,0.18240528276582985,1033.606489785248,1045.6812989263049,972.8866172406106,958.0345336709383,41.34425959140992,41.82725195705219,38.91546468962442,38.32138134683753,70.6314197077313,70.6314197077313,70.6314197077313,70.6314197077313
2025-12-26T11:49:42.566666,11.500,394.27958120767164,2505.727282196897,57.5,4146.276098432814,1625.0,1625.0,37.325473483169894,31.860378786535918,25.0,2505.727282196897,46.50946966339792,1625.0,1625.0,800.0,1,1,57.5,51.75,25.0,0.0,4146.276098432814,4155.627649656162,394.27958120767164,46.50946966339792,61.29401506520789,59.29401506520789,60.29401506520789,0.18133604642913997,0.0,0.18133604642913997,1048.1610387907047,1037.7877443801174,969.5161023098166,960.0638026292343,41.92644155162819,41.51150977520469,38.78064409239266,38.40255210516937,69.80744872753822,69.80744872753822,69.80744872753822,69.80744872753822
2025-12-26T11:49:42.617209,11.550,399.3797751863269,2480.4873799359675,0.0,4199.060971114938,1500.0,1500.0,35.2,30.16,25.0,2480.4873799359675,4.0,1500.0,1500.0,883.045183014218,1,1,0.0,0.0,0.0,16.609036602843588,4199.060971114938,4209.653835466822,399.3797751863269,4.0,61.23455661874936,59.23455661874936,60.23455661874936,-0.3849011772256679,0.0,0.3849011772256679,933.6646276179439,926.8018867123267,1070.6722842144986,1075.6903424599202,37.346585104717754,37.07207546849307,42.82689136857994,43.027613698396806,69.52472772741282,69.52472772741282,69.52472772741282,69.52472772741282
2025-12-26T11:49:42.668409,11.600,394.3684869059995,2492.4567218006687,57.5,4147.255365557101,1625.0,1625.0,37.287687618231686,31.830150094585345,25.0,2492.4567218006687,45.75375236463368,1625.0,1625.0,800.0,1,1,57.5,51.75,25.0,0.0,4147.255365557101,4156.633050260449,394.3684869059995,45.75375236463368,61.19053301296901,59.19053301296901,60.19053301296901,0.18252898631353456,0.0,0.18252898631353456,1047.3757519274354,1026.189624654373,963.5181991867187,954.983977179398,41.89503007709742,41.04758498617492,38.54072796746875,38.19935908717592,68.72405515408312,68.72405515408312,68.72405515408312,68.72405515408312
2025-12-26T11:49:42.718440,11.650,394.27975802966495,2504.3559399385267,57.5,4146.690516250075,1625.0,1625.0,37.324309581090525,31.859447664872423,25.0,2504.3559399385267,46.486191621810555,1625.0,1625.0,800.0,1,1,57.5,51.75,25.0,0.0,4146.690516250075,4156.675495825298,394.27975802966495,46.486191621810555,61.146847082985175,59.146847082985175,60.146847082985175,0.18145961985028278,0.0,0.18145961985028278,1048.667595265956,1034.7205108365765,965.3236309308758,965.6790626564929,41.94670381063823,41.38882043346306,38.61294523723503,38.627162506259715,67.93486201942513,67.93486201942513,67.93486201942513,67.93486201942513
2025-12-26T11:49:42.770251,11.700,399.3771586433298,2479.212289557087,0.0,4199.301497120196,1500.0,1500.0,35.2,30.16,25.0,2479.212289557087,4.0,1500.0,1500.0,882.6348783699843,1,1,0.0,0.0,0.0,16.526975673996873,4199.301497120196,4209.912205973801,399.37715864332984,4.0,61.08765607686063,59.08765607686063,60.08765607686063,-0.38343336402485584,0.0,0.38343336402485584,920.5988472805482,923.7592166464013,1067.278173339861,1079.2254644155114,36.823953891221926,36.950368665856054,42.69112693359444,43.16901857662045,67.68316115701924,67.68316115701924,67.68316115701924,67.68316115701924
2025-12-26T11:49:42.820773,11.750,394.36838576885793,2491.1890817857325,57.5,4147.574676736051,1625.0,1625.0,37.28663951062293,31.829311608498344,25.0,2491.1890817857325,45.732790212458596,1625.0,1625.0,800.0,1,1,57.5,51.75,25.0,0.0,4147.574676736051,4156.938444936185,394.36838576885793,45.732790212458596,61.043885882467585,59.043885882467585,60.043885882467585,0.18264260219933023,0.0,0.18264260219933023,1028.9111251415138,1024.638520604287,952.2848017629757,955.1930876362233,41.15644500566055,40.98554082417147,38.09139207051903,38.20772350544893,66.91590836878163,66.91590836878163,66.91590836878163,66.91590836878163
2025-12-26T11:49:42.877076,11.800,394.2797055714307,2503.095742516228,57.5,4145.780238881343,1625.0,1625.0,37.3232411683451,31.85859293467608,25.0,2503.095742516228,46.46482336690198,1625.0,1625.0,800.0,1,1,57.5,51.75,25.0,0.0,4145.780238881343,4157.1150091966165,394.2797055714307,46.46482336690198,61.00045323015033,59.00045323015033,60.00045323015033,0.18157311722591232,0.0,0.18157311722591232,1040.8094690876715,1040.4940116504845,951.4236496753651,951.6676022624447,41.63237876350686,41.61976046601938,38.05694598701461,38.06670409049779,66.15964753840802,66.15964753840802,66.15964753840802,66.15964753840802
2025-12-26T11:49:42.928101,11.850,399.37454199450656,2478.0405390648084,0.0,4200.48568810429,1500.0,1500.0,35.2,30.16,25.0,2478.0405390648084,4.0,1500.0,1500.0,882.2578281829399,1,1,0.0,0.0,0.0,16.451565636587986,4200.48568810429,4209.341173412672,399.37454199450656,4.0,60.941526097075716,58.941526097075716,59.941526097075716,-0.38208457403609575,0.0,0.38208457403609575,916.1654918770425,935.023343778451,1076.5503361966576,1065.3061685075643,36.6466196750817,37.40093375113804,43.0620134478663,42.612246740302574,65.93740520816976,65.93740520816976,65.93740520816976,65.93740520816976
2025-12-26T11:49:42.979876,11.900,394.3680780411709,2490.0241744638533,57.5,4147.168869597621,1625.0,1625.0,37.28567744010636,31.82854195208509,25.0,2490.0241744638533,45.71354880212719,1625.0,1625.0,800.0,1,1,57.5,51.75,25.0,0.0,4147.168869597621,4158.089002902045,394.3680780411709,45.71354880212719,60.89800695121305,58.89800695121305,59.89800695121305,0.18274695855995798,0.0,0.18274695855995798,1029.6090668716101,1039.9007682708425,971.1042592050898,967.7911955336281,41.18436267486441,41.5960307308337,38.84417036820359,38.711647821345124,65.2018008530904,65.2018008530904,65.2018008530904,65.2018008530904
2025-12-26T11:49:43.030387,11.950,394.27944244158573,2501.937671282441,57.5,4146.2255398477,1625.0,1625.0,37.322260494963686,31.857808395970945,25.0,2501.937671282441,46.44520989927365,1625.0,1625.0,800.0,1,1,57.5,51.75,25.0,0.0,4146.2255398477,4155.743678487977,394.27944244158573,46.44520989927365,60.85482527163028,58.85482527163028,59.85482527163028,0.18167736558342748,0.0,0.18167736558342748,1039.7389881246563,1038.9170190138157,954.4772142166627,953.2885303482948,41.58955952498626,41.55668076055263,38.17908856866651,38.13154121393179,64.47672770513384,64.47672770513384,64.47672770513384,64.47672770513384
2025-12-26T11:49:43.080610,12.000,399.3719252485461,2476.9637437373203,0.0,4199.265637233603,1500.0,1500.0,35.2,30.16,25.0,2476.9637437373203,4.0,1500.0,1500.0,881.9113340800449,1,1,0.0,0.0,0.0,16.38226681600898,4199.265637233603,4209.118991936445,399.3719252485461,4.0,60.796158653465696,58.796158653465696,59.796158653465696,-0.38084514007589754,0.0,0.38084514007589754,913.0851233577632,935.1336519804253,1067.992537129708,1085.069550433173,36.52340493431053,37.40534607921701,42.71970148518832,43.40278201732691,64.28246083613213,64.28246083613213,64.28246083613213,64.28246083613213
2025-12-26T11:49:43.131598,12.050,394.3675804829182,2488.9536649042097,57.5,4147.447004250549,1625.0,1625.0,37.28479442683207,31.827835541465657,25.0,2488.9536649042097,45.69588853664143,1625.0,1625.0,800.0,1,1,57.5,51.75,25.0,0.0,4147.447004250549,4156.3150211290695,394.3675804829182,45.69588853664143,60.75288830346954,58.75288830346954,59.75288830346954,0.18284281469356123,0.0,0.18284281469356123,1040.7326638980107,1042.9184279994115,975.5775815092582,970.5092350407565,41.62930655592043,41.71673711997646,39.02310326037033,38.82036940163026,63.57683009393119,63.57683009393119,63.57683009393119,63.57683009393119
2025-12-26T11:49:43.187270,12.100,394.2789857346678,2500.873441032213,57.5,4145.647456376513,1625.0,1625.0,37.32136044154879,31.857088353239032,25.0,2500.873441032213,46.427208830975765,1625.0,1625.0,800.0,1,1,57.5,51.75,25.0,0.0,4145.647456376513,4156.901248409913,394.2789857346678,46.427208830975765,60.7099553968144,58.7099553968144,59.7099553968144,0.1817731232278591,0.0,0.1817731232278591,1037.9951958367956,1030.0348584155852,953.1116103220404,973.1440859544598,41.51980783347182,41.20139433662341,38.124464412881615,38.92576343817839,62.881294970484994,62.881294970484994,62.881294970484994,62.881294970484994
2025-12-26T11:49:43.237809,12.150,399.3693084134324,2475.974200647002,0.0,4200.378099430425,1500.0,1500.0,35.2,30.16,25.0,2475.974200647002,4.0,1500.0,1500.0,881.592917133774,1,1,0.0,0.0,0.0,16.3185834267548,4200.378099430425,4210.007686748802,399.3693084134324,4.0,60.65154612719696,58.65154612719696,59.65154612719696,-0.3797061825840859,0.0,0.3797061825840859,917.3549215489708,913.1361795449957,1086.9087686463047,1086.4335586238226,36.69419686195883,36.52544718179983,43.47635074585219,43.457342344952906,62.71359491915855,62.71359491915855,62.71359491915855,62.71359491915855
2025-12-26T11:49:43.288909,12.200,394.36690849152563,2487.969895839926,57.5,4146.439647089456,1625.0,1625.0,37.2839840583989,31.827187246719117,25.0,2487.969895839926,45.67968116797794,1625.0,1625.0,800.0,1,1,57.5,51.75,25.0,0.0,4146.439647089456,4157.584275848175,394.36690849152563,45.67968116797794,60.608522421427985,58.608522421427985,59.608522421427985,0.18293086691321875,0.0,0.18293086691321875,1026.83294138954,1047.6585991127247,966.9018455806594,964.069720174097,41.073317655581604,41.906343964508984,38.676073823226375,38.56278880696388,62.03635385010725,62.03635385010725,62.03635385010725,62.03635385010725
2025-12-26T11:49:43.340445,12.250,394.2783511549167,2499.8954401010205,57.5,4145.767424034709,1625.0,1625.0,37.32053446772386,31.856427574179087,25.0,2499.8954401010205,46.41068935447714,1625.0,1625.0,800.0,1,1,57.5,51.75,25.0,0.0,4145.767424034709,4157.278234652231,394.2783511549167,46.41068935447714,60.56583618428116,58.56583618428116,59.56583618428116,0.18186108558184955,0.0,0.18186108558184955,1024.9178592020367,1025.405505955401,962.2694822777876,966.6778005365579,40.99671436808146,41.016220238216036,38.4907792911115,38.667112021462316,61.368796511392794,61.368796511392794,61.368796511392794,61.368796511392794
2025-12-26T11:49:43.391477,12.300,399.3666914965016,2475.0648329911464,0.0,4199.319953762321,1500.0,1500.0,35.2,30.16,25.0,2475.0648329911464,4.0,1500.0,1500.0,881.3002999394275,1,1,0.0,0.0,0.0,16.260059987885512,4199.319953762321,4208.9904842049855,399.3666914965016,4.0,60.50768127274313,58.50768127274313,59.50768127274313,-0.37865954507332994,0.0,0.37865954507332994,932.2515295123613,920.3121504074084,1087.9774467242094,1083.6895321101642,37.290061180494455,36.81248601629633,43.51909786896837,43.347581284406566,61.2263252024592,61.2263252024592,61.2263252024592,61.2263252024592
2025-12-26T11:49:43.441667,12.350,394.36607621308616,2487.065832348686,57.5,4146.758170195251,1625.0,1625.0,37.2832404435355,31.826592354828396,25.0,2487.065832348686,45.66480887070993,1625.0,1625.0,800.0,1,1,57.5,51.75,25.0,0.0,4146.758170195251,4156.583210571432,394.36607621308616,45.66480887070993,60.46490215221079,58.46490215221079,59.46490215221079,0.1830117538827306,0.0,0.1830117538827306,1044.312058742604,1036.6819984714202,972.3487641865211,963.2723500091288,41.772482349704156,41.46727993885681,38.89395056746084,38.53089400036515,60.57597547944337,60.57597547944337,60.57597547944337,60.57597547944337
2025-12-26T11:49:43.492420,12.400,394.2775531298449,2498.9966753945087,57.5,4146.976768367397,1625.0,1625.0,37.31977656483433,31.85582125186746,25.0,2498.9966753945087,46.39553129668651,1625.0,1625.0,800.0,1,1,57.5,51.75,25.0,0.0,4146.976768367397,4156.784931445486,394.2775531298449,46.39553129668651,60.42246056955805,58.42246056955805,59.42246056955805,0.1819418905096353,0.0,0.1819418905096353,1035.620373109309,1027.427691820675,965.4024312656676,956.8417355846435,41.424814924372356,41.097107672827,38.6160972506267,38.27366942338574,59.93491993247597,59.93491993247597,59.93491993247597,59.93491993247597
2025-12-26T11:49:43.542943,12.450,399.3640745044948,2474.2291390038267,0.0,4199.956027865073,1500.0,1500.0,35.2,30.16,25.0,2474.2291390038267,4.0,1500.0,1500.0,881.0313901680671,1,1,0.0,0.0,0.0,16.206278033613415,4199.956027865073,4210.1453538373125,399.3640745044948,4.0,60.36455718700198,58.36455718700198,59.36455718700198,-0.3776977349278386,0.0,0.3776977349278386,930.370770941844,914.8077510456963,1067.3702975774563,1078.9965095310592,37.21483083767376,36.59231004182785,42.69481190309825,43.15986038124237,59.816406228068324,59.816406228068324,59.816406228068324,59.816406228068324
2025-12-26T11:49:43.593554,12.500,394.365096644432,2486.235011083743,57.5,4147.845425049175,1625.0,1625.0,37.28255816959122,31.826046535672976,25.0,2486.235011083743,45.65116339182443,1625.0,1625.0,800.0,1,1,57.5,51.75,25.0,0.0,4147.845425049175,4157.76011954411,394.365096644432,45.65116339182443,60.32202067771369,58.32202067771369,59.32202067771369,0.18308606148344084,0.0,0.18308606148344084,1042.7039610887439,1048.4206529314424,972.0669834839359,969.1705331053719,41.708158443549756,41.936826117257695,38.88267933935744,38.766821324214874,59.191530219546834,59.191530219546834,59.191530219546834,59.191530219546834
2025-12-26T11:49:43.644041,12.550,394.27660491445226,2498.1707219379623,57.5,4145.660455205097,1625.0,1625.0,37.31908121254457,31.855264970035655,25.0,2498.1707219379623,46.381624250891385,1625.0,1625.0,800.0,1,1,57.5,51.75,25.0,0.0,4145.660455205097,4156.209676084463,394.27660491445226,46.381624250891385,60.27982181565432,58.27982181565432,59.27982181565432,0.1820161231735705,0.0,0.1820161231735705,1043.5770586001836,1036.3906650170507,954.9630256482648,953.8224034793112,41.74308234400734,41.455626600682024,38.19852102593059,38.15289613917245,58.575579889909164,58.575579889909164,58.575579889909164,58.575579889909164
2025-12-26T11:49:43.694613,12.600,399.36145744360675,2473.461145066386,0.0,4198.915972037341,1500.0,1500.0,35.2,30.16,25.0,2473.461145066386,4.0,1500.0,1500.0,880.7842654717535,1,1,0.0,0.0,0.0,16.15685309435071,4198.915972037341,4209.656440066402,399.36145744360675,4.0,60.222167281068145,58.222167281068145,59.222167281068145,-0.37681386909886105,0.0,0.37681386909886105,936.8046919614098,914.9137243576346,1077.2810161808516,1066.5416502806786,37.47218767845639,36.596548974305385,43.091240647234066,42.66166601122715,58.47981616915076,58.47981616915076,58.47981616915076,58.47981616915076
2025-12-26T11:49:43.748678,12.650,394.36398172682215,2485.47149367567,57.5,4146.241198368156,1625.0,1625.0,37.281932263518925,31.825545810815143,25.0,2485.47149367567,45.63864527037853,1625.0,1625.0,800.0,1,1,57.5,51.75,25.0,0.0,4146.241198368156,4156.453992717368,394.36398172682215,45.63864527037853,60.17987148704136,58.17987148704136,59.17987148704136,0.183154327255851,0.0,0.183154327255851,1032.4971663044248,1036.597065932439,956.2098307336464,975.0453243119134,41.299886652176994,41.46388263729756,38.24839322934586,39.001812972476536,57.87907234409524,57.87907234409524,57.87907234409524,57.87907234409524
2025-12-26T11:49:43.798217,12.700,394.27551868687044,2497.411676568729,57.5,4147.2475085029855,1625.0,1625.0,37.318443339004865,31.854754671203896,25.0,2497.411676568729,46.36886678009737,1625.0,1625.0,800.0,1,1,57.5,51.75,25.0,0.0,4147.2475085029855,4156.0405730602415,394.27551868687044,46.36886678009737,60.13791348612854,58.13791348612854,59.13791348612854,0.18208432046673798,0.0,0.18208432046673798,1047.6645344170622,1043.3439739989885,974.2175672188558,956.3285019980624,41.90658137668249,41.73375895995954,38.968702688754234,38.253140079922495,57.28690556268163,57.28690556268163,57.28690556268163,57.28690556268163
2025-12-26T11:49:43.849265,12.750,399.35884031952975,2472.7553626668323,0.0,4199.851359259442,1500.0,1500.0,35.2,30.16,25.0,2472.7553626668323,4.0,1500.0,1500.0,880.5571596283511,1,1,0.0,0.0,0.0,16.111431925670217,4199.851359259442,4209.35169000882,399.35884031952975,4.0,60.08050525443388,58.08050525443388,59.08050525443388,-0.3760016242842654,0.0,0.3760016242842654,915.7566504779638,930.1823849586399,1063.0656913972846,1077.6380500314053,36.63026601911855,37.20729539834559,42.522627655891384,43.10552200125621,57.21274449578316,57.21274449578316,57.21274449578316,57.21274449578316
2025-12-26T11:49:43.899836,12.800,394.3627424319434,2484.7698239577044,57.5,4147.807085872527,1625.0,1625.0,37.281358156059085,31.82508652484727,25.0,2484.7698239577044,45.627163121181724,1625.0,1625.0,800.0,1,1,57.5,51.75,25.0,0.0,4147.807085872527,4156.988312925942,394.3627424319434,45.627163121181724,60.038448351314216,58.038448351314216,59.038448351314216,0.18321704445533069,0.0,0.18321704445533069,1045.062869727026,1040.9787564607586,966.0835639096236,964.370148309103,41.802514789081044,41.63915025843035,38.643342556384944,38.57480593236412,56.63486312464182,56.63486312464182,56.63486312464182,56.63486312464182
2025-12-26T11:49:43.950831,12.850,394.27430563614973,2496.714115426999,57.5,4146.863328248287,1625.0,1625.0,37.317858284290544,31.854286627432433,25.0,2496.714115426999,46.35716568581084,1625.0,1625.0,800.0,1,1,57.5,51.75,25.0,0.0,4146.863328248287,4155.963294172983,394.27430563614973,46.35716568581084,59.99672942047311,57.99672942047311,58.99672942047311,0.18214697506077485,0.0,0.18214697506077485,1029.2682974552272,1037.8670697281466,964.1783050466684,964.8338558018745,41.17073189820909,41.514682789125864,38.567132201866734,38.59335423207498,56.06522890410233,56.06522890410233,56.06522890410233,56.06522890410233
2025-12-26T11:49:44.001740,12.900,399.35622313749457,2472.106748888259,0.0,4199.9213374423825,1500.0,1500.0,35.2,30.16,25.0,2472.106748888259,4.0,1500.0,1500.0,880.3484498227998,1,1,0.0,0.0,0.0,16.069689964559956,4199.9213374423825,4210.046961653465,399.35622313749457,4.0,59.93956507140929,57.93956507140929,58.93956507140929,-0.37525519121545137,0.0,0.37525519121545137,937.003567088864,924.2382522344002,1063.6238071277696,1065.71461851351,37.48014268355456,36.96953008937601,42.54495228511079,42.6285847405404,56.011580406705704,56.011580406705704,56.011580406705704,56.011580406705704
2025-12-26T11:49:44.052298,12.950,394.36138884086216,2484.124988697139,57.5,4148.128184037594,1625.0,1625.0,37.280831648859376,31.8246653190875,25.0,2484.124988697139,45.616632977187564,1625.0,1625.0,800.0,1,1,57.5,51.75,25.0,0.0,4148.128184037594,4158.054018536953,394.36138884086216,45.616632977187564,59.89774530064254,57.89774530064254,58.89774530064254,0.18327466575728119,0.0,0.18327466575728119,1025.5354522850473,1028.35993075138,962.6758660093802,952.3546974670782,41.02141809140189,41.1343972300552,38.50703464037521,38.094187898683124,55.45535953503989,55.45535953503989,55.45535953503989,55.45535953503989
2025-12-26T11:49:44.102824,13.000,394.27297604284246,2496.073054929707,57.5,4146.585944127085,1625.0,1625.0,37.31732176684091,31.853857413472728,25.0,2496.073054929707,46.34643533681819,1625.0,1625.0,800.0,1,1,57.5,51.75,25.0,0.0,4146.585944127085,4156.160469489476,394.27297604284246,46.34643533681819,59.85626371161667,57.85626371161667,58.85626371161667,0.18220453910411802,0.0,0.18220453910411802,1033.2289090827524,1029.2019943210603,951.8590492625764,951.250914651224,41.3291563633101,41.16807977284241,38.074361970503055,38.05003658604896,54.907073613179854,54.907073613179854,54.907073613179854,54.907073613179854
2025-12-26T11:49:44.162348,13.050,399.3536059023082,2471.510670133608,0.0,4200.111654899768,1500.0,1500.0,35.2,30.16,25.0,2471.510670133608,4.0,1500.0,1500.0,880.1566449705332,1,1,0.0,0.0,0.0,16.031328994106644,4200.111654899768,4210.692143056095,399.3536059023082,4.0,59.79934093957144,57.79934093957144,58.79934093957144,-0.37456923270748493,0.0,0.37456923270748493,920.576105092443,929.9438033077864,1066.3005490402452,1064.778348103791,36.82304420369772,37.19775213231146,42.65202196160981,42.591133924151634,54.872901968109616,54.872901968109616,54.872901968109616,54.872901968109616
2025-12-26T11:49:44.213866,13.100,394.3599302165126,2483.532381542149,57.5,4146.724403378129,1625.0,1625.0,37.28034888428642,31.824279107429135,25.0,2483.532381542149,45.60697768572839,1625.0,1625.0,800.0,1,1,57.5,51.75,25.0,0.0,4146.724403378129,4157.250794218987,394.3599302165126,45.60697768572839,59.757756603081795,57.757756603081795,58.757756603081795,0.18332760664360356,0.0,0.18332760664360356,1039.2012295029806,1040.4355291323704,973.4515876654607,970.6025646317702,41.568049180119225,41.61742116529482,38.93806350661843,38.82410258527081,54.33720364185262,54.33720364185262,54.33720364185262,54.33720364185262
2025-12-26T11:49:44.264449,13.150,394.2715393529828,2495.4839159390303,57.5,4146.43444043647,1625.0,1625.0,37.316829852648944,31.853463882119154,25.0,2495.4839159390303,46.33659705297888,1625.0,1625.0,800.0,1,1,57.5,51.75,25.0,0.0,4146.43444043647,4155.595113859274,394.2715393529828,46.33659705297888,59.716510685362124,57.716510685362124,58.716510685362124,0.18225742760239022,0.0,0.18225742760239022,1029.3254094409156,1047.999650704005,962.6784983806759,969.905895244028,41.17301637763662,41.9199860281602,38.50713993522704,38.79623580976112,53.809144771475225,53.809144771475225,53.809144771475225,53.809144771475225
2025-12-26T11:49:44.317518,13.200,394.2453703355345,2507.3653454391683,57.5,4145.76829632536,1625.0,1625.0,37.32738527171543,31.86190821737234,25.0,2507.3653454391683,46.5477054343085,1625.0,1625.0,800.0,1,1,57.5,51.75,25.0,0.0,4145.76829632536,4156.007080122381,394.2453703355345,46.5477054343085,59.67524848506538,57.67524848506538,58.67524848506538,0.18118834829270142,0.0,0.18118834829270142,1025.3390898977975,1039.4693354482176,970.3254604394172,951.6716105479014,41.0135635959119,41.5787734179287,38.813018417576686,38.06686442191606,53.28867050260128,53.28867050260128,53.28867050260128,53.28867050260128
2025-12-26T11:49:44.369639,13.250,399.35015260669906,2482.010464857576,0.0,4199.083885505219,1500.0,1500.0,35.2,30.16,25.0,2482.010464857576,4.0,1500.0,1500.0,883.5352903902215,1,1,0.0,0.0,0.0,16.707058078044298,4199.083885505219,4210.601789576302,399.35015260669906,4.0,59.61841769693634,57.61841769693634,58.61841769693634,-0.38665456321430397,0.0,0.38665456321430397,930.0219968873092,929.6684525748791,1070.1834459055988,1071.9356188952236,37.20087987549237,37.186738102995164,42.80733783622395,42.87742475580894,53.30504022431228,53.30504022431228,53.30504022431228,53.30504022431228
2025-12-26T11:49:44.420102,13.300,394.33544863701684,2493.9709023032237,57.5,4146.454322349459,1625.0,1625.0,37.289110851780194,31.831288681424155,25.0,2493.9709023032237,45.78221703560385,1625.0,1625.0,800.0,1,1,57.5,51.75,25.0,0.0,4146.454322349459,4157.021147926339,394.33544863701684,45.78221703560385,59.57704805112813,57.57704805112813,58.57704805112813,0.1823931965097294,0.0,0.1823931965097294,1048.9501226033856,1026.5130790275857,955.0246233340841,964.8042698058413,41.95800490413542,41.06052316110343,38.200984933363365,38.59217079223365,52.79580016845017,52.79580016845017,52.79580016845017,52.79580016845017
2025-12-26T11:49:44.471001,13.350,394.24664374189297,2505.861225392797,57.5,4145.692422137585,1625.0,1625.0,37.3257645194458,31.86061161555664,25.0,2505.861225392797,46.515290388915936,1625.0,1625.0,800.0,1,1,57.5,51.75,25.0,0.0,4145.692422137585,4156.8348781838995,394.24664374189297,46.515290388915936,59.53602344025756,57.53602344025756,58.53602344025756,0.18132397294797056,0.0,0.18132397294797056,1030.2485830777005,1038.7789967512729,957.7822547595794,973.1274489248813,41.20994332310802,41.55115987005092,38.311290190383176,38.92509795699525,52.29386781726219,52.29386781726219,52.29386781726219,52.29386781726219
2025-12-26T11:49:44.521571,13.400,399.34753620761046,2480.61192167865,0.0,4199.041431020446,1500.0,1500.0,35.2,30.16,25.0,2480.61192167865,4.0,1500.0,1500.0,883.0852587247169,1,1,0.0,0.0,0.0,16.61705174494338,4199.041431020446,4209.280145571913,399.34753620761046,4.0,59.47944841228856,57.47944841228856,58.47944841228856,-0.38504454665608523,0.0,0.38504454665608523,925.270437544852,926.4199497413823,1082.5336509440738,1067.229821050214,37.01081750179408,37.056797989655294,43.301346037762954,42.68919284200856,52.32516941095062,52.32516941095062,52.32516941095062,52.32516941095062
2025-12-26T11:49:44.571990,13.450,394.3355945352847,2492.5805356395317,57.5,4147.880733271863,1625.0,1625.0,37.28795987056955,31.83036789645564,25.0,2492.5805356395317,45.75919741139107,1625.0,1625.0,800.0,1,1,57.5,51.75,25.0,0.0,4147.880733271863,4156.7735303980835,394.3355945352847,45.75919741139107,59.43831903212079,57.43831903212079,58.43831903212079,0.18251788599173047,0.0,0.18251788599173047,1042.8407809409014,1033.0893731258834,960.6697153650142,963.9373018992836,41.71363123763605,41.32357492503534,38.42678861460057,38.557492075971346,51.83377148668431,51.83377148668431,51.83377148668431,51.83377148668431
2025-12-26T11:49:44.622167,13.500,394.24684321542765,2504.4790266362143,57.5,4144.993164462706,1625.0,1625.0,37.32459119076296,31.859672952610367,25.0,2504.4790266362143,46.49182381525919,1625.0,1625.0,800.0,1,1,57.5,51.75,25.0,0.0,4144.993164462706,4154.982004754407,394.24684321542765,46.49182381525919,59.397534461347455,57.397534461347455,58.397534461347455,0.18144853115858878,0.0,0.18144853115858878,1046.3452987270773,1029.5047835194612,965.1643270272201,951.2916711864708,41.853811949083095,41.18019134077845,38.606573081088804,38.05166684745883,51.34941937598232,51.34941937598232,51.34941937598232,51.34941937598232
2025-12-26T11:49:44.676804,13.550,399.34491969230635,2479.3267372168557,0.0,4199.965895981619,1500.0,1500.0,35.2,30.16,25.0,2479.3267372168557,4.0,1500.0,1500.0,882.6717058238138,1,1,0.0,0.0,0.0,16.534341164762765,4199.965895981619,4209.3345108507465,399.34491969230635,4.0,59.3412115798289,57.3412115798289,58.3412115798289,-0.383565106843457,0.0,0.383565106843457,924.3019293587265,916.7195952694085,1074.5815424875552,1077.470551820119,36.97207717434906,36.66878381077634,42.98326169950221,43.09882207280476,51.39497386129236,51.39497386129236,51.39497386129236,51.39497386129236
2025-12-26T11:49:44.727358,13.600,394.3355137986056,2491.30286088334,57.5,4147.497302362507,1625.0,1625.0,37.28690327413002,31.829522619304015,25.0,2491.30286088334,45.738065482600376,1625.0,1625.0,800.0,1,1,57.5,51.75,25.0,0.0,4147.497302362507,4156.703795496441,394.3355137986056,45.738065482600376,59.300320173719406,57.300320173719406,58.300320173719406,0.18263240682059717,-1.4159411455622897,1.4276708036929708,744.5557712238052,1330.4769570422745,683.1189937015637,1250.0717689102137,29.782230848952207,53.21907828169098,27.324759748062547,50.00287075640855,50.92049315595477,50.92049315595477,50.92049315595477,50.92049315595477
2025-12-26T11:49:44.786307,13.650,394.246811571055,2503.2088537464583,57.5,4145.817135359244,1625.0,1625.0,37.32351411675672,31.858811293405378,25.0,2503.2088537464583,46.47028233513443,1625.0,1625.0,800.0,1,1,57.5,51.75,25.0,0.0,4145.817135359244,4155.946302176831,394.246811571055,46.47028233513443,59.259773414519174,57.259773414519174,58.259773414519174,0.18156293244242327,-1.429507114006827,1.4409912169868417,754.4470172892578,1319.218165775078,682.4541860516808,1259.2075642876162,30.177880691570312,52.76872663100312,27.298167442067232,50.36830257150465,50.452810505859084,50.452810505859084,50.452810505859084,50.452810505859084
2025-12-26T11:49:44.837315,13.700,399.3423030703187,2478.1457117385407,0.0,4200.1994865483375,1500.0,1500.0,35.2,30.16,25.0,2478.1457117385407,4.0,1500.0,1500.0,882.2916709838858,1,1,0.0,0.0,0.0,16.458334196777145,4200.1994865483375,4209.748156284954,399.3423030703187,4.0,59.20369928391223,57.20369928391223,58.20369928391223,-0.3822056347165229,-1.4010248099304425,1.4522230080981684,647.7948100331148,1192.231459882616,796.7426139897249,1344.745091101673,25.911792401324593,47.68925839530464,31.869704559588996,53.78980364406692,50.51196698204754,50.51196698204754,50.51196698204754,50.51196698204754
2025-12-26T11:49:44.888782,13.750,394.33522481719234,2490.1287330480827,57.5,4146.008286399209,1625.0,1625.0,37.285933403685085,31.828746722948065,25.0,2490.1287330480827,45.71866807370164,1625.0,1625.0,800.0,1,1,57.5,51.75,25.0,0.0,4146.008286399209,4157.092854989496,394.33522481719234,45.71866807370164,59.16304366974477,57.16304366974477,58.16304366974477,0.18273759387343125,-1.4146068203152322,1.4263609235733512,756.5617374979813,1313.8226897976297,676.518338643168,1255.2642142385598,30.262469499919252,52.55290759190519,27.06073354572672,50.210568569542396,50.05352740739401,50.05352740739401,50.05352740739401,50.05352740739401
2025-12-26T11:49:44.939826,13.800,394.2465675669459,2502.0416164105386,57.5,4145.510466557682,1625.0,1625.0,37.322525485171845,31.858020388137476,25.0,2502.0416164105386,46.45050970343693,1625.0,1625.0,800.0,1,1,57.5,51.75,25.0,0.0,4145.510466557682,4155.425361752533,394.2465675669459,46.45050970343693,59.122732597569616,57.122732597569616,58.122732597569616,0.18166801055562903,-1.4281742767185017,1.4396822672866594,752.531063910196,1318.7587795705622,690.1853832155969,1249.113384697774,30.101242556407843,52.750351182822484,27.607415328623873,49.96453538791096,49.601651448438076,49.601651448438076,49.601651448438076,49.601651448438076
2025-12-26T11:49:44.992431,13.850,399.33968635040594,2477.060393903973,0.0,4199.52603902809,1500.0,1500.0,35.2,30.16,25.0,2477.060393903973,4.0,1500.0,1500.0,881.9424343896457,1,1,0.0,0.0,0.0,16.388486877929125,4199.52603902809,4208.686677002817,399.33968635040594,4.0,59.066904022342875,57.066904022342875,58.066904022342875,-0.3809563861187301,-1.3997979052836316,1.4507108408504727,649.4807620890259,1198.56854881231,794.3369444334307,1357.8298903418774,25.979230483561036,47.9427419524924,31.77347777733723,54.3131956136751,49.67378611589348,49.67378611589348,49.67378611589348,49.67378611589348
2025-12-26T11:49:45.043405,13.900,394.3347444855309,2489.0497509893503,57.5,4146.549274444879,1625.0,1625.0,37.28504322336827,31.828034578694616,25.0,2489.0497509893503,45.70086446736544,1625.0,1625.0,800.0,1,1,57.5,51.75,25.0,0.0,4146.549274444879,4156.920744524721,394.3347444855309,45.70086446736544,59.026482118329035,57.026482118329035,58.026482118329035,0.18283421261436758,-1.4133811770979763,1.4251577811165952,744.5653480789219,1310.4049837167233,671.6870776716523,1235.2611443050462,29.782613923156877,52.41619934866893,26.867483106866093,49.41044577220185,49.230557659635494,49.230557659635494,49.230557659635494,49.230557659635494
2025-12-26T11:49:45.094165,13.950,394.24612843496107,2500.9689636135786,57.5,4146.1707430396455,1625.0,1625.0,37.321618119419696,31.857294495535758,25.0,2500.9689636135786,46.432362388393905,1625.0,1625.0,800.0,1,1,57.5,51.75,25.0,0.0,4146.1707430396455,4155.264480225082,394.24612843496107,46.432362388393905,58.98640470393652,56.98640470393652,57.98640470393652,0.18176452995898795,-1.4269499911241363,1.4384799691064123,757.483608388523,1311.0705861623408,676.9761102114428,1240.766533419182,30.29934433554092,52.442823446493634,27.07904440845771,49.63066133676728,48.79367093825937,48.79367093825937,48.79367093825937,48.79367093825937
2025-12-26T11:49:45.144958,14.000,399.3370695406159,2476.0630196092084,0.0,4199.020826255826,1500.0,1500.0,35.2,30.16,25.0,2476.0630196092084,4.0,1500.0,1500.0,881.6214974232854,1,1,0.0,0.0,0.0,16.324299484657075,4199.020826255826,4209.918989419369,399.3370695406159,4.0,58.930818671957006,56.930818671957006,57.930818671957006,-0.3798084108288284,-1.3986708908744199,1.4493221484251744,649.391712971742,1193.3185882726423,796.354360255229,1354.6046499931872,25.97566851886968,47.732743530905694,31.85417441020916,54.18418599972749,48.87818614498063,48.87818614498063,48.87818614498063,48.87818614498063
2025-12-26T11:49:45.195508,14.050,394.3340883245709,2488.0581966339582,57.5,4146.949519283658,1625.0,1625.0,37.28422626933587,31.827381015468692,25.0,2488.0581966339582,45.68452538671733,1625.0,1625.0,800.0,1,1,57.5,51.75,25.0,0.0,4146.949519283658,4156.1042764107515,394.3340883245709,45.68452538671733,58.89062848828709,56.89062848828709,57.89062848828709,0.18292296499909302,-1.4122553136096225,1.424052626114173,765.1785969825703,1329.9632720179404,690.3323048409939,1248.3221221492463,30.60714387930281,53.19853088071762,27.613292193639754,49.932884885969855,48.449382302763574,48.449382302763574,48.449382302763574,48.449382302763574
2025-12-26T11:49:45.249120,14.100,394.2455100054412,2499.9832232541667,57.5,4145.557403250755,1625.0,1625.0,37.32078542660616,31.856628341284924,25.0,2499.9832232541667,46.415708532123155,1625.0,1625.0,800.0,1,1,57.5,51.75,25.0,0.0,4145.557403250755,4155.115228873218,394.2455100054412,46.415708532123155,58.850782789818076,56.850782789818076,57.850782789818076,0.1818531917086958,-1.425825367015559,1.4373755808972453,754.6529813652118,1309.676045083821,682.4891664930888,1255.7198449014918,30.18611925460847,52.387041803352844,27.299566659723553,50.228793796059676,48.02671016280643,48.02671016280643,48.02671016280643,48.02671016280643
2025-12-26T11:49:45.300641,14.150,399.33445264834353,2475.146455868684,0.0,4198.628230045107,1500.0,1500.0,35.2,30.16,25.0,2475.146455868684,4.0,1500.0,1500.0,881.3265645974307,1,1,0.0,0.0,0.0,16.26531291948612,4198.628230045107,4209.359081779556,399.33445264834353,4.0,58.79543645716218,56.79543645716218,57.79543645716218,-0.37875348748678267,-1.3976355910941827,1.4480467705763465,642.7330770507018,1191.835660165959,797.828432128371,1363.3747144210784,25.70932308202807,47.67342640663836,31.91313728513484,54.53498857684313,48.12303347514673,48.12303347514673,48.12303347514673,48.12303347514673
2025-12-26T11:49:45.351745,14.200,394.33327059384965,2487.1469792154544,57.5,4146.941002645827,1625.0,1625.0,37.28347660307152,31.826781282457215,25.0,2487.1469792154544,45.66953206143042,1625.0,1625.0,800.0,1,1,57.5,51.75,25.0,0.0,4146.941002645827,4156.081228032961,394.33327059384965,45.66953206143042,58.75547608837821,56.75547608837821,57.75547608837821,0.1830044948567867,-1.4112210644965804,1.423037433807224,753.446966940601,1316.8127962979263,690.3951840494949,1244.30558828816,30.137878677624037,52.67251185191705,27.615807361979794,49.7722235315264,47.70790884786782,47.70790884786782,47.70790884786782,47.70790884786782
2025-12-26T11:49:45.403831,14.250,394.24472682170244,2499.077346732003,57.5,4145.873366492878,1625.0,1625.0,37.320021349847494,31.856017079877994,25.0,2499.077346732003,46.40042699694988,1625.0,1625.0,800.0,1,1,57.5,51.75,25.0,0.0,4145.873366492878,4156.160746078049,394.24472682170244,46.40042699694988,58.7158602441194,56.7158602441194,57.7158602441194,0.18193463882634786,-1.4247922499120975,1.436361085595976,763.1101149772066,1313.5495089136111,683.6786195802857,1240.0229490376578,30.524404599088264,52.54198035654444,27.34714478321143,49.60091796150631,47.29871707341208,47.29871707341208,47.29871707341208,47.29871707341208
2025-12-26T11:49:45.454874,14.300,399.331835680384,2474.3041493164083,0.0,4198.5570093157085,1500.0,1500.0,35.2,30.16,25.0,2474.3041493164083,4.0,1500.0,1500.0,881.0555269758031,1,1,0.0,0.0,0.0,16.211105395160615,4198.5570093157085,4209.005927301011,399.331835680384,4.0,58.660750921181176,56.660750921181176,57.660750921181176,-0.37778406391322206,-1.3966845061166282,1.4468753949711906,649.3649970134446,1194.2458682610288,800.8546765326871,1360.7372369675836,25.974599880537784,47.769834730441154,32.034187061307485,54.429489478703346,47.40630037053812,47.40630037053812,47.40630037053812,47.40630037053812
2025-12-26T11:49:45.505419,14.350,394.332304394393,2486.309584097196,57.5,4147.613700267591,1625.0,1625.0,37.282788768532114,31.82623101482569,25.0,2486.309584097196,45.655775370642296,1625.0,1625.0,800.0,1,1,57.5,51.75,25.0,0.0,4147.613700267591,4156.800700587345,394.332304394393,45.655775370642296,58.621018539210304,56.621018539210304,57.621018539210304,0.18307939279876909,-1.4102709391529678,1.4221048434932495,753.8556867572463,1320.1537446148618,688.2856198170817,1256.4547208560982,30.154227470289854,52.806149784594474,27.531424792683268,50.25818883424393,47.00414841349551,47.00414841349551,47.00414841349551,47.00414841349551
2025-12-26T11:49:45.555750,14.400,394.24379224509954,2498.244858092181,57.5,4145.8759281180855,1625.0,1625.0,37.319320324514315,31.85545625961145,25.0,2498.244858092181,46.38640649028626,1625.0,1625.0,800.0,1,1,57.5,51.75,25.0,0.0,4145.8759281180855,4155.44512820682,394.24379224509954,46.38640649028626,58.581630760983536,56.581630760983536,57.581630760983536,0.18200946119715739,-1.4238431589974423,1.4354291293509043,739.1509127733864,1329.6670955184243,687.2972196337697,1242.0370218968299,29.566036510935454,53.186683820736974,27.49188878535079,49.68148087587319,46.60774101995507,46.60774101995507,46.60774101995507,46.60774101995507
2025-12-26T11:49:45.605924,14.450,399.3292186429815,2473.5300789400426,0.0,4200.075603622915,1500.0,1500.0,35.2,30.16,25.0,2473.5300789400426,4.0,1500.0,1500.0,880.8064469572257,1,1,0.0,0.0,0.0,16.161289391445138,4200.075603622915,4208.533311454762,399.3292186429815,4.0,58.52675589976849,56.52675589976849,57.52675589976849,-0.3768932023661524,-1.3958107550145673,1.4457994846465225,651.4264898434459,1205.2668179784005,796.7160457202984,1342.4921128266585,26.057059593737836,48.21067271913602,31.86864182881194,53.69968451306634,46.7260596115856,46.7260596115856,46.7260596115856,46.7260596115856
2025-12-26T11:49:45.661958,14.500,394.3312017631625,2485.5400258001782,57.5,4147.173758979459,1625.0,1625.0,37.2821577528143,31.82572620225144,25.0,2485.5400258001782,45.64315505628597,1625.0,1625.0,800.0,1,1,57.5,51.75,25.0,0.0,4147.173758979459,4157.196045318457,394.3312017631625,45.64315505628597,58.48724974756047,56.48724974756047,57.48724974756047,0.18314820069805643,-1.409398064953134,1.4212481025185482,762.5971088597695,1329.603623116912,674.9495998919612,1250.158450335476,30.50388435439078,53.18414492467649,26.997983995678446,50.00633801341903,46.336210523350324,46.336210523350324,46.336210523350324,46.336210523350324
2025-12-26T11:49:45.715530,14.550,394.24271855144616,2497.4798073461593,57.5,4145.468651561574,1625.0,1625.0,37.31867723807506,31.854941790460046,25.0,2497.4798073461593,46.373544761501186,1625.0,1625.0,800.0,1,1,57.5,51.75,25.0,0.0,4145.468651561574,4155.03504519081,394.24271855144616,46.373544761501186,58.448088314685364,56.448088314685364,57.448088314685364,0.18207820004039432,-1.4229712304716622,1.4345729656172899,743.3507873225467,1333.3718290714546,673.6154120786276,1257.829290369282,29.734031492901867,53.33487316285818,26.944616483145104,50.31317161477128,45.95192768504934,45.95192768504934,45.95192768504934,45.95192768504934
2025-12-26T11:49:45.767737,14.600,399.32660154187386,2472.818712695199,0.0,4199.914760766631,1500.0,1500.0,35.2,30.16,25.0,2472.818712695199,4.0,1500.0,1500.0,880.57754430929,1,1,0.0,0.0,0.0,16.115508861858018,4199.914760766631,4209.543298160414,399.32660154187386,4.0,58.39344549718773,56.39344549718773,57.39344549718773,-0.3760745293186804,-1.395008023821395,1.444811211933359,634.7525980533835,1192.2253554993235,807.5772934479263,1363.1905123176705,25.390103922135342,47.68901421997294,32.30309173791705,54.527620492706816,46.08047945212341,46.08047945212341,46.08047945212341,46.08047945212341
2025-12-26T11:49:45.820307,14.650,394.3299737597523,2484.832804885544,57.5,4147.352952404068,1625.0,1625.0,37.28157895004863,31.825263160038908,25.0,2484.832804885544,45.631579000972664,1625.0,1625.0,800.0,1,1,57.5,51.75,25.0,0.0,4147.352952404068,4156.23241130671,394.3299737597523,45.631579000972664,58.354163882904636,56.354163882904636,57.354163882904636,0.18321141577951874,-1.4085961354145016,1.420461015155504,767.1020081023838,1314.8919725089277,681.0202267598283,1257.4729358252232,30.684080324095355,52.59567890035711,27.240809070393134,50.298917433008924,45.702298192259065,45.702298192259065,45.702298192259065,45.702298192259065
2025-12-26T11:49:45.871461,14.700,394.24151701951354,2496.776727621964,57.5,4145.862484917344,1625.0,1625.0,37.31808739323862,31.854469914590897,25.0,2496.776727621964,46.36174786477241,1625.0,1625.0,800.0,1,1,57.5,51.75,25.0,0.0,4145.862484917344,4156.168583565114,394.24151701951354,46.36174786477241,58.3152271366855,56.3152271366855,57.3152271366855,0.1821413519915616,-1.4221701658188746,1.4337864041239192,746.4028418702478,1312.4138475547595,676.3449795703153,1257.1364920213855,29.85611367480991,52.49655390219038,27.053799182812615,50.28545968085542,45.32951429593923,45.32951429593923,45.32951429593923,45.32951429593923
2025-12-26T11:49:45.922507,14.750,399.32398438233383,2472.1649676774127,0.0,4199.875333507458,1500.0,1500.0,35.2,30.16,25.0,2472.1649676774127,4.0,1500.0,1500.0,880.3671833477262,1,1,0.0,0.0,0.0,16.07343666954523,4199.875333507458,4208.733851001655,399.32398438233383,4.0,58.26081406425577,56.26081406425577,57.26081406425577,-0.3753221893777848,-1.3942705180838713,1.443903398235907,633.9158305001743,1207.6889790461544,800.9215335821444,1365.7076540027888,25.35663322000697,48.30755916184618,32.03686134328578,54.62830616011155,45.467818853929614,45.467818853929614,45.467818853929614,45.467818853929614
2025-12-26T11:49:45.973133,14.800,394.3286305459801,2484.182868371575,57.5,4147.2236922243565,1625.0,1625.0,37.281048128253246,31.824838502602596,25.0,2484.182868371575,45.620962565064886,1625.0,1625.0,800.0,1,1,57.5,51.75,25.0,0.0,4147.2236922243565,4156.91139998542,394.3286305459801,45.620962565064886,58.22175535596658,56.22175535596658,57.22175535596658,0.18326949435634873,-1.4078593628392737,1.4197378959145373,758.1264247901893,1328.766651315761,682.8365960485268,1255.1671203272854,30.32505699160757,53.15066605263044,27.313463841941072,50.206684813091414,45.10070327977041,45.10070327977041,45.10070327977041,45.10070327977041
2025-12-26T11:49:46.023782,14.850,394.2401980122678,2496.1305958257376,57.5,4144.937306564767,1625.0,1625.0,37.317546474121414,31.854037179297134,25.0,2496.1305958257376,46.35092948242831,1625.0,1625.0,800.0,1,1,57.5,51.75,25.0,0.0,4144.937306564767,4156.5843563633225,394.2401980122678,46.35092948242831,58.18304169465874,56.18304169465874,57.18304169465874,0.1821993728318608,-1.4214341845410905,1.433063764262539,748.234477104594,1308.8813274193271,673.8849941440701,1257.991948478181,29.92937908418376,52.35525309677308,26.955399765762802,50.31967793912724,44.738825094514844,44.738825094514844,44.738825094514844,44.738825094514844
2025-12-26T11:49:46.074001,14.900,399.3213671692068,2471.5641735566865,0.0,4200.030884168885,1500.0,1500.0,35.2,30.16,25.0,2471.5641735566865,4.0,1500.0,1500.0,880.1738611663667,1,1,0.0,0.0,0.0,16.034772233273344,4200.030884168885,4208.430247256721,399.3213671692068,4.0,58.12885617827647,56.12885617827647,57.12885617827647,-0.3746308029971152,-1.3935929194978243,1.443069459114402,634.5561953610397,1215.1096170268743,784.0604708896155,1365.565256808985,25.382247814441588,48.60438468107497,31.362418835584624,54.622610272359395,44.88642297914768,44.88642297914768,44.88642297914768,44.88642297914768
2025-12-26T11:49:46.124372,14.950,394.32718145896035,2483.5855733921708,57.5,4146.284513802169,1625.0,1625.0,37.28056139890166,31.82444911912133,25.0,2483.5855733921708,45.61122797803325,1625.0,1625.0,800.0,1,1,57.5,51.75,25.0,0.0,4146.284513802169,4156.006494326629,394.32718145896035,45.61122797803325,58.09001879911299,56.09001879911299,57.09001879911299,0.18332285524499992,-1.4071824350282927,1.419073526885529,757.4292683341673,1325.608987415838,685.7183051182634,1236.563504589053,30.297170733366695,53.02435949663352,27.428732204730537,49.462540183562126,44.52980209280389,44.52980209280389,44.52980209280389,44.52980209280389
2025-12-26T11:49:46.185558,15.000,394.2387710514472,2495.536796523752,57.5,4146.004845599407,1625.0,1625.0,37.317050515187724,31.85364041215018,25.0,2495.536796523752,46.3410103037545,1625.0,1625.0,800.0,1,1,57.5,51.75,25.0,0.0,4146.004845599407,4155.747727249739,394.2387710514472,46.3410103037545,58.05152667332727,56.05152667332727,57.05152667332727,0.18225268089697552,-1.4207579809532134,1.4323998324966345,756.8731719950599,1330.5894276730778,686.7543520275102,1243.836524368112,30.274926879802397,53.223577106923116,27.47017408110041,49.753460974724476,44.178267047792374,44.178267047792374,44.178267047792374,44.178267047792374
2025-12-26T11:49:46.238143,15.050,394.2126002020275,2507.41791509093,57.5,4144.957173600533,1625.0,1625.0,37.32760670218874,31.86208536175099,25.0,2507.41791509093,46.55213404377473,1625.0,1625.0,800.0,1,1,57.5,51.75,25.0,0.0,4144.957173600533,4154.972602201585,394.2126002020275,46.55213404377473,58.01302485081103,56.01302485081103,57.01302485081103,0.18118360665538805,-1.4343184917864555,1.445716789416664,756.583264174568,1335.102827506644,664.6698323199873,1240.782368210107,30.263330566982717,53.40411310026576,26.58679329279949,49.63129472840428,43.83178132103749,43.83178132103749,43.83178132103749,43.83178132103749
2025-12-26T11:49:46.289204,15.100,399.31791390632804,2482.0593444553547,0.0,4200.219245656114,1500.0,1500.0,35.2,30.16,25.0,2482.0593444553547,4.0,1500.0,1500.0,883.5510191932476,1,1,0.0,0.0,0.0,16.710203838649534,4200.219245656114,4208.632966649408,399.31791390632804,4.0,57.95892320118658,55.95892320118658,56.95892320118658,-0.386710835465561,-1.405453464888594,1.4576847094738374,644.1783647474437,1214.8660493742254,786.7209056310824,1355.6993021387789,25.767134589897747,48.594641974969015,31.468836225243294,54.22797208555116,44.01776046065678,44.01776046065678,44.01776046065678,44.01776046065678
2025-12-26T11:49:46.339743,15.150,394.30270745505277,2494.019496045443,57.5,4147.0560901813915,1625.0,1625.0,37.28932022347252,31.83145617877802,25.0,2494.019496045443,45.786404469450474,1625.0,1625.0,800.0,1,1,57.5,51.75,25.0,0.0,4147.0560901813915,4157.326744649576,394.30270745505277,45.786404469450474,57.92029222894296,55.92029222894296,56.92029222894296,0.1823888372954768,-1.4190308483995484,1.4307041052151692,748.1050980836942,1332.6920332851084,669.6530098653933,1242.7451815968534,29.92420392334777,53.30768133140434,26.786120394615732,49.70980726387413,43.67560400836799,43.67560400836799,43.67560400836799,43.67560400836799
2025-12-26T11:49:46.390796,15.200,394.21388306694956,2505.9095335817738,57.5,4145.376272827638,1625.0,1625.0,37.32598201774409,31.86078561419527,25.0,2505.9095335817738,46.51964035488174,1625.0,1625.0,800.0,1,1,57.5,51.75,25.0,0.0,4145.376272827638,4155.633837180669,394.21388306694956,46.51964035488174,57.88201299235326,55.88201299235326,56.88201299235326,0.18131961834398916,-1.4325933316266122,1.4440223190163808,750.2121988646534,1330.4254033481557,687.1753551197155,1254.1255088270427,30.008487954586133,53.21701613392623,27.487014204788622,50.16502035308171,43.338357717407185,43.338357717407185,43.338357717407185,43.338357717407185
2025-12-26T11:49:46.441312,15.250,399.31529752858296,2480.6568391125775,0.0,4199.438229203045,1500.0,1500.0,35.2,30.16,25.0,2480.6568391125775,4.0,1500.0,1500.0,883.0997125010596,1,1,0.0,0.0,0.0,16.61994250021192,4199.438229203045,4208.688887249175,399.31529752858296,4.0,57.82815239249034,55.82815239249034,56.82815239249034,-0.3850962546855814,-1.4038655906179371,1.455725840223327,651.7060466348922,1208.3533473395664,800.6790593860264,1358.8752757480418,26.068241865395688,48.33413389358266,32.02716237544106,54.35501102992167,43.53020333989778,43.53020333989778,43.53020333989778,43.53020333989778
2025-12-26T11:49:46.492320,15.300,394.3028615138117,2492.6251905374775,57.5,4147.399764920636,1625.0,1625.0,37.28816585087975,31.8305326807038,25.0,2492.6251905374775,45.76331701759504,1625.0,1625.0,800.0,1,1,57.5,51.75,25.0,0.0,4147.399764920636,4156.4187799706215,394.3028615138117,45.76331701759504,57.78974690576026,55.78974690576026,56.78974690576026,0.18251388239429106,-1.417444646315837,1.4291468233306421,758.6220848411525,1321.3132819904574,691.8200685450311,1247.0270141739832,30.3448833936461,52.8525312796183,27.67280274180124,49.88108056695933,43.19696367482193,43.19696367482193,43.19696367482193,43.19696367482193
2025-12-26T11:49:46.542784,15.350,394.2140908736138,2504.523419273393,57.5,4145.484338519643,1625.0,1625.0,37.32480522567424,31.85984418053939,25.0,2504.523419273393,46.49610451348478,1625.0,1625.0,800.0,1,1,57.5,51.75,25.0,0.0,4145.484338519643,4155.58119275554,394.2140908736138,46.49610451348478,57.751692906229124,55.751692906229124,56.751692906229124,0.18144453175808142,-1.4310089257295562,1.4424661741692828,760.9500994021467,1314.7039857406178,678.9594039797572,1261.0268422377596,30.43800397608587,52.58815942962471,27.158376159190286,50.44107368951039,42.868502229355634,42.868502229355634,42.868502229355634,42.868502229355634
2025-12-26T11:49:46.593054,15.400,399.31268103427954,2479.368014076609,0.0,4199.523075729013,1500.0,1500.0,35.2,30.16,25.0,2479.368014076609,4.0,1500.0,1500.0,882.684988069798,1,1,0.0,0.0,0.0,16.536997613959613,4199.523075729013,4208.541859947355,399.31268103427954,4.0,57.69806992614311,55.69806992614311,56.69806992614311,-0.3836126215440534,-1.4024072130855565,1.4539273141124691,648.5202717473735,1207.40938161251,797.9571354717858,1364.7449285074244,25.94081086989494,48.296375264500405,31.918285418871434,54.58979714029698,43.06602899157246,43.06602899157246,43.06602899157246,43.06602899157246
2025-12-26T11:49:46.643379,15.450,394.30278827637716,2491.343896610918,57.5,4147.334597828745,1625.0,1625.0,37.287106138440414,31.82968491075233,25.0,2491.343896610918,45.74212276880824,1625.0,1625.0,800.0,1,1,57.5,51.75,25.0,0.0,4147.334597828745,4155.62221137566,394.30278827637716,45.74212276880824,57.65988782016973,55.65988782016973,56.65988782016973,0.182628729624966,-1.4159877915599017,1.427716596083101,751.8086348280675,1308.2010415671955,680.5929525530269,1240.6411730641862,30.0723453931227,52.32804166268782,27.223718102121076,49.62564692256745,42.74126670918684,42.74126670918684,42.74126670918684,42.74126670918684
2025-12-26T11:49:46.699142,15.500,394.2140668869202,2503.2496485925744,57.5,4145.51012534911,1625.0,1625.0,37.32372496958751,31.858979975670007,25.0,2503.2496485925744,46.47449939175021,1625.0,1625.0,800.0,1,1,57.5,51.75,25.0,0.0,4145.51012534911,4155.9902665893005,394.2140668869202,46.47449939175021,57.62205701529999,55.62205701529999,56.62205701529999,0.1815592590701113,-1.4295537078001037,1.4410369766383901,738.0001226387303,1325.2356375081972,666.1407107807605,1250.8474083885144,29.52000490554921,53.009425500327886,26.64562843123042,50.033896335540575,42.42115752669085,42.42115752669085,42.42115752669085,42.42115752669085
2025-12-26T11:49:46.751748,15.550,399.3100644329778,2478.1836434469583,0.0,4200.205877918852,1500.0,1500.0,35.2,30.16,25.0,2478.1836434469583,4.0,1500.0,1500.0,882.3038767733011,1,1,0.0,0.0,0.0,16.46077535466023,4200.205877918852,4209.372126391813,399.3100644329778,4.0,57.56866843271114,55.56866843271114,56.56866843271114,-0.3822492967346748,-1.401067699798494,1.4522758774670868,638.203769570066,1203.19451514589,807.9410976981892,1347.1521662018886,25.52815078280264,48.127780605835596,32.31764390792757,53.88608664807554,42.62418011985668,42.62418011985668,42.62418011985668,42.62418011985668
2025-12-26T11:49:46.802751,15.600,394.3025061867503,2490.166443271815,57.5,4146.872489989975,1625.0,1625.0,37.28613340497725,31.828906723981802,25.0,2490.166443271815,45.72266809954503,1625.0,1625.0,800.0,1,1,57.5,51.75,25.0,0.0,4146.872489989975,4156.668597953995,394.3025061867503,45.72266809954503,57.530707701496816,55.530707701496816,56.530707701496816,0.1827342162963222,-1.4146496659263088,1.4264029834204808,757.4401933522566,1312.6932716685753,689.5436108739227,1235.3710185367725,30.297607734090267,52.50773086674301,27.58174443495691,49.4148407414709,42.3074771089174,42.3074771089174,42.3074771089174,42.3074771089174
2025-12-26T11:49:46.853344,15.650,394.2138299200086,2502.0791053781304,57.5,4146.403666184479,1625.0,1625.0,37.322733414335595,31.858186731468475,25.0,2502.0791053781304,46.45466828671187,1625.0,1625.0,800.0,1,1,57.5,51.75,25.0,0.0,4146.403666184479,4155.968372896776,394.2138299200086,46.45466828671187,57.493098142234686,55.493098142234686,56.493098142234686,0.1816646364637568,-1.4282170747118954,1.439724297440351,746.4601936695924,1329.8523420190515,682.3085400337782,1256.788177810532,29.858407746783694,53.19409368076206,27.292341601351126,50.27152711242128,41.99530853149983,41.99530853149983,41.99530853149983,41.99530853149983
2025-12-26T11:49:46.905915,15.700,399.30744773346163,2477.095251856263,0.0,4199.829728275261,1500.0,1500.0,35.2,30.16,25.0,2477.095251856263,4.0,1500.0,1500.0,881.9536510625196,1,1,0.0,0.0,0.0,16.39073021250391,4199.829728275261,4209.756549977873,399.30744773346163,4.0,57.43994092527887,55.43994092527887,56.43994092527887,-0.3809965083377543,1.3998373023302608,1.4507593916155852,1205.4518677580497,655.29487648866,1358.0284160429378,784.2181718183678,48.21807471032199,26.211795059546397,54.32113664171751,31.36872687273471,42.203642443367926,42.203642443367926,42.203642443367926,42.203642443367926
2025-12-26T11:49:46.956450,15.750,394.3020321888105,2489.0844054939994,57.5,4146.7247161281975,1625.0,1625.0,37.285240594053526,31.828192475242822,25.0,2489.0844054939994,45.704811881070576,1625.0,1625.0,800.0,1,1,57.5,51.75,25.0,0.0,4146.7247161281975,4156.7451270075235,394.3020321888105,45.704811881070576,57.40219965334118,55.40219965334118,56.40219965334118,0.18283111009694555,1.4134205337765828,1.425196414576097,1323.9659407331606,743.1966072966487,1252.8513674476385,686.1786725622167,52.958637629326425,29.72786429186595,50.11405469790554,27.447146902488665,41.89460084067702,41.89460084067702,41.89460084067702,41.89460084067702
2025-12-26T11:49:47.007445,15.800,394.21339725521284,2501.003414879049,57.5,4146.131956727053,1625.0,1625.0,37.3218233623091,31.857458689847277,25.0,2501.003414879049,46.43646724618195,1625.0,1625.0,800.0,1,1,57.5,51.75,25.0,0.0,4146.131956727053,4155.697163892879,394.21339725521284,46.43646724618195,57.364809476193344,55.364809476193344,56.364809476193344,0.18176143062054767,1.4269893043441462,1.4385185756095813,1318.4896813122327,751.5922902545702,1252.5103525770214,669.4508197533813,52.73958725248931,30.063691610182808,50.10041410308086,26.778032790135253,41.589981112461,41.589981112461,41.589981112461,41.589981112461
2025-12-26T11:49:47.058008,15.850,399.30483094380224,2476.095053135713,0.0,4199.741338977035,1500.0,1500.0,35.2,30.16,25.0,2476.095053135713,4.0,1500.0,1500.0,881.63180521781,1,1,0.0,0.0,0.0,16.326361043562002,4199.741338977035,4209.278248747106,399.30483094380224,4.0,57.31188076761164,55.31188076761164,56.31188076761164,-0.3798452806457057,1.3987070811090967,1.4493667361898244,1207.8993327019866,635.9093461613627,1348.0949146331445,789.9026094221684,48.315973308079464,25.436373846454508,53.92379658532578,31.596104376886736,41.80344328841262,41.80344328841262,41.80344328841262,41.80344328841262
2025-12-26T11:49:47.108549,15.900,394.30138184886744,2488.090043272904,57.5,4147.412469157343,1625.0,1625.0,37.28442122293485,31.82753697834788,25.0,2488.090043272904,45.688424458696986,1625.0,1625.0,800.0,1,1,57.5,51.75,25.0,0.0,4147.412469157343,4155.915506707488,394.30138184886744,45.688424458696986,57.27435712245134,55.27435712245134,56.27435712245134,0.18292011501811226,1.412291467002635,1.4240881139335073,1316.2950908824273,745.2903373464144,1235.0732960956439,678.8507737758925,52.65180363529709,29.811613493856576,49.402931843825755,27.1540309510357,41.50168449127172,41.50168449127172,41.50168449127172,41.50168449127172
2025-12-26T11:49:47.159137,15.950,394.2127847692225,2500.014883195805,57.5,4146.5388394945085,1625.0,1625.0,37.320988201310925,31.85679056104874,25.0,2500.014883195805,46.419764026218495,1625.0,1625.0,800.0,1,1,57.5,51.75,25.0,0.0,4146.5388394945085,4156.035705765091,394.2127847692225,46.419764026218495,57.23718454237364,55.23718454237364,56.23718454237364,0.1818503446289961,1.4258614807249022,1.4374110442238486,1318.075513673066,747.909757629263,1261.1737698280388,681.5214523987356,52.72302054692264,29.91639030517052,50.44695079312155,27.260858095949423,41.20424079171317,41.20424079171317,41.20424079171317,41.20424079171317
2025-12-26T11:49:47.210703,16.000,399.3022140714163,2475.17589403598,0.0,4199.936916681385,1500.0,1500.0,35.2,30.16,25.0,2475.17589403598,4.0,1500.0,1500.0,881.3360372298176,1,1,0.0,0.0,0.0,16.26720744596352,4199.936916681385,4208.375044333002,399.3022140714163,4.0,57.18448164505306,55.18448164505306,56.18448164505306,-0.3787873689000664,1.397668836864286,1.4480877212309347,1196.0113855408968,644.6169896302755,1357.9813768896327,802.8073362607481,47.840455421635866,25.78467958521102,54.3192550755853,32.112293450429924,41.42265020525716,41.42265020525716,41.42265020525716,41.42265020525716
2025-12-26T11:49:47.261259,16.050,394.3005694681174,2487.1762457005025,57.5,4146.62432396391,1625.0,1625.0,37.28366933575557,31.826935468604457,25.0,2487.1762457005025,45.67338671511142,1625.0,1625.0,800.0,1,1,57.5,51.75,25.0,0.0,4146.62432396391,4155.859001742452,394.3005694681174,45.67338671511142,57.14717387027355,55.14717387027355,56.14717387027355,0.18300187675239107,1.4112542766256009,1.4230700334800623,1320.6726062812136,763.7228568547406,1238.1328822085493,685.6871072062995,52.82690425124854,30.548914274189624,49.52531528834197,27.42748428825198,41.12781393732456,41.12781393732456,41.12781393732456,41.12781393732456
2025-12-26T11:49:47.316341,16.100,394.2120070479179,2499.1064417085277,57.5,4145.972707647283,1625.0,1625.0,37.32022185673052,31.856177485384414,25.0,2499.1064417085277,46.40443713461039,1625.0,1625.0,800.0,1,1,57.5,51.75,25.0,0.0,4145.972707647283,4154.961458520637,394.2120070479179,46.40443713461039,57.110217174174664,55.110217174174664,56.110217174174664,0.1819320233711875,1.4248254257867294,1.4363936629964187,1316.587653938806,758.3149190039231,1246.0378917292483,666.4544804041805,52.663506157552234,30.332596760156925,49.84151566916993,26.658179216167216,40.837191466356536,40.837191466356536,40.837191466356536,40.837191466356536
2025-12-26T11:49:47.366890,16.150,399.29959712311876,2474.33120258028,0.0,4199.939896574129,1500.0,1500.0,35.2,30.16,25.0,2474.33120258028,4.0,1500.0,1500.0,881.0642321724229,1,1,0.0,0.0,0.0,16.21284643448456,4199.939896574129,4208.559050403237,399.29959712311876,4.0,57.05773753792337,55.05773753792337,56.05773753792337,-0.37781519943805364,1.3967150481023938,1.446913007240618,1203.5960413901491,636.0611324161995,1358.4310670642258,789.4312975721084,48.14384165560597,25.44244529664798,54.337242682569034,31.57725190288434,41.0603696084514,41.0603696084514,41.0603696084514,41.0603696084514
2025-12-26T11:49:47.417475,16.200,394.29960818584823,2486.3364796412516,57.5,4146.582343740839,1625.0,1625.0,37.282979460537966,31.826383568430376,25.0,2486.3364796412516,45.65958921075937,1625.0,1625.0,800.0,1,1,57.5,51.75,25.0,0.0,4146.582343740839,4155.572702331811,394.29960818584823,45.65958921075937,57.02064394694639,55.02064394694639,56.02064394694639,0.18307698761739008,1.4103014504051223,1.422134791224042,1313.7802582092577,751.4113887054006,1234.3057116890602,672.1633787978226,52.5512103283703,30.05645554821602,49.37222846756241,26.886535151912906,40.772113035163514,40.772113035163514,40.772113035163514,40.772113035163514
2025-12-26T11:49:47.470561,16.250,394.2110774917449,2498.27159607513,57.5,4145.725270125217,1625.0,1625.0,37.31951874765813,31.8556149981265,25.0,2498.27159607513,46.39037495316257,1625.0,1625.0,800.0,1,1,57.5,51.75,25.0,0.0,4145.725270125217,4154.814554563377,394.2110774917449,46.39037495316257,56.98390148775444,54.98390148775444,55.98390148775444,0.1820070584360502,1.4238736371130791,1.435459056812897,1321.6671241354481,754.8757576757313,1248.4434993384368,671.426923427393,52.866684965417925,30.19503030702925,49.937739973537475,26.85707693709572,40.4879741464822,40.4879741464822,40.4879741464822,40.4879741464822
2025-12-26T11:49:47.523102,16.300,399.29698010517194,2473.554940662671,0.0,4198.909704148482,1500.0,1500.0,35.2,30.16,25.0,2473.554940662671,4.0,1500.0,1500.0,880.8144469430167,1,1,0.0,0.0,0.0,16.162889388603332,4198.909704148482,4209.3677847169065,399.2969801051719,4.0,56.93164269720513,54.93164269720513,55.93164269720513,-0.37692181479099274,1.3958388140501348,1.4458340324097445,1215.0834897022064,642.2866703822269,1366.2017246146956,806.1081950767598,48.603339588088254,25.691466815289075,54.64806898458782,32.24432780307039,40.71574544216836,40.71574544216836,40.71574544216836,40.71574544216836
2025-12-26T11:49:47.575199,16.350,394.2985100741658,2485.5647426250266,57.5,4146.321614332,1625.0,1625.0,37.28234656974264,31.82587725579411,25.0,2485.5647426250266,45.646931394852786,1625.0,1625.0,800.0,1,1,57.5,51.75,25.0,0.0,4146.321614332,4157.506285933317,394.2985100741658,45.646931394852786,56.89476166753178,54.89476166753178,55.89476166753178,0.1831459910490055,1.4094260958984892,1.421275615015251,1326.9976710587298,764.7150369266068,1238.4403158704176,688.2413357261461,53.07990684234919,30.58860147706427,49.5376126348167,27.529653429045844,40.43374233227619,40.43374233227619,40.43374233227619,40.43374233227619
2025-12-26T11:49:47.626212,16.400,394.2100084124205,2497.5043794182866,57.5,4145.259124138776,1625.0,1625.0,37.318873746609384,31.85509899728751,25.0,2497.5043794182866,46.37747493218775,1625.0,1625.0,800.0,1,1,57.5,51.75,25.0,0.0,4145.259124138776,4155.777284231726,394.2100084124205,46.37747493218775,56.85823185877596,54.85823185877596,55.85823185877596,0.18207599260344756,1.4229992311174449,1.4346004596553599,1313.0559221625235,758.4756002597052,1259.8031742556334,678.45661422465,52.52223688650094,30.339024010388208,50.392126970225334,27.138264568986003,40.1557657114557,40.1557657114557,40.1557657114557,40.1557657114557
2025-12-26T11:49:47.682814,16.450,399.2943630233306,2472.841560537864,0.0,4198.112144278585,1500.0,1500.0,35.2,30.16,25.0,2472.841560537864,4.0,1500.0,1500.0,880.5848962560785,1,1,0.0,0.0,0.0,16.116979251215696,4198.112144278585,4208.475879916702,399.2943630233306,4.0,56.80619162232025,54.80619162232025,55.80619162232025,-0.3761008233170731,1.3950338025579665,1.4448429463367705,1200.0127742913642,636.093433677102,1365.4791187061967,805.3273600374343,48.00051097165456,25.443737347084078,54.61916474824787,32.21309440149737,40.38795787145123,40.38795787145123,40.38795787145123,40.38795787145123
2025-12-26T11:49:47.733818,16.500,394.2972862249457,2484.8555196059674,57.5,4147.264819188206,1625.0,1625.0,37.28176604405617,31.825412835244936,25.0,2484.8555196059674,45.635320881123405,1625.0,1625.0,800.0,1,1,57.5,51.75,25.0,0.0,4147.264819188206,4156.4551565555,394.2972862249457,45.635320881123405,56.769521590290665,54.769521590290665,55.769521590290665,0.1832093857040137,1.408621888466044,1.4204862912663698,1314.601407478162,749.5578712463721,1234.3711103716118,694.0204812745852,52.58405629912647,29.982314849854884,49.37484441486448,27.76081925098341,40.11189780156537,40.11189780156537,40.11189780156537,40.11189780156537
2025-12-26T11:49:47.784392,16.550,394.2088111216937,2496.7993093527853,57.5,4144.618796472263,1625.0,1625.0,37.31828214255896,31.854625714047163,25.0,2496.7993093527853,46.36564285117907,1625.0,1625.0,800.0,1,1,57.5,51.75,25.0,0.0,4144.618796472263,4154.985814617371,394.2088111216937,46.36564285117907,56.73320290115402,54.73320290115402,55.73320290115402,0.18213932393875262,1.422195891154057,1.4338116634134166,1312.6603349592785,743.8089710280916,1242.2259950918333,668.7140610376456,52.506413398371144,29.752358841123662,49.68903980367333,26.748562441505822,39.83977768601544,39.83977768601544,39.83977768601544,39.83977768601544
2025-12-26T11:49:47.838916,16.600,399.2917458828828,2472.185964879064,0.0,4198.099617488755,1500.0,1500.0,35.2,30.16,25.0,2472.185964879064,4.0,1500.0,1500.0,880.3739397857885,1,1,0.0,0.0,0.0,16.074787957157696,4198.099617488755,4209.3641819719,399.2917458828828,4.0,56.681379040819316,54.681379040819316,55.681379040819316,-0.375346352987322,1.3942942025094123,1.4439325496200441,1216.0536388179503,650.8682495003482,1348.144387136841,808.0533591643182,48.64214555271801,26.034729980013925,53.92577548547364,32.322134366572726,40.07622200018151,40.07622200018151,40.07622200018151,40.07622200018151
2025-12-26T11:49:47.890525,16.650,394.2959468296593,2484.203743266076,57.5,4145.768577087483,1625.0,1625.0,37.28123363914715,31.82498691131772,25.0,2484.203743266076,45.624672782943,1625.0,1625.0,800.0,1,1,57.5,51.75,25.0,0.0,4145.768577087483,4156.542086089787,394.2959468296593,45.624672782943,56.644918496828254,54.644918496828254,55.644918496828254,0.18326762920783737,1.4078830237698154,1.4197611181232919,1327.3937848548196,746.9552479398906,1242.5879579685466,683.518302539168,53.09575139419278,29.878209917595623,49.703518318741864,27.34073210156672,39.80580959952017,39.80580959952017,39.80580959952017,39.80580959952017
2025-12-26T11:49:47.941555,16.700,394.207496012822,2496.1513485344176,57.5,4144.864006395127,1625.0,1625.0,37.31773960700767,31.854191685606132,25.0,2496.1513485344176,46.354792140153265,1625.0,1625.0,800.0,1,1,57.5,51.75,25.0,0.0,4144.864006395127,4156.11004628361,394.207496012822,46.354792140153265,56.60880944763128,54.60880944763128,55.60880944763128,0.18219750953358063,1.4214578201090478,1.4330869711323893,1312.673343668369,746.8504295204767,1250.2325864659156,672.5118286792307,52.50693374673476,29.87401718081907,50.00930345863662,26.90047314716923,39.539255037588205,39.539255037588205,39.539255037588205,39.539255037588205
2025-12-26T11:49:47.992101,16.750,399.2891286886879,2471.5834701078174,0.0,4198.09239356214,1500.0,1500.0,35.2,30.16,25.0,2471.5834701078174,4.0,1500.0,1500.0,880.1800703622838,1,1,0.0,0.0,0.0,16.036014072456766,4198.09239356214,4208.3932212803775,399.2891286886879,4.0,56.557199889819145,54.557199889819145,55.557199889819145,-0.3746530089767194,1.3936146803262834,1.4430962387714268,1215.5620162218072,654.052389745887,1349.056028025559,791.1507143014084,48.62248064887229,26.16209558983548,53.96224112102236,31.646028572056334,39.77978661649969,39.77978661649969,39.77978661649969,39.77978661649969
2025-12-26T11:49:48.042674,16.800,394.2945012526617,2483.6047575696693,57.5,4146.00344601819,1625.0,1625.0,37.28074545514444,31.824596364115553,25.0,2483.6047575696693,45.614909102888795,1625.0,1625.0,800.0,1,1,57.5,51.75,25.0,0.0,4146.00344601819,4156.87868564935,394.2945012526617,45.614909102888795,56.52094737394826,54.52094737394826,55.52094737394826,0.18332114157975876,1.4072041743572357,1.419094862677804,1313.8872258667257,766.8075271436372,1236.472369789356,670.071520488121,52.55548903466903,30.672301085745488,49.45889479157424,26.802860819524838,39.514740849299166,39.514740849299166,39.514740849299166,39.514740849299166
2025-12-26T11:49:48.093259,16.850,394.2060726353691,2495.5558684386424,57.5,4145.282682455731,1625.0,1625.0,37.317242162831235,31.853793730264986,25.0,2495.5558684386424,46.34484325662466,1625.0,1625.0,800.0,1,1,57.5,51.75,25.0,0.0,4145.282682455731,4154.9735457213355,394.2060726353691,46.34484325662466,56.48504653202624,54.48504653202624,55.48504653202624,0.1822509689248213,1.4207796970656523,1.4324211542936676,1319.2474218206935,763.9321825081637,1251.618214819789,666.9901034565744,52.769896872827736,30.557287300326546,50.06472859279156,26.679604138262977,39.25347499607115,39.25347499607115,39.25347499607115,39.25347499607115
2025-12-26T11:49:48.143549,16.900,399.28651144521166,2471.029772724979,0.0,4199.306045959414,1500.0,1500.0,35.2,30.16,25.0,2471.029772724979,4.0,1500.0,1500.0,880.0019031342605,1,1,0.0,0.0,0.0,16.000380626852092,4199.306045959414,4208.081985085928,399.28651144521166,4.0,56.433649299038414,54.433649299038414,55.433649299038414,-0.37401583474241445,1.3929903402002406,1.4423279559549718,1214.630024678987,649.497367135555,1357.9686702957847,807.3227860673873,48.585200987159475,25.979894685422202,54.31874681183139,32.29291144269549,39.4979329663245,39.4979329663245,39.4979329663245,39.4979329663245
2025-12-26T11:49:48.193846,16.950,394.2929580984848,2483.0542842997193,57.5,4145.716016289539,1625.0,1625.0,37.280297908612475,31.82423832688998,25.0,2483.0542842997193,45.605958172249466,1625.0,1625.0,800.0,1,1,57.5,51.75,25.0,0.0,4145.716016289539,4156.526997656165,394.2929580984848,45.605958172249466,56.3976033970693,54.3976033970693,55.3976033970693,0.18337030836468463,1.406580449961822,1.4184827218561955,1326.508081333416,764.2281933425927,1244.3365486098025,684.7843005823146,53.06032325333664,30.56912773370371,49.7734619443921,27.391372023292583,39.237986449604755,39.237986449604755,39.237986449604755,39.237986449604755
2025-12-26T11:49:48.246881,17.000,394.2045497638784,2495.0086161019267,57.5,4144.740182257959,1625.0,1625.0,37.31678615567989,31.853428924543916,25.0,2495.0086161019267,46.33572311359787,1625.0,1625.0,800.0,1,1,57.5,51.75,25.0,0.0,4144.740182257959,4155.681785095025,394.2045497638784,46.33572311359787,56.361909373009595,54.361909373009595,55.361909373009595,0.1823000872209601,1.420156637676772,1.4318094137622381,1324.6934151628268,757.4578575534326,1258.8034330906585,674.4737703591196,52.987736606513074,30.298314302137307,50.35213732362634,26.978950814364786,38.98174589718195,38.98174589718195,38.98174589718195,38.98174589718195
2025-12-26T11:49:48.299961,17.050,394.17837054659753,2506.892840025507,57.5,4145.65722583527,1625.0,1625.0,37.32734582385476,31.861876659083812,25.0,2506.892840025507,46.5469164770953,1625.0,1625.0,800.0,1,1,57.5,51.75,25.0,0.0,4145.65722583527,4154.324636483118,394.17837054659753,46.5469164770953,56.326212263819556,54.326212263819556,55.326212263819556,0.1812309624384078,1.4337178372119321,1.445126810520797,1312.404170912665,737.8571989392992,1238.1870182656082,677.4100508808208,52.4961668365066,29.51428795757197,49.527480730624326,27.09640203523283,38.72918472941075,38.72918472941075,38.72918472941075,38.72918472941075
2025-12-26T11:49:48.350769,17.100,399.2830581428965,2481.5711260154894,0.0,4199.350395004431,1500.0,1500.0,35.2,30.16,25.0,2481.5711260154894,4.0,1500.0,1500.0,883.3939171010462,1,1,0.0,0.0,0.0,16.678783420209243,4199.350395004431,4208.720822787347,399.2830581428965,4.0,56.2748896691602,54.2748896691602,55.2748896691602,-0.3861487826327536,1.4049006168552256,1.457002616871003,1202.734183542608,635.3629696189056,1365.2179814631718,805.1021882082599,48.10936734170432,25.414518784756226,54.60871925852687,32.2040875283304,39.005574871542194,39.005574871542194,39.005574871542194,39.005574871542194
2025-12-26T11:49:48.402452,17.150,394.26838988296055,2493.5341325309537,57.5,4146.789464440607,1625.0,1625.0,37.28909597240926,31.831276777927407,25.0,2493.5341325309537,45.78191944818521,1625.0,1625.0,800.0,1,1,57.5,51.75,25.0,0.0,4146.789464440607,4155.411989719815,394.26838988296055,45.78191944818521,56.239041342422595,54.239041342422595,55.239041342422595,0.1824323740781046,1.4184785842475636,1.4301619017023022,1318.1877088184901,749.2203656831264,1239.8413254862526,690.9535067767948,52.727508352739605,29.968814627325056,49.5936530194501,27.638140271071794,38.75363287407934,38.75363287407934,38.75363287407934,38.75363287407934
2025-12-26T11:49:48.453198,17.200,394.17956570783167,2505.427021977479,57.5,4145.591976697915,1625.0,1625.0,37.32575767326764,31.860606138614113,25.0,2505.427021977479,46.51515346535279,1625.0,1625.0,800.0,1,1,57.5,51.75,25.0,0.0,4145.591976697915,4154.359436684509,394.17956570783167,46.51515346535279,56.20355126642922,54.20355126642922,55.20355126642922,0.18136310914595796,1.4320416945078354,1.4434805132622888,1316.5946970950858,744.7357354150668,1249.136352482581,681.4370431936729,52.66378788380343,29.78942941660267,49.965454099303244,27.257481727746917,38.505305356061115,38.505305356061115,38.505305356061115,38.505305356061115
2025-12-26T11:49:48.503749,17.250,399.2804417427216,2480.208194783589,0.0,4198.753456432901,1500.0,1500.0,35.2,30.16,25.0,2480.208194783589,4.0,1500.0,1500.0,882.9553453666477,1,1,0.0,0.0,0.0,16.59106907332955,4198.753456432901,4209.6666181801775,399.2804417427216,4.0,56.15245395884342,54.15245395884342,55.15245395884342,-0.38457978857567604,1.40335783850101,1.4550995968191105,1203.3225538237875,646.5450749064075,1354.7899932406663,792.2206082942399,48.1329021529515,25.8618029962563,54.19159972962665,31.688824331769595,38.78277808164302,38.78277808164302,38.78277808164302,38.78277808164302
2025-12-26T11:49:48.554374,17.300,394.2684650608124,2492.1791682570743,57.5,4147.061518286679,1625.0,1625.0,37.287974458199905,31.830379566559923,25.0,2492.1791682570743,45.75948916399808,1625.0,1625.0,800.0,1,1,57.5,51.75,25.0,0.0,4147.061518286679,4155.563951173647,394.2684650608124,45.75948916399808,56.11681579286454,54.11681579286454,55.11681579286454,0.18255386787349906,1.4169374257895258,1.4286488663344197,1314.955024786323,764.6817216500535,1239.9703573956847,682.1674193237801,52.59820099145292,30.58726886600214,49.59881429582739,27.286696772951203,38.534948674876354,38.534948674876354,38.534948674876354,38.534948674876354
2025-12-26T11:49:48.604881,17.350,394.17969308369976,2504.080016296423,57.5,4144.538768050873,1625.0,1625.0,37.32461438606638,31.859691508853103,25.0,2504.080016296423,46.4922877213276,1625.0,1625.0,800.0,1,1,57.5,51.75,25.0,0.0,4144.538768050873,4155.5680956639335,394.17969308369976,46.4922877213276,56.08153563017548,54.08153563017548,55.08153563017548,0.18148447537452844,1.430502276484084,1.4419685772679358,1329.1366920469222,743.0364639622453,1243.6019190979528,670.3084424872128,53.16546768187689,29.721458558489815,49.74407676391811,26.812337699488513,38.290671869664116,38.290671869664116,38.290671869664116,38.290671869664116
2025-12-26T11:49:48.655438,17.400,399.2778252293067,2478.95573193005,0.0,4199.088507517779,1500.0,1500.0,35.2,30.16,25.0,2478.95573193005,4.0,1500.0,1500.0,882.5523222093192,1,1,0.0,0.0,0.0,16.51046444186383,4199.088507517779,4208.017807109358,399.2778252293067,4.0,56.03066043708717,54.03066043708717,55.03066043708717,-0.38313803792095635,1.4019408528027129,1.4533523010127716,1191.7500968347363,651.1121742388491,1353.3602927089066,785.7118908534537,47.670003873389454,26.044486969553965,54.13441170835626,31.42847563413815,38.56929845589994,38.56929845589994,38.56929845589994,38.56929845589994
2025-12-26T11:49:48.706254,17.450,394.26831934478366,2490.934022764155,57.5,4145.479812933327,1625.0,1625.0,37.28694493784064,31.829555950272507,25.0,2490.934022764155,45.738898756812716,1625.0,1625.0,800.0,1,1,57.5,51.75,25.0,0.0,4145.479812933327,4155.778811532508,394.26831934478366,45.738898756812716,55.99523054591109,53.99523054591109,54.99523054591109,0.18266545549723992,1.4155219155944323,1.4272592484058897,1318.3787115452046,744.5590410402359,1241.3430906940532,669.0706078857896,52.73514846180819,29.782361641609437,49.653723627762126,26.762824315431587,38.32540243095825,38.32540243095825,38.32540243095825,38.32540243095825
2025-12-26T11:49:48.759087,17.500,394.17959519576385,2502.8421805445764,57.5,4144.499620171908,1625.0,1625.0,37.32356491547117,31.858851932376933,25.0,2502.8421805445764,46.47129830942328,1625.0,1625.0,800.0,1,1,57.5,51.75,25.0,0.0,4144.499620171908,4155.006926590978,394.17959519576385,46.47129830942328,55.96015847019506,53.96015847019506,54.96015847019506,0.18159594680239205,1.429088352655877,1.4405799552929182,1333.8732291355782,759.1310849469143,1261.47335052054,668.6188352158827,53.35492916542313,30.365243397876572,50.458934020821594,26.744753408635304,38.085000021013876,38.085000021013876,38.085000021013876,38.085000021013876
2025-12-26T11:49:48.809644,17.550,399.27520861194216,2477.8047728827023,0.0,4198.655329273137,1500.0,1500.0,35.2,30.16,25.0,2477.8047728827023,4.0,1500.0,1500.0,882.1819626184287,1,1,0.0,0.0,0.0,16.436392523685726,4198.655329273137,4207.969573496256,399.27520861194216,4.0,55.9095024100671,53.9095024100671,54.9095024100671,-0.3818131934152566,1.400639335472366,1.4517478647266637,1210.0076658945604,644.7575160472986,1360.9059082513465,804.0091325317336,48.400306635782414,25.790300641891946,54.43623633005386,32.160365301269344,38.36483750467291,38.36483750467291,38.36483750467291,38.36483750467291
2025-12-26T11:49:48.860371,17.600,394.2679706580773,2489.789784794988,57.5,4146.445574734446,1625.0,1625.0,37.285999947045795,31.828799957636637,25.0,2489.789784794988,45.719998940915914,1625.0,1625.0,800.0,1,1,57.5,51.75,25.0,0.0,4146.445574734446,4156.059805123908,394.2679706580773,45.719998940915914,55.8742789930551,53.8742789930551,54.8742789930551,0.18276794998700477,1.4142217431329422,1.4259829109398297,1313.1777651396987,764.9891083223146,1235.9497053885357,680.7814464214326,52.52711060558795,30.599564332892584,49.437988215541424,27.231257856857304,38.124702273815046,38.124702273815046,38.124702273815046,38.124702273815046
2025-12-26T11:49:48.910921,17.650,394.17929032577956,2501.7046567086436,57.5,4145.871093139132,1625.0,1625.0,37.32260164764065,31.858081318112525,25.0,2501.7046567086436,46.452032952813084,1625.0,1625.0,800.0,1,1,57.5,51.75,25.0,0.0,4145.871093139132,4155.294727127411,394.17929032577956,46.452032952813084,55.839413258129476,53.839413258129476,54.839413258129476,0.1816983353837344,1.4277896270225594,1.4393045209803377,1319.850708622045,746.9507463287721,1241.2741157274434,681.6125983837304,52.794028344881795,29.87802985315088,49.650964629097736,27.264503935349214,37.88800443290991,37.88800443290991,37.88800443290991,37.88800443290991
2025-12-26T11:49:48.962014,17.700,399.27259189916475,2476.747082240845,0.0,4198.025441897707,1500.0,1500.0,35.2,30.16,25.0,2476.747082240845,4.0,1500.0,1500.0,881.8416162825952,1,1,0.0,0.0,0.0,16.368323256519034,4198.025441897707,4209.315638200261,399.27259189916475,4.0,55.78897352457895,53.78897352457895,54.78897352457895,-0.38059576039734244,1.3994438200345896,1.4502745044526695,1213.4186045021063,654.1317061423475,1353.9705091504766,790.0975414405342,48.536744180084256,26.165268245693902,54.158820366019064,31.603901657621368,38.16909723568624,38.16909723568624,38.16909723568624,38.16909723568624
2025-12-26T11:49:49.012550,17.750,394.26743546633213,2488.7382678340614,57.5,4145.607659126444,1625.0,1625.0,37.285132628546535,31.82810610283723,25.0,2488.7382678340614,45.70265257093068,1625.0,1625.0,800.0,1,1,57.5,51.75,25.0,0.0,4145.607659126444,4156.274392712674,394.26743546633213,45.70265257093068,55.753954859296165,53.753954859296165,54.753954859296165,0.18286209682772966,1.4130274542508596,1.4248105603633414,1307.527530145845,742.903316834582,1245.818700869226,684.4532495662802,52.3011012058338,29.71613267338328,49.83274803476904,27.378129982651206,37.93255668937307,37.93255668937307,37.93255668937307,37.93255668937307
2025-12-26T11:49:49.063148,17.800,394.17879526815653,2500.6593070946737,57.5,4145.759491156411,1625.0,1625.0,37.321717588172646,31.857374070538114,25.0,2500.6593070946737,46.43435176345285,1625.0,1625.0,800.0,1,1,57.5,51.75,25.0,0.0,4145.759491156411,4155.7396159568825,394.17879526815653,46.43435176345285,55.719293792452945,53.719293792452945,54.719293792452945,0.18179238563319838,1.4265966584609189,1.4381329901667887,1322.1938065403765,741.2805640358944,1241.7600728907519,685.0198726672992,52.88775226161506,29.651222561435773,49.67040291563007,27.400794906691967,37.69939994548826,37.69939994548826,37.69939994548826,37.69939994548826
2025-12-26T11:49:49.113552,17.850,399.26997509881846,2475.7750942022662,0.0,4197.956798296694,1500.0,1500.0,35.2,30.16,25.0,2475.7750942022662,4.0,1500.0,1500.0,881.5288484094827,1,1,0.0,0.0,0.0,16.30576968189655,4197.956798296694,4209.545571428774,399.26997509881846,4.0,55.66906773972416,53.66906773972416,54.66906773972416,-0.3794770176843438,1.3983456249439474,1.4489214242844513,1206.868580405055,640.3421834272241,1364.978937596713,786.673161287652,48.2747432162022,25.61368733708896,54.59915750386852,31.46692645150608,37.98178133730893,37.98178133730893,37.98178133730893,37.98178133730893
2025-12-26T11:49:49.164421,17.900,394.2667288966678,2487.771950910949,57.5,4146.767149619596,1625.0,1625.0,37.28433668251348,31.827469346010783,25.0,2487.771950910949,45.68673365026957,1625.0,1625.0,800.0,1,1,57.5,51.75,25.0,0.0,4146.767149619596,4156.799432150916,394.2667288966678,45.68673365026957,55.634252175440984,53.634252175440984,54.634252175440984,0.18294857969111772,1.4119303784536017,1.4237336746776512,1308.1255919185567,756.4569514775839,1245.6120497323845,692.7654501669276,52.32502367674227,30.258278059103354,49.824481989295386,27.710618006677105,37.74867569420967,37.74867569420967,37.74867569420967,37.74867569420967
2025-12-26T11:49:49.215164,17.950,394.1781254515315,2499.6986555069598,57.5,4144.60764050165,1625.0,1625.0,37.32090631147162,31.856725049177292,25.0,2499.6986555069598,46.41812622943235,1625.0,1625.0,800.0,1,1,57.5,51.75,25.0,0.0,4144.60764050165,4156.222809718809,394.1781254515315,46.41812622943235,55.59979417134924,53.59979417134924,54.59979417134924,0.18187878035223246,1.4255007881813113,1.4370568492053317,1328.945902877461,763.2223760711582,1237.088997205873,670.7798360450923,53.15783611509844,30.52889504284633,49.48355988823492,26.831193441803695,37.51890278506219,37.51890278506219,37.51890278506219,37.51890278506219
2025-12-26T11:49:49.267228,18.000,399.2673582181109,2474.8818578981136,0.0,4198.1290350124,1500.0,1500.0,35.2,30.16,25.0,2474.8818578981136,4.0,1500.0,1500.0,881.2414221265664,1,1,0.0,0.0,0.0,16.248284425313273,4198.1290350124,4207.900131742482,399.2673582181109,4.0,55.54977930102713,53.54977930102713,54.54977930102713,-0.3784489541943319,1.3973367871399063,1.4476787308050287,1212.1426957272895,653.5120688310802,1343.7041258333063,798.780363550654,48.48570782909158,26.14048275324321,53.74816503333225,31.951214542026158,37.802596201132715,37.802596201132715,37.802596201132715,37.802596201132715
2025-12-26T11:49:49.316752,18.050,394.2658648469268,2486.883924278304,57.5,4146.877082851659,1625.0,1625.0,37.28360632106162,31.826885056849296,25.0,2486.883924278304,45.672126421232406,1625.0,1625.0,800.0,1,1,57.5,51.75,25.0,0.0,4146.877082851659,4155.857764205078,394.2658648469268,45.672126421232406,55.51516525278344,53.51516525278344,54.51516525278344,0.183028025668186,1.4109225626067516,1.4227444379974912,1327.4659285961095,743.0802056363445,1246.7473748837024,676.190468858876,53.09863714384438,29.72320822545378,49.8698949953481,27.04761875435504,37.572771852481424,37.572771852481424,37.572771852481424,37.572771852481424
2025-12-26T11:49:49.367797,18.100,394.17729505031787,2498.8158332684025,57.5,4145.30457151533,1625.0,1625.0,37.32016191429171,31.856129531433368,25.0,2498.8158332684025,46.403238285834156,1625.0,1625.0,800.0,1,1,57.5,51.75,25.0,0.0,4145.30457151533,4155.87138916759,394.17729505031787,46.403238285834156,55.480908767919786,53.480908767919786,54.480908767919786,0.1819581458501719,1.424494073578042,1.4360682896367418,1326.2060985675755,760.5305623518417,1251.870862159591,668.2777988269108,53.04824394270302,30.421222494073668,50.074834486383644,26.731111953076436,37.34623157511595,37.34623157511595,37.34623157511595,37.34623157511595
2025-12-26T11:49:49.418355,18.150,399.26474126366554,2474.0609872249784,0.0,4198.105766445559,1500.0,1500.0,35.2,30.16,25.0,2474.0609872249784,4.0,1500.0,1500.0,880.9772823304637,1,1,0.0,0.0,0.0,16.195456466092736,4198.105766445559,4209.062287140985,399.26474126366554,4.0,55.43110271677678,53.43110271677678,54.43110271677678,-0.3775042108187258,1.3964100014341176,1.4465373556500714,1209.5011178230955,654.8347237470099,1347.8232643391812,805.4913293840464,48.38004471292382,26.193388949880397,53.912930573567245,32.219653175361856,37.6312518008806,37.6312518008806,37.6312518008806,37.6312518008806
2025-12-26T11:49:49.468940,18.200,394.2648560859337,2486.0678395569503,57.5,4147.009514302889,1625.0,1625.0,37.28293622649617,31.826348981196936,25.0,2486.0678395569503,45.65872452992339,1625.0,1625.0,800.0,1,1,57.5,51.75,25.0,0.0,4147.009514302889,4155.597908430347,394.2648560859337,45.65872452992339,55.396688659961235,53.396688659961235,54.396688659961235,0.18310101004251683,1.4099967104504285,1.4218356808575383,1317.57432288893,756.2299033168795,1233.0347841270664,689.3835503502734,52.702972915557204,30.24919613267518,49.321391365082654,27.575342014010936,37.40456115043734,37.40456115043734,37.40456115043734,37.40456115043734
2025-12-26T11:49:49.519396,18.250,394.17631708706875,2498.0045296779485,57.5,4146.168522308873,1625.0,1625.0,37.31947897310501,31.855583178484007,25.0,2498.0045296779485,46.38957946210016,1625.0,1625.0,800.0,1,1,57.5,51.75,25.0,0.0,4146.168522308873,4156.045263198485,394.17631708706875,46.38957946210016,55.36263220752368,53.36263220752368,54.36263220752368,0.18203105670748237,1.4235692278747512,1.4351601486098888,1325.856654057906,752.8926890174142,1247.3407441773325,673.3777368725064,53.03426616231624,30.115707560696567,49.893629767093294,26.935109474900255,37.181108206159536,37.181108206159536,37.181108206159536,37.181108206159536
2025-12-26T11:49:49.569811,18.300,399.26212424156836,2473.3066147988848,0.0,4199.601888451793,1500.0,1500.0,35.2,30.16,25.0,2473.3066147988848,4.0,1500.0,1500.0,880.7345408638353,1,1,0.0,0.0,0.0,16.14690817276704,4199.601888451793,4208.8716952388395,399.26212424156836,4.0,55.313032736402526,53.313032736402526,54.313032736402526,-0.3766360271008876,1.395558565186951,1.4454889850071504,1196.2936419466128,649.1032400901055,1349.1981476524907,786.4468483532189,47.85174567786451,25.96412960360422,53.96792590609963,31.457873934128756,37.467462442924926,37.467462442924926,37.467462442924926,37.467462442924926
2025-12-26T11:49:49.620536,18.350,394.2637143455217,2485.3178639755615,57.5,4146.765772044984,1625.0,1625.0,37.282321512987444,31.825857210389955,25.0,2485.3178639755615,45.646430259748904,1625.0,1625.0,800.0,1,1,57.5,51.75,25.0,0.0,4146.765772044984,4155.840029458784,394.2637143455217,45.646430259748904,55.278817201803,53.278817201803,54.278817201803,0.18316806064698118,1.409146127386956,1.4210008257460063,1319.1618753080857,749.2845596853485,1240.9867092165853,685.6911659800085,52.766475012323426,29.97138238741394,49.63946836866341,27.42764663920034,37.243763743653474,37.243763743653474,37.243763743653474,37.243763743653474
2025-12-26T11:49:49.670990,18.400,378.4501835658945,2554.9128246704367,230.0,3978.7115735156976,2000.0,2000.0,43.871080659949044,37.096864527959234,25.0,2554.9128246704367,177.4216131989808,2000.0,2000.0,800.0,1,1,230.0,207.0,100.0,0.0,3978.7115735156976,3989.833108296109,378.45018356589446,177.4216131989808,55.463937001979744,53.463937001979744,54.463937001979744,1.0613029330900916,0.0,1.0613029330900916,1199.8331018419449,1206.3342191480078,775.9656746881211,782.9467249197907,47.9933240736778,48.253368765920314,31.038626987524847,31.317868996791624,37.019298487100166,37.019298487100166,37.019298487100166,37.019298487100166
2025-12-26T11:49:49.721419,18.450,376.9930813459761,2624.09453870864,230.0,3963.3975675615516,2000.0,2000.0,44.4780072180019,37.58240577440152,25.0,2624.09453870864,189.56014436003798,2000.0,2000.0,800.0,1,1,230.0,207.0,100.0,0.0,3963.3975675615516,3975.103219894004,376.9930813459761,189.56014436003798,55.68097250442226,53.68097250442226,54.68097250442226,1.0550010416250137,0.0,1.0550010416250137,1211.9785434398534,1216.9058179922285,800.0245982682015,795.397597388409,48.47914173759414,48.67623271968914,32.00098393072806,31.815903895536362,36.79428356624694,36.79428356624694,36.79428356624694,36.79428356624694
2025-12-26T11:49:49.771974,18.500,376.3208256851857,2692.854149214287,230.0,3956.9583841457393,2000.0,2000.0,44.75792020793874,37.806336166350995,25.0,2692.854149214287,195.15840415877483,2000.0,2000.0,800.0,1,1,230.0,207.0,100.0,0.0,3956.9583841457393,3967.1343773168564,376.3208256851857,195.15840415877483,55.91260391554866,53.91260391554866,54.91260391554866,1.048564085375648,0.0,1.048564085375648,1202.9146019799982,1209.5387180726714,786.1200485596364,786.314872136928,48.11658407919993,48.38154872290686,31.444801942385457,31.45259488547712,36.568931647322806,36.568931647322806,36.568931647322806,36.568931647322806
2025-12-26T11:49:49.823894,18.550,375.6962983692465,2761.183057591998,230.0,3951.0200793711138,2000.0,2000.0,45.01795180484586,38.01436144387668,25.0,2761.183057591998,200.3590360969171,2000.0,2000.0,800.0,1,1,230.0,207.0,100.0,0.0,3951.0200793711138,3960.88655944762,375.69629836924656,200.3590360969171,56.158069595687714,54.158069595687714,55.158069595687714,1.0419960030446431,0.0,1.0419960030446431,1213.1199337778537,1202.1673244413673,803.7350283572598,800.2321588036583,48.524797351114145,48.08669297765469,32.14940113429039,32.00928635214633,36.34345084728179,36.34345084728179,36.34345084728179,36.34345084728179
2025-12-26T11:49:49.875378,18.600,375.07637615380685,2829.072926344212,230.0,3944.1662473510933,2000.0,2000.0,45.2760699873403,38.220855989872234,25.0,2829.072926344212,205.52139974680594,2000.0,2000.0,800.0,1,1,230.0,207.0,100.0,0.0,3944.1662473510933,3953.5236018837845,375.07637615380685,205.52139974680594,56.417621755997175,54.417621755997175,55.417621755997175,1.0353007762978987,0.0,1.0353007762978987,1219.0113301944507,1208.7957713319142,798.5227631449264,791.4492565622253,48.76045320777803,48.35183085327657,31.940910525797058,31.657970262489012,36.118044432163565,36.118044432163565,36.118044432163565,36.118044432163565
2025-12-26T11:49:49.926447,18.650,374.45853653961933,2896.5156815741393,230.0,3938.5036152431207,2000.0,2000.0,45.53332577880863,38.42666062304691,25.0,2896.5156815741393,210.66651557617266,2000.0,2000.0,800.0,1,1,230.0,207.0,100.0,0.0,3938.5036152431207,3946.897935341936,374.45853653961933,210.66651557617266,56.69156840910029,54.69156840910029,55.69156840910029,1.0284824249706037,0.0,1.0284824249706037,1200.1300335079052,1197.417078652043,790.6348836897366,804.7479354593561,48.005201340316205,47.89668314608173,31.625395347589464,32.18991741837424,35.89291053674141,35.89291053674141,35.89291053674141,35.89291053674141
2025-12-26T11:49:49.977006,18.700,373.8427082991826,2963.50351517605,230.0,3930.884192812433,2000.0,2000.0,45.789748840027954,38.63179907202236,25.0,2963.50351517605,215.79497680055908,2000.0,2000.0,800.0,1,1,230.0,207.0,100.0,0.0,3930.884192812433,3940.2131284096818,373.8427082991826,215.7949768005591,56.980213640569744,54.980213640569744,55.980213640569744,1.0215450022991917,0.0,1.0215450022991917,1195.657539649021,1199.774784479265,786.2739919930461,789.829889003086,47.826301585960834,47.9909913791706,31.450959679721844,31.59319556012344,35.668241905760986,35.668241905760986,35.668241905760986,35.668241905760986
2025-12-26T11:49:50.027532,18.750,373.2289713981844,3030.0288867151703,230.0,3925.3790394611524,2000.0,2000.0,46.045305833918576,38.836244667134864,25.0,3030.0288867151703,220.90611667837155,2000.0,2000.0,800.0,1,1,230.0,207.0,100.0,0.0,3925.3790394611524,3935.161256631245,373.2289713981844,220.90611667837157,57.283853612368084,55.283853612368084,56.283853612368084,1.0144925901880097,0.0,1.0144925901880097,1208.3916150348657,1199.56998471289,808.6251218454375,785.8566051259595,48.335664601394626,47.982799388515595,32.3450048738175,31.434264205038378,35.44422565697441,35.44422565697441,35.44422565697441,35.44422565697441
2025-12-26T11:49:50.077908,18.800,372.61741426824113,3096.08452500003,230.0,3918.1441103084035,2000.0,2000.0,46.299959895162594,39.039967916130074,25.0,3096.08452500003,225.99919790325185,2000.0,2000.0,800.0,1,1,230.0,207.0,100.0,0.0,3918.1441103084035,3927.9595581129934,372.61741426824113,225.99919790325185,57.60277612528431,55.60277612528431,56.60277612528431,1.007329294519202,0.0,1.007329294519202,1198.2366916776673,1205.7817636656282,801.9050531794783,797.0196892702991,47.92946766710669,48.231270546625126,32.07620212717913,31.88078757081196,35.22104306607747,35.22104306607747,35.22104306607747,35.22104306607747
2025-12-26T11:49:50.128225,18.850,372.00812466330234,3161.663429350625,230.0,3911.709076277826,2000.0,2000.0,46.55367444004111,39.24293955203288,25.0,3161.663429350625,231.07348880082205,2000.0,2000.0,800.0,1,1,230.0,207.0,100.0,0.0,3911.709076277826,3922.5653192895657,372.00812466330234,231.07348880082205,57.937260423888965,55.937260423888965,56.937260423888965,1.0000592405140252,0.0,1.0000592405140252,1199.6386637400255,1191.8540546454358,798.5068636328742,794.8523601137564,47.98554654960102,47.67416218581743,31.94027454531497,31.794094404550258,34.99886937356393,34.99886937356393,34.99886937356393,34.99886937356393
2025-12-26T11:49:50.178594,18.900,371.4011890203275,3226.7588705662824,230.0,3905.0995228932143,2000.0,2000.0,46.806413432830304,39.44513074626424,25.0,3226.7588705662824,236.1282686566061,2000.0,2000.0,800.0,1,1,230.0,207.0,100.0,0.0,3905.0995228932143,3916.264440164385,371.4011890203275,236.12826865660608,58.28757702759449,56.28757702759449,57.28757702759449,0.9926865681534707,0.0,0.9926865681534707,1203.8310918830114,1195.9477036575684,797.3199642727161,798.8223750384166,48.153243675320454,47.83790814630273,31.892798570908646,31.95289500153666,34.777873613420624,34.777873613420624,34.777873613420624,34.777873613420624
2025-12-26T11:49:50.229218,18.950,371.87573049536377,3288.513856767586,221.47121973250657,3909.9255141498393,1981.459173331536,1981.459173331536,46.60853283726915,39.28682626981532,25.0,3288.513856767586,232.17065674538298,1981.459173331536,1981.459173331536,800.0,1,1,221.47121973250657,199.32409775925592,96.29183466630721,0.0,3909.9255141498393,3919.75744366184,371.87573049536377,232.17065674538298,58.62211858553042,56.62211858553042,57.62211858553042,0.941745599594944,0.0,0.941745599594944,1192.2673979199215,1197.6102165187265,808.4931127082056,815.1233625110854,47.690695916796855,47.90440866074906,32.339724508328224,32.60493450044341,34.558374826004474,34.558374826004474,34.558374826004474,34.558374826004474
2025-12-26T11:49:50.281848,19.000,373.4461664992241,3344.46846730226,205.53476525976103,3926.103446745329,1946.814707086437,1946.814707086437,45.95401588559481,38.763212708475855,25.0,3344.46846730226,219.08031771189633,1946.814707086437,1946.814707086437,800.0,1,1,205.53476525976103,184.98128873378494,89.3629414172874,0.0,3926.103446745329,3936.2381770972765,373.4461664992241,219.08031771189636,58.910601202718894,56.910601202718894,57.910601202718894,0.8532915557021938,0.0,0.8532915557021938,1181.1392092874537,1163.843076701992,832.0848849378336,825.3846214865309,47.245568371498145,46.553723068079684,33.283395397513345,33.015384859461236,34.34080304329566,34.34080304329566,34.34080304329566,34.34080304329566
2025-12-26T11:49:50.333455,19.050,374.9976893262701,3395.1597466657804,191.09515223127954,3942.9064068227453,1915.4242439810425,1915.4242439810425,45.30736595238616,38.24589276190892,25.0,3395.1597466657804,206.14731904772307,1915.4242439810425,1915.4242439810425,800.0,1,1,191.09515223127954,171.9856370081516,83.0848487962085,0.0,3942.9064068227453,3953.422415027055,374.9976893262701,206.14731904772307,59.1562600815904,57.1562600815904,58.1562600815904,0.773027284352727,0.0,0.773027284352727,1145.1778498037459,1153.225965721263,852.8792982059933,857.5946999660484,45.80711399214983,46.12903862885052,34.11517192823973,34.30378799864194,34.12552740840704,34.12552740840704,34.12552740840704,34.12552740840704
2025-12-26T11:49:50.385121,19.100,376.4469253098809,3441.0764175977115,178.01379126864163,3958.129305066979,1886.9865027579167,1886.9865027579167,44.703322953046346,37.76265836243708,25.0,3441.0764175977115,194.06645906092695,1886.9865027579167,1886.9865027579167,800.0,1,1,178.01379126864163,160.21241214177746,77.39730055158331,0.0,3958.129305066979,3968.714647215109,376.4469253098809,194.06645906092695,59.36424785684585,57.36424785684585,58.36424785684585,0.7002158928064324,0.0,0.7002158928064324,1141.12608500267,1144.7354730471884,869.9367884491419,847.5397245796945,45.6450434001068,45.78941892188754,34.79747153796568,33.90158898318778,33.91286252623299,33.91286252623299,33.91286252623299,33.91286252623299
2025-12-26T11:49:50.436663,19.150,377.7902668628153,3482.662974227698,166.16456287659793,3972.6820738829533,1861.2273106013,1861.2273106013,44.14339096790534,37.31471277432427,25.0,3482.662974227698,182.86781935810674,1861.2273106013,1861.2273106013,800.0,1,1,166.16456287659793,149.54810658893814,72.24546212025997,0.0,3972.6820738829533,3982.8218392566637,377.7902668628153,182.86781935810674,59.539321775523,57.539321775523,58.539321775523,0.6341829076106114,0.0,0.6341829076106114,1130.6543570877982,1133.5057473980778,876.7760118366517,875.8355854243895,45.22617428351193,45.340229895923116,35.07104047346607,35.03342341697558,33.703074299011284,33.703074299011284,33.703074299011284,33.703074299011284
2025-12-26T11:49:50.487392,19.200,379.03106377570936,3520.3234755303274,155.4327611682842,3986.584113484645,1837.8973068875744,1837.8973068875744,43.62617514078477,36.900940112627815,25.0,3520.3234755303274,172.5235028156953,1837.8973068875744,1837.8973068875744,800.0,1,1,155.4327611682842,139.88948505145578,67.57946137751487,0.0,3986.584113484645,3995.280215058475,379.03106377570936,172.5235028156953,59.68570803992656,57.68570803992656,58.68570803992656,0.5743117043971163,0.0,0.5743117043971163,1108.0835718776611,1111.5811351996135,883.4712424549567,873.3539169011133,44.32334287510645,44.463245407984544,35.33884969819827,34.93415667604453,33.496385261491255,33.496385261491255,33.496385261491255,33.496385261491255
2025-12-26T11:49:50.537833,19.250,380.17399101224964,3554.4250519637653,145.71411492855015,3998.4289531089225,1816.7698150620654,1816.7698150620654,43.14972841950489,36.51978273560391,25.0,3554.4250519637653,162.99456839009775,1816.7698150620654,1816.7698150620654,800.0,1,1,145.71411492855015,131.14270343569513,63.353963012413104,0.0,3998.4289531089225,4008.10210894329,380.17399101224964,162.99456839009775,59.807126567060934,57.807126567060934,58.807126567060934,0.5200391340183445,0.0,0.5200391340183445,1091.8315786978542,1111.3258251875143,887.7323204799218,904.1071357206198,43.67326314791416,44.45303300750057,35.50929281919687,36.16428542882479,33.292979437079715,33.292979437079715,33.292979437079715,33.292979437079715
2025-12-26T11:49:50.588400,19.300,381.2243353563332,3585.3011395969793,136.91388269290823,4008.790403159665,1797.6388754193658,1797.6388754193658,42.711848780922836,36.16947902473827,25.0,3585.3011395969793,154.23697561845677,1797.6388754193658,1797.6388754193658,800.0,1,1,136.91388269290823,123.2224944236174,59.52777508387315,0.0,4008.790403159665,4018.6734592077187,381.2243353563332,154.23697561845677,59.90683333285394,57.90683333285394,58.90683333285394,0.4708513668273314,0.0,0.4708513668273314,1097.2446357811334,1102.2229107453568,905.742607451525,913.3698154028924,43.889785431245336,44.088916429814276,36.229704298061,36.534792616115695,33.09300674078998,33.09300674078998,33.09300674078998,33.09300674078998
2025-12-26T11:49:50.638934,19.350,382.187699167977,3613.2544568904295,128.94601815061444,4018.83578740735,1780.3174307622053,1780.3174307622053,42.31020266322993,35.848162130583944,25.0,3613.2544568904295,146.2040532645985,1780.3174307622053,1780.3174307622053,800.0,1,1,128.94601815061444,116.051416335553,56.06348615244105,0.0,4018.83578740735,4029.906350770057,382.187699167977,146.2040532645985,59.9876665798184,57.9876665798184,58.9876665798184,0.42627996821789843,0.0,0.42627996821789843,1083.1615144330835,1074.9631419963146,908.3934203028396,919.4627873066328,43.32646057732334,42.998525679852584,36.33573681211358,36.77851149226531,32.89658695753058,32.89658695753058,32.89658695753058,32.89658695753058
2025-12-26T11:49:50.689640,19.400,383.06979812761045,3638.5597397061397,121.73240195843906,4027.5532149795845,1764.6356564313892,1764.6356564313892,41.94240923817831,35.55392739054265,25.0,3638.5597397061397,138.84818476356617,1764.6356564313892,1764.6356564313892,800.0,1,1,121.73240195843906,109.55916176259515,52.92713128627785,0.0,4027.5532149795845,4038.704587015931,383.06979812761045,138.84818476356617,60.0520930231533,58.0520930231533,59.0520930231533,0.3858982116928543,0.0,0.3858982116928543,1079.0220827354676,1066.4563836533282,925.750786877011,928.3785248789084,43.1608833094187,42.658255346133124,37.03003147508044,37.135140995156334,32.703813325637945,32.703813325637945,32.703813325637945,32.703813325637945
2025-12-26T11:49:50.753183,19.450,383.87631634759265,3661.466250185219,115.20213594561967,4037.1700808891546,1750.4394259687383,1750.4394259687383,41.606100781555156,35.28488062524413,25.0,3661.466250185219,132.12201563110318,1750.4394259687383,1750.4394259687383,800.0,1,1,115.20213594561967,103.68192235105771,50.08788519374768,0.0,4037.1700808891546,4046.9254996267255,383.87631634759265,132.12201563110318,60.1022519776793,58.1022519776793,59.1022519776793,0.3493176304084921,0.0,0.3493176304084921,1070.982687903757,1078.0761413808993,923.5216463832154,918.3776046612412,42.839307516150285,43.12304565523597,36.94086585532862,36.73510418644965,32.51475575590839,32.51475575590839,32.51475575590839,32.51475575590839
2025-12-26T11:49:50.804333,19.500,384.6128040909939,3682.200074926813,109.2908956744396,4045.3310131658895,1737.588903640086,1737.588903640086,41.29896529151809,35.039172233214465,25.0,3682.200074926813,125.9793058303617,1737.588903640086,1737.588903640086,800.0,1,1,109.2908956744396,98.36180610699564,47.517780728017215,0.0,4045.3310131658895,4053.6982800995665,384.6128040909939,125.97930583036171,60.13999625364076,58.13999625364076,59.13999625364076,0.3161848040823876,0.0,0.3161848040823876,1065.80251554677,1053.9743194370374,925.1220803026431,939.1495017255068,42.632100621870805,42.158972777481495,37.004883212105725,37.56598006902027,32.32946371598321,32.32946371598321,32.32946371598321,32.32946371598321
2025-12-26T11:49:50.857039,19.550,385.2846075921563,3700.966227499422,103.9403373735564,4051.7384303474896,1725.9572551599053,1725.9572551599053,41.01877573179798,34.81502058543838,25.0,3700.966227499422,120.37551463595956,1725.9572551599053,1725.9572551599053,800.0,1,1,103.9403373735564,93.54630363620076,45.191451031981046,0.0,4051.7384303474896,4062.0074147446267,385.2846075921563,120.37551463595955,60.16692927113008,58.16692927113008,59.16692927113008,0.28617837511893557,0.0,0.28617837511893557,1058.000484827867,1059.109288242456,942.2878550513364,953.0073527755725,42.320019393114684,42.36437152969824,37.691514202053455,38.1202941110229,32.14796880899883,32.14796880899883,32.14796880899883,32.14796880899883
2025-12-26T11:49:50.908047,19.600,385.89682299383844,3717.950569768379,99.09755536519995,4057.988179988637,1715.4294681852173,1715.4294681852173,40.76340922672583,34.61072738138066,25.0,3717.950569768379,115.2681845345166,1715.4294681852173,1715.4294681852173,800.0,1,1,99.09755536519995,89.18779982867996,43.08589363704346,0.0,4057.988179988637,4068.355597400818,385.89682299383844,115.2681845345166,60.18443823253229,58.18443823253229,59.18443823253229,0.25900628560850797,0.0,0.25900628560850797,1040.354848114359,1047.5015464914077,939.1635170410843,958.5190801772322,41.61419392457435,41.90006185965631,37.566540681643374,38.34076320708929,31.97028707409854,31.97028707409854,31.97028707409854,31.97028707409854
2025-12-26T11:49:50.959262,19.650,386.454268302814,3733.3215658759364,94.71458624856142,4064.00654981372,1705.9012744533943,1705.9012744533943,40.53085874881315,34.42468699905052,25.0,3733.3215658759364,110.617174976263,1705.9012744533943,1705.9012744533943,800.0,1,1,94.71458624856142,85.24312762370528,41.18025489067888,0.0,4064.00654981372,4074.579000141903,386.454268302814,110.617174976263,60.19372343562851,58.19372343562851,59.19372343562851,0.23440322532818583,0.0,0.23440322532818583,1038.9421557462886,1055.6828561853704,954.7387455722795,965.4455791549834,41.55768622985154,42.22731424741482,38.18954982289118,38.61782316619934,31.796421034844943,31.796421034844943,31.796421034844943,31.796421034844943
2025-12-26T11:49:51.009836,19.700,386.9614687068785,3747.231881997856,90.74795626875157,4070.156978889889,1697.2781658016338,1697.2781658016338,40.31923923920692,34.255391391365535,25.0,3747.231881997856,106.38478478413836,1697.2781658016338,1697.2781658016338,800.0,1,1,90.74795626875157,81.67316064187641,39.45563316032677,0.0,4070.156978889889,4078.9926118064086,386.9614687068785,106.38478478413836,60.19582395318321,58.19582395318321,59.19582395318321,0.21212827987832802,0.0,0.21212827987832802,1032.562274187703,1053.8012330107304,946.8803063274086,959.5835462762951,41.30249096750812,42.152049320429214,37.87521225309634,38.3833418510518,31.626361519873466,31.626361519873466,31.626361519873466,31.626361519873466
2025-12-26T11:49:51.060395,19.750,387.42265169882563,3759.819844250359,87.15826848458053,4073.3724986622415,1689.47449670561,1689.47449670561,40.1267896419497,34.101431713559755,25.0,3759.819844250359,102.5357928389939,1689.47449670561,1689.47449670561,800.0,1,1,87.15826848458053,78.44244163612248,37.89489934112197,0.0,4073.3724986622415,4083.9772741708434,387.42265169882563,102.5357928389939,60.19163998082723,58.19163998082723,59.19163998082723,0.19196276751676897,0.0,0.19196276751676897,1048.8164108970866,1034.6480289567373,966.4809587018901,964.6781611885194,41.95265643588346,41.38592115826949,38.659238348075604,38.587126447540776,31.46008927836362,31.46008927836362,31.46008927836362,31.46008927836362
2025-12-26T11:49:51.110964,19.800,387.841749297481,3771.2107663552033,83.90982654196988,4077.9106009084558,1682.4126663955867,1682.4126663955867,39.951871981112724,33.961497584890175,25.0,3771.2107663552033,99.03743962225445,1682.4126663955867,1682.4126663955867,800.0,1,1,83.90982654196988,75.51884388777289,36.482533279117334,0.0,4077.9106009084558,4088.840204061734,387.841749297481,99.03743962225445,60.18195218691034,58.18195218691034,59.18195218691034,0.17370825300806772,0.0,0.17370825300806772,1023.2700882178297,1026.8715261456857,972.7665660595306,970.0949749505999,40.930803528713184,41.074861045827426,38.910662642381226,38.80379899802399,31.29757641113375,31.29757641113375,31.29757641113375,31.29757641113375
2025-12-26T11:49:51.161950,19.850,388.22240530346886,3781.5181579050577,80.97029205750414,4082.1365411578654,1676.0223740380525,1676.0223740380525,39.792968340061364,33.834374672049094,25.0,3781.5181579050577,95.85936680122731,1676.0223740380525,1676.0223740380525,800.0,1,1,80.97029205750414,72.87326285175372,35.204474807610495,0.0,4082.1365411578654,4092.177947740624,388.22240530346886,95.85936680122731,60.16743840175616,58.16743840175616,59.16743840175616,0.15718472681276968,0.0,0.15718472681276968,1033.2027390721287,1036.5091801890653,978.7172318158721,975.3483402814329,41.328109562885146,41.46036720756261,39.14868927263488,39.013933611257315,31.138787636427875,31.138787636427875,31.138787636427875,31.138787636427875
2025-12-26T11:49:51.212483,19.900,388.5679860244902,3790.8448233187146,78.31037281419675,4085.5353943037694,1670.2399409004277,1670.2399409004277,39.648676394997196,33.71894111599776,25.0,3790.8448233187146,92.9735278999439,1670.2399409004277,1670.2399409004277,800.0,1,1,78.31037281419675,70.47933553277709,34.04798818008555,0.0,4085.5353943037694,4096.481358477214,388.5679860244902,92.9735278999439,60.14868797040346,58.14868797040346,59.14868797040346,0.1422289381390917,0.0,0.1422289381390917,1020.4961074292594,1033.9628270681906,972.0362197364216,969.203372445873,40.81984429717038,41.35851308272762,38.88144878945686,38.76813489783492,30.983681407789213,30.983681407789213,30.983681407789213,30.983681407789213
2025-12-26T11:49:51.263137,19.950,388.88159328683946,3799.283860845129,75.90353916577254,4088.4929517952314,1665.007693838636,1665.007693838636,39.51770399578809,33.61416319663047,25.0,3799.283860845129,90.35407991576183,1665.007693838636,1665.007693838636,800.0,1,1,75.90353916577254,68.31318524919529,33.0015387677272,0.0,4088.4929517952314,4099.0200525874125,388.88159328683946,90.35407991576183,60.126214069889976,58.126214069889976,59.126214069889976,0.1286928707167218,0.0,0.1286928707167218,1015.6750312472701,1021.3276795511878,971.3910706851524,980.2181448405925,40.6270012498908,40.85310718204751,38.85564282740609,39.2087257936237,30.832210899824286,30.832210899824286,30.832210899824286,30.832210899824286
2025-12-26T11:49:51.314670,20.000,389.16607884351555,3806.919570273435,73.72576623428652,4091.5367313093716,1660.2734048571447,1660.2734048571447,39.398863164758815,33.51909053180705,25.0,3806.919570273435,87.97726329517634,1660.2734048571447,1660.2734048571447,800.0,1,1,73.72576623428652,66.35318961085787,32.05468097142892,0.0,4091.5367313093716,4101.840882100507,389.16607884351555,87.97726329517634,60.100464264360355,58.100464264360355,59.100464264360355,0.11644235058935648,0.0,0.11644235058935648,1020.6649896740162,1015.0979237577155,988.3985862512573,979.9938938478246,40.82659958696065,40.60391695030862,39.53594345005029,39.19975575391298,30.684324876165714,30.684324876165714,30.684324876165714,30.684324876165714
2025-12-26T11:49:51.365577,20.050,389.424059515059,3813.8282773372766,71.75529966702578,4095.81634276271,1655.9897818848387,1655.9897818848387,39.29106379004787,33.43285103203829,25.0,3813.8282773372766,85.82127580095737,1655.9897818848387,1655.9897818848387,800.0,1,1,71.75529966702578,64.57976970032321,31.197956376967735,0.0,4095.81634276271,4105.386451879474,389.424059515059,85.82127580095737,60.07182954194761,58.07182954194761,59.07182954194761,0.10535577572722706,0.0,0.10535577572722706,1028.5353464364925,1032.0509313728885,982.8263568835831,983.3994575630751,41.1414138574597,41.28203725491554,39.313054275343326,39.335978302523,30.539968452548326,30.539968452548326,30.539968452548326,30.539968452548326
2025-12-26T11:49:51.416605,20.100,389.6579325727751,3820.0790821688884,69.97244289122574,4097.4809808768405,1652.1140062852733,1652.1140062852733,39.19330721783638,33.3546457742691,25.0,3820.0790821688884,83.8661443567275,1652.1140062852733,1652.1140062852733,800.0,1,1,69.97244289122574,62.97519860210317,30.422801257054672,0.0,4097.4809808768405,4107.87885524276,389.6579325727751,83.8661443567275,60.040652048480645,58.040652048480645,59.040652048480645,0.09532295780795437,0.0,0.09532295780795437,1015.9804789655334,1009.4003094285969,984.9066391851599,993.2523968529605,40.63921915862134,40.37601237714387,39.396265567406395,39.73009587411842,30.399083766624223,30.399083766624223,30.399083766624223,30.399083766624223
2025-12-26T11:49:51.466976,20.150,391.36602383733987,3822.1050635085776,57.5,4114.67933501633,1625.0,1625.0,38.48127822550059,32.78502258040047,25.0,3822.1050635085776,69.62556451001174,1625.0,1625.0,800.0,1,1,57.5,51.75,25.0,0.0,4114.67933501633,4125.330757025281,391.36602383733987,69.62556451001174,59.99311575633201,57.99311575633201,58.99311575633201,0.03089562687771652,0.0,0.03089562687771652,997.1528890807917,997.7209284027861,995.0396683518256,1004.5335463469062,39.88611556323167,39.908837136111444,39.80158673407303,40.18134185387625,30.26172049736191,30.26172049736191,30.26172049736191,30.26172049736191
2025-12-26T11:49:51.518158,20.200,391.3954964089684,3824.112804459954,57.5,4116.021427111256,1625.0,1625.0,38.468673425954925,32.77493874076394,25.0,3824.112804459954,69.37346851909857,1625.0,1625.0,800.0,1,1,57.5,51.75,25.0,0.0,4116.021427111256,4126.037191274104,391.3954964089684,69.37346851909857,59.94539105299074,57.94539105299074,58.94539105299074,0.030617466254833036,0.0,0.030617466254833036,1011.8306005305641,1000.2628530621527,987.412016849526,986.8196546587882,40.47322402122256,40.01051412248611,39.49648067398104,39.47278618635153,30.12779275393602,30.12779275393602,30.12779275393602,30.12779275393602
2025-12-26T11:49:51.568885,20.250,391.3912269712446,3826.1024597045216,57.5,4116.19742040587,1625.0,1625.0,38.47012782727276,32.77610226181821,25.0,3826.1024597045216,69.40255654545521,1625.0,1625.0,800.0,1,1,57.5,51.75,25.0,0.0,4116.19742040587,4126.871966963503,391.3912269712446,69.40255654545521,59.897771935263926,57.897771935263926,58.897771935263926,0.030341664479922318,0.0,0.030341664479922318,1008.9344142939782,1011.9673676149215,1004.311623292462,995.032762802105,40.357376571759126,40.47869470459686,40.17246493169848,39.8013105120842,29.997216667070578,29.997216667070578,29.997216667070578,29.997216667070578
2025-12-26T11:49:51.619458,20.300,391.38631802217816,3828.074182788186,57.5,4115.298143014229,1625.0,1625.0,38.471848727502135,32.7774789820017,25.0,3828.074182788186,69.43697455004262,1625.0,1625.0,800.0,1,1,57.5,51.75,25.0,0.0,4115.298143014229,4126.2296146487815,391.38631802217816,69.43697455004262,59.85026417155515,57.85026417155515,58.85026417155515,0.03006820423549585,0.0,0.03006820423549585,1018.1325711194702,994.3486252318353,991.6631421574554,989.0548902736178,40.72530284477881,39.77394500927341,39.666525686298215,39.56219561094471,29.869910343985637,29.869910343985637,29.869910343985637,29.869910343985637
2025-12-26T11:49:51.670041,20.350,391.38143270283075,3830.0281261262785,57.5,4115.620870775729,1625.0,1625.0,38.473559817662895,32.77884785413032,25.0,3830.0281261262785,69.47119635325794,1625.0,1625.0,800.0,1,1,57.5,51.75,25.0,0.0,4115.620870775729,4126.437751045237,391.38143270283075,69.47119635325794,59.802867761035785,57.802867761035785,58.802867761035785,0.029797068280569706,0.0,0.029797068280569706,1015.717345775913,1012.0669165741058,1001.6917593491762,996.001560113071,40.62869383103652,40.48267666296423,40.06767037396705,39.84006240452284,29.745793824260943,29.745793824260943,29.745793824260943,29.745793824260943
2025-12-26T11:49:51.732620,20.400,391.3765840015837,3831.9644410086125,57.5,4114.860209266306,1625.0,1625.0,38.47525568561247,32.780204548489976,25.0,3831.9644410086125,69.50511371224933,1625.0,1625.0,800.0,1,1,57.5,51.75,25.0,0.0,4114.860209266306,4125.2809575182555,391.3765840015837,69.50511371224933,59.75558258498384,57.75558258498384,58.75558258498384,0.02952823945137343,0.0,0.02952823945137343,1015.9909161872984,1017.8613574866139,1002.2781316648899,1000.645962071661,40.63963664749193,40.714454299464556,40.0911252665956,40.02583848286644,29.624789036601033,29.624789036601033,29.624789036601033,29.624789036601033
2025-12-26T11:49:51.783723,20.450,391.3717718727309,3833.883277604598,57.5,4115.318282265581,1625.0,1625.0,38.47693635007826,32.781549080062604,25.0,3833.883277604598,69.53872700156516,1625.0,1625.0,800.0,1,1,57.5,51.75,25.0,0.0,4115.318282265581,4124.716092248158,391.3717718727309,69.53872700156516,59.708408520191355,57.708408520191355,58.708408520191355,0.029261700662031872,0.0,0.029261700662031872,1010.7624940465522,993.9575371653872,985.0254273780328,1001.2143430704004,40.43049976186209,39.75830148661549,39.40101709512131,40.048573722816016,29.506819756486255,29.506819756486255,29.506819756486255,29.506819756486255
2025-12-26T11:49:51.837264,20.500,391.3669960113216,3835.7847849683862,57.5,4115.6727483205605,1625.0,1625.0,38.478601937809024,32.78288155024722,25.0,3835.7847849683862,69.57203875618045,1625.0,1625.0,800.0,1,1,57.5,51.75,25.0,0.0,4115.6727483205605,4126.4019569982365,391.3669960113216,69.57203875618045,59.66134544127935,57.66134544127935,58.66134544127935,0.028997434905218535,0.0,0.028997434905218535,1010.3173274839181,998.5198582320616,1000.9566324941637,999.910618789021,40.41269309935672,39.94079432928246,40.03826529976655,39.99642475156084,29.391811564694425,29.391811564694425,29.391811564694425,29.391811564694425
2025-12-26T11:49:51.887821,20.550,391.3622561094365,3837.669111044066,57.5,4114.733742947452,1625.0,1625.0,38.480252576793035,32.78420206143443,25.0,3837.669111044066,69.60505153586074,1625.0,1625.0,800.0,1,1,57.5,51.75,25.0,0.0,4114.733742947452,4126.411724460586,391.3622561094365,69.60505153586074,59.61439322078253,57.61439322078253,58.61439322078253,0.028735425252782686,0.0,0.028735425252782686,1005.5519930012136,1009.572683134553,992.1160992601491,982.0843176537087,40.22207972004855,40.38290732538212,39.684643970405965,39.28337270614835,29.279691806677935,29.279691806677935,29.279691806677935,29.279691806677935
2025-12-26T11:49:51.941659,20.600,391.35755186132184,3839.536402670896,57.5,4115.71915114812,1625.0,1625.0,38.481888394118855,32.78551071529508,25.0,3839.536402670896,69.63776788237709,1625.0,1625.0,800.0,1,1,57.5,51.75,25.0,0.0,4115.71915114812,4125.324218867502,391.35755186132184,69.63776788237709,59.56755172918866,57.56755172918866,58.56755172918866,0.028475654856350258,0.0,0.028475654856350258,1015.5198085771784,1010.6919542820272,996.899424146718,987.1470220588819,40.62079234308714,40.42767817128109,39.87597696586872,39.485880882355275,29.17038955278134,29.17038955278134,29.17038955278134,29.17038955278134
2025-12-26T11:49:51.992174,20.650,391.3528829634829,3841.386805588567,57.5,4116.414040887226,1625.0,1625.0,38.48350951593651,32.78680761274921,25.0,3841.386805588567,69.67019031873018,1625.0,1625.0,800.0,1,1,57.5,51.75,25.0,0.0,4116.414040887226,4125.050501846002,391.3528829634829,69.67019031873018,59.520820834976526,57.520820834976526,58.520820834976526,0.02821810694789837,0.0,0.02821810694789837,1000.2614446606341,1006.2672456341531,989.6369231577296,986.5330470624137,40.01045778642536,40.25068982536612,39.585476926309184,39.46132188249655,29.063835559284616,29.063835559284616,29.063835559284616,29.063835559284616
2025-12-26T11:49:52.042703,20.700,391.34824911467524,3843.2204644425137,57.5,4115.830509897642,1625.0,1625.0,38.48511606746093,32.78809285396874,25.0,3843.2204644425137,69.70232134921858,1625.0,1625.0,800.0,1,1,57.5,51.75,25.0,0.0,4115.830509897642,4125.664394687108,391.34824911467524,69.70232134921858,59.474200404653416,57.474200404653416,58.474200404653416,0.02796276484030502,0.0,0.02796276484030502,1001.3140365023581,1001.3462894118362,1002.0316652280252,986.1496002883482,40.052561460094324,40.05385157647345,40.08126660912101,39.44598401153393,28.959962230257386,28.959962230257386,28.959962230257386,28.959962230257386
2025-12-26T11:49:52.093311,20.750,391.3436500158948,3845.0375227892537,57.5,4116.029052150883,1625.0,1625.0,38.48670817297624,32.789366538380996,25.0,3845.0375227892537,69.73416345952492,1625.0,1625.0,800.0,1,1,57.5,51.75,25.0,0.0,4116.029052150883,4126.289460682311,391.3436500158948,69.73416345952492,59.427690302792094,57.427690302792094,58.427690302792094,0.02770961192787333,0.0,0.02770961192787333,1002.8779346352619,995.0754169886338,997.0920804639828,993.1925476266242,40.11511738541048,39.80301667954535,39.88368321855931,39.72770190506497,28.85870358020969,28.85870358020969,28.85870358020969,28.85870358020969
2025-12-26T11:49:52.143842,20.800,391.33908537036683,3846.8381231017543,57.5,4114.808302777422,1625.0,1625.0,38.48828595584014,32.790628764672114,25.0,3846.8381231017543,69.76571911680287,1625.0,1625.0,800.0,1,1,57.5,51.75,25.0,0.0,4114.808302777422,4125.77578415958,391.33908537036683,69.76571911680287,59.38129039206725,57.38129039206725,58.38129039206725,0.02745863168683171,0.0,0.02745863168683171,1007.1557171119296,1014.4297273662337,999.6103947550996,987.7987040890922,40.28622868447718,40.57718909464935,39.98441579020398,39.51194816356369,28.759995197524937,28.759995197524937,28.759995197524937,28.759995197524937
2025-12-26T11:49:52.194070,20.850,391.33455488353593,3848.6224067748426,57.5,4115.2737823113475,1625.0,1625.0,38.48984953848825,32.7918796307906,25.0,3848.6224067748426,69.79699076976502,1625.0,1625.0,800.0,1,1,57.5,51.75,25.0,0.0,4115.2737823113475,4126.016995581159,391.33455488353593,69.79699076976502,59.33500053329151,57.33500053329151,58.33500053329151,0.027209807675810268,0.0,0.027209807675810268,1000.8583842600646,1000.4892367532888,995.8449178373385,984.4947276106495,40.03433537040258,40.01956947013155,39.83379671349354,39.37978910442598,28.663774208660943,28.663774208660943,28.663774208660943,28.663774208660943
2025-12-26T11:49:52.244614,20.900,391.33005826305487,3850.390514130634,57.5,4114.32186049158,1625.0,1625.0,38.49139904243856,32.79311923395085,25.0,3850.390514130634,69.82798084877112,1625.0,1625.0,800.0,1,1,57.5,51.75,25.0,0.0,4114.32186049158,4124.692414894823,391.33005826305487,69.82798084877112,59.288820585450964,57.288820585450964,58.288820585450964,0.026963123536293238,0.0,0.026963123536293238,1009.2303618143454,1008.7821713765942,1006.829414569325,984.3049227406407,40.369214472573816,40.35128685506377,40.273176582773,39.37219690962563,28.56997924310506,28.56997924310506,28.56997924310506,28.56997924310506
2025-12-26T11:49:52.296664,20.950,391.3255952187744,3852.142584423995,57.5,4114.277829418884,1625.0,1625.0,38.49293458829585,32.79434767063668,25.0,3852.142584423995,69.85869176591707,1625.0,1625.0,800.0,1,1,57.5,51.75,25.0,0.0,4114.277829418884,4125.066987648151,391.3255952187744,69.85869176591707,59.24275040574019,57.24275040574019,58.24275040574019,0.02671856299304868,0.0,0.02671856299304868,998.3052579653818,1005.199576274673,1006.994494743612,994.3989229521226,39.93221031861527,40.20798305098692,40.27977978974448,39.7759569180849,28.47855039906961,28.47855039906961,28.47855039906961,28.47855039906961
2025-12-26T11:49:52.351774,21.000,391.321165462732,3853.8787558480335,57.5,4114.4401703180165,1625.0,1625.0,38.49445629575622,32.79556503660498,25.0,3853.8787558480335,69.8891259151244,1625.0,1625.0,800.0,1,1,57.5,51.75,25.0,0.0,4114.4401703180165,4124.515921288189,391.321165462732,69.8891259151244,59.196789849596826,57.196789849596826,58.196789849596826,0.026476109854535912,0.0,0.026476109854535912,993.1790546259297,1002.452096684849,985.2054870435666,1004.9420217202384,39.72716218503719,40.09808386739396,39.40821948174266,40.197680868809535,28.389429209914066,28.389429209914066,28.389429209914066,28.389429209914066
2025-12-26T11:49:52.403440,21.050,399.22691819159445,3814.8952888438566,0.0,4198.766424361777,1500.0,1500.0,35.2,30.16,25.0,3814.8952888438566,4.0,1500.0,1500.0,900.0,1,1,0.0,0.0,0.0,20.0,4198.766424361777,4207.419762403698,399.2269181915944,4.0,59.11517434950849,57.11517434950849,58.11517434950849,-0.5944865470209317,0.0,0.5944865470209317,889.1709132733619,878.8258501670858,1108.6118620598158,1119.865722898348,35.566836530934474,35.153034006683434,44.344474482392634,44.79462891593392,29.266400644984543,29.266400644984543,29.266400644984543,29.266400644984543
2025-12-26T11:49:52.454959,21.100,399.22597581064207,3754.778103055343,0.0,4197.4314123041295,1500.0,1500.0,35.2,30.16,25.0,3754.778103055343,4.0,1500.0,1500.0,1000.0,1,1,0.0,0.0,0.0,40.0,4197.4314123041295,4209.322097563736,399.22597581064207,4.0,59.03490447966145,57.03490447966145,58.03490447966145,-0.9167696190849419,0.0,0.9167696190849419,817.3981703763773,809.597042240704,1173.041115379608,1171.457085170115,32.69592681505509,32.38388168962816,46.92164461518432,46.8582834068046,31.055249518510795,31.055249518510795,31.055249518510795,31.055249518510795
2025-12-26T11:49:52.505520,21.150,399.22503342968963,3673.7111136723365,0.0,4198.158827873495,1500.0,1500.0,35.2,30.16,25.0,3673.7111136723365,4.0,1500.0,1500.0,1100.0,1,1,0.0,0.0,0.0,60.0,4198.158827873495,4208.197797653004,399.22503342968963,4.0,58.95637161533197,56.95637161533197,57.95637161533197,-1.2362480379316287,0.0,1.2362480379316287,744.9366232137696,752.8292181200842,1255.7195395218305,1252.1594691503994,29.797464928550784,30.11316872480337,50.22878158087322,50.086378766015976,33.68851163591806,33.68851163591806,33.68851163591806,33.68851163591806
2025-12-26T11:49:52.556086,21.200,399.22409104873725,3571.8676633255477,0.0,4197.399880699349,1500.0,1500.0,35.2,30.16,25.0,3571.8676633255477,4.0,1500.0,1500.0,1200.0,1,1,0.0,0.0,0.0,80.0,4197.399880699349,4208.418395803246,399.22409104873725,4.0,58.87996030106218,56.87996030106218,57.87996030106218,-1.5530830320164573,0.0,1.5530830320164573,693.6061335488622,685.838400222055,1301.9755606858414,1300.6780791248627,27.74424534195449,27.4335360088822,52.07902242743366,52.02712316499451,37.08651958934551,37.08651958934551,37.08651958934551,37.08651958934551
2025-12-26T11:49:52.606728,21.250,399.2231486677848,3449.4076309865,0.0,4198.234904854432,1500.0,1500.0,35.2,30.16,25.0,3449.4076309865,4.0,1500.0,1500.0,1300.0,1,1,0.0,0.0,0.0,100.0,4198.234904854432,4207.4104817583175,399.2231486677848,4.0,58.80604875408875,56.80604875408875,57.80604875408875,-1.8674799182307649,0.0,1.8674799182307649,636.1690847649223,629.2686068410243,1383.4522339481134,1368.8308355035485,25.446763390596892,25.17074427364097,55.33808935792454,54.75323342014194,41.158290280986634,41.158290280986634,41.158290280986634,41.158290280986634
2025-12-26T11:49:52.657322,21.300,399.22220628683243,3327.960556817607,0.0,4197.587497369095,1500.0,1500.0,35.2,30.16,25.0,3327.960556817607,4.0,1500.0,1500.0,1300.0,1,1,0.0,0.0,0.0,100.0,4197.587497369095,4209.2606488866795,399.22220628683243,4.0,58.734601974066486,56.734601974066486,57.734601974066486,-1.8520326004027305,0.0,1.8520326004027305,634.9633436431897,634.8107715906098,1374.2383258296495,1378.1796060506892,25.398533745727587,25.39243086362439,54.96953303318598,55.12718424202757,44.992693218299934,44.992693218299934,44.992693218299934,44.992693218299934
2025-12-26T11:49:52.708209,21.350,376.1266010942898,3380.20540835208,195.3551736491658,3955.195762399343,1924.6851601068822,1924.6851601068822,44.82297665017614,37.858381320140914,25.0,3380.20540835208,196.45953300352278,1924.6851601068822,1924.6851601068822,800.0,1,1,195.3551736491658,175.81965628424922,84.93703202137644,0.0,3955.195762399343,3964.8811985560683,376.1266010942898,196.45953300352278,58.95167031902662,56.95167031902662,57.95167031902662,0.7967188086432205,0.0,0.7967188086432205,1152.169971677433,1161.4862214910522,828.4079439435908,844.4898131925701,46.08679886709732,46.45944885964209,33.13631775774363,33.7795925277028,44.53360284330932,44.53360284330932,44.53360284330932,44.53360284330932
2025-12-26T11:49:52.758596,21.400,399.22080267376015,3345.2588009588385,0.0,4197.395384371399,1500.0,1500.0,35.2,30.16,25.0,3345.2588009588385,4.0,1500.0,1500.0,900.0,1,1,0.0,0.0,0.0,20.0,4197.395384371399,4209.235343987266,399.22080267376015,4.0,58.87958578391258,56.87958578391258,57.87958578391258,-0.5329256106717949,0.0,0.5329256106717949,892.5869341736416,897.947241125579,1111.4281585941255,1104.1651628886466,35.70347736694566,35.91788964502316,44.45712634376502,44.166606515545865,44.93339269084938,44.93339269084938,44.93339269084938,44.93339269084938
2025-12-26T11:49:52.809651,21.450,399.21986029280777,3289.1031669851677,0.0,4198.862288107399,1500.0,1500.0,35.2,30.16,25.0,3289.1031669851677,4.0,1500.0,1500.0,1000.0,1,1,0.0,0.0,0.0,40.0,4198.862288107399,4207.647446710521,399.21986029280777,4.0,58.808721866575794,56.808721866575794,57.808721866575794,-0.8563571047490999,0.0,0.8563571047490999,832.0255366670286,830.9456427870934,1170.509011818907,1167.6365738487843,33.281021466681146,33.23782571148374,46.820360472756285,46.705462953951375,46.146515939826784,46.146515939826784,46.146515939826784,46.146515939826784
2025-12-26T11:49:52.863190,21.500,375.1915369778928,3345.002382905977,205.38268822063424,3945.201348303162,1946.4841048274657,1946.4841048274657,45.211617297844796,38.169293838275834,25.0,3345.002382905977,204.23234595689595,1946.4841048274657,1946.4841048274657,800.0,1,1,205.38268822063424,184.8444193985708,89.29682096549315,0.0,3945.201348303162,3954.424277417869,375.1915369778928,204.23234595689595,59.04965758480959,57.04965758480959,58.04965758480959,0.8524468039330322,0.0,0.8524468039330322,1173.2598469542393,1168.6884427604712,822.130459121461,838.5121969374957,46.930393878169575,46.74753771041885,32.88521836485844,33.54048787749983,45.66510663378102,45.66510663378102,45.66510663378102,45.66510663378102
2025-12-26T11:49:52.916264,21.550,399.21847611176787,3310.334687279949,0.0,4197.306688499735,1500.0,1500.0,35.2,30.16,25.0,3310.334687279949,4.0,1500.0,1500.0,900.0,1,1,0.0,0.0,0.0,20.0,4197.306688499735,4208.249357039532,399.21847611176787,4.0,58.978031775465894,56.978031775465894,57.978031775465894,-0.528672287246332,0.0,0.528672287246332,891.5842844174175,901.9288523534186,1111.909615294815,1102.585990162423,35.6633713766967,36.077154094136745,44.476384611792604,44.10343960649692,46.03436790995273,46.03436790995273,46.03436790995273,46.03436790995273
2025-12-26T11:49:52.967334,21.600,375.696567533462,3364.237614185418,199.90369490563268,3950.877341925363,1934.5732497948536,1934.5732497948536,45.00060676153816,38.00048540923053,25.0,3364.237614185418,200.01213523076314,1934.5732497948536,1934.5732497948536,800.0,1,1,199.90369490563268,179.9133254150694,86.91464995897073,0.0,3950.877341925363,3960.0487726776064,375.696567533462,200.01213523076314,59.205445817474256,57.205445817474256,58.205445817474256,0.8220039763759435,0.0,0.8220039763759435,1172.6353061996172,1163.0852843764728,839.0047819993214,828.2683652588785,46.905412247984685,46.52341137505891,33.560191279972855,33.13073461035514,45.55324189493333,45.55324189493333,45.55324189493333,45.55324189493333
2025-12-26T11:49:53.017517,21.650,399.21708138020114,3329.417880653105,0.0,4198.012199907907,1500.0,1500.0,35.2,30.16,25.0,3329.417880653105,4.0,1500.0,1500.0,900.0,1,1,0.0,0.0,0.0,20.0,4198.012199907907,4208.711617211373,399.21708138020114,4.0,59.13312555636158,57.13312555636158,58.13312555636158,-0.5309908211497838,0.0,0.5309908211497838,898.7809309715816,898.3471356579387,1102.063267939109,1104.26586230014,35.951237238863264,35.933885426317545,44.08253071756436,44.170634492005604,45.92764524625206,45.92764524625206,45.92764524625206,45.92764524625206
2025-12-26T11:49:53.068411,21.700,376.15663678039215,3381.5256081588022,194.97909753960678,3955.2434030685263,1923.8676033469712,1923.8676033469712,44.808326097983965,37.84666087838717,25.0,3381.5256081588022,196.16652195967927,1923.8676033469712,1923.8676033469712,800.0,1,1,194.97909753960678,175.4811877856461,84.77352066939426,0.0,3955.2434030685263,3965.146153133029,376.15663678039215,196.16652195967927,59.34845044551796,57.34845044551796,58.34845044551796,0.7946277070392556,0.0,0.7946277070392556,1147.9859577381699,1150.084580787664,831.0480882981094,845.9227783855214,45.9194383095268,46.00338323150656,33.24192353192438,33.836911135420856,45.44693065736742,45.44693065736742,45.44693065736742,45.44693065736742
2025-12-26T11:49:53.118946,21.750,399.21567703460124,3346.568484084683,0.0,4197.96525496612,1500.0,1500.0,35.2,30.16,25.0,3346.568484084683,4.0,1500.0,1500.0,900.0,1,1,0.0,0.0,0.0,20.0,4197.96525496612,4208.069286197874,399.21567703460124,4.0,59.275496846888956,57.275496846888956,58.275496846888956,-0.5330859870000438,0.0,0.5330859870000438,891.318743823234,893.6941998423533,1101.3042322938943,1097.4775388681596,35.65274975292936,35.74776799369413,44.052169291755774,43.899101554726386,45.826107299161,45.826107299161,45.826107299161,45.826107299161
2025-12-26T11:49:53.169479,21.800,399.2147346536488,3290.4025250626196,0.0,4198.6720685681985,1500.0,1500.0,35.2,30.16,25.0,3290.4025250626196,4.0,1500.0,1500.0,1000.0,1,1,0.0,0.0,0.0,40.0,4198.6720685681985,4208.221700773063,399.2147346536488,4.0,59.2037784388788,57.2037784388788,58.2037784388788,-0.8565145587376313,0.0,0.8565145587376313,818.1225365932556,827.259669606857,1183.2885792690327,1159.3452109379798,32.72490146373023,33.09038678427428,47.33154317076131,46.373808437519195,47.01969171033792,47.01969171033792,47.01969171033792,47.01969171033792
2025-12-26T11:49:53.220114,21.850,375.2168885611742,3346.1795996381925,205.04737665927124,3945.009716240511,1945.7551666505897,1945.7551666505897,45.19891819059658,38.15913455247726,25.0,3346.1795996381925,203.9783638119316,1945.7551666505897,1945.7551666505897,800.0,1,1,205.04737665927124,184.54263899334413,89.15103333011793,0.0,3945.009716240511,3955.8740569278775,375.2168885611742,203.9783638119316,59.44307387724382,57.44307387724382,58.44307387724382,0.8505841839005364,0.0,0.8505841839005364,1168.0313846822319,1177.2782499693012,838.6234930913032,822.538039868777,46.721255387289276,47.09112999877205,33.54493972365213,32.90152159475108,46.51825876979437,46.51825876979437,46.51825876979437,46.51825876979437
2025-12-26T11:49:53.275204,21.900,399.2133498376536,3311.502624173872,0.0,4197.395624983964,1500.0,1500.0,35.2,30.16,25.0,3311.502624173872,4.0,1500.0,1500.0,900.0,1,1,0.0,0.0,0.0,20.0,4197.395624983964,4207.880585236553,399.2133498376536,4.0,59.37059653553712,57.37059653553712,58.37059653553712,-0.5288138020844704,0.0,0.5288138020844704,891.0353622125303,883.3002580347558,1109.0835347871941,1106.5016004924055,35.64141448850121,35.33201032139023,44.363341391487765,44.26006401969622,46.86841746023509,46.86841746023509,46.86841746023509,46.86841746023509
2025-12-26T11:49:53.332288,21.950,375.7192159602607,3365.295705249973,199.60229781558434,3950.8125280647255,1933.9180387295312,1933.9180387295312,44.98903372838621,37.991226982708966,25.0,3365.295705249973,199.78067456772416,1933.9180387295312,1933.9180387295312,800.0,1,1,199.60229781558434,179.6420680340259,86.78360774590624,0.0,3950.8125280647255,3959.9944960844487,375.7192159602607,199.78067456772416,59.59645711169348,57.59645711169348,58.59645711169348,0.8203288593885752,0.0,0.8203288593885752,1162.5125466709567,1159.0676153491167,839.0103193957253,833.3182406325411,46.50050186683826,46.36270461396467,33.560412775829015,33.332729625301646,46.36808414731255,46.36808414731255,46.36808414731255,46.36808414731255
2025-12-26T11:49:53.382944,22.000,399.21195452743524,3330.4675831244417,0.0,4198.802762642344,1500.0,1500.0,35.2,30.16,25.0,3330.4675831244417,4.0,1500.0,1500.0,900.0,1,1,0.0,0.0,0.0,20.0,4198.802762642344,4208.004199175679,399.21195452743524,4.0,59.52328839400736,57.52328839400736,58.52328839400736,-0.5311187447594639,0.0,0.5311187447594639,883.8593241795135,904.5018009114212,1117.4395902873182,1105.7118243818788,35.35437296718054,36.18007203645685,44.697583611492725,44.22847297527515,46.724147677694326,46.724147677694326,46.724147677694326,46.724147677694326
2025-12-26T11:49:53.433482,22.050,376.17677518786695,3382.4765378340403,194.70821195330188,3955.892293058146,1923.2787216376128,1923.2787216376128,44.79779868689594,37.83823894951675,25.0,3382.4765378340403,195.95597373791873,1923.2787216376128,1923.2787216376128,800.0,1,1,194.70821195330188,175.2373907579717,84.65574432752257,0.0,3955.892293058146,3965.954940363106,376.17677518786695,195.95597373791873,59.73713796893307,57.73713796893307,58.73713796893307,0.7931214505924928,0.0,0.7931214505924928,1162.6175473922506,1156.5558221539663,830.4545486305831,829.3848208213795,46.504701895690026,46.26223288615865,33.21818194522332,33.17539283285518,46.22502128574214,46.22502128574214,46.22502128574214,46.22502128574214
2025-12-26T11:49:53.484551,22.100,399.2105496554648,3347.5118361319833,0.0,4198.336371033615,1500.0,1500.0,35.2,30.16,25.0,3347.5118361319833,4.0,1500.0,1500.0,900.0,1,1,0.0,0.0,0.0,20.0,4198.336371033615,4207.445511223989,399.2105496554648,4.0,59.663339084924765,57.663339084924765,58.663339084924765,-0.5332015436247795,0.0,0.5332015436247795,895.7183536743216,904.7828740220526,1116.6079550236916,1110.9736874815176,35.82873414697286,36.1913149608821,44.66431820094766,44.438947499260706,46.58660335359485,46.58660335359485,46.58660335359485,46.58660335359485
2025-12-26T11:49:53.535093,22.150,399.20960727451234,3291.338437573816,0.0,4199.173072996236,1500.0,1500.0,35.2,30.16,25.0,3291.338437573816,4.0,1500.0,1500.0,1000.0,1,1,0.0,0.0,0.0,40.0,4199.173072996236,4208.9761791899045,399.20960727451234,4.0,59.59078959407089,57.59078959407089,58.59078959407089,-0.8566280095020162,0.0,0.8566280095020162,834.8746030421811,838.8776106513085,1182.5539441730004,1176.9586274870114,33.394984121687244,33.55510442605234,47.30215776692002,47.07834509948046,47.76346689801923,47.76346689801923,47.76346689801923,47.76346689801923
2025-12-26T11:49:53.587177,22.200,375.2336449733703,3347.0275326943615,204.80585564141313,3946.0245651503096,1945.2301209595937,1945.2301209595937,45.18979975424061,38.151839803392484,25.0,3347.0275326943615,203.79599508481212,1945.2301209595937,1945.2301209595937,800.0,1,1,204.80585564141313,184.32527007727182,89.04602419191875,0.0,3946.0245651503096,3955.6656605362064,375.2336449733703,203.79599508481212,59.828687587240566,57.828687587240566,58.828687587240566,0.8492425227696192,0.0,0.8492425227696192,1160.9523812046114,1158.7701925231015,840.8723961043854,824.2313945792808,46.43809524818445,46.35080770092406,33.63489584417542,32.969255783171235,47.2449884079228,47.2449884079228,47.2449884079228,47.2449884079228
2025-12-26T11:49:53.637681,22.250,399.2082220025953,3312.343871066857,0.0,4197.910590461066,1500.0,1500.0,35.2,30.16,25.0,3312.343871066857,4.0,1500.0,1500.0,900.0,1,1,0.0,0.0,0.0,20.0,4197.910590461066,4207.81017503299,399.2082220025953,4.0,59.7553810317705,57.7553810317705,58.7553810317705,-0.5289157641306858,0.0,0.5289157641306858,899.481419795646,904.9423335770181,1101.6716573348117,1096.792276132529,35.97925679182584,36.19769334308072,44.066866293392465,43.87169104530116,47.57884675956825,47.57884675956825,47.57884675956825,47.57884675956825
2025-12-26T11:49:53.688154,22.300,375.7340236852853,3366.057829898606,199.38520615003537,3950.3682731400495,1933.446100326164,1933.446100326164,44.980727071962995,37.984581657570395,25.0,3366.057829898606,199.6145414392599,1933.446100326164,1933.446100326164,800.0,1,1,199.38520615003537,179.44668553503183,86.68922006523277,0.0,3950.3682731400495,3961.5078621046205,375.7340236852853,199.6145414392599,59.97990646144398,57.97990646144398,58.97990646144398,0.8191222681474118,0.0,0.8191222681474118,1162.4639655669796,1162.550563813471,834.3275456344464,835.8011263028075,46.498558622679184,46.50202255253884,33.37310182537786,33.4320450521123,47.06216281054519,47.06216281054519,47.06216281054519,47.06216281054519
2025-12-26T11:49:53.739879,22.350,399.2068262770441,3331.223663980527,0.0,4198.627283811075,1500.0,1500.0,35.2,30.16,25.0,3331.223663980527,4.0,1500.0,1500.0,900.0,1,1,0.0,0.0,0.0,20.0,4198.627283811075,4207.2011498789225,399.2068262770441,4.0,59.9059106121878,57.9059106121878,58.9059106121878,-0.5312109108400771,0.0,0.5312109108400771,906.1118429587459,894.2322762488926,1095.3972083655754,1097.1967749451003,36.24447371834984,35.769291049955704,43.81588833462302,43.88787099780401,47.4025792374159,47.4025792374159,47.4025792374159,47.4025792374159
2025-12-26T11:49:53.793000,22.400,376.18977384192937,3383.1614729029207,194.51309818384146,3955.9117465880254,1922.8545612692205,1922.8545612692205,44.790245652685414,37.83219652214833,25.0,3383.1614729029207,195.80491305370825,1922.8545612692205,1922.8545612692205,800.0,1,1,194.51309818384146,175.06178836545732,84.57091225384411,0.0,3955.9117465880254,3964.9543027800387,376.18977384192937,195.80491305370825,60.1184812210456,58.1184812210456,59.1184812210456,0.7920364980056324,0.0,0.7920364980056324,1157.567463899237,1161.8920584794973,847.7545144067503,829.6242279091605,46.302698555969485,46.4756823391799,33.910180576270015,33.18496911636642,46.88777935868448,46.88777935868448,46.88777935868448,46.88777935868448
2025-12-26T11:49:53.846542,22.450,399.20542102742195,3348.191311871443,0.0,4198.155706930917,1500.0,1500.0,35.2,30.16,25.0,3348.191311871443,4.0,1500.0,1500.0,900.0,1,1,0.0,0.0,0.0,20.0,4198.155706930917,4207.778682515235,399.20542102742195,4.0,60.04385747112162,58.04385747112162,59.04385747112162,-0.5332847968124866,0.0,0.5332847968124866,882.4766031031645,895.4120212506831,1097.676403765604,1106.77592911284,35.29906412412658,35.816480850027325,43.90705615062416,44.2710371645136,47.23435223099864,47.23435223099864,47.23435223099864,47.23435223099864
2025-12-26T11:49:53.897400,22.500,399.2044786464695,3292.0125534799276,0.0,4197.738379863173,1500.0,1500.0,35.2,30.16,25.0,3292.0125534799276,4.0,1500.0,1500.0,1000.0,1,1,0.0,0.0,0.0,40.0,4197.738379863173,4207.734998633522,399.2044786464695,4.0,59.97049699479581,57.97049699479581,58.97049699479581,-0.8567097454035246,0.0,0.8567097454035246,838.4192835570451,835.4418695310026,1166.036178243779,1162.267559894903,33.5367713422818,33.4176747812401,46.64144712975116,46.49070239579611,48.39692078278222,48.39692078278222,48.39692078278222,48.39692078278222
2025-12-26T11:49:53.948436,22.550,375.2442018063885,3347.638277776776,204.63189369748065,3946.795739166882,1944.85194282061,1944.85194282061,45.18326400930383,38.14661120744306,25.0,3347.638277776776,203.66528018607653,1944.85194282061,1944.85194282061,800.0,1,1,204.63189369748065,184.1687043277326,88.97038856412202,0.0,3946.795739166882,3956.0148392604765,375.2442018063885,203.66528018607653,60.20717565157349,58.20717565157349,59.20717565157349,0.8482761361176212,0.0,0.8482761361176212,1162.803108582384,1161.586959079345,836.6864165536017,819.7357177982658,46.51212434329536,46.4634783631738,33.467456662144066,32.78942871193063,47.86393408835168,47.86393408835168,47.86393408835168,47.86393408835168
2025-12-26T11:49:53.998820,22.600,399.2030930477652,3312.9497992227484,0.0,4197.575978605752,1500.0,1500.0,35.2,30.16,25.0,3312.9497992227484,4.0,1500.0,1500.0,900.0,1,1,0.0,0.0,0.0,20.0,4197.575978605752,4208.694552931167,399.2030930477652,4.0,60.1330591919864,58.1330591919864,59.1330591919864,-0.5289892208608333,0.0,0.5289892208608333,905.6499467598328,894.4213550873621,1100.7004285615137,1117.7367176567418,36.225997870393314,35.77685420349449,44.02801714246055,44.70946870626967,48.183890527347245,48.183890527347245,48.183890527347245,48.183890527347245
2025-12-26T11:49:54.049358,22.650,375.7431769314175,3366.606767336239,199.22884069577654,3950.7097029744154,1933.1061754256011,1933.1061754256011,44.974776030915365,37.979820824732286,25.0,3366.606767336239,199.49552061830724,1933.1061754256011,1933.1061754256011,800.0,1,1,199.22884069577654,179.30595662619888,86.62123508512023,0.0,3950.7097029744154,3961.1225606701532,375.7431769314175,199.49552061830724,60.3564099246535,58.3564099246535,59.3564099246535,0.8182531762499058,0.0,0.8182531762499058,1169.7064629313982,1171.1274842720907,831.0027518137234,838.4850016918351,46.788258517255926,46.84509937088363,33.24011007254894,33.539400067673405,47.653289639371756,47.653289639371756,47.653289639371756,47.653289639371756
2025-12-26T11:49:54.099662,22.700,399.20169702466194,3331.768247392634,0.0,4197.53486476804,1500.0,1500.0,35.2,30.16,25.0,3331.768247392634,4.0,1500.0,1500.0,900.0,1,1,0.0,0.0,0.0,20.0,4197.53486476804,4209.08881412889,399.20169702466194,4.0,60.28160553354445,58.28160553354445,59.28160553354445,-0.5312773084644957,0.0,0.5312773084644957,899.3061141300739,894.930904755444,1096.5380582199678,1109.1134050943922,35.972244565202956,35.79723619021776,43.86152232879871,44.364536203775685,47.98036278075618,47.98036278075618,47.98036278075618,47.98036278075618
2025-12-26T11:49:54.150257,22.750,376.19762424759665,3383.654811205237,194.37256331714485,3956.7378684197197,1922.5490506894453,1922.5490506894453,44.7848373491585,37.8278698793268,25.0,3383.654811205237,195.69674698316996,1922.5490506894453,1922.5490506894453,800.0,1,1,194.37256331714485,174.93530698543037,84.50981013788906,0.0,3956.7378684197197,3966.7966680502577,376.19762424759665,195.69674698316996,60.49304180023201,58.49304180023201,59.49304180023201,0.7912550249681625,0.0,0.7912550249681625,1154.793194351327,1161.80575259189,845.4784417653804,846.4990707563677,46.19172777405308,46.4722301036756,33.81913767061521,33.85996283025471,47.45222212906899,47.45222212906899,47.45222212906899,47.45222212906899
2025-12-26T11:49:54.201090,22.800,399.20029150462466,3348.680717296787,0.0,4198.4785243322585,1500.0,1500.0,35.2,30.16,25.0,3348.680717296787,4.0,1500.0,1500.0,900.0,1,1,0.0,0.0,0.0,20.0,4198.4785243322585,4207.249099039775,399.20029150462466,4.0,60.41761111662029,58.41761111662029,59.41761111662029,-0.5333447720438138,0.0,0.5333447720438138,898.1374145547215,891.5445210162549,1104.2990460132432,1113.477006834838,35.92549658218886,35.661780840650195,44.171961840529725,44.539080273393516,47.78599703337525,47.78599703337525,47.78599703337525,47.78599703337525
2025-12-26T11:49:54.251726,22.850,399.1993491236722,3292.4980977086284,0.0,4197.449919972413,1500.0,1500.0,35.2,30.16,25.0,3292.4980977086284,4.0,1500.0,1500.0,1000.0,1,1,0.0,0.0,0.0,40.0,4197.449919972413,4208.625614502911,399.1993491236722,4.0,60.343457300755915,58.343457300755915,59.343457300755915,-0.8567686275306434,0.0,0.8567686275306434,827.9157204923889,825.1843332532335,1179.7447287336897,1174.0773216172345,33.116628819695556,33.00737333012934,47.18978914934759,46.96309286468938,48.936354232520166,48.936354232520166,48.936354232520166,48.936354232520166
2025-12-26T11:49:54.302265,22.900,375.25028876272285,3348.0781773550425,204.50659444682626,3945.778468928183,1944.5795531452745,1944.5795531452745,45.178590378965005,38.142872303172,25.0,3348.0781773550425,203.57180757930004,1944.5795531452745,1944.5795531452745,800.0,1,1,204.50659444682626,184.05593500214363,88.91591062905489,0.0,3945.778468928183,3956.2393845540582,375.25028876272285,203.57180757930004,60.57904807678013,58.57904807678013,59.57904807678013,0.8475800684583802,0.0,0.8475800684583802,1163.9989603171643,1171.9110253327208,818.8811119738552,828.7771283598147,46.55995841268657,46.87644101330883,32.75524447895421,33.15108513439259,48.39102006166414,48.39102006166414,48.39102006166414,48.39102006166414
2025-12-26T11:49:54.356874,22.950,399.1979632912864,3313.3862287829143,0.0,4198.449815168787,1500.0,1500.0,35.2,30.16,25.0,3313.3862287829143,4.0,1500.0,1500.0,900.0,1,1,0.0,0.0,0.0,20.0,4198.449815168787,4207.866584530744,399.1979632912864,4.0,60.50413879064304,58.50413879064304,59.50413879064304,-0.5290421376288256,0.0,0.5290421376288256,901.4854535680975,901.2903132658589,1115.2926539352252,1098.6257879462555,36.0594181427239,36.05161253063436,44.611706157409,43.94503151785022,48.69912485176248,48.69912485176248,48.69912485176248,48.69912485176248
2025-12-26T11:49:54.407413,23.000,375.7482537891201,3367.002147873349,199.11621594684576,3951.9732912881113,1932.861339014882,1932.861339014882,44.97052318640554,37.97641854912444,25.0,3367.002147873349,199.4104637281109,1932.861339014882,1932.861339014882,800.0,1,1,199.11621594684576,179.2045943521612,86.57226780297641,0.0,3951.9732912881113,3961.5991359605864,375.7482537891201,199.4104637281109,60.726433561611444,58.726433561611444,59.726433561611444,0.8176271905731457,0.0,0.8176271905731457,1168.353503068873,1168.9583117110192,848.2133718619723,837.9763342412175,46.734140122754916,46.75833246844077,33.92853487447889,33.5190533696487,48.15667942515038,48.15667942515038,48.15667942515038,48.15667942515038
2025-12-26T11:49:54.459617,23.050,399.1965670555409,3332.160491436787,0.0,4198.76026873114,1500.0,1500.0,35.2,30.16,25.0,3332.160491436787,4.0,1500.0,1500.0,900.0,1,1,0.0,0.0,0.0,20.0,4198.76026873114,4208.409336776654,399.1965670555409,4.0,60.65083718535066,58.65083718535066,59.65083718535066,-0.531325139070928,0.0,0.531325139070928,895.8915447180987,903.9981028342936,1115.8224761915574,1097.5073533324496,35.83566178872395,36.159924113371744,44.63289904766229,43.90029413329798,48.472378126104836,48.472378126104836,48.472378126104836,48.472378126104836
2025-12-26T11:49:54.510681,23.100,376.20176359030773,3384.010144788264,194.2713410558124,3956.335745923234,1922.3290022952442,1922.3290022952442,44.78097505543068,37.82478004434454,25.0,3384.010144788264,195.61950110861358,1922.3290022952442,1922.3290022952442,800.0,1,1,194.2713410558124,174.84420695023115,84.46580045904886,0.0,3956.335745923234,3965.5450319077013,376.20176359030773,195.61950110861358,60.86124644559578,58.86124644559578,59.86124644559578,0.7906921511585688,0.0,0.7906921511585688,1156.2118875373858,1156.900612471966,853.8638861362307,833.6382975635997,46.24847550149543,46.27602449887864,34.154555445449226,33.34553190254399,47.93288306003718,47.93288306003718,47.93288306003718,47.93288306003718
2025-12-26T11:49:54.561239,23.150,399.19516134238893,3349.033217816726,0.0,4197.648052493753,1500.0,1500.0,35.2,30.16,25.0,3349.033217816726,4.0,1500.0,1500.0,900.0,1,1,0.0,0.0,0.0,20.0,4197.648052493753,4208.463363021188,399.19516134238893,4.0,60.78502490790971,58.78502490790971,59.78502490790971,-0.5333879754328933,0.0,0.5333879754328933,892.169308706332,897.8607905676522,1108.2948181454208,1114.5864328686957,35.68677234825328,35.91443162270609,44.33179272581683,44.583457314747825,48.25574923622271,48.25574923622271,48.25574923622271,48.25574923622271
2025-12-26T11:49:54.611851,23.200,399.19421896143655,3292.847816802652,0.0,4197.543549203412,1500.0,1500.0,35.2,30.16,25.0,3292.847816802652,4.0,1500.0,1500.0,1000.0,1,1,0.0,0.0,0.0,40.0,4197.543549203412,4207.862845742379,399.19421896143655,4.0,60.71009357258436,58.71009357258436,59.71009357258436,-0.8568110434678486,0.0,0.8568110434678486,818.03538396499,838.1008646904793,1167.635362233494,1161.950695434673,32.7214153585996,33.52403458761917,46.705414489339766,46.478027817386916,49.39568164100102,49.39568164100102,49.39568164100102,49.39568164100102
2025-12-26T11:49:54.662384,23.250,375.25315388284366,3348.395019994267,204.4163461484624,3946.4699489271356,1944.3833611923096,1944.3833611923096,45.17525894191152,38.14020715352922,25.0,3348.395019994267,203.50517883823042,1944.3833611923096,1944.3833611923096,800.0,1,1,204.4163461484624,183.97471153361616,88.87667223846191,0.0,3946.4699489271356,3956.225657750971,375.25315388284366,203.50517883823042,60.94469427844763,58.94469427844763,59.94469427844763,0.8470787120733871,0.0,0.8470787120733871,1170.3641461287025,1167.6574663407885,819.910261964392,821.5810446746083,46.8145658451481,46.70629865363154,32.79641047857568,32.86324178698433,48.83983940032782,48.83983940032782,48.83983940032782,48.83983940032782
2025-12-26T11:49:54.726145,23.300,399.19283296247886,3313.7005718199425,0.0,4198.25725206156,1500.0,1500.0,35.2,30.16,25.0,3313.7005718199425,4.0,1500.0,1500.0,900.0,1,1,0.0,0.0,0.0,20.0,4198.25725206156,4208.039786238373,399.19283296247886,4.0,60.869007576948235,58.869007576948235,59.869007576948235,-0.5290802558361736,0.0,0.5290802558361736,892.4521418616948,903.567121249573,1110.5069113449665,1110.7785285730793,35.69808567446779,36.14268484998292,44.420276453798664,44.43114114292317,49.13784355039634,49.13784355039634,49.13784355039634,49.13784355039634
2025-12-26T11:49:54.778194,23.350,375.7503926776458,3367.2869246364735,199.03509677240217,3952.0955890114706,1932.684992983483,1932.684992983483,44.96749428274788,37.9739954261983,25.0,3367.2869246364735,199.34988565495755,1932.684992983483,1932.684992983483,800.0,1,1,199.03509677240217,179.13158709516196,86.53699859669659,0.0,3952.0955890114706,3960.5921856319555,375.7503926776458,199.34988565495755,61.090335034571986,59.090335034571986,60.090335034571986,0.8171763134851934,0.0,0.8171763134851934,1167.4647332977922,1165.9680879052394,824.594842464054,839.5224477787663,46.69858933191169,46.63872351620957,32.98379369856216,33.58089791115065,48.58531780014488,48.58531780014488,48.58531780014488,48.58531780014488
2025-12-26T11:49:54.827726,23.400,399.1914365752882,3332.4430088814847,0.0,4197.903775252079,1500.0,1500.0,35.2,30.16,25.0,3332.4430088814847,4.0,1500.0,1500.0,900.0,1,1,0.0,0.0,0.0,20.0,4197.903775252079,4208.11651700547,399.1914365752882,4.0,61.01396170818709,59.01396170818709,60.01396170818709,-0.5313595930206095,0.0,0.5313595930206095,902.68546186846,902.2757998623089,1104.7092740866456,1112.4786761876858,36.1074184747384,36.091031994492354,44.18837096346582,44.499147047507435,48.89132318955173,48.89132318955173,48.89132318955173,48.89132318955173
2025-12-26T11:49:54.878789,23.450,376.2032284600289,3384.2660769032236,194.19843477452034,3956.348193228706,1922.170510379392,1922.170510379392,44.778226935689055,37.82258154855124,25.0,3384.2660769032236,195.56453871378105,1922.170510379392,1922.170510379392,800.0,1,1,194.19843477452034,174.77859129706832,84.4341020758784,0.0,3956.348193228706,3965.3808030109085,376.2032284600289,195.56453871378105,61.22342439865291,59.22342439865291,60.22342439865291,0.7902867326031798,0.0,0.7902867326031798,1145.8286867126847,1168.6069901212895,850.3101727553423,846.3984443441852,45.833147468507384,46.74427960485158,34.01240691021369,33.85593777376741,48.34216468177045,48.34216468177045,48.34216468177045,48.34216468177045
2025-12-26T11:49:54.929324,23.500,399.1900307247302,3349.2871092089617,0.0,4197.323397602874,1500.0,1500.0,35.2,30.16,25.0,3349.2871092089617,4.0,1500.0,1500.0,900.0,1,1,0.0,0.0,0.0,20.0,4197.323397602874,4208.9915829414385,399.1900307247302,4.0,61.14642669596476,59.14642669596476,60.14642669596476,-0.5334190958615999,0.0,0.5334190958615999,892.3282028151499,891.4951029465184,1097.9500030392448,1110.7465201907569,35.693128112606,35.65980411786074,43.91800012156979,44.42986080763028,48.655734982939926,48.655734982939926,48.655734982939926,48.655734982939926
2025-12-26T11:49:54.980397,23.550,399.1890883437778,3293.0997046686693,0.0,4198.066188227225,1500.0,1500.0,35.2,30.16,25.0,3293.0997046686693,4.0,1500.0,1500.0,1000.0,1,1,0.0,0.0,0.0,40.0,4198.066188227225,4208.766509629751,399.1890883437778,4.0,61.07073229089594,59.07073229089594,60.07073229089594,-0.8568415966606504,0.0,0.8568415966606504,832.2592558052006,817.7467743703955,1165.292092342175,1178.4792354201556,33.290370232208026,32.70987097481582,46.611683693687,47.139169416806226,49.786772325067794,49.786772325067794,49.786772325067794,49.786772325067794
2025-12-26T11:49:55.032947,23.600,375.2536972228984,3348.6232281624443,204.35134411776085,3945.734553001321,1944.242052429915,1944.242052429915,45.1728947436101,38.13831579488808,25.0,3348.6232281624443,203.45789487220202,1944.242052429915,1944.242052429915,800.0,1,1,204.35134411776085,183.91620970598476,88.84841048598298,0.0,3945.734553001321,3955.9536660804706,375.2536972228984,203.45789487220202,61.304416457857386,59.304416457857386,60.304416457857386,0.846717603560333,0.0,0.846717603560333,1169.6262398688846,1162.5386283574448,820.9416894642573,823.3086090133564,46.785049594755385,46.50154513429779,32.83766757857029,32.93234436053426,49.22198756428554,49.22198756428554,49.22198756428554,49.22198756428554
2025-12-26T11:49:55.083979,23.650,399.1877022266102,3313.9269794852926,0.0,4197.969821906013,1500.0,1500.0,35.2,30.16,25.0,3313.9269794852926,4.0,1500.0,1500.0,900.0,1,1,0.0,0.0,0.0,20.0,4197.969821906013,4208.523523337787,399.1877022266102,4.0,61.22796649769021,59.22796649769021,60.22796649769021,-0.5291077129812379,0.0,0.5291077129812379,897.3299281617392,889.4973905545021,1101.935684473503,1100.9131051855843,35.893197126469566,35.57989562218008,44.07742737894012,44.03652420742337,49.51138544843245,49.51138544843245,49.51138544843245,49.51138544843245
2025-12-26T11:49:55.134502,23.700,375.7504144789768,3367.4920368519547,198.9766701469088,3950.989403910386,1932.5579785802365,1932.5579785802365,44.9653473475202,37.97227787801616,25.0,3367.4920368519547,199.30694695040395,1932.5579785802365,1932.5579785802365,800.0,1,1,198.9766701469088,179.0790031322179,86.5115957160473,0.0,3950.989403910386,3961.1427158746274,375.7504144789768,199.30694695040395,61.44839357432296,59.44839357432296,60.44839357432296,0.8168515640610712,0.0,0.8168515640610712,1154.4080663032187,1157.8266112442195,830.1303357714577,830.7539339098327,46.176322652128746,46.31306444976878,33.20521343085831,33.230157356393306,48.95028095678396,48.95028095678396,48.95028095678396,48.95028095678396
2025-12-26T11:49:55.185044,23.750,399.1863057320728,3332.646493690592,0.0,4197.121702752598,1500.0,1500.0,35.2,30.16,25.0,3332.646493690592,4.0,1500.0,1500.0,900.0,1,1,0.0,0.0,0.0,20.0,4197.121702752598,4207.808247905067,399.1863057320728,4.0,61.3712571834835,59.3712571834835,60.3712571834835,-0.531384410495043,0.0,0.531384410495043,888.5112395849363,902.5558253394299,1118.3530976952377,1103.1480084637774,35.540449583397454,36.1022330135772,44.73412390780951,44.1259203385511,49.248027550624954,49.248027550624954,49.248027550624954,49.248027550624954
2025-12-26T11:49:55.238624,23.800,376.2027662183513,3384.450413359678,194.14592360747602,3955.1072332701333,1922.056355668426,1922.056355668426,44.77628164452142,37.821025315617135,25.0,3384.450413359678,195.52563289042837,1922.056355668426,1922.056355668426,800.0,1,1,194.14592360747602,174.73133124672842,84.41127113368523,0.0,3955.1072332701333,3965.222527619885,376.2027662183513,195.52563289042837,61.5798343211467,59.5798343211467,60.5798343211467,0.7899947257878568,0.0,0.7899947257878568,1160.2047367477517,1150.9992718362296,840.2234085334605,836.5606169552372,46.40818946991007,46.039970873449185,33.60893634133842,33.46242467820949,48.69064487209273,48.69064487209273,48.69064487209273,48.69064487209273
2025-12-26T11:49:55.289150,23.850,399.18489978425026,3349.4699757284925,0.0,4197.051033698859,1500.0,1500.0,35.2,30.16,25.0,3349.4699757284925,4.0,1500.0,1500.0,900.0,1,1,0.0,0.0,0.0,20.0,4197.051033698859,4208.359177350929,399.18489978425026,4.0,61.502074088448154,59.502074088448154,60.502074088448154,-0.5334415119726579,0.0,0.5334415119726579,882.5699930403839,895.8687751397943,1109.5489121031133,1101.1433125800881,35.30279972161536,35.83475100559177,44.38195648412453,44.045732503203524,48.996295359853605,48.996295359853605,48.996295359853605,48.996295359853605
2025-12-26T11:49:55.341800,23.900,399.1839574032979,3293.2811280445303,0.0,4197.043121735822,1500.0,1500.0,35.2,30.16,25.0,3293.2811280445303,4.0,1500.0,1500.0,1000.0,1,1,0.0,0.0,0.0,40.0,4197.043121735822,4207.753647953381,399.1839574032979,4.0,61.425630024666184,59.425630024666184,60.425630024666184,-0.8568636041823879,0.0,0.8568636041823879,839.5068109503206,830.5516807841583,1161.341606643806,1166.7885907029224,33.58027243801283,33.22206723136633,46.45366426575224,46.67154362811689,50.11974604167696,50.11974604167696,50.11974604167696,50.11974604167696
2025-12-26T11:49:55.392862,23.950,375.25256764899825,3348.7875960361184,204.30452611086707,3945.5891076069,1944.140274154059,1944.140274154059,45.17122747280037,38.13698197824029,25.0,3348.7875960361184,203.42454945600727,1944.140274154059,1944.140274154059,800.0,1,1,204.30452611086707,183.87407349978037,88.82805483081178,0.0,3945.5891076069,3955.924354582147,375.25256764899825,203.42454945600727,61.65845364951268,59.65845364951268,60.65845364951268,0.8464575121066452,0.0,0.8464575121066452,1177.9190441109859,1172.6954649685945,819.0973020556524,839.0290528257655,47.11676176443943,46.90781859874378,32.7638920822261,33.56116211303062,49.54735106793983,49.54735106793983,49.54735106793983,49.54735106793983
2025-12-26T11:49:55.443888,24.000,399.1825712027667,3314.090050463366,0.0,4198.204498346957,1500.0,1500.0,35.2,30.16,25.0,3314.090050463366,4.0,1500.0,1500.0,900.0,1,1,0.0,0.0,0.0,20.0,4198.204498346957,4207.398066116074,399.1825712027667,4.0,61.581253632817855,59.581253632817855,60.581253632817855,-0.5291274902624,0.0,0.5291274902624,900.296739889286,906.5911310281704,1114.2934853722973,1118.2730904047874,36.01186959557144,36.26364524112682,44.571739414891894,44.7309236161915,49.8294173475238,49.8294173475238,49.8294173475238,49.8294173475238
2025-12-26T11:49:55.496987,24.050,375.74891092002633,3367.6397696268186,198.93458814871326,3951.4438453839975,1932.4664959754637,1932.4664959754637,44.96383587232567,37.97106869786053,25.0,3367.6397696268186,199.2767174465133,1932.4664959754637,1932.4664959754637,800.0,1,1,198.93458814871326,179.04112933384195,86.49329919509272,0.0,3951.4438453839975,3960.6719805098837,375.74891092002633,199.2767174465133,61.80083157305645,59.80083157305645,60.80083157305645,0.8166176609179072,0.0,0.8166176609179072,1155.4291403996986,1154.1358619021532,826.7536799258911,832.8120894490834,46.21716561598794,46.165434476086126,33.070147197035645,33.312483577963334,49.26101202316091,49.26101202316091,49.26101202316091,49.26101202316091
2025-12-26T11:49:55.548590,24.100,399.18117463265554,3332.793054259037,0.0,4197.558504281768,1500.0,1500.0,35.2,30.16,25.0,3332.793054259037,4.0,1500.0,1500.0,900.0,1,1,0.0,0.0,0.0,20.0,4197.558504281768,4207.947676929897,399.18117463265554,4.0,61.72294512522597,59.72294512522597,60.72294512522597,-0.531402286302392,0.0,0.531402286302392,900.6585876195759,892.8081844538182,1104.0885044913528,1115.513648241849,36.026343504783036,35.71232737815273,44.16354017965411,44.62054592967396,49.551723284335296,49.551723284335296,49.551723284335296,49.551723284335296
2025-12-26T11:49:55.599653,24.150,376.20091554673445,3384.5831822069595,194.10810227562575,3955.578371737936,1921.9741353817951,1921.9741353817951,44.774914771128046,37.81993181690244,25.0,3384.5831822069595,195.49829542256091,1921.9741353817951,1921.9741353817951,800.0,1,1,194.10810227562575,174.6972920480632,84.39482707635902,0.0,3955.578371737936,3966.6226740314387,376.20091554673445,195.49829542256091,61.930683693499745,59.930683693499745,60.930683693499745,0.7897844060466388,0.0,0.7897844060466388,1155.3469066110629,1170.376904460317,844.2738623034364,851.2699739068486,46.21387626444251,46.81507617841268,33.770954492137456,34.050798956273944,48.98734134937555,48.98734134937555,48.98734134937555,48.98734134937555
2025-12-26T11:49:55.650178,24.200,399.1797686164893,3349.601685800003,0.0,4197.6614011036345,1500.0,1500.0,35.2,30.16,25.0,3349.601685800003,4.0,1500.0,1500.0,900.0,1,1,0.0,0.0,0.0,20.0,4197.6614011036345,4208.728452790469,399.1797686164893,4.0,61.852173756776814,59.852173756776814,60.852173756776814,-0.5334576579955993,0.0,0.5334576579955993,893.9839201372488,890.1312167599272,1096.4339427263487,1111.2603606683049,35.75935680548995,35.60524867039709,43.85735770905395,44.450414426732195,49.286245507307065,49.286245507307065,49.286245507307065,49.286245507307065
2025-12-26T11:49:55.700712,24.250,392.43000349974795,3355.601592652521,57.5,4127.11843661139,1625.0,1625.0,38.01206805799663,32.409654446397305,25.0,3355.601592652521,60.24136115993256,1625.0,1625.0,800.0,1,1,57.5,51.75,25.0,0.0,4127.11843661139,4136.037894080048,392.43000349974795,60.24136115993256,61.80080459705622,59.80080459705622,60.80080459705622,0.09149683651324308,1.6055097584190547,1.6081148141444201,1342.0517411212313,690.38356933817,1306.2741736850696,653.307130467818,53.68206964484926,27.6153427735268,52.25096694740279,26.132285218712717,48.73191484575412,48.73191484575412,48.73191484575412,48.73191484575412
2025-12-26T11:49:55.751057,24.300,392.30094483400677,3361.5541039517857,57.5,4125.348146961561,1625.0,1625.0,38.065509541440754,32.4524076331526,25.0,3361.5541039517857,61.31019082881505,1625.0,1625.0,800.0,1,1,57.5,51.75,25.0,0.0,4125.348146961561,4135.428382950906,392.30094483400677,61.31019082881505,61.75039647494024,59.75039647494024,60.75039647494024,0.0907740680946527,1.611210847266895,1.61376588320269,1333.0566610860465,690.1941829501241,1293.4511939770357,666.7087755294772,53.32226644344186,27.607767318004964,51.73804775908143,26.668351021179088,48.18944422359526,48.18944422359526,48.18944422359526,48.18944422359526
2025-12-26T11:49:55.801450,24.350,392.2857980393785,3367.4595102753824,57.5,4125.676346766051,1625.0,1625.0,38.071487869803,32.4571902958424,25.0,3367.4595102753824,61.42975739606003,1625.0,1625.0,800.0,1,1,57.5,51.75,25.0,0.0,4125.676346766051,4136.299249449484,392.2857980393785,61.429757396060026,61.70008433151723,59.70008433151723,60.70008433151723,0.09005573089982483,1.6168768053545395,1.6193827955000026,1333.2304176179025,696.3420931308528,1302.1621929349349,666.0824221164497,53.3292167047161,27.853683725234113,52.0864877173974,26.64329688465799,47.658605294843305,47.658605294843305,47.658605294843305,47.658605294843305
2025-12-26T11:49:55.851978,24.400,392.2727432095986,3373.318101889547,57.5,4126.105341207239,1625.0,1625.0,38.07659465253639,32.461275722029114,25.0,3373.318101889547,61.53189305072785,1625.0,1625.0,800.0,1,1,57.5,51.75,25.0,0.0,4126.105341207239,4136.181042532974,392.2727432095986,61.53189305072785,61.64985338281594,59.64985338281594,60.64985338281594,0.08934182018078161,1.622507673928318,1.6249655728013122,1348.6563828806518,682.4699902742543,1300.394778958223,656.5584812585851,53.946255315226075,27.29879961097017,52.015791158328916,26.262339250343402,47.13917330247901,47.13917330247901,47.13917330247901,47.13917330247901
2025-12-26T11:49:55.904036,24.450,392.2598197896578,3379.1301687197206,57.5,4124.277174710267,1625.0,1625.0,38.08164678642295,32.46531742913836,25.0,3379.1301687197206,61.63293572845894,1625.0,1625.0,800.0,1,1,57.5,51.75,25.0,0.0,4124.277174710267,4136.001716768882,392.2598197896578,61.63293572845894,61.59970388792327,59.59970388792327,60.59970388792327,0.08863233074048552,1.628103497728656,1.6305142407746014,1346.7209804094236,698.2973332142615,1299.9849870883907,658.2234253481994,53.86883921637695,27.931893328570457,51.999399483535626,26.328937013927977,46.63092704806692,46.63092704806692,46.63092704806692,46.63092704806692
2025-12-26T11:49:55.955559,24.500,392.246992765409,3384.896000321679,57.5,4124.593546332201,1625.0,1625.0,38.086658859856016,32.469327087884814,25.0,3384.896000321679,61.73317719712032,1625.0,1625.0,800.0,1,1,57.5,51.75,25.0,0.0,4124.593546332201,4134.47983216933,392.246992765409,61.73317719712033,61.54963635990279,59.54963635990279,60.54963635990279,0.08792725694164293,1.6336643249207745,1.636028828912294,1355.0847090026386,681.0545142080098,1316.7772109248904,665.3814382350672,54.20338836010555,27.242180568320393,52.67108843699561,26.61525752940269,46.133648860702614,46.133648860702614,46.133648860702614,46.133648860702614
2025-12-26T11:49:56.013605,24.550,392.23426094512325,3390.615885853234,57.5,4124.061453290767,1625.0,1625.0,38.091631368565125,32.4733050948521,25.0,3390.615885853234,61.83262737130247,1625.0,1625.0,800.0,1,1,57.5,51.75,25.0,0.0,4124.061453290767,4134.8655868970545,392.23426094512325,61.83262737130248,61.499651305673716,59.499651305673716,60.499651305673716,0.08722659271543595,1.6391902070259712,1.6415093704534833,1355.2166815366563,694.6639832699667,1300.7125660724703,644.8869822684045,54.20866726146625,27.786559330798667,52.028502642898815,25.79547929073618,45.647124565333456,45.647124565333456,45.647124565333456,45.647124565333456
2025-12-26T11:49:56.064153,24.600,392.2216237328312,3396.2901140465046,57.5,4125.2826476037835,1625.0,1625.0,38.09656456005166,32.47725164804133,25.0,3396.2901140465046,61.93129120103326,1625.0,1625.0,800.0,1,1,57.5,51.75,25.0,0.0,4125.2826476037835,4134.976915545601,392.2216237328312,61.93129120103326,61.44974922154707,59.44974922154707,60.44974922154707,0.08653033157018122,1.644681198853484,1.646955902306974,1356.8576186117605,682.2159046721684,1317.9228815185752,643.79075515858,54.27430474447042,27.288636186886738,52.71691526074301,25.751630206343204,45.171143450494256,45.171143450494256,45.171143450494256,45.171143450494256
2025-12-26T11:49:56.114743,24.650,392.2090805437205,3401.918973180754,57.5,4124.825391082542,1625.0,1625.0,38.10145867717337,32.4811669417387,25.0,3401.918973180754,62.02917354346745,1625.0,1625.0,800.0,1,1,57.5,51.75,25.0,0.0,4124.825391082542,4134.997942795146,392.2090805437205,62.02917354346745,61.39993059326731,59.39993059326731,60.39993059326731,0.08583846659991459,1.6501373584329537,1.6523684649751431,1349.9479123732594,681.5754348577829,1323.6215370679997,647.8748469727358,53.99791649493038,27.263017394311316,52.94486148271999,25.91499387890943,44.705498235497636,44.705498235497636,44.705498235497636,44.705498235497636
2025-12-26T11:49:56.165341,24.700,392.1966307938883,3407.502751055775,57.5,4125.036072922028,1625.0,1625.0,38.106313962414205,32.48505116993137,25.0,3407.502751055775,62.1262792482841,1625.0,1625.0,800.0,1,1,57.5,51.75,25.0,0.0,4125.036072922028,4135.101807470426,392.1966307938883,62.12627924828409,61.35019589613276,59.35019589613276,60.35019589613276,0.08515099049290144,1.6555587469474888,1.6577471024786203,1348.5153670233092,683.7414582115449,1324.1659197099889,651.1925012592718,53.94061468093236,27.349658328461796,52.966636788399555,26.047700050370874,44.249985037118115,44.249985037118115,44.249985037118115,44.249985037118115
2025-12-26T11:49:56.220780,24.750,392.1842739002159,3413.041734965839,57.5,4123.455190421437,1625.0,1625.0,38.11113065793625,32.488904526349,25.0,3413.041734965839,62.22261315872504,1625.0,1625.0,800.0,1,1,57.5,51.75,25.0,0.0,4123.455190421437,4134.39797051141,392.1842739002159,62.22261315872504,61.300545595116844,59.300545595116844,60.300545595116844,0.08446789554007,1.6609454286673389,1.6630918622817858,1339.2232318324604,678.9883111195303,1304.6832662789627,646.7854916241592,53.568929273298416,27.159532444781213,52.18733065115851,25.87141966496637,43.80440333580759,43.80440333580759,43.80440333580759,43.80440333580759
2025-12-26T11:49:56.274856,24.800,392.17200928042246,3418.536211674188,57.5,4124.874947591213,1625.0,1625.0,38.11590900555765,32.49272720444612,25.0,3418.536211674188,62.318180111153,1625.0,1625.0,800.0,1,1,57.5,51.75,25.0,0.0,4124.874947591213,4134.113515504443,392.17200928042246,62.31818011115299,61.25098014498853,59.25098014498853,60.25098014498853,0.08378917364336891,1.666297470884189,1.668402795219093,1337.6352299235687,672.2732477925917,1312.742884917364,659.8051062898888,53.50540919694274,26.89092991170367,52.50971539669457,26.392204251595555,43.36855594147888,43.36855594147888,43.36855594147888,43.36855594147888
2025-12-26T11:49:56.325421,24.850,392.15983635311954,3423.9864673880697,57.5,4123.647550878477,1625.0,1625.0,38.12064924672964,32.496519397383715,25.0,3423.9864673880697,62.41298493459284,1625.0,1625.0,800.0,1,1,57.5,51.75,25.0,0.0,4123.647550878477,4134.879243660041,392.15983635311954,62.41298493459284,61.20149999043212,59.20149999043212,60.20149999043212,0.08311481632404577,1.6716149438460768,1.6736799554222133,1346.4580954912142,679.4061159375321,1320.812465110306,656.0561620572986,53.85832381964857,27.176244637501288,52.83249860441224,26.242246482291943,42.942248958892876,42.942248958892876,42.942248958892876,42.942248958892876
2025-12-26T11:49:56.378494,24.900,392.1477545378657,3429.392787734311,57.5,4123.211936204322,1625.0,1625.0,38.12535162251408,32.50028129801127,25.0,3429.392787734311,62.50703245028166,1625.0,1625.0,800.0,1,1,57.5,51.75,25.0,0.0,4123.211936204322,4133.741167868124,392.1477545378657,62.50703245028167,61.15210556616627,59.15210556616627,60.15210556616627,0.0824448147308479,1.676897920692937,1.6789234002479982,1362.5079131944367,671.7780700643173,1325.7758502208158,657.8450415430209,54.500316527777464,26.871122802572692,53.031034008832634,26.313801661720834,42.52529175268372,42.52529175268372,42.52529175268372,42.52529175268372
2025-12-26T11:49:56.431025,24.950,392.13576325521836,3434.7554577354204,57.5,4124.560860160906,1625.0,1625.0,38.13001637356141,32.50401309884913,25.0,3434.7554577354204,62.60032747122819,1625.0,1625.0,800.0,1,1,57.5,51.75,25.0,0.0,4124.560860160906,4134.574196927261,392.1357632552184,62.6003274712282,61.10279729706229,59.10279729706229,60.10279729706229,0.08177915964814353,1.6821464773927868,1.6841331902072705,1355.841774328245,673.7562372969231,1325.1002173579518,648.4069508201269,54.2336709731298,26.950249491876924,53.004008694318074,25.936278032805077,42.117496912055486,42.117496912055486,42.117496912055486,42.117496912055486
2025-12-26T11:49:56.481570,25.000,392.1238619267866,3440.074761786229,57.5,4123.379062207985,1625.0,1625.0,38.134643740089075,32.50771499207126,25.0,3440.074761786229,62.692874801781514,1625.0,1625.0,800.0,1,1,57.5,51.75,25.0,0.0,4123.379062207985,4134.449709129118,392.1238619267866,62.692874801781514,61.053575598261666,59.053575598261666,60.053575598261666,0.08111784150396247,1.6873606926785474,1.6893093888944348,1344.200858552104,676.627038221122,1327.2606776199457,649.9510729620109,53.76803434208416,27.06508152884488,53.090427104797826,25.998042918480436,41.7186802151826,41.7186802151826,41.7186802151826,41.7186802151826
2025-12-26T11:49:56.533136,25.050,392.1120499752811,3445.3509836310386,57.5,4123.7296011855715,1625.0,1625.0,38.139233961860434,32.511387169488344,25.0,3445.3509836310386,62.78467923720863,1625.0,1625.0,800.0,1,1,57.5,51.75,25.0,0.0,4123.7296011855715,4133.358533671676,392.1120499752811,62.78467923720863,61.00444087529282,59.00444087529282,60.00444087529282,0.0804608503779566,1.692540647985515,1.694452062917913,1363.8184614496543,680.5193334573613,1321.9686248636517,637.6431452890226,54.552738457986166,27.220773338294453,52.87874499454607,25.505725811560904,41.328660593345376,41.328660593345376,41.328660593345376,41.328660593345376
2025-12-26T11:49:56.584238,25.100,392.10032682456387,3450.584406341294,57.5,4122.917914933071,1625.0,1625.0,38.14378727816407,32.515029822531254,25.0,3450.584406341294,62.875745563281335,1625.0,1625.0,800.0,1,1,57.5,51.75,25.0,0.0,4122.917914933071,4132.821242142942,392.10032682456387,62.87574556328134,60.955393524187116,58.955393524187116,59.955393524187116,0.07980817600927867,1.697686427389481,1.6995612818313988,1350.1704328017017,670.0277220192924,1312.7549884667233,646.6201078542654,54.006817312068065,26.801108880771693,52.51019953866893,25.864804314170613,40.94726009483094,40.94726009483094,40.94726009483094,40.94726009483094
2025-12-26T11:49:56.634806,25.150,392.08869189969704,3455.775312293773,57.5,4123.751344985108,1625.0,1625.0,38.14830392779359,32.51864314223488,25.0,3455.775312293773,62.9660785558719,1625.0,1625.0,800.0,1,1,57.5,51.75,25.0,0.0,4123.751344985108,4133.389465275946,392.08869189969704,62.9660785558719,60.90643393159405,58.90643393159405,59.90643393159405,0.07915980780437898,1.7027981175455058,1.7046371180659374,1364.3463247161185,681.4176218992725,1317.3623589455674,644.0549950183888,54.57385298864474,27.2567048759709,52.69449435782269,25.76219980073555,40.574303848628794,40.574303848628794,40.574303848628794,40.574303848628794
2025-12-26T11:49:56.685076,25.200,392.07714462698976,3460.923983149263,57.5,4122.175975695801,1625.0,1625.0,38.15278414902788,32.5222273192223,25.0,3460.923983149263,63.0556829805576,1625.0,1625.0,800.0,1,1,57.5,51.75,25.0,0.0,4122.175975695801,4132.693974982904,392.07714462698976,63.05568298055759,60.857562474895666,58.857562474895666,59.857562474895666,0.07851573484471988,1.7078758076273513,1.7096796468628221,1368.1036421889055,676.5337753692421,1324.5306796221587,648.0052383610227,54.72414568755622,27.061351014769684,52.98122718488634,25.92020953444091,40.209620027949384,40.209620027949384,40.209620027949384,40.209620027949384
2025-12-26T11:49:56.736340,25.250,392.0656844340452,3466.0306998317633,57.5,4123.9124116104795,1625.0,1625.0,38.15722817961171,32.52578254368936,25.0,3466.0306998317633,63.14456359223408,1625.0,1625.0,800.0,1,1,57.5,51.75,25.0,0.0,4123.9124116104795,4133.4513481113845,392.0656844340452,63.14456359223408,60.80877952232019,58.80877952232019,59.80877952232019,0.07787594589440731,1.7129195892675757,1.7146889462073138,1347.315098127844,661.7495924769987,1326.0635333700784,651.8296608524627,53.89260392511376,26.46998369907995,53.04254133480314,26.073186434098506,39.85303981359288,39.85303981359288,39.85303981359288,39.85303981359288
2025-12-26T11:49:56.786889,25.300,392.05431074980527,3471.0957425081606,57.5,4123.293744707521,1625.0,1625.0,38.16163625673687,32.52930900538949,25.0,3471.0957425081606,63.23272513473734,1625.0,1625.0,800.0,1,1,57.5,51.75,25.0,0.0,4123.293744707521,4133.435971743446,392.05431074980527,63.23272513473735,60.760085433054805,58.760085433054805,59.760085433054805,0.07724042940773905,1.717929556498294,1.71966509676318,1357.3747277257492,676.6601780875479,1323.6046577362065,648.728255109469,54.29498910902997,27.066407123501918,52.94418630944826,25.94913020437876,39.50439735719466,39.50439735719466,39.50439735719466,39.50439735719466
2025-12-26T11:49:56.840705,25.350,392.0430230045953,3476.1193905684063,57.5,4123.501999249622,1625.0,1625.0,38.16600861702372,32.532806893618975,25.0,3476.1193905684063,63.320172340474365,1625.0,1625.0,800.0,1,1,57.5,51.75,25.0,0.0,4123.501999249622,4133.341570605838,392.0430230045953,63.32017234047437,60.71148055735769,58.71148055735769,59.71148055735769,0.07660917353666853,1.7229058056926005,1.724608181808042,1351.3072787546332,658.5980358616778,1330.892924194069,642.6805214766762,54.05229115018533,26.343921434467113,53.23571696776276,25.707220859067046,39.16352974437288,39.16352974437288,39.16352974437288,39.16352974437288
2025-12-26T11:49:56.891760,25.400,392.03182063016715,3481.101922606174,57.5,4123.620893828049,1625.0,1625.0,38.17034549650311,32.53627639720249,25.0,3481.101922606174,63.406909930062255,1625.0,1625.0,800.0,1,1,57.5,51.75,25.0,0.0,4123.620893828049,4132.34245277821,392.03182063016715,63.40690993006226,60.66296523666915,58.66296523666915,59.66296523666915,0.07598216613818588,1.7278484355066692,1.7295182871695503,1358.7902137338544,675.6302717807005,1322.9602568223886,646.4178015038132,54.351608549354175,27.02521087122802,52.91841027289554,25.856712060152528,38.8302769578026,38.8302769578026,38.8302769578026,38.8302769578026
2025-12-26T11:49:56.947291,25.450,392.02070305974166,3486.043616399996,57.5,4122.002814398585,1625.0,1625.0,38.174647130598785,32.53971770447903,25.0,3486.043616399996,63.49294261197569,1625.0,1625.0,800.0,1,1,57.5,51.75,25.0,0.0,4122.002814398585,4133.228616920953,392.02070305974166,63.49294261197569,60.61453980372202,58.61453980372202,59.61453980372202,0.07535939478161326,1.7327575468225174,1.7343955011623617,1368.9670874392903,679.7762518829389,1336.4446202281704,632.4798667107699,54.75868349757161,27.191050075317555,53.457784809126814,25.299194668430797,38.50448184024023,38.50448184024023,38.50448184024023,38.50448184024023
2025-12-26T11:49:57.003351,25.500,392.0096697280498,3490.94474889487,57.5,4122.726419524098,1625.0,1625.0,38.17891375411014,32.54313100328811,25.0,3490.94474889487,63.5782750822028,1625.0,1625.0,800.0,1,1,57.5,51.75,25.0,0.0,4122.726419524098,4132.563740013232,392.0096697280498,63.5782750822028,60.56620458265112,58.56620458265112,59.56620458265112,0.0747408467558164,1.7376332426914476,1.739239914525932,1364.814323212464,667.6402412057765,1328.3888835739392,638.3555981243293,54.592572928498555,26.70560964823106,53.135555342957566,25.534223924973173,38.18599005752082,38.18599005752082,38.18599005752082,38.18599005752082
2025-12-26T11:49:57.053881,25.550,391.99872007137265,3495.805596184338,57.5,4122.2148020027635,1625.0,1625.0,38.18314560119546,32.54651648095637,25.0,3495.805596184338,63.662912023909215,1625.0,1625.0,800.0,1,1,57.5,51.75,25.0,0.0,4122.2148020027635,4133.119810597589,391.99872007137265,63.662912023909215,60.51795988910199,58.51795988910199,59.51795988910199,0.07412650907633117,1.7424756282781648,1.7440516203631213,1353.2820807245444,665.8079503636077,1328.2056189198925,624.6915846183833,54.13128322898177,26.632318014544307,53.128224756795696,24.98766338473533,37.87465006155026,37.87465006155026,37.87465006155026,37.87465006155026
2025-12-26T11:49:57.104425,25.600,391.9878535275814,3500.626433493024,57.5,4122.3273240396165,1625.0,1625.0,38.18734290535552,32.54987432428442,25.0,3500.626433493024,63.74685810711035,1625.0,1625.0,800.0,1,1,57.5,51.75,25.0,0.0,4122.3273240396165,4133.025078431781,391.9878535275814,63.74685810711035,60.46980603033869,58.46980603033869,59.46980603033869,0.0735163684924048,1.7472848108055656,1.7488307140795967,1360.9233542607637,677.2984858619345,1343.170648033526,643.9520526692208,54.43693417043055,27.091939434477382,53.72682592134104,25.758082106768835,37.57031305331333,37.57031305331333,37.57031305331333,37.57031305331333
2025-12-26T11:49:57.155024,25.650,391.977069536175,3505.407535159628,57.5,4122.326896427309,1625.0,1625.0,38.19150589941758,32.55320471953406,25.0,3505.407535159628,63.83011798835153,1625.0,1625.0,800.0,1,1,57.5,51.75,25.0,0.0,4122.326896427309,4132.723368828268,391.977069536175,63.830117988351525,60.42174330535082,58.42174330535082,59.42174330535082,0.0729104114939523,1.752060899500207,1.7535772933240472,1368.3115210553697,671.290753462521,1346.671448775517,642.2044811941238,54.732460842214785,26.85163013850084,53.866857951020684,25.688179247764953,37.27283294591773,37.27283294591773,37.27283294591773,37.27283294591773
2025-12-26T11:49:57.205638,25.700,391.9663675383181,3510.149174620371,57.5,4121.729239025605,1625.0,1625.0,38.19563481551982,32.556507852415855,25.0,3510.149174620371,63.91269631039633,1625.0,1625.0,800.0,1,1,57.5,51.75,25.0,0.0,4121.729239025605,4132.666420707662,391.9663675383181,63.91269631039633,60.37377200495966,58.37377200495966,59.37377200495966,0.07230862431842751,1.7568040055384497,1.7582914579291924,1368.810464368379,669.3987126889978,1326.9120854981952,624.698887839172,54.75241857473516,26.77594850755991,53.07648341992781,24.98795551356688,36.982066327693595,36.982066327693595,36.982066327693595,36.982066327693595
2025-12-26T11:49:57.256069,25.750,391.9557469768768,3514.8516243928816,57.5,4121.02512790452,1625.0,1625.0,38.199729885096126,32.5597839080769,25.0,3514.8516243928816,63.99459770192249,1625.0,1625.0,800.0,1,1,57.5,51.75,25.0,0.0,4121.02512790452,4132.580560137378,391.9557469768768,63.99459770192249,60.325892411923434,58.325892411923434,59.325892411923434,0.07171099295760894,1.7615142419932837,1.7629733098535947,1363.8715456206462,661.6089976687585,1342.63532877233,631.3311855152546,54.55486182482585,26.464359906750342,53.7054131508932,25.253247420610183,36.69787242536703,36.69787242536703,36.69787242536703,36.69787242536703
2025-12-26T11:49:57.312164,25.800,391.94520729645495,3519.5151560605336,57.5,4121.595940567083,1625.0,1625.0,38.20379133886129,32.56303307108904,25.0,3519.5151560605336,64.0758267772259,1625.0,1625.0,800.0,1,1,57.5,51.75,25.0,0.0,4121.595940567083,4131.01946426484,391.94520729645495,64.0758267772259,60.27810480104176,58.27810480104176,59.27810480104176,0.07111750316429984,1.766191723781825,1.7676229531242624,1379.8828987274155,665.1095286927842,1346.745386215619,641.5867937784067,55.19531594909662,26.60438114771137,53.869815448624756,25.663471751136267,36.42011306732541,36.42011306732541,36.42011306732541,36.42011306732541
2025-12-26T11:49:57.362715,25.850,391.93474794342814,3524.140040257199,57.5,4121.140707084023,1625.0,1625.0,38.2078194067966,32.566255525437285,25.0,3524.140040257199,64.15638813593205,1625.0,1625.0,800.0,1,1,57.5,51.75,25.0,0.0,4121.140707084023,4130.906019117108,391.93474794342814,64.15638813593205,60.23040943925924,58.23040943925924,59.23040943925924,0.07052814045894364,1.7708365676134925,1.7722404937800433,1358.6415443188143,657.5479078762621,1336.346445108184,637.8307564159791,54.34566177275258,26.301916315050484,53.45385780432736,25.51323025663916,36.148652646991614,36.148652646991614,36.148652646991614,36.148652646991614
2025-12-26T11:49:57.413310,25.900,391.9243683659777,3528.7265466524445,57.5,4122.379128633611,1625.0,1625.0,38.21181431813575,32.5694514545086,25.0,3528.7265466524445,64.23628636271503,1625.0,1625.0,800.0,1,1,57.5,51.75,25.0,0.0,4122.379128633611,4131.664174104989,391.9243683659777,64.23628636271503,60.182806585768105,58.182806585768105,59.182806585768105,0.06994289013615351,1.7754488919388618,1.7768260398158087,1374.8324751500443,651.3117908616294,1353.5486074883806,621.2333324160722,54.99329900600177,26.052471634465178,54.141944299535226,24.84933329664289,35.88335808632345,35.88335808632345,35.88335808632345,35.88335808632345
2025-12-26T11:49:57.464839,25.950,391.91406801412336,3533.274943937148,57.5,4121.511525246703,1625.0,1625.0,38.21577630135121,32.57262104108097,25.0,3533.274943937148,64.31552602702422,1625.0,1625.0,800.0,1,1,57.5,51.75,25.0,0.0,4121.511525246703,4130.643564220364,391.91406801412336,64.31552602702422,60.13529649211012,58.13529649211012,59.13529649211012,0.06936173727115696,1.7800288168991938,1.7813797011274202,1374.9408965894036,652.8335617595486,1346.9235856045536,630.2667546815572,54.99763586357614,26.113342470381944,53.876943424182144,25.21067018726229,35.624098799453826,35.624098799453826,35.624098799453826,35.624098799453826
2025-12-26T11:49:57.514954,26.000,391.90384633975486,3537.7854998095213,57.5,4120.748461465238,1625.0,1625.0,38.21970558414091,32.57576446731273,25.0,3537.7854998095213,64.39411168281825,1625.0,1625.0,800.0,1,1,57.5,51.75,25.0,0.0,4120.748461465238,4131.312123791582,391.90384633975486,64.39411168281825,60.08787940227752,58.08787940227752,59.08787940227752,0.0687846667261552,1.7845764642766366,1.7859015894574735,1369.0279693440016,656.8219073454792,1354.6664022340951,617.9865843741189,54.76111877376007,26.272876293819166,54.18665608936381,24.719463374964757,35.37074665648665,35.37074665648665,35.37074665648665,35.37074665648665
2025-12-26T11:49:57.565462,26.050,391.89370279666366,3542.2584809615605,57.5,4121.457915227737,1625.0,1625.0,38.22360239341531,32.57888191473225,25.0,3542.2584809615605,64.47204786830619,1625.0,1625.0,800.0,1,1,57.5,51.75,25.0,0.0,4121.457915227737,4131.584932166135,391.89370279666366,64.47204786830619,60.04055555281312,58.04055555281312,59.04055555281312,0.06821166315659737,1.789091957445104,1.790391818341824,1365.1953518667488,647.836713687838,1341.3546560210484,641.035773369849,54.60781407466995,25.91346854751352,53.65418624084194,25.641430934793963,35.12317594746254,35.12317594746254,35.12317594746254,35.12317594746254
2025-12-26T11:49:57.616097,26.100,391.8836368405722,3546.694153065888,57.5,4121.9746259046615,1625.0,1625.0,38.227466955284804,32.581973564227845,25.0,3546.694153065888,64.54933910569609,1625.0,1625.0,800.0,1,1,57.5,51.75,25.0,0.0,4121.9746259046615,4131.362488308303,391.8836368405722,64.54933910569609,59.993325172909536,57.993325172909536,58.993325172909536,0.06764271101737045,1.7935754213218236,1.7948505030568804,1366.0599515442243,647.927615755495,1333.7883753837964,625.523152388448,54.64239806176897,25.9171046302198,53.35153501535186,25.02092609553792,34.881263346507986,34.881263346507986,34.881263346507986,34.881263346507986
2025-12-26T11:49:57.666855,26.150,391.873647929164,3551.0927807630046,57.5,4120.967238674054,1625.0,1625.0,38.23129949504753,32.58503959603802,25.0,3551.0927807630046,64.62598990095057,1625.0,1625.0,800.0,1,1,57.5,51.75,25.0,0.0,4120.967238674054,4131.210475007183,391.873647929164,64.62598990095057,59.94618848450756,57.94618848450756,58.94618848450756,0.06707779456890381,1.7980269823195527,1.7992777605676633,1383.8070055040107,664.265898183031,1333.9421613422066,631.1010075448045,55.35228022016043,26.57063592732124,53.35768645368827,25.24404030179218,34.64488787618074,34.64488787618074,34.64488787618074,34.64488787618074
2025-12-26T11:49:57.717542,26.200,391.8637355221116,3555.454627648933,57.5,4120.239307026942,1625.0,1625.0,38.23510023717747,32.58808018974197,25.0,3555.454627648933,64.70200474354937,1625.0,1625.0,800.0,1,1,57.5,51.75,25.0,0.0,4120.239307026942,4131.608422682541,391.8637355221116,64.70200474354937,59.89914570239363,57.89914570239363,58.89914570239363,0.06651689788318996,1.8024467682994707,1.803673709476636,1375.5139142240523,647.9122638069216,1341.6868111308129,620.5598715270681,55.02055656896209,25.916490552276862,53.66747244523252,24.822394861082724,34.413930872023734,34.413930872023734,34.413930872023734,34.413930872023734
2025-12-26T11:49:57.774607,26.250,391.8538990811044,3559.7799562632476,57.5,4120.683808007999,1625.0,1625.0,38.23886940531295,32.59109552425036,25.0,3559.7799562632476,64.777388106259,1625.0,1625.0,800.0,1,1,57.5,51.75,25.0,0.0,4120.683808007999,4131.141457146137,391.8538990811044,64.777388106259,59.85219703429646,57.85219703429646,58.85219703429646,0.0659600048497203,1.806834908524727,1.808038469973284,1369.3014946350686,641.4775709179519,1341.8686755926208,635.9329005831914,54.772059785402746,25.659102836718073,53.67474702370483,25.437316023327657,34.18827594733916,34.18827594733916,34.18827594733916,34.18827594733916
2025-12-26T11:49:57.825138,26.300,391.8441380698751,3564.0690280774907,57.5,4120.017058347135,1625.0,1625.0,38.24260722224545,32.59408577779636,25.0,3564.0690280774907,64.85214444490894,1625.0,1625.0,800.0,1,1,57.5,51.75,25.0,0.0,4120.017058347135,4130.077388292201,391.8441380698751,64.85214444490894,59.805342680982726,57.805342680982726,58.805342680982726,0.06540709918133795,1.8111915336146625,1.8123721637844559,1365.6206001659423,640.9881847502683,1356.5177696356845,627.8388873353792,54.62482400663769,25.63952739001073,54.260710785427385,25.11355549341517,33.967808958193615,33.967808958193615,33.967808958193615,33.967808958193615
2025-12-26T11:49:57.877196,26.350,391.83445195422627,3568.3221034839726,57.5,4120.35903842954,1625.0,1625.0,38.24631390990875,32.597051127927,25.0,3568.3221034839726,64.926278198175,1625.0,1625.0,800.0,1,1,57.5,51.75,25.0,0.0,4120.35903842954,4130.42036210568,391.83445195422627,64.926278198175,59.75858283635198,57.75858283635198,58.75858283635198,0.0648581644200061,1.8155167754996846,1.8166749141254483,1384.6218804240398,646.4091029956916,1352.9023164424252,635.1385948597743,55.38487521696159,25.856364119827663,54.11609265769701,25.405543794390972,33.752417968664936,33.752417968664936,33.752417968664936,33.752417968664936
2025-12-26T11:49:57.928714,26.400,391.82484020205516,3572.53944178493,57.5,4121.074144899292,1625.0,1625.0,38.24998968936844,32.599991751494755,25.0,3572.53944178493,64.99979378736882,1625.0,1625.0,800.0,1,1,57.5,51.75,25.0,0.0,4121.074144899292,4130.19458415937,391.82484020205516,64.99979378736882,59.71191768753059,57.71191768753059,58.71191768753059,0.06431318394249332,1.8198107673768062,1.8209468456518387,1372.0706901578253,652.8264431669246,1358.172803312471,626.2027908536885,54.882827606313015,26.113057726676985,54.32691213249884,25.04811163414754,33.54199321634036,33.54199321634036,33.54199321634036,33.54199321634036
2025-12-26T11:49:57.979773,26.450,391.8153022833779,3576.7213011820704,57.5,4120.9399377604295,1625.0,1625.0,38.253634780811716,32.60290782464937,25.0,3576.7213011820704,65.07269561623434,1625.0,1625.0,800.0,1,1,57.5,51.75,25.0,0.0,4120.9399377604295,4130.835478544922,391.8153022833779,65.07269561623434,59.665347414964884,57.665347414964884,58.665347414964884,0.06377214096597598,1.8240736436658402,1.8251880844120583,1371.5124974486585,655.1664987457918,1350.0874731828853,615.9988761614499,54.86049989794634,26.206659949831675,54.00349892731541,24.639955046457995,33.3364270780755,33.3364270780755,33.3364270780755,33.3364270780755
2025-12-26T11:49:58.030549,26.500,391.80583767035375,3580.86793876646,57.5,4121.147970353084,1625.0,1625.0,38.25724940353753,32.605799522830026,25.0,3580.86793876646,65.1449880707506,1625.0,1625.0,800.0,1,1,57.5,51.75,25.0,0.0,4121.147970353084,4130.072056569447,391.80583767035375,65.1449880707506,59.618872192513365,57.618872192513365,58.618872192513365,0.06323501855355769,1.8283055399662431,1.8293987578006947,1374.2851776949146,640.072764223469,1358.126575867713,612.3742369569776,54.97140710779659,25.60291056893876,54.32506303470852,24.494969478279103,33.13561403602282,33.13561403602282,33.13561403602282,33.13561403602282
2025-12-26T11:49:58.081191,26.550,391.7964458373073,3584.9796105087835,57.5,4120.923593711847,1625.0,1625.0,38.26083377594704,32.60866702075763,25.0,3584.9796105087835,65.2166755189408,1625.0,1625.0,800.0,1,1,57.5,51.75,25.0,0.0,4120.923593711847,4130.10709899609,391.7964458373073,65.2166755189408,59.57249218753806,57.57249218753806,58.57249218753806,0.06270179961970694,1.8325065930146134,1.8335789945125287,1380.193961004862,641.630669298842,1363.8972006088884,631.6963209909571,55.20775844019448,25.66522677195368,54.55588802435553,25.267852839638287,32.93945064393785,32.93945064393785,32.93945064393785,32.93945064393785
2025-12-26T11:49:58.131510,26.600,391.78712626075105,3589.056571249945,57.5,4121.068722014039,1625.0,1625.0,38.26438811553439,32.61151049242751,25.0,3589.056571249945,65.28776231068782,1625.0,1625.0,800.0,1,1,57.5,51.75,25.0,0.0,4121.068722014039,4129.136465898315,391.78712626075105,65.28776231068782,59.52620756099505,57.52620756099505,58.52620756099505,0.0621724669356123,1.836676940642831,1.8377289244972908,1380.8279733180582,636.7005274601242,1343.4521653725833,631.6602331692181,55.23311893272233,25.46802109840497,53.73808661490333,25.266409326768727,32.74783549377092,32.74783549377092,32.74783549377092,32.74783549377092
2025-12-26T11:49:58.181776,26.650,391.7778784194064,3593.099074692019,57.5,4119.5571692498115,1625.0,1625.0,38.26791263887779,32.614330111102234,25.0,3593.099074692019,65.35825277755578,1625.0,1625.0,800.0,1,1,57.5,51.75,25.0,0.0,4119.5571692498115,4130.338916787218,391.7778784194064,65.35825277755578,59.48001846752403,57.48001846752403,58.48001846752403,0.061647003134456854,1.8408167217368459,1.8418486789151403,1378.7690924196067,650.0997712577022,1350.3515461737343,622.2503192846013,55.15076369678427,26.00399085030809,54.01406184694937,24.890012771384054,32.56066918255162,32.56066918255162,32.56066918255162,32.56066918255162
2025-12-26T11:49:58.235279,26.700,391.76870179422474,3597.1073733895405,57.5,4119.5251087471715,1625.0,1625.0,38.271407561630895,32.617126049304716,25.0,3597.1073733895405,65.42815123261788,1625.0,1625.0,800.0,1,1,57.5,51.75,25.0,0.0,4119.5251087471715,4129.884172222175,391.76870179422474,65.42815123261788,59.43392505553713,57.43392505553713,58.43392505553713,0.06112539071661098,1.8449260761961013,1.8459383900928548,1376.1149076573433,651.2996407702566,1366.5699798798823,630.5676526093969,55.044596306293734,26.051985630810265,54.66279919519529,25.222706104375874,32.37785427957284,32.37785427957284,32.37785427957284,32.37785427957284
2025-12-26T11:49:58.286407,26.750,391.7595958684066,3601.081718741136,57.5,4120.222237787724,1625.0,1625.0,38.2748730985145,32.6198984788116,25.0,3601.081718741136,65.49746197028993,1625.0,1625.0,800.0,1,1,57.5,51.75,25.0,0.0,4120.222237787724,4129.783342058078,391.7595958684066,65.49746197028993,59.387927467306724,57.387927467306724,58.387927467306724,0.06060761205474479,1.8490051448935951,1.8499981914807277,1386.6372327466224,649.9968257025864,1352.3749069818866,616.8132899699424,55.4654893098649,25.99987302810346,54.09499627927546,24.672531598797697,32.199295293880546,32.199295293880546,32.199295293880546,32.199295293880546
2025-12-26T11:49:58.336469,26.800,391.75056012742175,3605.0223609814693,57.5,4119.0540447056555,1625.0,1625.0,38.27830946330852,32.62264757064681,25.0,3605.0223609814693,65.56618926617031,1625.0,1625.0,800.0,1,1,57.5,51.75,25.0,0.0,4119.0540447056555,4130.546160879471,391.75056012742175,65.56618926617031,59.34202583905248,57.34202583905248,58.34202583905248,0.0600936493988606,1.8530540696365692,1.8540282176101646,1393.7469211916266,643.4890647390221,1355.0995352115435,608.4608874590301,55.749876847665064,25.739562589560883,54.20398140846174,24.338435498361203,32.02489864207536,32.02489864207536,32.02489864207536,32.02489864207536
2025-12-26T11:49:58.387562,26.850,391.741594059027,3608.929549173535,57.5,4119.134482063656,1625.0,1625.0,38.281716868844256,32.62537349507541,25.0,3608.929549173535,65.63433737688513,1625.0,1625.0,800.0,1,1,57.5,51.75,25.0,0.0,4119.134482063656,4129.132729693827,391.741594059027,65.63433737688513,59.29622030102751,57.29622030102751,58.29622030102751,0.059583484881245846,1.8570729931278334,1.8580286040519838,1387.8985602677146,628.0952209091096,1367.6068898377996,628.2743940610882,55.51594241070858,25.123808836364383,54.70427559351199,25.130975762443526,31.854572616431152,31.854572616431152,31.854572616431152,31.854572616431152
2025-12-26T11:49:58.438171,26.900,391.7326971532844,3612.803531201249,57.5,4120.388292339259,1625.0,1625.0,38.28509552699698,32.62807642159759,25.0,3612.803531201249,65.70191053993972,1625.0,1625.0,800.0,1,1,57.5,51.75,25.0,0.0,4120.388292339259,4128.6790819997605,391.7326971532844,65.70191053993972,59.25051097760365,57.25051097760365,58.25051097760365,0.05907710052134656,1.8610620589277052,1.8619994873753962,1388.3823646339329,632.5422110564878,1367.7758962494454,621.4568292585064,55.53529458535731,25.30168844225951,54.71103584997782,24.858273170340258,31.688227353335886,31.688227353335886,31.688227353335886,31.688227353335886
2025-12-26T11:49:58.491266,26.950,399.1359840371248,3580.034111980854,0.0,4198.249715450006,1500.0,1500.0,35.2,30.16,25.0,3580.034111980854,4.0,1500.0,1500.0,880.9482888081051,1,1,0.0,0.0,0.0,16.18965776162102,4198.249715450006,4208.177435036647,399.1359840371248,4.0,59.17327981403366,57.17327981403366,58.17327981403366,-0.4997241235143571,1.8274541750657876,1.8945482209718418,1274.4899274870031,542.04449046445,1460.2947705024992,729.3376988071931,50.979597099480124,21.681779618578,58.41179082009997,29.173507952287725,32.25874087698288,32.25874087698288,32.25874087698288,32.25874087698288
2025-12-26T11:49:58.541673,27.000,391.9257634289194,3584.1528180852074,57.5,4122.130230629953,1625.0,1625.0,38.20392850986604,32.56314280789283,25.0,3584.1528180852074,64.07857019732074,1625.0,1625.0,800.0,1,1,57.5,51.75,25.0,0.0,4122.130230629953,4132.419599406361,391.9257634289194,64.07857019732074,59.12681958218819,57.12681958218819,58.12681958218819,0.06280907159716434,1.8316614401712448,1.8327380093415142,1378.1753163308674,640.8853175266402,1358.3813099563808,613.3741843167937,55.127012653234694,25.635412701065608,54.335252398255236,24.53496737267175,32.08375404561627,32.08375404561627,32.08375404561627,32.08375404561627
2025-12-26T11:49:58.592124,27.050,391.783977149339,3588.2367618615726,57.5,4120.82401851113,1625.0,1625.0,38.26267727340425,32.6101418187234,25.0,3588.2367618615726,65.25354546808501,1625.0,1625.0,800.0,1,1,57.5,51.75,25.0,0.0,4120.82401851113,4129.584171222038,391.783977149339,65.25354546808501,59.081525910988525,57.081525910988525,58.081525910988525,0.062278956193876744,1.8358379719605498,1.8368940436717691,1369.1519276032527,653.5511771831173,1357.859925523056,613.2892168748415,54.76607710413011,26.14204708732469,54.31439702092224,24.531568674993657,31.91282333561837,31.91282333561837,31.91282333561837,31.91282333561837
2025-12-26T11:49:58.642852,27.100,391.7722298351088,3592.2861972425117,57.5,4119.787889691062,1625.0,1625.0,38.2672432298373,32.61379458386984,25.0,3592.2861972425117,65.34486459674602,1625.0,1625.0,800.0,1,1,57.5,51.75,25.0,0.0,4119.787889691062,4130.106970554178,391.7722298351088,65.34486459674602,59.03634676123393,57.03634676123393,58.03634676123393,0.0617527131884243,1.8399839091102665,1.841019875876094,1372.4954511651913,653.1605411331775,1345.6474874804383,610.1209024621152,54.899818046607656,26.1264216453271,53.82589949921753,24.404836098484605,31.74586013647511,31.74586013647511,31.74586013647511,31.74586013647511
2025-12-26T11:49:58.693464,27.150,391.7629920284709,3596.301377014783,57.5,4120.7140245005885,1625.0,1625.0,38.270763631448624,32.6166109051589,25.0,3596.301377014783,65.41527262897245,1625.0,1625.0,800.0,1,1,57.5,51.75,25.0,0.0,4120.7140245005885,4130.774157375807,391.7629920284709,65.41527262897245,58.99126233635281,56.99126233635281,57.99126233635281,0.06123032510756,1.844099391318585,1.8451156380493752,1376.680956729531,641.1745664032094,1366.112525361884,622.37686668067,55.067238269181246,25.646982656128376,54.64450101447536,24.895074667226798,31.582777594578584,31.582777594578584,31.582777594578584,31.582777594578584
2025-12-26T11:49:58.745153,27.200,391.753870836978,3600.28255281089,57.5,4119.749342392321,1625.0,1625.0,38.27423551574705,32.61938841259764,25.0,3600.28255281089,65.48471031494097,1625.0,1625.0,800.0,1,1,57.5,51.75,25.0,0.0,4119.749342392321,4128.966507157805,391.753870836978,65.48471031494097,58.946272394507545,56.946272394507545,57.946272394507545,0.06071177434931188,1.8481845592652582,1.849181463418655,1371.048836298279,633.4443441623358,1347.721222893138,616.5967098270921,54.841953451931154,25.33777376649343,53.90884891572552,24.663868393083686,31.423490584308116,31.423490584308116,31.423490584308116,31.423490584308116
2025-12-26T11:49:58.796240,27.250,391.74482079706655,3604.2299751009814,57.5,4118.807099952029,1625.0,1625.0,38.277677825268036,32.62214226021443,25.0,3604.2299751009814,65.55355650536075,1625.0,1625.0,800.0,1,1,57.5,51.75,25.0,0.0,4118.807099952029,4130.162842721692,391.74482079706655,65.55355650536075,58.901377055917294,56.901377055917294,57.901377055917294,0.06019704318803104,1.8522395545721648,1.8532174863005888,1373.716080641164,650.2693918498577,1356.9708068096961,622.8958393628947,54.948643225646556,26.010775673994306,54.278832272387845,24.915833574515787,31.26791567938698,31.26791567938698,31.26791567938698,31.26791567938698
2025-12-26T11:49:58.850779,27.300,391.7358405505251,3608.143893185058,57.5,4119.649811109204,1625.0,1625.0,38.28109112532859,32.624872900262865,25.0,3608.143893185058,65.6218225065717,1625.0,1625.0,800.0,1,1,57.5,51.75,25.0,0.0,4119.649811109204,4129.227077749612,391.7358405505251,65.6218225065717,58.85657644189968,56.85657644189968,57.85657644189968,0.05968611377936078,1.8562645197645045,1.857223842059602,1371.703140731466,642.7816743263086,1356.085020068536,610.3618360047305,54.86812562925864,25.711266973052343,54.24340080274144,24.414473440189223,31.115971124519785,31.115971124519785,31.115971124519785,31.115971124519785
2025-12-26T11:49:58.901352,27.350,391.72692957101697,3612.0245551855137,57.5,4119.650844782437,1625.0,1625.0,38.284475634635854,32.627580507708686,25.0,3612.0245551855137,65.6895126927171,1625.0,1625.0,800.0,1,1,57.5,51.75,25.0,0.0,4119.650844782437,4129.901489262977,391.72692957101697,65.6895126927171,58.81187066815647,56.81187066815647,57.81187066815647,0.059178968165126,1.860259598232613,1.8612006670667331,1390.4499424707267,633.4410780469535,1372.57679091453,610.5394573239463,55.617997698829065,25.33764312187814,54.9030716365812,24.421578292957854,30.967576807314963,30.967576807314963,30.967576807314963,30.967576807314963
2025-12-26T11:49:58.951601,27.400,399.12872871319064,3579.31184328806,0.0,4196.368905870535,1500.0,1500.0,35.2,30.16,25.0,3579.31184328806,4.0,1500.0,1500.0,880.7152197292144,1,1,0.0,0.0,0.0,16.143043945842862,4196.368905870535,4207.49483584761,399.12872871319064,4.0,58.73564382771501,56.73564382771501,57.73564382771501,-0.498859353313136,1.8267168749444735,1.8936090397954124,1273.3231060292665,529.0949313030205,1453.953828691146,737.9572673612945,50.93292424117066,21.163797252120823,58.15815314764584,29.518290694451778,31.55321701973823,31.55321701973823,31.55321701973823,31.55321701973823
2025-12-26T11:49:59.002071,27.450,391.9198176222154,3583.4366412996264,57.5,4120.607789998575,1625.0,1625.0,38.20338286631923,32.562706293055385,25.0,3583.4366412996264,64.06765732638456,1625.0,1625.0,800.0,1,1,57.5,51.75,25.0,0.0,4120.607789998575,4131.725061446681,391.9198176222154,64.06765732638456,58.69017602753294,56.69017602753294,57.69017602753294,0.06290197141244992,1.8309295169473372,1.8320097035869056,1372.710298983723,649.5431960495091,1347.0295400524083,612.7964557322488,54.908411959348925,25.981727841980366,53.881181602096326,24.51185822928995,31.395264616617006,31.395264616617006,31.395264616617006,31.395264616617006
2025-12-26T11:49:59.052667,27.500,391.77806496360296,3587.5266325568446,57.5,4120.246417666926,1625.0,1625.0,38.262117609461136,32.60969408756891,25.0,3587.5266325568446,65.24235218922274,1625.0,1625.0,800.0,1,1,57.5,51.75,25.0,0.0,4120.246417666926,4130.35694220336,391.77806496360296,65.24235218922274,58.64587294547081,56.64587294547081,57.64587294547081,0.062371178520089075,1.835111401543584,1.8361710214425133,1378.9352392863743,651.2148343511149,1346.9262469755536,623.3708628144725,55.15740957145498,26.048593374044593,53.877049879022145,24.9348345125789,31.24097260735896,31.24097260735896,31.24097260735896,31.24097260735896
2025-12-26T11:49:59.102864,27.550,391.7663062708663,3591.582071191325,57.5,4119.486641854727,1625.0,1625.0,38.266688295377385,32.61335063630191,25.0,3591.582071191325,65.3337659075477,1625.0,1625.0,800.0,1,1,57.5,51.75,25.0,0.0,4119.486641854727,4129.976706458059,391.7663062708663,65.3337659075477,58.60168307924272,56.60168307924272,57.60168307924272,0.061844261060961976,1.8392626672273567,1.8403021142416989,1371.8407081396342,654.1529057371878,1351.3235631257533,610.593079073747,54.87362832558537,26.16611622948751,54.05294252503013,24.423723162949884,31.090261055518056,31.090261055518056,31.090261055518056,31.090261055518056
2025-12-26T11:49:59.153085,27.600,391.7570559228466,3595.603210190378,57.5,4119.532323762643,1625.0,1625.0,38.27021391111192,32.61617112888953,25.0,3595.603210190378,65.40427822223839,1625.0,1625.0,800.0,1,1,57.5,51.75,25.0,0.0,4119.532323762643,4129.794730735384,391.7570559228466,65.40427822223839,58.557586636776634,56.557586636776634,57.557586636776634,0.06132120158480663,1.8433834535214824,1.8444031138773844,1386.5697806147132,633.4165609880632,1358.7222480716543,626.2619302661878,55.46279122458853,25.33666243952253,54.34888992286618,25.050477210647514,30.943051608615104,30.943051608615104,30.943051608615104,30.943051608615104
2025-12-26T11:49:59.203317,27.650,391.7479222502979,3599.59030138851,57.5,4120.565163564171,1625.0,1625.0,38.27369098450588,32.618952787604705,25.0,3599.59030138851,65.47381969011764,1625.0,1625.0,800.0,1,1,57.5,51.75,25.0,0.0,4120.565163564171,4129.277232277412,391.7479222502979,65.47381969011764,58.51358336750265,56.51358336750265,57.51358336750265,0.0608019825117468,1.8474739009372942,1.8484741533821407,1374.4837418690677,642.3787301813198,1348.470446033378,618.3887337705826,54.97934967476271,25.695149207252793,53.93881784133512,24.7355493508233,30.799267472097707,30.799267472097707,30.799267472097707,30.799267472097707
2025-12-26T11:49:59.253497,27.700,391.73885981969426,3603.543595459262,57.5,4120.341479061848,1625.0,1625.0,38.27713844557821,32.62171075646257,25.0,3603.543595459262,65.54276891156421,1625.0,1625.0,800.0,1,1,57.5,51.75,25.0,0.0,4120.341479061848,4129.011854314304,391.73885981969426,65.54276891156421,58.46967338273195,56.46967338273195,57.46967338273195,0.06028658613735448,1.8515341509350904,1.852515366885528,1381.2956640402267,650.0855352567216,1352.2605715359255,616.3777943645651,55.25182656160907,26.003421410268864,54.09042286143702,24.655111774582604,30.658833383547265,30.658833383547265,30.658833383547265,30.658833383547265
2025-12-26T11:49:59.304107,27.750,391.7298672731258,3607.463341907366,57.5,4118.671372368437,1625.0,1625.0,38.28055685951947,32.624445487615574,25.0,3607.463341907366,65.6111371903894,1625.0,1625.0,800.0,1,1,57.5,51.75,25.0,0.0,4118.671372368437,4128.666039575882,391.7298672731258,65.6111371903894,58.42585679500222,56.42585679500222,57.42585679500222,0.059774994637632174,1.8555643458852131,1.8565268895721245,1380.539104779649,653.3102218297727,1361.4209371635206,615.6993034046012,55.22156419118596,26.132408873190908,54.45683748654083,24.62797213618405,30.521675587137512,30.521675587137512,30.521675587137512,30.521675587137512
2025-12-26T11:49:59.354743,27.800,391.72094408385914,3611.349789061225,57.5,4119.245371704755,1625.0,1625.0,38.28394644520135,32.62715715616108,25.0,3611.349789061225,65.67892890402705,1625.0,1625.0,800.0,1,1,57.5,51.75,25.0,0.0,4119.245371704755,4129.946289634301,391.72094408385914,65.67892890402705,58.3821337113691,56.3821337113691,57.3821337113691,0.05926719007391673,1.8595646290297616,1.8605088576402564,1389.5051421798023,648.3701265270386,1372.4384779973448,627.7199148536163,55.58020568719209,25.93480506108154,54.89753911989379,25.10879659414465,30.387721808348687,30.387721808348687,30.387721808348687,30.387721808348687
2025-12-26T11:49:59.405343,27.850,399.12147317139,3578.6861971360586,0.0,4197.036412962773,1500.0,1500.0,35.2,30.16,25.0,3578.6861971360586,4.0,1500.0,1500.0,880.5133301769329,1,1,0.0,0.0,0.0,16.102666035386562,4197.036412962773,4208.209565498483,399.12147317139,4.0,58.30688892903973,56.30688892903973,57.30688892903973,-0.4981102880052362,1.8260783284590754,1.892795794766184,1271.4450192034092,535.7059363308881,1458.345617562233,746.6777273943683,50.857800768136364,21.428237453235525,58.333824702489316,29.86710909577473,30.98539234678725,30.98539234678725,30.98539234678725,30.98539234678725
2025-12-26T11:49:59.458220,27.900,391.91367892590466,3582.8162711076143,57.5,4121.675296150393,1625.0,1625.0,38.202917504336725,32.56233400346938,25.0,3582.8162711076143,64.05835008673455,1625.0,1625.0,800.0,1,1,57.5,51.75,25.0,0.0,4121.675296150393,4131.021087121206,391.91367892590466,64.05835008673455,58.262392892896834,56.262392892896834,57.262392892896834,0.0629824282696101,1.8302956250222087,1.8313789507489089,1380.6270256311448,646.940282740617,1352.21662125476,631.7506663247839,55.22508102524579,25.877611309624683,54.0886648501904,25.270026652991355,30.841147071013026,30.841147071013026,30.841147071013026,30.841147071013026
2025-12-26T11:49:59.509083,27.950,391.7719543880227,3586.911499866739,57.5,4120.241876340566,1625.0,1625.0,38.261640520568236,32.609312416454586,25.0,3586.911499866739,65.23281041136472,1625.0,1625.0,800.0,1,1,57.5,51.75,25.0,0.0,4120.241876340566,4130.695271656616,391.7719543880227,65.23281041136472,58.21905985322204,56.21905985322204,57.21905985322204,0.06245104890265529,1.8344821433659773,1.8355448422301406,1375.4958639056406,637.4311698232441,1348.1365245666661,615.8249699371277,55.019834556225625,25.497246792929765,53.92546098266664,24.632998797485108,30.700243846241417,30.700243846241417,30.700243846241417,30.700243846241417
2025-12-26T11:49:59.559506,28.000,391.76018578759476,3590.972137717008,57.5,4119.707523561823,1625.0,1625.0,38.266215324835656,32.61297225986852,25.0,3590.972137717008,65.32430649671306,1625.0,1625.0,800.0,1,1,57.5,51.75,25.0,0.0,4119.707523561823,4129.538731617968,391.76018578759476,65.32430649671306,58.17583876138543,56.17583876138543,57.17583876138543,0.0619235475913404,-1.8386380218257223,1.839680488848404,651.2432530458493,1381.4558947851924,609.0707096082048,1358.5023573280146,26.049730121833974,55.2582357914077,24.362828384328193,54.340094293120586,30.562609710969774,30.562609710969774,30.562609710969774,30.562609710969774
2025-12-26T11:49:59.610164,28.050,391.75092455504506,3594.998437819005,57.5,4119.825456445867,1625.0,1625.0,38.26974546603174,32.6157963728254,25.0,3594.998437819005,65.39490932063492,1625.0,1625.0,800.0,1,1,57.5,51.75,25.0,0.0,4119.825456445867,4129.626316040287,391.75092455504506,65.39490932063492,58.13270982773458,56.13270982773458,57.13270982773458,0.06139990690541256,-1.8427633997715875,1.8437860223208475,632.3624245706567,1374.1016853500753,610.3244905495856,1348.2989334226502,25.294496982826267,54.96406741400301,24.412979621983425,53.93195733690601,30.428173148695294,30.428173148695294,30.428173148695294,30.428173148695294
2025-12-26T11:49:59.660569,28.100,391.74178005116397,3598.990652181779,57.5,4120.380837479141,1625.0,1625.0,38.27322704281543,32.61858163425234,25.0,3598.990652181779,65.4645408563085,1625.0,1625.0,800.0,1,1,57.5,51.75,25.0,0.0,4120.380837479141,4128.612484183732,391.74178005116397,65.4645408563085,58.08967279296505,56.08967279296505,57.08967279296505,0.060880109284233555,-1.8468584175682499,1.8478615755107741,642.5562332290161,1373.2542337264947,627.6146120621145,1347.2890096916567,25.702249329160647,54.93016934905979,25.10458448248458,53.89156038766627,30.296864064185105,30.296864064185105,30.296864064185105,30.296864064185105
2025-12-26T11:49:59.720168,28.150,391.73270686765744,3602.949031654618,57.5,4120.05766065681,1625.0,1625.0,38.27667897469164,32.62134317975332,25.0,3602.949031654618,65.53357949383286,1625.0,1625.0,800.0,1,1,57.5,51.75,25.0,0.0,4120.05766065681,4129.6590838346,391.73270686765744,65.53357949383286,58.04672775952575,56.04672775952575,57.04672775952575,0.06036413704185409,-1.8509232165352767,1.8519072823848668,650.6129155509994,1388.8846437040595,610.5069409452514,1352.7797843696599,26.02451662203998,55.55538574816238,24.420277637810052,54.111191374786394,30.16861375997054,30.16861375997054,30.16861375997054,30.16861375997054
2025-12-26T11:49:59.771197,28.200,391.7237036468573,3606.873825919167,57.5,4119.005130070522,1625.0,1625.0,38.28010182674961,32.62408146139968,25.0,3606.873825919167,65.60203653499212,1625.0,1625.0,800.0,1,1,57.5,51.75,25.0,0.0,4119.005130070522,4129.009065532681,391.7237036468573,65.60203653499212,58.0038748312202,56.0038748312202,57.0038748312202,0.059851972372008684,-1.8549579389081157,1.8559232779711192,646.5064138495997,1380.6559166645347,629.060295486375,1371.312354650101,25.860256553983987,55.226236666581386,25.162411819455002,54.85249418600404,30.0433549130697,30.0433549130697,30.0433549130697,30.0433549130697
2025-12-26T11:49:59.821920,28.250,391.7147698616855,3610.7652834818555,57.5,4119.803024430624,1625.0,1625.0,38.28349581800388,32.6267966544031,25.0,3610.7652834818555,65.66991636007756,1625.0,1625.0,800.0,1,1,57.5,51.75,25.0,0.0,4119.803024430624,4128.415631980082,391.7147698616855,65.66991636007756,57.96111410650259,55.96111410650259,56.96111410650259,0.059343597353031,-1.8589627277997087,1.8599096983174568,634.4811169265043,1379.212258963546,610.1693599876953,1368.67105129327,25.379244677060175,55.16849035854184,24.406774399507814,54.7468420517308,29.921021551942097,29.921021551942097,29.921021551942097,29.921021551942097
2025-12-26T11:49:59.874078,28.300,399.11421744394244,3578.1442400956703,0.0,4197.656787595454,1500.0,1500.0,35.2,30.16,25.0,3578.1442400956703,4.0,1500.0,1500.0,880.3384465165392,1,1,0.0,0.0,0.0,16.067689303307844,4197.656787595454,4207.120348311944,399.11421744394244,4.0,57.88682985554663,55.88682985554663,56.88682985554663,-0.4974614351462077,-1.8255252869153176,1.8920915550324136,540.436565552714,1271.9707172820454,734.0852086747412,1476.7910123571178,21.61746262210856,50.87882869128181,29.36340834698965,59.07164049428471,30.52825362554238,30.52825362554238,30.52825362554238,30.52825362554238
2025-12-26T11:49:59.924120,28.350,391.9073731582126,3582.278883546699,57.5,4121.5620358527785,1625.0,1625.0,38.2025216795256,32.56201734362048,25.0,3582.278883546699,64.050433590512,1625.0,1625.0,800.0,1,1,57.5,51.75,25.0,0.0,4121.5620358527785,4132.285735797237,391.9073731582126,64.050433590512,57.843285442322475,55.843285442322475,56.843285442322475,0.06305211150412358,-1.8297466131479208,1.830832662230881,641.8512406051436,1381.9844833732786,626.2244448114805,1354.6908844877514,25.674049624205743,55.27937933493114,25.04897779245922,54.187635379510056,30.395041854511415,30.395041854511415,30.395041854511415,30.395041854511415
2025-12-26T11:49:59.974328,28.400,391.76567197835533,3586.3786484903444,57.5,4120.297790595163,1625.0,1625.0,38.26123495479753,32.608987963838025,25.0,3586.3786484903444,65.22469909595061,1625.0,1625.0,800.0,1,1,57.5,51.75,25.0,0.0,4120.297790595163,4129.773078639548,391.76567197835533,65.22469909595061,57.800902411029554,55.800902411029554,56.800902411029554,0.06252022439881554,-1.833937143173649,1.8350025132328305,653.5812057672117,1372.8855004545849,619.269536801579,1363.3770302204896,26.14324823068847,54.9154200181834,24.77078147206316,54.535081208819584,30.264915941968894,30.264915941968894,30.264915941968894,30.264915941968894
2025-12-26T11:50:00.024480,28.450,391.75389474377766,3590.443789378801,57.5,4119.635339445926,1625.0,1625.0,38.2658133482528,32.612650678602236,25.0,3590.443789378801,65.31626696505599,1625.0,1625.0,800.0,1,1,57.5,51.75,25.0,0.0,4119.635339445926,4128.8106365058275,391.75389474377766,65.31626696505599,57.75863009464998,55.75863009464998,56.75863009464998,0.061992217615573796,-1.838097015189694,1.8391421022569623,644.8729357083176,1371.979975050243,610.0569884004178,1359.4277436502864,25.794917428332706,54.87919900200972,24.402279536016714,54.377109746011456,30.137808537764826,30.137808537764826,30.137808537764826,30.137808537764826
2025-12-26T11:50:00.074654,28.500,391.74462406128475,3594.4745595224185,57.5,4119.583104586554,1625.0,1625.0,38.269347418632606,32.61547793490608,25.0,3594.4745595224185,65.38694837265206,1625.0,1625.0,800.0,1,1,57.5,51.75,25.0,0.0,4119.583104586554,4129.959810446651,391.74462406128475,65.38694837265206,57.71644870417766,55.71644870417766,56.71644870417766,0.061468073741552096,-1.84222636843336,1.843251560867551,636.3982366779181,1392.6124976985448,621.5423956441232,1359.3061125097165,25.455929467116725,55.70449990794179,24.861695825764926,54.37224450038866,30.01365362501155,30.01365362501155,30.01365362501155,30.01365362501155
2025-12-26T11:50:00.124960,28.550,391.73547015449265,3598.4712110811024,57.5,4119.175119368599,1625.0,1625.0,38.272832905084655,32.618266324067726,25.0,3598.4712110811024,65.45665810169312,1625.0,1625.0,800.0,1,1,57.5,51.75,25.0,0.0,4119.175119368599,4130.431769104866,391.73547015449265,65.45665810169312,57.6743579715979,55.6743579715979,56.6743579715979,0.060947775232850256,-1.8463253431417044,1.8473310217806571,654.9515325145708,1384.9867776943634,606.0789045739934,1359.6581051113856,26.19806130058283,55.39947110777454,24.243156182959737,54.38632420445542,29.89238649820922,29.89238649820922,29.89238649820922,29.89238649820922
2025-12-26T11:50:00.175460,28.600,391.72638763618033,3602.433995056058,57.5,4119.497986091214,1625.0,1625.0,38.27628871833292,32.62103097466634,25.0,3602.433995056058,65.52577436665842,1625.0,1625.0,800.0,1,1,57.5,51.75,25.0,0.0,4119.497986091214,4129.077222304403,391.72638763618033,65.52577436665842,57.6323579905628,55.6323579905628,56.6323579905628,0.060431304419598826,-1.8503940805118182,1.8513806188212707,635.0833023086634,1390.433937876654,622.8156488489093,1348.1164037971205,25.403332092346535,55.61735751506616,24.912625953956372,53.92465615188482,29.773943741577206,29.773943741577206,29.773943741577206,29.773943741577206
2025-12-26T11:50:00.226216,28.650,391.71737514886934,3606.3631612818535,57.5,4120.005522491467,1625.0,1625.0,38.27971542338702,32.623772338709614,25.0,3606.3631612818535,65.59430846774035,1625.0,1625.0,800.0,1,1,57.5,51.75,25.0,0.0,4120.005522491467,4128.780625587114,391.71737514886934,65.59430846774035,57.59044885620679,55.59044885620679,56.59044885620679,0.059918643510964445,-1.8544327226617312,1.8554004868811464,633.2017527562954,1394.2364158632276,622.4284016611176,1357.8480389995686,25.328070110251815,55.76945663452911,24.897136066444705,54.313921559982745,29.658263207595166,29.658263207595166,29.658263207595166,29.658263207595166
2025-12-26T11:50:00.277212,28.700,391.70843216518205,3610.258958418817,57.5,4118.300258832738,1625.0,1625.0,38.283113239385706,32.62649059150856,25.0,3610.258958418817,65.66226478771415,1625.0,1625.0,800.0,1,1,57.5,51.75,25.0,0.0,4118.300258832738,4129.304908353923,391.70843216518205,65.66226478771415,57.548630658446434,55.548630658446434,56.548630658446434,0.05940977460007547,-1.858441412591945,1.8593907618773349,650.8809801036838,1383.0945040660158,619.5467099257227,1350.1842292318288,26.035239204147352,55.32378016264063,24.781868397028905,54.007369169273154,29.545283995757384,29.545283995757384,29.545283995757384,29.545283995757384
2025-12-26T11:50:00.329512,28.750,399.10696155875536,3577.6747718430997,0.0,4196.523256968883,1500.0,1500.0,35.2,30.16,25.0,3577.6747718430997,4.0,1500.0,1500.0,880.1869544119327,1,1,0.0,0.0,0.0,16.037390882386546,4196.523256968883,4207.050796580324,399.10696155875536,4.0,57.47528609286269,55.47528609286269,56.47528609286269,-0.49689937949357305,-1.825046284456966,1.8914816768214475,536.0266098207969,1270.7966198470135,740.414907758009,1455.5454808802422,21.441064392831876,50.83186479388054,29.61659631032036,58.221819235209686,30.160109835158067,30.160109835158067,30.160109835158067,30.160109835158067
2025-12-26T11:50:00.380563,28.800,391.9009226782042,3581.8133730291775,57.5,4121.857511533038,1625.0,1625.0,38.202186087042975,32.56174886963438,25.0,3581.8133730291775,64.0437217408595,1625.0,1625.0,800.0,1,1,57.5,51.75,25.0,0.0,4121.857511533038,4132.007034518283,391.9009226782042,64.0437217408595,57.43267365887818,55.43267365887818,56.43267365887818,0.06311246581387589,-1.8292710996673789,1.830359510975756,647.9952438602365,1383.5080192712942,631.065031463063,1352.8279443769957,25.919809754409464,55.34032077085177,25.24260125852252,54.11311777507983,30.035782530460626,30.035782530460626,30.035782530460626,30.035782530460626
2025-12-26T11:50:00.431600,28.850,391.7592407319893,3585.917066880357,57.5,4118.882757929443,1625.0,1625.0,38.26089134113866,32.60871307291092,25.0,3585.917066880357,65.21782682277313,1625.0,1625.0,800.0,1,1,57.5,51.75,25.0,0.0,4118.882757929443,4130.242017712192,391.7592407319893,65.21782682277313,57.39122108749311,55.39122108749311,56.39122108749311,0.06258013909736386,-1.8334651031202318,1.8345327901591533,639.7462380060036,1386.836275069103,610.5725228929814,1344.4708991975733,25.589849520240147,55.47345100276412,24.422900915719254,53.77883596790293,29.914334826529704,29.914334826529704,29.914334826529704,29.914334826529704
2025-12-26T11:50:00.481860,28.900,391.74745596606465,3589.986107977322,57.5,4120.498843939393,1625.0,1625.0,38.26547286556179,32.61237829244943,25.0,3589.986107977322,65.30945731123575,1625.0,1625.0,800.0,1,1,57.5,51.75,25.0,0.0,4120.498843939393,4130.336768740978,391.74745596606465,65.30945731123575,57.34987803095719,55.34987803095719,56.34987803095719,0.06205169466230438,-1.8376284328926051,1.8386757925707826,655.6313072763236,1382.8643942741387,617.5571450605298,1348.6069524708837,26.225252291052943,55.31457577096555,24.702285802421194,53.94427809883535,29.79570388968907,29.79570388968907,29.79570388968907,29.79570388968907
2025-12-26T11:50:00.532391,28.950,391.73817707585846,3594.020749759901,57.5,4119.355439299673,1625.0,1625.0,38.269010348799824,32.615208279039855,25.0,3594.020749759901,65.38020697599642,1625.0,1625.0,800.0,1,1,57.5,51.75,25.0,0.0,4119.355439299673,4129.891636916408,391.73817707585846,65.38020697599642,57.30862469940155,55.30862469940155,56.30862469940155,0.061527115110985325,-1.8417612281062916,1.8427886496420243,652.7822417127918,1380.7764340090016,629.4721280493911,1359.7695382120755,26.111289668511674,55.23105736036007,25.178885121975647,54.390781528483025,29.679828129627804,29.679828129627804,29.679828129627804,29.679828129627804
2025-12-26T11:50:00.582938,29.000,391.7290150030519,3598.0212445184306,57.5,4119.78744128546,1625.0,1625.0,38.27249923080634,32.617999384645074,25.0,3598.0212445184306,65.44998461612681,1625.0,1625.0,800.0,1,1,57.5,51.75,25.0,0.0,4119.78744128546,4129.713548760537,391.7290150030519,65.44998461612681,57.26746081614757,55.26746081614757,56.26746081614757,0.06100638291406084,-1.8458636288873695,1.8468714939609376,642.1336330035747,1389.8162973791675,610.7473796339,1367.6264444063704,25.685345320142986,55.5926518951667,24.429895185356,54.70505777625482,29.566647179017245,29.566647179017245,29.566647179017245,29.566647179017245
2025-12-26T11:50:00.633113,29.050,391.7199243778972,3601.98784338547,57.5,4119.297929370534,1625.0,1625.0,38.275958415024306,32.62076673201945,25.0,3601.98784338547,65.51916830048616,1625.0,1625.0,800.0,1,1,57.5,51.75,25.0,0.0,4119.297929370534,4128.970086451767,391.7199243778972,65.51916830048616,57.22638646613213,55.22638646613213,56.22638646613213,0.060489480415644975,-1.849935776326405,1.8509244592293153,645.7351104818297,1392.9744664100078,611.0099031407321,1365.6519036749803,25.829404419273185,55.71897865640032,24.440396125629288,54.62607614699921,29.456101873319156,29.456101873319156,29.456101873319156,29.456101873319156
2025-12-26T11:50:00.683299,29.100,391.7109038430602,3605.920796327818,57.5,4119.479334422207,1625.0,1625.0,38.279388466402644,32.62351077312211,25.0,3605.920796327818,65.58776932805284,1625.0,1625.0,800.0,1,1,57.5,51.75,25.0,0.0,4119.479334422207,4128.943050116568,391.7109038430602,65.58776932805284,57.18540173590151,55.18540173590151,56.18540173590151,0.05997638983832655,-1.8539778124392896,1.8549476802204456,638.0306858585944,1373.9321139047972,608.626210963479,1350.117951836256,25.52122743434378,54.95728455619189,24.34504843853916,54.00471807345024,29.348134230788702,29.348134230788702,29.348134230788702,29.348134230788702
2025-12-26T11:50:00.734753,29.150,391.70195287090263,3609.820352138875,57.5,4118.578147789004,1625.0,1625.0,38.28278960418821,32.62623168335057,25.0,3609.820352138875,65.65579208376418,1625.0,1625.0,800.0,1,1,57.5,51.75,25.0,0.0,4118.578147789004,4128.280956393489,391.70195287090263,65.65579208376418,57.1445067069141,55.1445067069141,56.1445067069141,0.05946709328810306,-1.857989880128705,1.8589412927375666,632.6100346962382,1394.118950930817,611.7433545736714,1356.4805907524092,25.30440138784953,55.764758037232674,24.469734182946855,54.259223630096365,29.242687432675567,29.242687432675567,29.242687432675567,29.242687432675567
2025-12-26T11:50:00.788569,29.200,399.09970554000193,3577.268092446674,0.0,4196.0852913015815,1500.0,1500.0,35.2,30.16,25.0,3577.268092446674,4.0,1500.0,1500.0,880.0557237198486,1,1,0.0,0.0,0.0,16.011144743969737,4196.0852913015815,4206.721481427108,399.09970554000193,4.0,57.072081611382764,55.072081611382764,56.072081611382764,-0.4964125037948036,-1.8246313968079872,1.8909534917975357,535.7937113526465,1262.097910458127,741.6495475737048,1471.854987452693,21.43174845410586,50.48391641832508,29.665981902948193,58.874199498107714,29.8635392234722,29.8635392234722,29.8635392234722,29.8635392234722
2025-12-26T11:50:00.841086,29.250,391.8943468501782,3581.4101216222334,57.5,4121.932290836724,1625.0,1625.0,38.20190266833532,32.56152213466825,25.0,3581.4101216222334,64.03805336670638,1625.0,1625.0,800.0,1,1,57.5,51.75,25.0,0.0,4121.932290836724,4131.886736407982,391.8943468501782,64.03805336670638,57.03038198496459,55.03038198496459,56.03038198496459,0.06316474165764718,-1.8288592330824844,1.829949693029765,639.5767125596383,1374.1937905584998,623.4955753941395,1353.4054537163356,25.583068502385533,54.96775162233999,24.93982301576558,54.13621814865343,29.746368471625836,29.746368471625836,29.746368471625836,29.746368471625836
2025-12-26T11:50:00.892136,29.300,391.7526805657587,3585.517218501497,57.5,4119.842313625075,1625.0,1625.0,38.26060139064227,32.60848111251382,25.0,3585.517218501497,65.21202781284549,1625.0,1625.0,800.0,1,1,57.5,51.75,25.0,0.0,4119.842313625075,4129.413072345704,391.7526805657587,65.21202781284549,56.98984078670081,54.98984078670081,55.98984078670081,0.0626320342870605,-1.8330562441517575,1.8341259405893269,639.7302715428324,1376.1865325339086,631.4500561745589,1354.3105422617293,25.589210861713294,55.04746130135634,25.258002246982354,54.17242169046917,29.63191119820507,29.63191119820507,29.63191119820507,29.63191119820507
2025-12-26T11:50:00.946674,29.350,391.7408892234973,3589.58963777626,57.5,4120.363807595434,1625.0,1625.0,38.26518564922206,32.61214851937765,25.0,3589.58963777626,65.30371298444126,1625.0,1625.0,800.0,1,1,57.5,51.75,25.0,0.0,4120.363807595434,4130.059101836989,391.7408892234973,65.30371298444126,56.949407934154934,54.949407934154934,55.949407934154934,0.06210321089233211,-1.8372225679885086,1.8382718985855786,639.2023504357246,1382.8752896867607,611.6754670241961,1353.8634656791512,25.568094017428987,55.31501158747042,24.467018680967843,54.15453862716605,29.520108206461195,29.520108206461195,29.520108206461195,29.520108206461195
2025-12-26T11:50:00.997608,29.400,391.7316032013121,3593.6276329983193,57.5,4119.221542863411,1625.0,1625.0,38.268726098196105,32.614980878556885,25.0,3593.6276329983193,65.37452196392212,1625.0,1625.0,800.0,1,1,57.5,51.75,25.0,0.0,4119.221542863411,4129.095262792871,391.7316032013121,65.37452196392212,56.90906363531374,54.90906363531374,55.90906363531374,0.06157825408890149,-1.841358343614142,1.8423876983344343,644.8009958164321,1369.6488467965687,619.8266244111732,1344.3939939320796,25.792039832657284,54.78595387186275,24.793064976446928,53.77575975728318,29.410901470643402,29.410901470643402,29.410901470643402,29.410901470643402
2025-12-26T11:50:01.047992,29.450,391.7224340336108,3597.6314565708203,57.5,4118.7197353127385,1625.0,1625.0,38.272217930548386,32.61777434443871,25.0,3597.6314565708203,65.44435861096774,1625.0,1625.0,800.0,1,1,57.5,51.75,25.0,0.0,4118.7197353127385,4129.251575239228,391.7224340336108,65.44435861096774,56.86880760489927,54.86880760489927,55.86880760489927,0.06105714636007166,-1.8454637110582732,1.8464734723127243,646.2604907538359,1381.9169827612802,630.4767852165602,1354.503015036917,25.850419630153436,55.27667931045121,25.21907140866241,54.18012060147668,29.30423411681557,29.30423411681557,29.30423411681557,29.30423411681557
2025-12-26T11:50:01.098472,29.500,399.0948146859745,3560.897483044164,0.0,4196.307579838822,1500.0,1500.0,35.2,30.16,25.0,3560.897483044164,4.0,1500.0,1500.0,900.0,1,1,0.0,0.0,0.0,20.0,4196.307579838822,4206.239514515971,399.0948146859745,4.0,56.79729739851182,54.79729739851182,55.79729739851182,-0.5601824249721105,0.0,0.5601824249721105,886.6480156859618,893.4534985744042,1101.756563410998,1100.1680574554643,35.46592062743847,35.73813994297617,44.07026253643992,44.00672229821857,30.09997973549358,30.09997973549358,30.09997973549358,30.09997973549358
2025-12-26T11:50:01.148998,29.550,399.0938723050221,3502.9873860801836,0.0,4196.097088346868,1500.0,1500.0,35.2,30.16,25.0,3502.9873860801836,4.0,1500.0,1500.0,1000.0,1,1,0.0,0.0,0.0,40.0,4196.097088346868,4207.525567569882,399.0938723050221,4.0,56.726980937001485,54.726980937001485,55.726980937001485,-0.8831121556755209,0.0,0.8831121556755209,812.6294341227766,820.9089159579738,1166.8467781637883,1178.0107860779694,32.50517736491106,32.836356638318954,46.67387112655153,47.120431443118775,31.748010672396447,31.748010672396447,31.748010672396447,31.748010672396447
2025-12-26T11:50:01.199477,29.600,399.09292992406967,3424.0732963424607,0.0,4196.8101570593235,1500.0,1500.0,35.2,30.16,25.0,3424.0732963424607,4.0,1500.0,1500.0,1100.0,1,1,0.0,0.0,0.0,60.0,4196.8101570593235,4207.737238238186,399.09292992406967,4.0,56.65822481418153,54.65822481418153,55.65822481418153,-1.203416943763691,0.0,1.203416943763691,759.0431793486827,763.1895971548978,1245.3585923663716,1243.5222302907937,30.361727173947305,30.527583886195913,49.814343694654866,49.740889211631746,34.184611897285635,34.184611897285635,34.184611897285635,34.184611897285635
2025-12-26T11:50:01.250029,29.650,399.0919875431173,3324.317287532482,0.0,4196.936718221564,1500.0,1500.0,35.2,30.16,25.0,3324.317287532482,4.0,1500.0,1500.0,1200.0,1,1,0.0,0.0,0.0,80.0,4196.936718221564,4207.171125776663,399.0919875431172,4.0,56.59138964299285,54.59138964299285,55.59138964299285,-1.5212501549869673,0.0,1.5212501549869673,691.5976190839908,693.9021009356944,1304.2713338035298,1314.296161611796,27.663904763359632,27.756084037427776,52.170853352141194,52.57184646447184,37.33347391267332,37.33347391267332,37.33347391267332,37.33347391267332
2025-12-26T11:50:01.302031,29.700,371.82775220155736,3388.1698717475983,230.0,3909.0702536344197,2000.0,2000.0,46.55994206571284,39.24795365257027,25.0,3388.1698717475983,231.19884131425673,2000.0,2000.0,800.0,1,1,230.0,207.0,100.0,0.0,3909.0702536344197,3919.4745122579066,371.82775220155736,231.19884131425675,56.924340963719644,54.924340963719644,55.924340963719644,0.9737333599482086,0.0,0.9737333599482086,1205.2481029302328,1206.3331661017987,815.136707159707,799.0431080517627,48.20992411720931,48.25332664407195,32.60546828638828,31.96172432207051,37.04971041971429,37.04971041971429,37.04971041971429,37.04971041971429
2025-12-26T11:50:01.353077,29.750,399.09067077831577,3353.159757282114,0.0,4197.323568564358,1500.0,1500.0,35.2,30.16,25.0,3353.159757282114,4.0,1500.0,1500.0,900.0,1,1,0.0,0.0,0.0,20.0,4197.323568564358,4207.394797816928,399.09067077831577,4.0,56.85642641887194,54.85642641887194,55.85642641887194,-0.5338940750745175,0.0,0.5338940750745175,899.2428108244146,893.4728357734656,1099.6117731443487,1118.9419821881545,35.969712432976586,35.738913430938624,43.98447092577395,44.75767928752618,37.62134548050813,37.62134548050813,37.62134548050813,37.62134548050813
2025-12-26T11:50:01.403867,29.800,399.08972839736333,3296.94177379297,0.0,4197.212602116924,1500.0,1500.0,35.2,30.16,25.0,3296.94177379297,4.0,1500.0,1500.0,1000.0,1,1,0.0,0.0,0.0,40.0,4197.212602116924,4206.435481542213,399.08972839736333,4.0,56.78966130277363,54.78966130277363,55.78966130277363,-0.8573079167473787,0.0,0.8573079167473787,823.2237842752802,817.8353053275972,1170.913935575397,1175.4636077570835,32.92895137101121,32.71341221310389,46.83655742301588,47.01854431028334,39.002040224566414,39.002040224566414,39.002040224566414,39.002040224566414
2025-12-26T11:50:01.454660,29.850,372.04390184441786,3361.0079003487494,230.0,3912.511016060453,2000.0,2000.0,46.46893650784105,39.175149206272835,25.0,3361.0079003487494,229.37873015682092,2000.0,2000.0,800.0,1,1,230.0,207.0,100.0,0.0,3912.511016060453,3922.658936418851,372.04390184441786,229.37873015682095,57.116383326612485,55.116383326612485,56.116383326612485,0.9769898186087679,0.0,0.9769898186087679,1186.2258855882026,1192.551665531345,799.1137044645852,814.4733621179384,47.4490354235281,47.7020666212538,31.96454817858341,32.578934484717536,38.68202065159521,38.68202065159521,38.68202065159521,38.68202065159521
2025-12-26T11:50:01.504691,29.900,399.088407082284,3326.2137558172462,0.0,4197.763352369631,1500.0,1500.0,35.2,30.16,25.0,3326.2137558172462,4.0,1500.0,1500.0,900.0,1,1,0.0,0.0,0.0,20.0,4197.763352369631,4206.152015297029,399.088407082284,4.0,57.048545009600886,55.048545009600886,56.048545009600886,-0.5306005963211184,0.0,0.5306005963211184,891.3625077719496,900.4967378934073,1102.9107285357234,1113.997551814681,35.654500310877985,36.01986951573629,44.11642914142894,44.55990207258724,39.21168655015178,39.21168655015178,39.21168655015178,39.21168655015178
2025-12-26T11:50:01.555279,29.950,371.8087864253686,3390.0514812558818,230.0,3909.0317981634516,2000.0,2000.0,46.56635274733347,39.253082197866775,25.0,3390.0514812558818,231.32705494666942,2000.0,2000.0,800.0,1,1,230.0,207.0,100.0,0.0,3909.0317981634516,3920.299338719371,371.8087864253686,231.32705494666942,57.3809240354969,55.3809240354969,56.3809240354969,0.9735067679233984,0.0,0.9735067679233984,1182.2858907287123,1201.3748748037958,807.7589542562275,806.0482333791546,47.29143562914849,48.05499499215183,32.3103581702491,32.24192933516618,38.88455989786604,38.88455989786604,38.88455989786604,38.88455989786604
2025-12-26T11:50:01.606434,30.000,399.08709063801655,3355.0263413784874,0.0,4197.614618730053,1500.0,1500.0,35.2,30.16,25.0,3355.0263413784874,4.0,1500.0,1500.0,900.0,1,1,0.0,0.0,0.0,20.0,4197.614618730053,4207.083826108558,399.08709063801655,4.0,57.312002550419315,55.312002550419315,56.312002550419315,-0.5341232082412362,0.0,0.5341232082412362,892.2632244707863,903.1968443101185,1104.4875791009947,1108.7518849326061,35.69052897883145,36.12787377240474,44.17950316403979,44.350075397304245,39.41466569852668,39.41466569852668,39.41466569852668,39.41466569852668
2025-12-26T11:50:01.656901,30.050,399.0861482570641,3298.7936064701717,0.0,4196.062365844035,1500.0,1500.0,35.2,30.16,25.0,3298.7936064701717,4.0,1500.0,1500.0,1000.0,1,1,0.0,0.0,0.0,40.0,4196.062365844035,4206.828438391979,399.0861482570641,4.0,57.244247347627834,55.244247347627834,56.244247347627834,-0.8575328716044301,0.0,0.8575328716044301,826.0715541842617,829.944444000033,1182.0115060463133,1173.1410269585167,33.042862167370465,33.197777760001316,47.28046024185253,46.92564107834067,40.75580350711834,40.75580350711834,40.75580350711834,40.75580350711834
2025-12-26T11:50:01.707463,30.100,372.0252936775885,3362.8453435125743,230.0,3912.8422764278444,2000.0,2000.0,46.47519831601631,39.18015865281305,25.0,3362.8453435125743,229.5039663203262,2000.0,2000.0,800.0,1,1,230.0,207.0,100.0,0.0,3912.8422764278444,3922.752282230722,372.0252936775885,229.5039663203262,57.57039637125072,55.57039637125072,56.57039637125072,0.9767703827099583,0.0,0.9767703827099583,1190.7145786215456,1191.3383830513342,808.9618172087696,807.6800546423037,47.62858314486182,47.653535322053365,32.35847268835079,32.30720218569215,40.39553889430459,40.39553889430459,40.39553889430459,40.39553889430459
2025-12-26T11:50:01.760198,30.150,399.08482725507514,3328.0366439451836,0.0,4196.184498237878,1500.0,1500.0,35.2,30.16,25.0,3328.0366439451836,4.0,1500.0,1500.0,900.0,1,1,0.0,0.0,0.0,20.0,4196.184498237878,4206.137703095117,399.08482725507514,4.0,57.5015640542113,55.5015640542113,56.5015640542113,-0.53082255639012,0.0,0.53082255639012,883.6556841926229,882.3082535930423,1105.2717337782317,1103.061101637535,35.34622736770491,35.29233014372169,44.21086935112927,44.122444065501405,40.88667918928612,40.88667918928612,40.88667918928612,40.88667918928612
2025-12-26T11:50:01.812337,30.200,371.7904085571002,3391.860079118365,230.0,3909.8477623552144,2000.0,2000.0,46.5725187262329,39.25801498098632,25.0,3391.860079118365,231.450374524658,2000.0,2000.0,800.0,1,1,230.0,207.0,100.0,0.0,3909.8477623552144,3919.8727231092757,371.79040855710025,231.450374524658,57.833363311797825,55.833363311797825,56.833363311797825,0.9732888455265787,0.0,0.9732888455265787,1192.4274708170874,1187.0414024384193,806.0626718368881,807.1064402301911,47.697098832683494,47.48165609753677,32.24250687347552,32.28425760920764,40.520836125081374,40.520836125081374,40.520836125081374,40.520836125081374
2025-12-26T11:50:01.866404,30.250,399.0835111191067,3356.8204889938006,0.0,4196.286472097211,1500.0,1500.0,35.2,30.16,25.0,3356.8204889938006,4.0,1500.0,1500.0,900.0,1,1,0.0,0.0,0.0,20.0,4196.286472097211,4206.843715995884,399.0835111191067,4.0,57.76344410410558,55.76344410410558,56.76344410410558,-0.5343435703127396,0.0,0.5343435703127396,889.9962971766361,897.6213476853038,1114.9464737443604,1096.3863951354076,35.59985188706544,35.90485390741215,44.59785894977442,43.855455805416305,41.013896108272306,41.013896108272306,41.013896108272306,41.013896108272306
2025-12-26T11:50:01.917051,30.300,399.0825687381543,3300.57356738664,0.0,4196.976503557874,1500.0,1500.0,35.2,30.16,25.0,3300.57356738664,4.0,1500.0,1500.0,1000.0,1,1,0.0,0.0,0.0,40.0,4196.976503557874,4207.53905995244,399.0825687381543,4.0,57.6947078785355,55.6947078785355,56.6947078785355,-0.8577492146405323,0.0,0.8577492146405323,834.554890498186,837.7849834335656,1180.1522888788472,1170.5172125208235,33.38219561992744,33.511399337342624,47.20609155515389,46.82068850083294,42.319780127723256,42.319780127723256,42.319780127723256,42.319780127723256
2025-12-26T11:50:01.969584,30.350,372.00725980994923,3364.611465773515,230.0,3912.219149675887,2000.0,2000.0,46.48122108679461,39.18497686943569,25.0,3364.611465773515,229.62442173589224,2000.0,2000.0,800.0,1,1,230.0,207.0,100.0,0.0,3912.219149675887,3921.726772303932,372.00725980994923,229.62442173589224,58.02027685998046,56.02027685998046,57.02027685998046,0.9765593472333183,0.0,0.9765593472333183,1183.3291726002808,1183.0548064643933,809.1840585020391,815.7727121228953,47.333166904011236,47.32219225857573,32.36736234008156,32.630908484915814,41.92358277588785,41.92358277588785,41.92358277588785,41.92358277588785
2025-12-26T11:50:02.020297,30.400,399.08124803730385,3329.7887686304766,0.0,4197.679460798485,1500.0,1500.0,35.2,30.16,25.0,3329.7887686304766,4.0,1500.0,1500.0,900.0,1,1,0.0,0.0,0.0,20.0,4197.679460798485,4206.877552327833,399.08124803730385,4.0,57.95045967812381,55.95045967812381,56.95045967812381,-0.5310360153524236,0.0,0.5310360153524236,881.5929468300029,886.4872812624614,1103.4633645744184,1101.000680674947,35.263717873200115,35.45949125049845,44.13853458297673,44.040027226997886,42.380357920656785,42.380357920656785,42.380357920656785,42.380357920656785
2025-12-26T11:50:02.070851,30.450,371.77259609136115,3393.598460898439,230.0,3909.683233727534,2000.0,2000.0,46.57844936977451,39.26275949581961,25.0,3393.598460898439,231.5689873954902,2000.0,2000.0,800.0,1,1,230.0,207.0,100.0,0.0,3909.683233727534,3920.330144167704,371.77259609136115,231.56898739549018,58.28167230631346,56.28167230631346,57.28167230631346,0.9730792702143457,0.0,0.9730792702143457,1206.6641045397664,1182.3136656087722,814.4611316193287,801.6266932437197,48.26656418159066,47.29254662435089,32.57844526477315,32.06506772974879,41.97994849019467,41.97994849019467,41.97994849019467,41.97994849019467
2025-12-26T11:50:02.121294,30.500,399.07993219786755,3358.54497427159,0.0,4197.066902314327,1500.0,1500.0,35.2,30.16,25.0,3358.54497427159,4.0,1500.0,1500.0,900.0,1,1,0.0,0.0,0.0,20.0,4197.066902314327,4206.23689890146,399.07993219786755,4.0,58.21076458065514,56.21076458065514,57.21076458065514,-0.534555487935622,0.0,0.534555487935622,891.398648451342,900.890099468284,1118.4267386078293,1100.085049471197,35.65594593805368,36.03560397873136,44.73706954431317,44.003401978847876,42.439965505511445,42.439965505511445,42.439965505511445,42.439965505511445
2025-12-26T11:50:02.171788,30.550,399.07898981691517,3302.284409651702,0.0,4197.72050148424,1500.0,1500.0,35.2,30.16,25.0,3302.284409651702,4.0,1500.0,1500.0,1000.0,1,1,0.0,0.0,0.0,40.0,4197.72050148424,4206.325193708555,399.07898981691517,4.0,58.14105638353317,56.14105638353317,57.14105638353317,-0.8579572666213049,0.0,0.8579572666213049,833.6518095818212,822.5291183747972,1179.5408067898343,1173.4039692653625,33.34607238327285,32.90116473499189,47.18163227159337,46.936158770614504,43.714436314579764,43.714436314579764,43.714436314579764,43.714436314579764
2025-12-26T11:50:02.229267,30.600,371.9897782428472,3366.308999723722,230.0,3910.710880578326,2000.0,2000.0,46.48701397658935,39.18961118127148,25.0,3366.308999723722,229.74027953178702,2000.0,2000.0,800.0,1,1,230.0,207.0,100.0,0.0,3910.710880578326,3922.046368423692,371.9897782428472,229.74027953178702,58.466038872686994,56.466038872686994,57.466038872686994,0.9763563992978922,0.0,0.9763563992978922,1204.4511685832272,1182.8609949285965,800.0506413691085,803.7853735549068,48.17804674332909,47.31443979714386,32.00202565476434,32.15141494219627,43.28615738783305,43.28615738783305,43.28615738783305,43.28615738783305
2025-12-26T11:50:02.280797,30.650,399.07766940570923,3331.4728416816088,0.0,4196.560498302276,1500.0,1500.0,35.2,30.16,25.0,3331.4728416816088,4.0,1500.0,1500.0,900.0,1,1,0.0,0.0,0.0,20.0,4196.560498302276,4206.947158559266,399.07766940570923,4.0,58.39524594624104,56.39524594624104,57.39524594624104,-0.5312412901528873,0.0,0.5312412901528873,902.2683900875248,887.3394478506402,1115.667756620752,1111.2623711036329,36.090735603500995,35.49357791402561,44.62671026483008,44.45049484414531,43.71228162567811,43.71228162567811,43.71228162567811,43.71228162567811
2025-12-26T11:50:02.335324,30.700,371.7553273611415,3395.2693179943994,230.0,3909.6690057258916,2000.0,2000.0,46.584153696375076,39.26732295710006,25.0,3395.2693179943994,231.6830739275015,2000.0,2000.0,800.0,1,1,230.0,207.0,100.0,0.0,3909.6690057258916,3918.2677086862313,371.7553273611415,231.68307392750154,58.72586567003076,56.72586567003076,57.72586567003076,0.9728777307372368,0.0,0.9728777307372368,1200.4946048490133,1201.8076040158544,806.0303800807368,816.7607866822727,48.01978419396053,48.072304160634175,32.24121520322947,32.67043146729091,43.281011880514434,43.281011880514434,43.281011880514434,43.281011880514434
2025-12-26T11:50:02.386357,30.750,399.0763538514893,3360.2024679420088,0.0,4197.048736955772,1500.0,1500.0,35.2,30.16,25.0,3360.2024679420088,4.0,1500.0,1500.0,900.0,1,1,0.0,0.0,0.0,20.0,4197.048736955772,4207.7058465578,399.0763538514893,4.0,58.65397861379114,56.65397861379114,57.65397861379114,-0.5347592762930254,0.0,0.5347592762930254,905.2174172092734,886.2619256311581,1103.5751939340366,1111.8360475697748,36.208696688370935,35.45047702524632,44.14300775736147,44.47344190279099,43.711559242279776,43.711559242279776,43.711559242279776,43.711559242279776
2025-12-26T11:50:02.436375,30.800,399.0754114705369,3303.928783699731,0.0,4196.937899337783,1500.0,1500.0,35.2,30.16,25.0,3303.928783699731,4.0,1500.0,1500.0,1000.0,1,1,0.0,0.0,0.0,40.0,4196.937899337783,4206.4804321210695,399.0754114705369,4.0,58.583307479423375,56.583307479423375,57.583307479423375,-0.8581573370514578,0.0,0.8581573370514578,822.6650672797009,828.4953978201736,1178.9791750229983,1171.5059731297602,32.906602691188034,33.139815912806945,47.15916700091993,46.86023892519041,44.95804405041877,44.95804405041877,44.95804405041877,44.95804405041877
2025-12-26T11:50:02.487114,30.850,371.9728277982275,3367.940576000615,230.0,3911.8088155964792,2000.0,2000.0,46.492585800269566,39.194068640215654,25.0,3367.940576000615,229.85171600539135,2000.0,2000.0,800.0,1,1,230.0,207.0,100.0,0.0,3911.8088155964792,3921.341655839947,371.9728277982275,229.85171600539132,58.90769759247484,56.90769759247484,57.90769759247484,0.9761612370058338,0.0,0.9761612370058338,1205.071096257192,1204.0647447638332,803.8247632829369,810.1073248708582,48.20284385028768,48.162589790553334,32.15299053131748,32.40429299483433,44.50112254525216,44.50112254525216,44.50112254525216,44.50112254525216
2025-12-26T11:50:02.537930,30.900,399.0740913379221,3333.0914736835266,0.0,4196.254176574939,1500.0,1500.0,35.2,30.16,25.0,3333.0914736835266,4.0,1500.0,1500.0,900.0,1,1,0.0,0.0,0.0,20.0,4196.254176574939,4207.3827805940955,399.0740913379221,4.0,58.835938022548824,56.835938022548824,57.835938022548824,-0.531438686585907,0.0,0.531438686585907,904.6479404309524,903.6000687359439,1106.5067066676281,1115.57792565314,36.1859176172381,36.14400274943775,44.260268266705125,44.623117026125605,44.89991135081571,44.89991135081571,44.89991135081571,44.89991135081571
2025-12-26T11:50:02.588179,30.950,371.7385815083624,3396.875241299288,230.0,3909.486122074941,2000.0,2000.0,46.589640387761094,39.271712310208876,25.0,3396.875241299288,231.79280775522187,2000.0,2000.0,800.0,1,1,230.0,207.0,100.0,0.0,3909.486122074941,3918.9350095445234,371.7385815083624,231.79280775522187,59.16595912764078,57.16595912764078,58.16595912764078,0.9726839267994506,0.0,0.9726839267994506,1196.2842211244708,1199.985241227623,796.0999033353834,796.6272417951988,47.851368844978836,47.99940964910492,31.843996133415335,31.86508967180795,44.44109052647364,44.44109052647364,44.44109052647364,44.44109052647364
2025-12-26T11:50:02.638385,31.000,399.07277605803665,3361.795540958886,0.0,4196.142646354796,1500.0,1500.0,35.2,30.16,25.0,3361.795540958886,4.0,1500.0,1500.0,900.0,1,1,0.0,0.0,0.0,20.0,4196.142646354796,4206.190070220094,399.07277605803665,4.0,59.09310190690178,57.09310190690178,58.09310190690178,-0.534955239452154,0.0,0.534955239452154,887.5038629404436,884.9125176696193,1113.093157418207,1103.8129316267355,35.500154517617744,35.39650070678477,44.523726296728285,44.15251726506942,44.84535771168659,44.84535771168659,44.84535771168659,44.84535771168659
2025-12-26T11:50:02.688771,31.050,399.0718336770842,3305.5092409048098,0.0,4196.733087024862,1500.0,1500.0,35.2,30.16,25.0,3305.5092409048098,4.0,1500.0,1500.0,1000.0,1,1,0.0,0.0,0.0,40.0,4196.733087024862,4207.358810749974,399.07183367708416,4.0,59.02147684869523,57.02147684869523,58.02147684869523,-0.8583497245164656,0.0,0.8583497245164656,840.0481339470529,820.0873752927203,1170.1157332643959,1163.4751935642364,33.601925357882116,32.80349501170881,46.804629330575835,46.53900774256946,46.066914389772194,46.066914389772194,46.066914389772194,46.066914389772194
2025-12-26T11:50:02.738999,31.100,371.9563880897234,3369.508726879688,230.0,3912.224745694677,2000.0,2000.0,46.49794504319192,39.198356034553534,25.0,3369.508726879688,229.95890086383835,2000.0,2000.0,800.0,1,1,230.0,207.0,100.0,0.0,3912.224745694677,3921.243495914693,371.9563880897234,229.95890086383832,59.345269243494435,57.345269243494435,58.345269243494435,0.9759735691092599,0.0,0.9759735691092599,1207.4298683010506,1189.3967813981515,795.1453668060713,799.261742559279,48.29719473204203,47.57587125592606,31.80581467224285,31.97046970237116,45.58442096136466,45.58442096136466,45.58442096136466,45.58442096136466
2025-12-26T11:50:02.789583,31.150,399.07051381243156,3334.647177568131,0.0,4197.401482243029,1500.0,1500.0,35.2,30.16,25.0,3334.647177568131,4.0,1500.0,1500.0,900.0,1,1,0.0,0.0,0.0,20.0,4197.401482243029,4206.884066829772,399.07051381243156,4.0,59.272552108193224,57.272552108193224,58.272552108193224,-0.5316284996356708,0.0,0.5316284996356708,897.4172218945457,890.3955198273559,1110.1250098366786,1094.0254381302905,35.89668887578183,35.61582079309424,44.40500039346715,43.76101752521162,45.958833496543114,45.958833496543114,45.958833496543114,45.958833496543114
2025-12-26T11:50:02.842309,31.200,371.7223384553228,3398.4187247494533,230.0,3909.137848281838,2000.0,2000.0,46.59491780085269,39.275934240682155,25.0,3398.4187247494533,231.89835601705386,2000.0,2000.0,800.0,1,1,230.0,207.0,100.0,0.0,3909.137848281838,3919.221709962236,371.7223384553228,231.89835601705386,59.60196941651993,57.60196941651993,58.60196941651993,0.9724975687243178,0.0,0.9724975687243178,1206.8076083053545,1182.010798945809,810.7540303614377,811.5716705569616,48.27230433221418,47.28043195783236,32.430161214457506,32.462866822278464,45.475416231691355,45.475416231691355,45.475416231691355,45.475416231691355
2025-12-26T11:50:02.892830,31.250,399.06919879641686,3363.3266680258957,0.0,4196.895871650412,1500.0,1500.0,35.2,30.16,25.0,3363.3266680258957,4.0,1500.0,1500.0,900.0,1,1,0.0,0.0,0.0,20.0,4196.895871650412,4207.5609063382,399.06919879641686,4.0,59.52815117226777,57.52815117226777,58.52815117226777,-0.5351436707057148,0.0,0.5351436707057148,901.3080870530388,883.1320942558957,1096.374085559876,1110.6684992414232,36.05232348212155,35.32528377023583,43.85496342239504,44.42673996965693,45.85624977157154,45.85624977157154,45.85624977157154,45.85624977157154
2025-12-26T11:50:02.944515,31.300,399.0682564154644,3307.028237084879,0.0,4197.1662192060385,1500.0,1500.0,35.2,30.16,25.0,3307.028237084879,4.0,1500.0,1500.0,1000.0,1,1,0.0,0.0,0.0,40.0,4197.1662192060385,4205.915129377894,399.0682564154644,4.0,59.45558117899459,57.45558117899459,58.45558117899459,-0.858534717018248,0.0,0.858534717018248,825.4838266765925,821.4203964411377,1181.8222136521385,1177.4919354420294,33.0193530670637,32.85681585764551,47.27288854608554,47.09967741768118,47.05560624889919,47.05560624889919,47.05560624889919,47.05560624889919
2025-12-26T11:50:02.995176,31.350,371.940439494632,3371.015889757205,230.0,3910.3037298283293,2000.0,2000.0,46.50309987286407,39.20247989829125,25.0,3371.015889757205,230.06199745728134,2000.0,2000.0,800.0,1,1,230.0,207.0,100.0,0.0,3910.3037298283293,3920.6347169408505,371.940439494632,230.06199745728136,59.778771031294966,57.778771031294966,58.778771031294966,0.97579311468294,0.0,0.97579311468294,1206.1566873389281,1184.8352649560172,807.5779216426143,811.8020448273287,48.24626749355713,47.39341059824069,32.303116865704574,32.472081793093146,46.55028242618657,46.55028242618657,46.55028242618657,46.55028242618657
2025-12-26T11:50:03.045740,31.400,399.0669368085533,3336.142372075062,0.0,4196.926105769995,1500.0,1500.0,35.2,30.16,25.0,3336.142372075062,4.0,1500.0,1500.0,900.0,1,1,0.0,0.0,0.0,20.0,4196.926105769995,4206.490308750351,399.0669368085533,4.0,59.705105382072155,57.705105382072155,58.705105382072155,-0.531811013810262,0.0,0.531811013810262,883.6851719152648,902.7309231536508,1104.3820165255474,1096.485665615766,35.34740687661059,36.10923692614603,44.175280661021894,43.85942662463064,46.9029595260604,46.9029595260604,46.9029595260604,46.9029595260604
2025-12-26T11:50:03.096301,31.450,371.7065788770241,3399.9021687637937,230.0,3909.0768809046763,2000.0,2000.0,46.59999397928158,39.27999518342526,25.0,3399.9021687637937,231.99987958563148,2000.0,2000.0,800.0,1,1,230.0,207.0,100.0,0.0,3909.0768809046763,3919.258162787577,371.7065788770241,231.99987958563148,60.033914228201944,58.033914228201944,59.033914228201944,0.9723183771258485,0.0,0.9723183771258485,1193.050547112086,1203.5636791219335,804.2758787204349,806.6071412584332,47.72202188448344,48.14254716487734,32.171035148817396,32.26428565033733,46.3975836359423,46.3975836359423,46.3975836359423,46.3975836359423
2025-12-26T11:50:03.146995,31.500,399.06562204634747,3287.085216229625,0.0,4197.366113828091,1500.0,1500.0,35.2,30.16,25.0,3287.085216229625,4.0,1500.0,1500.0,1261.692794569429,1,1,0.0,0.0,0.0,92.3385589138858,4197.366113828091,4206.5363509296,399.06562204634747,4.0,59.960671442801676,57.960671442801676,58.960671442801676,-1.7204257525446893,-2.8,3.2863147703801836,90.30550364998186,1210.4125733045908,795.1915337136201,1909.877887420939,3.612220145999274,48.416502932183626,31.8076613485448,76.39511549683756,49.74864277142471,49.74864277142471,49.74864277142471,49.74864277142471
2025-12-26T11:50:03.197318,31.550,399.0646796653951,3182.409545159139,0.0,4196.310456053336,1500.0,1500.0,35.2,30.16,25.0,3182.409545159139,4.0,1500.0,1500.0,1227.9380413045023,1,1,0.0,0.0,0.0,85.58760826090045,4196.310456053336,4207.366926078018,399.0646796653951,4.0,59.88963502400016,57.88963502400016,58.88963502400016,-1.5962735752857704,-2.8,3.2230558988568,113.38167918589247,1234.4790085544882,755.0095687267063,1867.532168301457,4.535267167435698,49.37916034217953,30.200382749068254,74.70128673205828,52.645846999725435,52.645846999725435,52.645846999725435,52.645846999725435
2025-12-26T11:50:03.250203,31.600,399.06373728444265,3085.260830301247,0.0,4196.25338461718,1500.0,1500.0,35.2,30.16,25.0,3085.260830301247,4.0,1500.0,1500.0,1196.6191537573955,1,1,0.0,0.0,0.0,79.32383075147908,4196.25338461718,4206.232725718192,399.06373728444265,4.0,59.82064468321218,57.82064468321218,58.82064468321218,-1.481489679642944,-2.8,3.1677770866790094,140.53654113017146,1257.4063900712717,742.7971405821704,1853.235866740527,5.621461645206859,50.29625560285087,29.71188562328682,74.12943466962108,55.145918377534706,55.145918377534706,55.145918377534706,55.145918377534706
2025-12-26T11:50:03.310275,31.650,399.06279490349027,2995.0747288139637,0.0,4196.199297634805,1500.0,1500.0,35.2,30.16,25.0,2995.0747288139637,4.0,1500.0,1500.0,1167.552326242801,1,1,0.0,0.0,0.0,73.51046524856017,4196.199297634805,4207.3061061819135,399.06279490349027,4.0,59.75355272598103,57.75355272598103,58.75355272598103,-1.375311848397423,-2.8,3.119532445790929,157.88373241717883,1276.3743120927916,705.35724671104,1844.3597533144996,6.315349296687153,51.054972483711666,28.2142898684416,73.77439013257998,57.29789399184716,57.29789399184716,57.29789399184716,57.29789399184716
2025-12-26T11:50:03.360787,31.700,399.0618525225379,2911.3323287579833,0.0,4195.834052279547,1500.0,1500.0,35.2,30.16,25.0,2911.3323287579833,4.0,1500.0,1500.0,1140.5687077772434,1,1,0.0,0.0,0.0,68.11374155544868,4195.834052279547,4207.110642402499,399.0618525225379,4.0,59.688222972100114,57.688222972100114,58.688222972100114,-1.277047273481113,-2.8,3.077474571577407,176.72680769892898,1315.834761843762,689.7802744069267,1809.867580168739,7.069072307957159,52.633390473750474,27.591210976277065,72.39470320674957,59.144253726419656,59.144253726419656,59.144253726419656,59.144253726419656
2025-12-26T11:50:03.412856,31.750,399.06091014158545,2833.5560752804417,0.0,4197.637324233178,1500.0,1500.0,35.2,30.16,25.0,2833.5560752804417,4.0,1500.0,1500.0,1115.513040271544,1,1,0.0,0.0,0.0,63.1026080543088,4197.637324233178,4207.186097379323,399.06091014158545,4.0,59.624529780307874,57.624529780307874,58.624529780307874,-1.1860652713401407,-2.8,3.040847057627062,210.61736093935218,1324.4062440840487,680.2699709808832,1798.0071964486071,8.424694437574088,52.97624976336195,27.210798839235327,71.92028785794429,60.72187043953137,60.72187043953137,60.72187043953137,60.72187043953137
2025-12-26T11:50:03.464384,31.800,399.05996776063307,2761.3061163891534,0.0,4196.721763271458,1500.0,1500.0,35.2,30.16,25.0,2761.3061163891534,4.0,1500.0,1500.0,1092.2424396478505,1,1,0.0,0.0,0.0,58.44848792957009,4196.721763271458,4207.286935311584,399.05996776063307,4.0,59.56235716588107,57.56235716588107,58.56235716588107,-1.1017908843019135,-2.8,3.008977094085429,231.94812453551518,1349.612986090941,670.8110377050598,1784.9317150276042,9.277924981420608,53.98451944363764,26.83244150820239,71.39726860110417,62.06281246512716,62.06281246512716,62.06281246512716,62.06281246512716
2025-12-26T11:50:03.514968,31.850,399.05902537968063,2694.1770182691766,0.0,4197.619142180579,1500.0,1500.0,35.2,30.16,25.0,2694.1770182691766,4.0,1500.0,1500.0,1070.6253024978469,1,1,0.0,0.0,0.0,54.12506049956937,4197.619142180579,4207.485917702912,399.05902537968063,4.0,59.50159800094856,57.50159800094856,58.50159800094856,-1.0236992451620104,-2.759898767925732,2.943637435850965,243.62861384413043,1353.3981220683786,650.4122783040841,1761.4982037559544,9.745144553765217,54.13592488273515,26.016491132163363,70.45992815023817,63.19502296069705,63.19502296069705,63.19502296069705,63.19502296069705
2025-12-26T11:50:03.565597,31.900,399.05808299872825,2631.794806903048,0.0,4196.557946839499,1500.0,1500.0,35.2,30.16,25.0,2631.794806903048,4.0,1500.0,1500.0,1050.5403233077682,1,1,0.0,0.0,0.0,50.10806466155364,4196.557946839499,4206.950626864145,399.05808299872825,4.0,59.442153288628845,57.442153288628845,58.442153288628845,-0.9513106011480826,2.6335705037658546,2.8001224005679224,1346.3683121194365,293.92477761706675,1729.2540490671715,653.0719828590647,53.85473248477746,11.756991104682669,69.17016196268686,26.12287931436259,64.14289627437013,64.14289627437013,64.14289627437013,64.14289627437013
2025-12-26T11:50:03.615789,31.950,399.0571406177758,2573.814298532948,0.0,4196.447754139922,1500.0,1500.0,35.2,30.16,25.0,2573.814298532948,4.0,1500.0,1500.0,1031.8756093132429,1,1,0.0,0.0,0.0,46.37512186264857,4196.447754139922,4205.846674213159,399.0571406177758,4.0,59.38393150319371,57.38393150319371,58.38393150319371,-0.8841859091641517,2.5188094650506487,2.6694916825480415,1319.2691964775222,320.2891693043564,1684.5981021005975,665.3470257902487,52.770767859100886,12.811566772174256,67.3839240840239,26.61388103160995,64.92776797747013,64.92776797747013,64.92776797747013,64.92776797747013
2025-12-26T11:50:03.666314,32.000,399.05619823682343,2519.91668641876,0.0,4195.59760165086,1500.0,1500.0,35.2,30.16,25.0,2519.91668641876,4.0,1500.0,1500.0,1014.5278817754422,1,1,0.0,0.0,0.0,42.90557635508844,4195.59760165086,4206.556110777797,399.05619823682343,4.0,59.32684798940656,57.32684798940656,58.32684798940656,-0.8219229273528771,2.4144224623808666,2.550488801260968,1329.6490971307223,343.37815369236876,1636.9162620693808,693.7816809179685,53.185963885228894,13.73512614769475,65.47665048277523,27.751267236718743,65.56833234052446,65.56833234052446,65.56833234052446,65.56833234052446
2025-12-26T11:50:03.716846,32.050,399.055255855871,2469.8073555408873,0.0,4196.958224841033,1500.0,1500.0,35.2,30.16,25.0,2469.8073555408873,4.0,1500.0,1500.0,998.4017539407787,1,1,0.0,0.0,0.0,39.68035078815575,4196.958224841033,4207.56906843988,399.055255855871,4.0,59.270824415000085,57.270824415000085,58.270824415000085,-0.7641527390040449,2.319354096439851,2.441993618582919,1304.7039269964878,386.1152957219118,1608.3584664596476,677.6833595177393,52.188157079859515,15.444611828876473,64.3343386583859,27.10733438070957,66.0809986895635,66.0809986895635,66.0809986895635,66.0809986895635
2025-12-26T11:50:03.768433,32.100,399.0543134749186,2423.2139004867217,0.0,4196.94779008706,1500.0,1500.0,35.2,30.16,25.0,2423.2139004867217,4.0,1500.0,1500.0,983.4090772015193,1,1,0.0,0.0,0.0,36.681815440303865,4196.94779008706,4206.322280812754,399.0543134749186,4.0,59.21578827096427,57.21578827096427,58.21578827096427,-0.7105366540630718,2.2326693034221052,2.3430054535170193,1292.7023182642456,423.37422072684666,1595.4930048450396,687.4977700259795,51.708092730569824,16.934968829073867,63.81972019380159,27.49991080103918,66.48019616227832,66.48019616227832,66.48019616227832,66.48019616227832
2025-12-26T11:50:03.819491,32.150,399.05337109396623,2379.884324840273,0.0,4195.946775223324,1500.0,1500.0,35.2,30.16,25.0,2379.884324840273,4.0,1500.0,1500.0,969.4683480488018,1,1,0.0,0.0,0.0,33.893669609760366,4195.946775223324,4207.263837966093,399.05337109396623,4.0,59.16167241492838,57.16167241492838,58.16167241492838,-0.6607634412603571,2.153538276443709,2.252628560907095,1293.6186225327417,449.57276683795175,1559.0535963532698,697.7581555663623,51.744744901309666,17.98291067351807,62.36214385413079,27.910326222654493,66.77863480848542,66.77863480848542,66.77863480848542,66.77863480848542
2025-12-26T11:50:03.869011,32.200,399.0524287130138,2339.58540304513,0.0,4196.567139836919,1500.0,1500.0,35.2,30.16,25.0,2339.58540304513,4.0,1500.0,1500.0,956.5041693312736,1,1,0.0,0.0,0.0,31.30083386625472,4196.567139836919,4205.602733576837,399.05242871301374,4.0,59.108414653453416,57.108414653453416,58.108414653453416,-0.6145468504403191,2.0812234198055917,2.1700596200412092,1287.4338930917236,471.50434825008676,1551.0658465503107,718.0879071462901,51.49735572366894,18.86017393000347,62.04263386201243,28.723516285851606,66.98752968138157,66.98752968138157,66.98752968138157,66.98752968138157
2025-12-26T11:50:03.919583,32.250,399.0514863320614,2302.1011879973944,0.0,4197.487829512587,1500.0,1500.0,35.2,30.16,25.0,2302.1011879973944,4.0,1500.0,1500.0,944.4467601256345,1,1,0.0,0.0,0.0,28.889352025126897,4197.487829512587,4206.21662504891,399.0514863320614,4.0,59.05595735951579,57.05595735951579,58.05595735951579,-0.5716233902215758,2.0150680453093917,2.0945769328137414,1278.1357544753992,488.03506621296106,1505.4493374076674,701.040292521877,51.125430179015964,19.521402648518443,60.2179734963067,28.041611700875077,67.11679349338385,67.11679349338385,67.11679349338385,67.11679349338385
2025-12-26T11:50:03.970603,32.300,399.050543951109,2267.231649602625,0.0,4197.3430603878005,1500.0,1500.0,35.2,30.16,25.0,2267.231649602625,4.0,1500.0,1500.0,933.2315092094872,1,1,0.0,0.0,0.0,26.64630184189744,4197.3430603878005,4206.2279858058355,399.050543951109,4.0,59.00424712186927,57.00424712186927,58.00424712186927,-0.531750330833815,1.9544865637230304,2.0255310765613377,1278.089900605025,503.4074626831682,1504.0274235160207,726.0888509863607,51.12359602420099,20.136298507326728,60.161096940640824,29.043554039454428,67.17520252137359,67.17520252137359,67.17520252137359,67.17520252137359
2025-12-26T11:50:04.024185,32.350,399.0496015701566,2234.791431245082,0.0,4195.854116601173,1500.0,1500.0,35.2,30.16,25.0,2234.791431245082,4.0,1500.0,1500.0,922.7985677185278,1,1,0.0,0.0,0.0,24.559713543705556,4195.854116601173,4207.0456245419,399.0496015701566,4.0,58.95323442332744,56.95323442332744,57.95323442332744,-0.4947039059895429,1.8989559613975033,1.9623367952337913,1293.1374298695696,532.4115393139995,1471.8955370485464,715.8794468881648,51.72549719478278,21.296461572559977,58.875821481941855,28.63517787552659,67.17053970747696,67.17053970747696,67.17053970747696,67.17053970747696
2025-12-26T11:50:04.074705,32.400,399.04865918920416,2204.608712607248,0.0,4196.387224284109,1500.0,1500.0,35.2,30.16,25.0,2204.608712607248,4.0,1500.0,1500.0,913.092477083013,1,1,0.0,0.0,0.0,22.6184954166026,4196.387224284109,4207.096008970687,399.04865918920416,4.0,58.902873345321254,56.902873345321254,57.902873345321254,-0.4602776910731913,1.8480083831259089,1.904465945351427,1271.619748283459,534.2511036202285,1463.6272557104592,721.4135510746796,50.864789931338365,21.37004414480914,58.54509022841837,28.856542042987186,67.10971828615065,67.10971828615065,67.10971828615065,67.10971828615065
2025-12-26T11:50:04.125233,32.450,399.0477168082518,2176.5241685752244,0.0,4196.036467999769,1500.0,1500.0,35.2,30.16,25.0,2176.5241685752244,4.0,1500.0,1500.0,904.0618287841569,1,1,0.0,0.0,0.0,20.812365756831383,4196.036467999769,4206.097988544284,399.0477168082518,4.0,58.853121296360996,56.853121296360996,57.853121296360996,-0.4282811378594387,1.8012246685782927,1.8514413411558994,1264.0359068625444,552.9218066116615,1452.2672600007447,729.2884296060539,50.56143627450177,22.11687226446646,58.09069040002979,29.171537184242155,66.99888875446582,66.99888875446582,66.99888875446582,66.99888875446582
2025-12-26T11:50:04.175774,32.500,399.04677442729934,2150.3900150984805,0.0,4196.858727367076,1500.0,1500.0,35.2,30.16,25.0,2150.3900150984805,4.0,1500.0,1500.0,895.6589528593547,1,1,0.0,0.0,0.0,19.131790571870937,4196.858727367076,4205.87030566309,399.04677442729934,4.0,58.803938762274086,56.803938762274086,57.803938762274086,-0.39853824848467123,1.75822871183893,1.8028313672221294,1281.4325345026807,569.7415853133388,1434.4645274896761,715.5749462301594,51.25730138010723,22.78966341253355,57.378581099587045,28.622997849206374,66.84353157236322,66.84353157236322,66.84353157236322,66.84353157236322
2025-12-26T11:50:04.226443,32.550,399.04583204634696,2126.069133863703,0.0,4196.598297030659,1500.0,1500.0,35.2,30.16,25.0,2126.069133863703,4.0,1500.0,1500.0,887.8396324240855,1,1,0.0,0.0,0.0,17.567926484817093,4196.598297030659,4205.875674683141,399.04583204634696,4.0,58.7552890763043,56.7552890763043,57.7552890763043,-0.3708863735547218,1.7186825323747899,1.7582452471651369,1261.064132547788,583.3843066856016,1414.3151969412722,738.8658020867047,50.44256530191152,23.335372267424063,56.57260787765089,29.55463208346819,66.6485376188377,66.6485376188377,66.6485376188377,66.6485376188377
2025-12-26T11:50:04.276980,32.600,399.0448896653946,2103.4342685118254,0.0,4196.654126900092,1500.0,1500.0,35.2,30.16,25.0,2103.4342685118254,4.0,1500.0,1500.0,880.5628417749418,1,1,0.0,0.0,0.0,16.11256835498837,4196.654126900092,4207.425701714349,399.0448896653946,4.0,58.70713820734758,56.70713820734758,57.70713820734758,-0.3451751211322378,1.6822819617206701,1.717328874438266,1264.2242097431185,601.3708007315024,1396.3017204245266,734.7241108659929,50.568968389724745,24.054832029260098,55.85206881698107,29.388964434639714,66.41827812669429,66.41827812669429,66.41827812669429,66.41827812669429
2025-12-26T11:50:04.332595,32.650,394.7838896725244,2117.4398123550377,57.5,4151.379940950598,1625.0,1625.0,36.97506098540292,31.580048788322333,25.0,2117.4398123550377,39.50121970805837,1625.0,1625.0,800.0,1,1,57.5,51.75,25.0,0.0,4151.379940950598,4162.311831931489,394.7838896725244,39.50121970805837,58.67037395289418,56.67037395289418,57.67037395289418,0.21358047496415197,1.7047592166802257,1.7180863209228137,1392.3087788150287,708.9917891542502,1294.708962854475,606.3138323039359,55.69235115260115,28.359671566170007,51.788358514179,24.252553292157437,65.76060517562443,65.76060517562443,65.76060517562443,65.76060517562443
2025-12-26T11:50:04.386646,32.700,394.7087160669522,2131.375712229162,57.5,4150.89058378483,1625.0,1625.0,37.006028287917204,31.60482263033376,25.0,2131.375712229162,40.12056575834402,1625.0,1625.0,800.0,1,1,57.5,51.75,25.0,0.0,4150.89058378483,4161.45778425084,394.7087160669522,40.12056575834402,58.63376917614067,56.63376917614067,57.63376917614067,0.21251842466731294,1.7272727568113095,1.740297462287875,1395.5975886672968,693.1832845389093,1310.9419167877859,623.8764288197791,55.823903546691874,27.727331381556375,52.43767667151144,24.955057152791166,65.11018861520812,65.11018861520812,65.11018861520812,65.11018861520812
2025-12-26T11:50:04.437166,32.750,399.04224157700105,2108.3730935762105,0.0,4196.527069829254,1500.0,1500.0,35.2,30.16,25.0,2108.3730935762105,4.0,1500.0,1500.0,882.1505663090967,1,1,0.0,0.0,0.0,16.430113261819344,4196.527069829254,4207.286599586792,399.04224157700105,4.0,58.58569889531865,56.58569889531865,57.58569889531865,-0.35078325214038525,1.6901911705235113,1.7262082964977958,1273.8113348455488,581.4445333881176,1419.3293622519584,740.8140299523176,50.952453393821955,23.257781335524705,56.77317449007834,29.632561198092702,64.9125793256326,64.9125793256326,64.9125793256326,64.9125793256326
2025-12-26T11:50:04.487712,32.800,394.7713261752429,2122.354131371226,57.5,4150.796724341775,1625.0,1625.0,36.97919249184601,31.583353993476802,25.0,2122.354131371226,39.58384983692009,1625.0,1625.0,800.0,1,1,57.5,51.75,25.0,0.0,4150.796724341775,4161.187142228331,394.7713261752429,39.58384983692009,58.549065673906576,56.549065673906576,57.549065673906576,0.21320676484821768,1.7126814749017483,1.7259012019952564,1375.4141965608278,690.314497914902,1289.7633102395712,622.1505845608502,55.016567862433114,27.61257991659608,51.59053240958285,24.88602338243401,64.27771471860909,64.27771471860909,64.27771471860909,64.27771471860909
2025-12-26T11:50:04.538249,32.850,394.6959860593827,2136.2654847645776,57.5,4150.807544038899,1625.0,1625.0,37.01022926116722,31.608183408933776,25.0,2136.2654847645776,40.204585223344424,1625.0,1625.0,800.0,1,1,57.5,51.75,25.0,0.0,4150.807544038899,4161.273395359284,394.6959860593827,40.204585223344424,58.51259485865962,56.51259485865962,57.51259485865962,0.21214409796634598,1.7352072182517984,1.7481273433520508,1383.4657314246622,690.268004463372,1293.144201269451,607.600777235829,55.338629256986486,27.61072017853488,51.72576805077804,24.30403108943316,63.649883177088384,63.649883177088384,63.649883177088384,63.649883177088384
2025-12-26T11:50:04.588552,32.900,399.0395939052316,2112.9239393000257,0.0,4196.421012916128,1500.0,1500.0,35.2,30.16,25.0,2112.9239393000257,4.0,1500.0,1500.0,883.613582830524,1,1,0.0,0.0,0.0,16.722716566104808,4196.421012916128,4207.212618106759,399.0395939052316,4.0,58.464612637464015,56.464612637464015,57.464612637464015,-0.35595178755821677,1.697495475930436,1.734414185213609,1266.6460001296582,598.7033347189213,1398.4128436190808,739.703557601934,50.66584000518633,23.94813338875685,55.93651374476323,29.588142304077362,63.48314840097672,63.48314840097672,63.48314840097672,63.48314840097672
2025-12-26T11:50:04.638756,32.950,394.7595397790409,2126.88234529143,57.5,4151.78976728285,1625.0,1625.0,36.983000373023714,31.58640029841897,25.0,2126.88234529143,39.66000746047425,1625.0,1625.0,800.0,1,1,57.5,51.75,25.0,0.0,4151.78976728285,4162.230294311645,394.7595397790409,39.66000746047425,58.428114109287066,56.428114109287066,57.428114109287066,0.2128616364177405,1.719997559766329,1.7331190616517278,1387.8364537343887,687.1412398790071,1312.5815441008808,614.5424595402604,55.513458149375545,27.485649595160282,52.50326176403524,24.58169838161042,62.870043267847194,62.870043267847194,62.870043267847194,62.870043267847194
2025-12-26T11:50:04.689340,33.000,399.0377982933454,2104.191127555308,0.0,4196.617111835521,1500.0,1500.0,35.2,30.16,25.0,2104.191127555308,4.0,1500.0,1500.0,880.8061540651479,1,1,0.0,0.0,0.0,16.161230813029576,4196.617111835521,4207.265530041749,399.0377982933454,4.0,58.38041691486664,56.38041691486664,57.38041691486664,-0.3460344786214619,1.6834928190375307,1.7186878518642525,1258.143591474457,601.1907004860005,1400.3921124099588,726.2277806552985,50.32574365897828,24.047628019440022,56.01568449639836,29.04911122621194,62.700770502747936,62.700770502747936,62.700770502747936,62.700770502747936
2025-12-26T11:50:04.739868,33.050,394.77520739768016,2118.1929196543815,57.5,4151.837774162042,1625.0,1625.0,36.97572387537779,31.58057910030223,25.0,2118.1929196543815,39.51447750755576,1625.0,1625.0,800.0,1,1,57.5,51.75,25.0,0.0,4151.837774162042,4162.303505311904,394.77520739768016,39.51447750755576,58.344116200578945,56.344116200578945,57.344116200578945,0.21352326195593024,1.705972091698319,1.7192826879398975,1395.4516638259145,698.7991167065147,1309.7001699786465,618.2237422032208,55.81806655303658,27.951964668260587,52.38800679914586,24.728949688128832,62.101967864494505,62.101967864494505,62.101967864494505,62.101967864494505
2025-12-26T11:50:04.795584,33.100,394.70000548780354,2132.125061532682,57.5,4151.710983766161,1625.0,1625.0,37.00670298540841,31.60536238832673,25.0,2132.125061532682,40.134059708168216,1625.0,1625.0,800.0,1,1,57.5,51.75,25.0,0.0,4151.710983766161,4160.412733038461,394.70000548780354,40.134059708168216,58.3079771991317,56.3079771991317,57.3079771991317,0.212461116322708,1.7284875198024903,1.7414961475874862,1385.6048399942076,699.2430404442292,1306.6841002636543,603.3066904647206,55.4241935997683,27.969721617769167,52.267364010546174,24.132267618588827,61.509776171550996,61.509776171550996,61.509776171550996,61.509776171550996
2025-12-26T11:50:04.848158,33.150,399.0351502718313,2109.0705065789475,0.0,4195.9315197026435,1500.0,1500.0,35.2,30.16,25.0,2109.0705065789475,4.0,1500.0,1500.0,882.3747710964217,1,1,0.0,0.0,0.0,16.474954219284328,4195.9315197026435,4205.531266231647,399.0351502718313,4.0,58.26036067960327,56.26036067960327,57.26036067960327,-0.35157526563970315,1.6913095269091565,1.7274643507821812,1260.1851103379117,588.8237691835517,1403.3617687330382,742.4695464899938,50.40740441351647,23.552950767342068,56.13447074932152,29.698781859599755,61.370349546998646,61.370349546998646,61.370349546998646,61.370349546998646
2025-12-26T11:50:04.901222,33.200,394.76276280645084,2123.0480792365297,57.5,4151.896380983244,1625.0,1625.0,36.97980586446722,31.583844691573773,25.0,2123.0480792365297,39.596117289344335,1625.0,1625.0,800.0,1,1,57.5,51.75,25.0,0.0,4151.896380983244,4160.564018529834,394.76276280645084,39.596117289344335,58.22419048938709,56.22419048938709,57.22419048938709,0.21315392250899595,1.7138016517282235,1.7270062814440943,1374.4997335443995,705.3139275238258,1289.145604449953,606.7194067527131,54.97998934177598,28.21255710095303,51.56582417799812,24.268776270108525,60.79168739758548,60.79168739758548,60.79168739758548,60.79168739758548
2025-12-26T11:50:04.951786,33.250,394.68739630971515,2136.9559618519597,57.5,4149.933141539763,1625.0,1625.0,37.010853638827726,31.608682911062182,25.0,2136.9559618519597,40.21707277655453,1625.0,1625.0,800.0,1,1,57.5,51.75,25.0,0.0,4149.933141539763,4159.774924865772,394.68739630971515,40.21707277655453,58.18818489945471,56.18818489945471,57.18818489945471,0.21209116961129504,1.7363290960905335,1.749234516626532,1380.4767073801145,691.3532861938048,1310.1482881941508,603.3448304673196,55.21906829520458,27.654131447752192,52.405931527766036,24.133793218692787,60.21943934406971,60.21943934406971,60.21943934406971,60.21943934406971
2025-12-26T11:50:05.001994,33.300,399.03250266194925,2113.5665525262752,0.0,4196.163146250569,1500.0,1500.0,35.2,30.16,25.0,2113.5665525262752,4.0,1500.0,1500.0,883.8201730919708,1,1,0.0,0.0,0.0,16.76403461839415,4196.163146250569,4205.571256702421,399.03250266194925,4.0,58.1406563547894,56.1406563547894,57.1406563547894,-0.3566816975359224,1.698528167078528,1.7355747658099465,1271.5213039623181,586.8942138976936,1415.6300178394447,736.1065321811095,50.860852158492726,23.47576855590774,56.62520071357779,29.44426128724438,60.108200002501476,60.108200002501476,60.108200002501476,60.108200002501476
2025-12-26T11:50:05.052266,33.350,394.7510860211868,2127.5217588071037,57.5,4151.670178595102,1625.0,1625.0,36.983568099256296,31.586854479405037,25.0,2127.5217588071037,39.6713619851259,1625.0,1625.0,800.0,1,1,57.5,51.75,25.0,0.0,4151.670178595102,4160.599658199226,394.7510860211868,39.6713619851259,58.10462022114448,56.10462022114448,57.10462022114448,0.2128128417609932,1.7210318953103305,1.7341395821253427,1389.1051182992628,697.2149318461994,1312.1033855266128,624.4374781886654,55.56420473197051,27.888597273847978,52.48413542106451,24.97749912754662,59.54873787503004,59.54873787503004,59.54873787503004,59.54873787503004
2025-12-26T11:50:05.102533,33.400,399.03070707844944,2104.7862311107992,0.0,4195.676674810868,1500.0,1500.0,35.2,30.16,25.0,2104.7862311107992,4.0,1500.0,1500.0,880.9974661416666,1,1,0.0,0.0,0.0,16.199493228333324,4195.676674810868,4205.331250855158,399.03070707844944,4.0,58.0573747160048,56.0573747160048,57.0573747160048,-0.346710192642098,1.6844451985245483,1.7197568387752746,1255.4487496131471,593.8553540552982,1416.19287824542,725.7208038247909,50.21794998452589,23.754214162211927,56.647715129816795,29.028832152991637,59.43297922674531,59.43297922674531,59.43297922674531,59.43297922674531
2025-12-26T11:50:05.152898,33.450,394.7668490597366,2118.7850723385286,57.5,4150.592392984461,1625.0,1625.0,36.976251854313844,31.581001483451075,25.0,2118.7850723385286,39.52503708627686,1625.0,1625.0,800.0,1,1,57.5,51.75,25.0,0.0,4150.592392984461,4160.981307023267,394.7668490597366,39.52503708627686,58.02153391254907,56.02153391254907,57.02153391254907,0.21347826202516867,1.706926053112098,1.720223682882587,1390.9917131795455,711.217831661733,1297.0592139130779,619.2143800030689,55.63966852718182,28.448713266469323,51.88236855652311,24.768575200122754,58.8859646447575,58.8859646447575,58.8859646447575,58.8859646447575
2025-12-26T11:50:05.203042,33.500,394.69162424804927,2132.7142584440126,57.5,4150.488270662131,1625.0,1625.0,37.007240517964206,31.60579241437136,25.0,2132.7142584440126,40.144810359284065,1625.0,1625.0,800.0,1,1,57.5,51.75,25.0,0.0,4150.488270662131,4160.803055537416,394.69162424804927,40.144810359284065,57.985856961575756,55.985856961575756,56.985856961575756,0.21241604164590697,1.7294429611531383,1.742438960374409,1394.6371272526624,701.8825902847706,1304.6115484699035,614.2383966891481,55.78548509010649,28.075303611390822,52.18446193879614,24.56953586756592,58.34499219567686,58.34499219567686,58.34499219567686,58.34499219567686
2025-12-26T11:50:05.258838,33.550,399.0280591102109,2109.618866187695,0.0,4196.348343643689,1500.0,1500.0,35.2,30.16,25.0,2109.618866187695,4.0,1500.0,1500.0,882.5510584000552,1,1,0.0,0.0,0.0,16.51021168001104,4196.348343643689,4205.621421232652,399.0280591102109,4.0,57.93869195278673,55.93869195278673,56.93869195278673,-0.35219802264074784,1.6921891242443738,1.7284523364452355,1278.0091732596627,593.7692116079577,1406.9288292600693,732.2866343414836,51.12036693038651,23.750768464318305,56.27715317040277,29.291465373659342,58.256620293159486,58.256620293159486,58.256620293159486,58.256620293159486
2025-12-26T11:50:05.310903,33.600,394.7544979338092,2123.593713483585,57.5,4151.577262902814,1625.0,1625.0,36.98029492091476,31.584235936731805,25.0,2123.593713483585,39.60589841829513,1625.0,1625.0,800.0,1,1,57.5,51.75,25.0,0.0,4151.577262902814,4160.954014434918,394.7544979338092,39.60589841829513,57.902981023552876,55.902981023552876,56.902981023552876,0.21311236153490695,1.7146826765593401,1.7278754468802684,1381.0498505392482,691.4748723144576,1297.227500391497,606.1148398110442,55.24199402156993,27.658994892578303,51.88910001565988,24.24459359244177,57.72739662416728,57.72739662416728,57.72739662416728,57.72739662416728
2025-12-26T11:50:05.361756,33.650,394.6791100465876,2137.498866314341,57.5,4150.484726209871,1625.0,1625.0,37.01135161835233,31.609081294681864,25.0,2137.498866314341,40.22703236704664,1625.0,1625.0,800.0,1,1,57.5,51.75,25.0,0.0,4150.484726209871,4159.929484095469,394.6791100465876,40.22703236704664,57.867436799077176,55.867436799077176,56.867436799077176,0.21204954118802477,1.7372114545248034,1.750105324159159,1379.738742686763,696.6316302324581,1314.5670805260359,621.8833775084397,55.18954970747052,27.86526520929832,52.582683221041435,24.875335100337587,57.20404167782992,57.20404167782992,57.20404167782992,57.20404167782992
2025-12-26T11:50:05.412451,33.700,399.02541154968077,2114.0718220707668,0.0,4196.541649012896,1500.0,1500.0,35.2,30.16,25.0,2114.0718220707668,4.0,1500.0,1500.0,883.9826097272677,1,1,0.0,0.0,0.0,16.796521945453534,4196.541649012896,4207.157724761564,399.02541154968077,4.0,57.820359438588426,55.820359438588426,56.820359438588426,-0.35725561910069953,1.6993403649577115,1.7364876196948922,1268.540589010761,598.0767563696545,1420.5198735238432,729.722956408891,50.74162356043045,23.923070254786182,56.820794940953725,29.18891825635564,57.14150029099424,57.14150029099424,57.14150029099424,57.14150029099424
2025-12-26T11:50:05.465037,33.750,394.7429073067464,2128.0245118217035,57.5,4151.595624143622,1625.0,1625.0,36.984021276269054,31.587217021015245,25.0,2128.0245118217035,39.680425525381104,1625.0,1625.0,800.0,1,1,57.5,51.75,25.0,0.0,4151.595624143622,4160.9671774618155,394.7429073067464,39.680425525381104,57.78478180264864,55.78478180264864,56.78478180264864,0.21277446541120174,1.7218453828375488,1.7349422167697712,1385.9745903985477,708.0925193626169,1293.8591508655497,608.0188424038133,55.43898361594191,28.323700774504676,51.75436603462199,24.320753696152533,56.62922296550021,56.62922296550021,56.62922296550021,56.62922296550021
2025-12-26T11:50:05.515587,33.800,399.02361598883977,2105.2541437629834,0.0,4196.428513430871,1500.0,1500.0,35.2,30.16,25.0,2105.2541437629834,4.0,1500.0,1500.0,881.1478894918797,1,1,0.0,0.0,0.0,16.22957789837595,4196.428513430871,4206.5546406790745,399.02361598883977,4.0,57.73798531070939,55.73798531070939,56.73798531070939,-0.3472414980477234,1.6851942159949207,1.7205976297755272,1279.0503313505062,588.2017359025616,1396.9093232478297,734.9281968776312,51.162013254020245,23.528069436102463,55.87637292991319,29.397127875105248,56.56042759927112,56.56042759927112,56.56042759927112,56.56042759927112
2025-12-26T11:50:05.566098,33.850,394.75874544346635,2119.2506642202434,57.5,4151.013001562927,1625.0,1625.0,36.97667374921186,31.581338999369493,25.0,2119.2506642202434,39.53347498423729,1625.0,1625.0,800.0,1,1,57.5,51.75,25.0,0.0,4151.013001562927,4162.018993197636,394.75874544346635,39.53347498423729,57.702600444349464,55.702600444349464,56.702600444349464,0.21344287094969355,1.7076763115902829,1.7209637545067127,1390.9323751342204,691.2768717231321,1289.739047898027,614.1319482776206,55.63729500536881,27.651074868925285,51.58956191592108,24.565277931104823,56.05896496167641,56.05896496167641,56.05896496167641,56.05896496167641
2025-12-26T11:50:05.616661,33.900,394.68350198069794,2133.1775257100944,57.5,4150.693689935959,1625.0,1625.0,37.00767019309759,31.606136154478072,25.0,2133.1775257100944,40.15340386195181,1625.0,1625.0,800.0,1,1,57.5,51.75,25.0,0.0,4150.693689935959,4159.999657807461,394.683501980698,40.15340386195181,57.66738149082662,55.66738149082662,56.66738149082662,0.2123805919328127,1.7301943804553968,1.7431804582398134,1394.5790690514423,695.6420565085294,1308.5545491530052,603.7504759286284,55.78316276205769,27.82568226034118,52.34218196612021,24.150019037145135,55.563043426375046,55.563043426375046,55.563043426375046,55.563043426375046
2025-12-26T11:50:05.667343,33.950,399.02096806317974,2110.050023774319,0.0,4196.94545778401,1500.0,1500.0,35.2,30.16,25.0,2110.050023774319,4.0,1500.0,1500.0,882.6896676419382,1,1,0.0,0.0,0.0,16.53793352838764,4196.94545778401,4206.953908488015,399.02096806317974,4.0,57.62066511297985,55.62066511297985,56.62066511297985,-0.35268768592454575,1.6928808840189609,1.7292293923246937,1265.8107999724903,590.1611973481696,1417.9957638462554,727.0190564503216,50.63243199889961,23.606447893926784,56.719830553850215,29.080762258012864,55.51947777196006,55.51947777196006,55.51947777196006,55.51947777196006
2025-12-26T11:50:05.724856,34.000,394.74646777607984,2124.0227277081103,57.5,4151.725604042167,1625.0,1625.0,36.980686225191135,31.584548980152906,25.0,2124.0227277081103,39.61372450382269,1625.0,1625.0,800.0,1,1,57.5,51.75,25.0,0.0,4151.725604042167,4161.251644448673,394.74646777607984,39.61372450382269,57.58540936523828,55.58540936523828,56.58540936523828,0.21307967588555768,1.7153755563323716,1.7285590089835197,1378.647537987427,704.610333597699,1311.2914186671521,619.1543476887097,55.14590151949709,28.18441334390796,52.45165674668608,24.76617390754839,55.03373770984589,55.03373770984589,55.03373770984589,55.03373770984589
2025-12-26T11:50:05.777423,34.050,394.67106242463586,2137.9257337065424,57.5,4151.128055563148,1625.0,1625.0,37.01175020769196,31.60940016615357,25.0,2137.9257337065424,40.23500415383924,1625.0,1625.0,800.0,1,1,57.5,51.75,25.0,0.0,4151.128055563148,4160.806533040291,394.67106242463586,40.23500415383924,57.550322352070914,55.550322352070914,56.550322352070914,0.21201680261874903,1.737905380478337,1.7507901747748733,1392.3969031785903,693.0874774863731,1292.8567402396668,600.9997990182624,55.69587612714361,27.723499099454926,51.71426960958667,24.039991960730497,54.553386058258624,54.553386058258624,54.553386058258624,54.553386058258624
2025-12-26T11:50:05.830482,34.100,399.0183205421441,2114.469097913925,0.0,4195.576116880703,1500.0,1500.0,35.2,30.16,25.0,2114.469097913925,4.0,1500.0,1500.0,884.1103281523531,1,1,0.0,0.0,0.0,16.822065630470618,4195.576116880703,4207.1288811334525,399.0183205421441,4.0,57.503693110708284,55.503693110708284,56.503693110708284,-0.3577068816271856,1.6999791041927836,1.737205562924418,1266.2894765012086,578.6600124059494,1404.0913441673692,725.1420052923052,50.65157906004834,23.146400496237973,56.16365376669477,29.005680211692205,54.533583963082705,54.533583963082705,54.533583963082705,54.533583963082705
2025-12-26T11:50:05.881514,34.150,394.7349448641458,2128.419808582647,57.5,4151.928583355447,1625.0,1625.0,36.9843843817771,31.58750750542168,25.0,2128.419808582647,39.68768763554201,1625.0,1625.0,800.0,1,1,57.5,51.75,25.0,0.0,4151.928583355447,4160.126980315858,394.7349448641458,39.68768763554201,57.46856979841604,55.46856979841604,56.46856979841604,0.21274428498234457,1.7224851340395877,1.73557344061841,1395.630786983038,701.2959749844845,1307.9302226583095,606.4524789614115,55.825231479321516,28.051838999379378,52.31720890633238,24.258099158456464,54.0628066085093,54.0628066085093,54.0628066085093,54.0628066085093
2025-12-26T11:50:05.933133,34.200,399.0165249994584,2105.622046371581,0.0,4195.7049323002975,1500.0,1500.0,35.2,30.16,25.0,2105.622046371581,4.0,1500.0,1500.0,881.2661620061813,1,1,0.0,0.0,0.0,16.25323240123626,4195.7049323002975,4206.958445901236,399.0165249994584,4.0,57.422219118743556,55.422219118743556,56.422219118743556,-0.3476592509129292,1.68578325796183,1.7212588845289196,1273.0345454553296,604.7071374487901,1406.7633700857523,723.7839435538707,50.921381818213185,24.188285497951604,56.270534803430095,28.951357742154826,54.035231511940495,54.035231511940495,54.035231511940495,54.035231511940495
