time,time_elapsed_s,dc_bus_voltage,rpm,torque_total,cell_min_v,throttle_raw1,throttle_raw2,motor_temp,pwrstg_temp,air_temp,n_actual,i_actual,s1_raw,s2_raw,brake_raw,precharge_btn,start_btn,torque_req,torque_est,throttle_pct,brake_pct,ams_min_cell_mv,ams_max_cell_mv,ams_stack_v,ams_current_a,ams_max_temp_c,ams_min_temp_c,ams_avg_temp_c,g_long,g_lat,g_total,susp_force_fl,susp_force_fr,susp_force_rl,susp_force_rr,susp_travel_fl,susp_travel_fr,susp_travel_rl,susp_travel_rr,brake_temp_fl,brake_temp_fr,brake_temp_rl,brake_temp_rr
2025-12-26T11:35:11.471615,0.000,386.5972567167211,5000.0,100.0,4100,1500,1520,40.0,35.0,20.0,5000.0,75.0,1500,1520,800,0,0,100.0,100.0,50.0,0.0,4100,4200,390.0,75.0,30.0,25.0,25.0,0.0,1.0,1.0,0.0,0.0,0.0,0.0,38.919047168740995,38.360594391637896,44.939144377940714,38.85617788237059,40.0,40.0,40.0,40.0
2025-12-26T11:35:11.520944,0.050,385.63891311838466,5099.958338541357,103.99833354165426,4100,1500,1520,40.0,35.0,20.0,5099.958338541357,77.9987501562407,1500,1520,800,0,0,103.99833354165426,103.99833354165426,51.99916677082713,0.0,4100,4200,390.0,77.9987501562407,30.005,25.0,25.0,0.024997395914712332,0.9996875162757026,1.0,0.0,0.0,0.0,0.0,36.888567473454735,41.51588601043361,42.998457197714075,42.489348005884096,40.025,40.025,40.025,40.025
2025-12-26T11:35:11.571458,0.100,386.33254154835583,5199.666833293656,107.98667333174625,4100,1500,1520,40.0,35.0,20.0,5199.666833293656,80.99000499880968,1500,1520,800,0,0,107.98667333174625,107.98667333174625,53.99333666587312,0.0,4100,4200,390.0,80.99000499880968,30.01,25.0,25.0,0.04997916927067833,0.9987502603949663,1.0,0.0,0.0,0.0,0.0,35.936514831472344,42.55062909876561,37.444605928164215,36.96440663029656,40.05,40.05,40.05,40.05
2025-12-26T11:35:11.622004,0.150,385.7378037178024,5298.876264947198,111.95505059788795,4100,1500,1520,40.0,35.0,20.0,5298.876264947198,83.96628794841595,1500,1520,800,0,0,111.95505059788795,111.95505059788795,55.977525298943974,0.0,4100,4200,390.0,83.96628794841595,30.015,25.0,25.0,0.07492970727274235,0.9971888181122075,1.0,0.0,0.0,0.0,0.0,39.634879661651304,37.43732012691843,41.592958451089075,41.327936809227594,40.075,40.075,40.075,40.075
2025-12-26T11:35:11.672581,0.200,385.6812350269986,5397.338661590123,115.89354646360489,4100,1500,1520,40.0,35.0,20.0,5397.338661590123,86.92015984770367,1500,1520,800,0,0,115.89354646360489,115.89354646360489,57.946773231802446,0.0,4100,4200,390.0,86.92015984770367,30.02,25.0,25.0,0.09983341664682815,0.9950041652780258,1.0,0.0,0.0,0.0,0.0,43.77478332533501,44.197893692005586,42.97777306514048,36.09228666492093,40.1,40.1,40.1,40.1
2025-12-26T11:35:11.723177,0.250,385.29630684975274,5494.8079185090455,119.79231674036183,4100,1500,1520,40.0,35.0,20.0,5494.8079185090455,89.84423755527138,1500,1520,800,0,0,119.79231674036183,119.79231674036183,59.89615837018091,0.0,4100,4200,390.0,89.84423755527138,30.025,25.0,25.0,0.12467473338522769,0.992197667229329,0.9999999999999999,0.0,0.0,0.0,0.0,41.494493872157015,43.55042623940249,42.87724314579671,39.89644260296751,40.125,40.125,40.125,40.125
2025-12-26T11:35:11.777802,0.300,385.52074865650445,5591.040413322679,123.64161653290716,4100,1500,1520,40.0,35.0,20.0,5591.040413322679,92.73121239968037,1500,1520,800,0,0,123.64161653290716,123.64161653290716,61.82080826645358,0.0,4100,4200,390.0,92.73121239968037,30.03,25.0,25.0,0.14943813247359922,0.9887710779360422,0.9999999999999999,0.0,0.0,0.0,0.0,44.93846580597431,36.88587632695367,37.21085846901497,39.917860079624596,40.15,40.15,40.15,40.15
2025-12-26T11:35:11.857957,0.350,385.25511479605103,5685.795614910903,127.43182459643612,4100,1500,1520,40.0,35.0,20.0,5685.795614910903,95.57386844732709,1500,1520,800,0,0,127.43182459643612,127.43182459643612,63.71591229821806,0.0,4100,4200,390.0,95.57386844732709,30.035,25.0,25.0,0.17410813759359595,0.9847265389049334,0.9999999999999999,0.0,0.0,0.0,0.0,38.73751133106277,38.96274734286941,43.530612677584855,44.726391082626236,40.175,40.175,40.175,40.175
2025-12-26T11:35:11.911400,0.400,384.84207265045484,5778.836684617301,131.15346738469202,4100,1500,1520,40.0,35.0,20.0,5778.836684617301,98.36510053851902,1500,1520,800,0,0,131.15346738469202,131.15346738469202,65.57673369234601,0.0,4100,4200,390.0,98.36510053851902,30.04,25.0,25.0,0.1986693307950612,0.9800665778412416,1.0,0.0,0.0,0.0,0.0,37.5119431681657,38.19778242227527,38.29054675265892,41.921489170437425,40.2,40.2,40.2,40.2
2025-12-26T11:35:11.962915,0.450,384.5577693812539,5869.93106822246,134.79724272889842,4100,1500,1520,40.0,35.0,20.0,5869.93106822246,101.09793204667382,1500,1520,800,0,0,134.79724272889842,134.79724272889842,67.39862136444921,0.0,4100,4200,390.0,101.09793204667382,30.045,25.0,25.0,0.22310636213174542,0.9747941070689433,1.0,0.0,0.0,0.0,0.0,41.53972085309525,36.239414095370314,40.88923490401094,42.24655788886541,40.225,40.225,40.225,40.225
2025-12-26T11:35:12.013969,0.500,385.191895685477,5958.8510772084055,138.35404308833623,4100,1500,1520,40.0,35.0,20.0,5958.8510772084055,103.76553231625218,1500,1520,800,0,0,138.35404308833623,138.35404308833623,69.17702154416811,0.0,4100,4200,390.0,103.76553231625216,30.05,25.0,25.0,0.2474039592545229,0.9689124217106448,1.0,0.0,0.0,0.0,0.0,43.418258418803546,39.63243869587764,37.97321645077287,40.976199771752704,40.25,40.25,40.25,40.25
2025-12-26T11:35:12.064994,0.550,385.1212326686221,6045.374457861319,141.81497831445273,4100,1500,1520,40.0,35.0,20.0,6045.374457861319,106.36123373583955,1500,1520,800,0,0,141.81497831445273,141.81497831445273,70.90748915722637,0.0,4100,4200,390.0,106.36123373583955,30.055,25.0,25.0,0.2715469369561128,0.962425197628238,1.0,0.0,0.0,0.0,0.0,42.428260636049345,40.34754156106487,39.460779573302275,44.86757725667179,40.275,40.275,40.275,40.275
2025-12-26T11:35:12.115565,0.600,384.20904481478357,6129.2849467900705,145.17139787160284,4100,1500,1520,40.0,35.0,20.0,6129.2849467900705,108.87854840370213,1500,1520,800,0,0,145.17139787160284,145.17139787160284,72.58569893580142,0.0,4100,4200,390.0,108.87854840370213,30.06,25.0,25.0,0.29552020666133955,0.955336489125606,1.0,0.0,0.0,0.0,0.0,36.28930614250137,35.56303947491703,43.0046645688527,38.01565747949222,40.3,40.3,40.3,40.3
2025-12-26T11:35:12.165845,0.650,384.63781345371194,6210.372811472079,148.41491245888318,4100,1500,1520,40.0,35.0,20.0,6210.372811472079,111.31118434416238,1500,1520,800,0,0,148.41491245888318,148.41491245888318,74.20745622944159,0.0,4100,4200,390.0,111.3111843441624,30.065,25.0,25.0,0.31930878585700095,0.9476507264148157,1.0,0.0,0.0,0.0,0.0,42.17246961343862,36.96015770522939,35.704442546855326,40.735459936572525,40.325,40.325,40.325,40.325
2025-12-26T11:35:12.221435,0.700,384.7162293426625,6288.435374475383,151.5374149790153,4100,1500,1520,40.0,35.0,20.0,6288.435374475383,113.65306123426147,1500,1520,800,0,0,151.5374149790153,151.5374149790153,75.76870748950765,0.0,4100,4200,390.0,113.65306123426146,30.07,25.0,25.0,0.3428978074554514,0.9393727128473789,1.0,0.0,0.0,0.0,0.0,37.95419344947109,38.32219228808605,41.42361586254391,43.52030100366878,40.35,40.35,40.35,40.35
2025-12-26T11:35:12.272456,0.750,383.82494277024534,6363.2775200466685,154.53110080186673,4100,1500,1520,40.0,35.0,20.0,6363.2775200466685,115.89832560140005,1500,1520,800,0,0,154.53110080186673,154.53110080186673,77.26555040093336,0.0,4100,4200,390.0,115.89832560140005,30.075,25.0,25.0,0.3662725290860476,0.9305076219123143,1.0,0.0,0.0,0.0,0.0,38.020043351946114,42.16324369728305,39.54905970687799,35.292192981893926,40.375,40.375,40.375,40.375
2025-12-26T11:35:12.325898,0.800,383.80332856062057,6434.7121817990455,157.38848727196182,4100,1500,1520,40.0,35.0,20.0,6434.7121817990455,118.04136545397137,1500,1520,800,0,0,157.38848727196182,157.38848727196182,78.69424363598091,0.0,4100,4200,390.0,118.04136545397137,30.08,25.0,25.0,0.3894183423086506,0.9210609940028851,1.0,0.0,0.0,0.0,0.0,42.277740105888824,41.681659500206976,35.617477938531025,41.768419784041164,40.4,40.4,40.4,40.4
2025-12-26T11:35:12.376421,0.850,383.88835531918323,6502.560810280585,160.10243241122342,4100,1500,1520,40.0,35.0,20.0,6502.560810280585,120.07682430841757,1500,1520,800,0,0,160.10243241122342,160.10243241122342,80.05121620561171,0.0,4100,4200,390.0,120.07682430841757,30.085,25.0,25.0,0.41232078174342485,0.9110387329540336,0.9999999999999999,0.0,0.0,0.0,0.0,42.78657436128156,36.39281710601838,40.99249933677519,39.896557884476024,40.425,40.425,40.425,40.425
2025-12-26T11:35:12.426986,0.900,384.12015474759124,6566.653819254967,162.66615277019866,4100,1500,1520,40.0,35.0,20.0,6566.653819254967,121.999614577649,1500,1520,800,0,0,162.66615277019866,162.66615277019866,81.33307638509933,0.0,4100,4200,390.0,121.999614577649,30.09,25.0,25.0,0.43496553411123035,0.9004471023526769,1.0,0.0,0.0,0.0,0.0,43.07256992893733,41.01776446243717,43.21977565085179,44.389912598453805,40.45,40.45,40.45,40.45
2025-12-26T11:35:12.478717,0.950,384.1768835199129,6626.831009578747,165.07324038314994,4100,1500,1520,40.0,35.0,20.0,6626.831009578747,123.80493028736245,1500,1520,800,0,0,165.07324038314994,165.07324038314994,82.53662019157497,0.0,4100,4200,390.0,123.80493028736245,30.095,25.0,25.0,0.4573384471789556,0.8892927216231682,1.0,0.0,0.0,0.0,0.0,42.76030756211444,36.05037481000638,42.30406543347482,42.853975611836084,40.475,40.475,40.475,40.475
2025-12-26T11:35:12.529275,1.000,384.2208357428581,6682.941969615793,167.3176787846317,4100,1500,1520,40.0,35.0,20.0,6682.941969615793,125.48825908847378,1500,1520,800,0,0,167.3176787846317,167.3176787846317,83.65883939231585,0.0,4100,4200,390.0,125.48825908847377,30.1,25.0,25.0,0.4794255386042031,0.8775825618903726,1.0,0.0,0.0,0.0,0.0,39.15542055169493,39.969902632794536,41.760178237046375,39.07887434937504,40.5,40.5,40.5,40.5
2025-12-26T11:35:12.579812,1.050,383.5029996205379,6734.846451188034,169.39385804752135,4100,1500,1520,40.0,35.0,20.0,6734.846451188034,127.04539353564101,1500,1520,800,0,0,169.39385804752135,169.39385804752135,84.69692902376067,0.0,4100,4200,390.0,127.04539353564101,30.105,25.0,25.0,0.5012130046737979,0.8653239416229412,1.0,0.0,0.0,0.0,0.0,35.266630799846574,41.64104347494212,35.04368858755292,42.50250739342768,40.525,40.525,40.525,40.525
2025-12-26T11:35:12.630366,1.100,383.16428623386383,6782.414720122872,171.29658880491485,4100,1500,1520,40.0,35.0,20.0,6782.414720122872,128.47244160368615,1500,1520,800,0,0,171.29658880491485,171.29658880491485,85.64829440245742,0.0,4100,4200,390.0,128.47244160368615,30.11,25.0,25.0,0.5226872289306593,0.8525245220595057,1.0,0.0,0.0,0.0,0.0,43.826316800859445,43.39505134882074,39.2017814550587,39.02960012807269,40.55,40.55,40.55,40.55
2025-12-26T11:35:12.680894,1.150,383.22180268618325,6825.527880521042,173.0211152208417,4100,1500,1520,40.0,35.0,20.0,6825.527880521042,129.76583641563127,1500,1520,800,0,0,173.0211152208417,173.0211152208417,86.51055761042085,0.0,4100,4200,390.0,129.76583641563127,30.115,25.0,25.0,0.5438347906836427,0.839192302420654,0.9999999999999999,0.0,0.0,0.0,0.0,36.248556874741155,35.65397485382889,40.91589348989936,36.36713565140372,40.575,40.575,40.575,40.575
2025-12-26T11:35:12.734486,1.200,383.85094472359066,6864.078171934453,174.56312687737812,4100,1500,1520,40.0,35.0,20.0,6864.078171934453,130.92234515803358,1500,1520,800,0,0,174.56312687737812,174.56312687737812,87.28156343868906,0.0,4100,4200,390.0,130.92234515803358,30.12,25.0,25.0,0.5646424733950355,0.8253356149096782,1.0,0.0,0.0,0.0,0.0,43.10177318338152,35.228394596831436,44.368780308335744,37.32940507275913,40.6,40.6,40.6,40.6
2025-12-26T11:35:12.793544,1.250,383.4858734332807,6897.969238711173,175.9187695484469,4100,1500,1520,40.0,35.0,20.0,6897.969238711173,131.93907716133518,1500,1520,800,0,0,175.9187695484469,175.9187695484469,87.95938477422345,0.0,4100,4200,390.0,131.93907716133518,30.125,25.0,25.0,0.5850972729404623,0.8109631195052178,1.0,0.0,0.0,0.0,0.0,43.322427325498666,44.234907578899055,41.97091644248302,44.31410160537465,40.625,40.625,40.625,40.625
2025-12-26T11:35:12.844086,1.300,383.60064178471214,6927.1163708343865,177.08465483337545,4100,1500,1520,40.0,35.0,20.0,6927.1163708343865,132.8134911250316,1500,1520,800,0,0,177.08465483337545,177.08465483337545,88.54232741668773,0.0,4100,4200,390.0,132.8134911250316,30.13,25.0,25.0,0.6051864057360398,0.7960837985490556,0.9999999999999999,0.0,0.0,0.0,0.0,36.38254622027453,41.75127282712775,38.924639977132145,35.17151233345969,40.65,40.65,40.65,40.65
2025-12-26T11:35:12.895179,1.350,382.9301582551721,6951.446715653318,178.05786862613274,4100,1500,1520,40.0,35.0,20.0,6951.446715653318,133.54340146959956,1500,1520,800,0,0,178.05786862613274,178.05786862613274,89.02893431306637,0.0,4100,4200,390.0,133.54340146959956,30.135,25.0,25.0,0.6248973167277001,0.7807069511324467,1.0,0.0,0.0,0.0,0.0,39.85510432185915,39.55078284997019,35.58526818774884,38.370987801704146,40.675,40.675,40.675,40.675
2025-12-26T11:35:12.949808,1.400,383.43722208735204,6970.89945997692,178.83597839907682,4100,1500,1520,40.0,35.0,20.0,6970.89945997692,134.12698379930762,1500,1520,800,0,0,178.83597839907682,178.83597839907682,89.41798919953841,0.0,4100,4200,390.0,134.12698379930762,30.14,25.0,25.0,0.6442176872376912,0.7648421872844883,1.0,0.0,0.0,0.0,0.0,40.230590880321046,38.41327630938291,40.25371563077049,35.778779051549904,40.7,40.7,40.7,40.7
2025-12-26T11:35:13.003412,1.450,383.72359739165904,6985.425982075178,179.41703928300709,4100,1500,1520,40.0,35.0,20.0,6985.425982075178,134.56277946225532,1500,1520,800,0,0,179.41703928300709,179.41703928300709,89.70851964150354,0.0,4100,4200,390.0,134.56277946225532,30.145,25.0,25.0,0.6631354426633499,0.7484994219661649,1.0,0.0,0.0,0.0,0.0,36.63997950591826,37.8592509974523,41.454302362974495,40.10792903315208,40.725,40.725,40.725,40.725
2025-12-26T11:35:13.054451,1.500,383.4311751941468,6994.9899732081085,179.79959892832437,4100,1500,1520,40.0,35.0,20.0,6994.9899732081085,134.84969919624328,1500,1520,800,0,0,179.79959892832437,179.79959892832437,89.89979946416219,0.0,4100,4200,390.0,134.84969919624328,30.15,25.0,25.0,0.6816387600233343,0.7316888688738207,1.0,0.0,0.0,0.0,0.0,41.22935490004201,38.56312700075915,42.44580165177133,35.46727234285453,40.75,40.75,40.75,40.75
2025-12-26T11:35:13.104814,1.550,383.3034233591374,6999.567528378714,179.98270113514855,4100,1500,1520,40.0,35.0,20.0,6999.567528378714,134.9870258513614,1500,1520,800,0,0,179.98270113514855,179.98270113514855,89.99135056757427,0.0,4100,4200,390.0,134.9870258513614,30.155,25.0,25.0,0.6997160753466037,0.7144210340559312,1.0,0.0,0.0,0.0,0.0,39.66303369480524,41.330770554245085,44.363089825111025,36.6957353106555,40.775,40.775,40.775,40.775
2025-12-26T11:35:13.155512,1.600,383.42741084093274,6999.14720608301,179.96588824332042,4100,1500,1520,40.0,35.0,20.0,6999.14720608301,134.9744161824903,1500,1520,800,0,0,179.96588824332042,179.96588824332042,89.98294412166021,0.0,4100,4200,390.0,134.9744161824903,30.16,25.0,25.0,0.717356090899523,0.6967067093471652,1.0,0.0,0.0,0.0,0.0,36.61736368179134,35.23274192461554,41.3274356117659,37.10008155024865,40.8,40.8,40.8,40.8
2025-12-26T11:35:13.206197,1.650,383.32762028149244,6993.730056907838,179.7492022763135,4100,1500,1520,40.0,35.0,20.0,6993.730056907838,134.8119017072351,1500,1520,800,0,0,179.7492022763135,179.7492022763135,89.87460113815675,0.0,4100,4200,390.0,134.8119017072351,30.165,25.0,25.0,0.7345477822465788,0.6785569656238396,1.0,0.0,0.0,0.0,0.0,38.33076997169309,44.13805711184595,44.1517513025175,44.22969446430529,40.825,40.825,40.825,40.825
2025-12-26T11:35:13.256725,1.700,383.109079731098,6983.329620904937,179.33318483619746,4100,1500,1520,40.0,35.0,20.0,6983.329620904937,134.4998886271481,1500,1520,800,0,0,179.33318483619746,179.33318483619746,89.66659241809873,0.0,4100,4200,390.0,134.4998886271481,30.17,25.0,25.0,0.751280405140293,0.6599831458849819,1.0,0.0,0.0,0.0,0.0,42.04719424712334,44.67830027248026,42.348707413229604,44.06740706079444,40.85,40.85,40.85,40.85
2025-12-26T11:35:13.307802,1.750,382.95436888922694,6967.971893747874,178.71887574991493,4100,1500,1520,40.0,35.0,20.0,6967.971893747874,134.0391568124362,1500,1520,800,0,0,178.71887574991493,178.71887574991493,89.35943787495746,0.0,4100,4200,390.0,134.0391568124362,30.175,25.0,25.0,0.7675435022360273,0.6409968581633247,1.0,0.0,0.0,0.0,0.0,35.772537085507466,40.419502584034596,42.1777141761455,40.37423236819342,40.875,40.875,40.875,40.875
2025-12-26T11:35:13.363346,1.800,383.132581023475,6947.695261756389,177.90781047025558,4100,1500,1520,40.0,35.0,20.0,6947.695261756389,133.4308578526917,1500,1520,800,0,0,177.90781047025558,177.90781047025558,88.95390523512779,0.0,4100,4200,390.0,133.4308578526917,30.18,25.0,25.0,0.7833269096274836,0.6216099682706641,1.0,0.0,0.0,0.0,0.0,43.23867568726426,44.88087522989912,41.79599780612888,39.39639795977083,40.9,40.9,40.9,40.9
2025-12-26T11:35:13.414954,1.850,383.1401783914973,6922.550405950599,176.90201623802398,4100,1500,1520,40.0,35.0,20.0,6922.550405950599,132.67651217851798,1500,1520,800,0,0,176.90201623802398,176.90201623802398,88.45100811901199,0.0,4100,4200,390.0,132.67651217851798,30.185,25.0,25.0,0.7986207631988145,0.6018345923821121,0.9999999999999999,0.0,0.0,0.0,0.0,37.68214750341209,37.17309576780451,37.29005708805297,41.253075798466014,40.925,40.925,40.925,40.925
2025-12-26T11:35:13.466502,1.900,383.4029886417494,6892.600175374828,175.70400701499312,4100,1500,1520,40.0,35.0,20.0,6892.600175374828,131.77800526124486,1500,1520,800,0,0,175.70400701499312,175.70400701499312,87.85200350749656,0.0,4100,4200,390.0,131.77800526124486,30.19,25.0,25.0,0.8134155047893741,0.581683089463883,1.0,0.0,0.0,0.0,0.0,37.33001391322633,44.8497814360566,40.346350466302056,37.073321864985836,40.95,40.95,40.95,40.95
2025-12-26T11:35:13.517054,1.950,383.00802898541093,6857.919430007738,174.3167772003095,4100,1500,1520,40.0,35.0,20.0,6857.919430007738,130.73758290023213,1500,1520,800,0,0,174.3167772003095,174.3167772003095,87.15838860015475,0.0,4100,4200,390.0,130.73758290023213,30.195,25.0,25.0,0.827701888167258,0.561168053549341,1.0,0.0,0.0,0.0,0.0,43.90337408816851,38.534812518757946,37.802287267207774,37.97613029238891,40.975,40.975,40.975,40.975
2025-12-26T11:35:13.567612,2.000,384.00341586210743,6818.594853651362,172.7437941460545,4100,1500,1520,40.0,35.0,20.0,6818.594853651362,129.5578456095409,1500,1520,800,0,0,172.7437941460545,172.7437941460545,86.37189707302726,0.0,4100,4200,390.0,129.5578456095409,30.2,25.0,25.0,0.8414709848078967,0.5403023058681393,0.9999999999999999,0.0,0.0,0.0,0.0,44.54856322605232,37.07315195670887,41.45381599073032,38.42487040241368,41.0,41.0,41.0,41.0
2025-12-26T11:35:13.618200,2.050,383.5451766124203,6774.72473726675,170.98898949067,4100,1500,1520,40.0,35.0,20.0,6774.72473726675,128.2417421180025,1500,1520,800,0,0,170.98898949067,170.98898949067,85.494494745335,0.0,4100,4200,390.0,128.2417421180025,30.205,25.0,25.0,0.8547141894740936,0.5190988868333694,1.0,0.0,0.0,0.0,0.0,39.13464716081669,41.37303161947575,43.6034477995502,40.03448055618466,41.025,41.025,41.025,41.025
2025-12-26T11:35:13.668743,2.100,383.38758621788867,6726.418733297747,169.05674933190988,4100,1500,1520,40.0,35.0,20.0,6726.418733297747,126.79256199893241,1500,1520,800,0,0,169.05674933190988,169.05674933190988,84.52837466595494,0.0,4100,4200,390.0,126.79256199893241,30.21,25.0,25.0,0.8674232255940171,0.49757104789172674,1.0,0.0,0.0,0.0,0.0,38.29921618518664,41.04669695906032,39.15248594812981,41.952753802836966,41.05,41.05,41.05,41.05
2025-12-26T11:35:13.731430,2.150,383.4090201269674,6673.797581596995,166.95190326387979,4100,1500,1520,40.0,35.0,20.0,6673.797581596995,125.21392744790984,1500,1520,800,0,0,166.95190326387979,166.95190326387979,83.47595163193989,0.0,4100,4200,390.0,125.21392744790982,30.215,25.0,25.0,0.8795901504337891,0.4757322432417886,1.0,0.0,0.0,0.0,0.0,43.37053321843614,42.38758325603339,40.753375669896386,41.73074924061054,41.075,41.075,41.075,41.075
2025-12-26T11:35:13.784945,2.200,384.1312494329817,6616.992807639181,164.6797123055672,4100,1500,1520,40.0,35.0,20.0,6616.992807639181,123.5097842291754,1500,1520,800,0,0,164.6797123055672,164.6797123055672,82.3398561527836,0.0,4100,4200,390.0,123.5097842291754,30.22,25.0,25.0,0.8912073600614354,0.4535961214255773,1.0,0.0,0.0,0.0,0.0,41.72850069349789,44.56251983983591,38.659809234406175,35.46269459344235,41.1,41.1,41.1,41.1
2025-12-26T11:35:13.836003,2.250,383.8995778532348,6556.146393775843,162.2458557510337,4100,1500,1520,40.0,35.0,20.0,6556.146393775843,121.68439181327528,1500,1520,800,0,0,162.2458557510337,162.2458557510337,81.12292787551685,0.0,4100,4200,390.0,121.68439181327528,30.225,25.0,25.0,0.9022675940990952,0.4311765167986662,1.0,0.0,0.0,0.0,0.0,39.68038113539551,37.77172021584017,38.98480682269644,44.96410930659194,41.125,41.125,41.125,41.125
2025-12-26T11:35:13.887022,2.300,383.60057598065356,6491.41042435344,159.6564169741376,4100,1500,1520,40.0,35.0,20.0,6491.41042435344,119.7423127306032,1500,1520,800,0,0,159.6564169741376,159.6564169741376,79.8282084870688,0.0,4100,4200,390.0,119.7423127306032,30.23,25.0,25.0,0.912763940260521,0.4084874408841574,0.9999999999999999,0.0,0.0,0.0,0.0,36.67984815400821,43.57138767129359,39.31733931460418,41.183841466111254,41.15,41.15,41.15,41.15
2025-12-26T11:35:13.942184,2.350,383.73711901415595,6422.9467055816895,156.9178682232676,4100,1500,1520,40.0,35.0,20.0,6422.9467055816895,117.68840116745069,1500,1520,800,0,0,156.9178682232676,156.9178682232676,78.4589341116338,0.0,4100,4200,390.0,117.68840116745068,30.235,25.0,25.0,0.9226898386710329,0.3855430736159362,1.0,0.0,0.0,0.0,0.0,35.63805171341205,43.89686333988145,36.9238144192626,44.300287749871046,41.175,41.175,41.175,41.175
2025-12-26T11:35:13.993713,2.400,384.5118256088763,6350.9263611023025,154.03705444409212,4100,1500,1520,40.0,35.0,20.0,6350.9263611023025,115.52779083306909,1500,1520,800,0,0,154.03705444409212,154.03705444409212,77.01852722204606,0.0,4100,4200,390.0,115.52779083306909,30.24,25.0,25.0,0.9320390859672263,0.36235775447667384,1.0,0.0,0.0,0.0,0.0,39.42804776382252,38.99580862844717,39.9897536002653,37.6753131565061,41.2,41.2,41.2,41.2
2025-12-26T11:35:14.045369,2.450,383.89843049747344,6275.529404269008,151.02117617076033,4100,1500,1520,40.0,35.0,20.0,6275.529404269008,113.26588212807025,1500,1520,800,0,0,151.02117617076033,151.02117617076033,75.51058808538016,0.0,4100,4200,390.0,113.26588212807023,30.245,25.0,25.0,0.940805839173872,0.33894597353611766,1.0,0.0,0.0,0.0,0.0,39.297083306304,41.38874127296971,39.925693563368156,41.47786086564362,41.225,41.225,41.225,41.225
2025-12-26T11:35:14.095905,2.500,384.8898255488522,6196.944288207915,147.87777152831657,4100,1500,1520,40.0,35.0,20.0,6196.944288207915,110.90832864623744,1500,1520,800,0,0,147.87777152831657,147.87777152831657,73.93888576415829,0.0,4100,4200,390.0,110.90832864623744,30.25,25.0,25.0,0.9489846193555861,0.31532236239526906,1.0,0.0,0.0,0.0,0.0,37.12552403061124,38.5446689570687,35.1378380244522,38.00308717591692,41.25,41.25,41.25,41.25
2025-12-26T11:35:14.146434,2.550,384.79998552916794,6115.3674347828355,144.61469739131343,4100,1500,1520,40.0,35.0,20.0,6115.3674347828355,108.46102304348507,1500,1520,800,0,0,144.61469739131343,144.61469739131343,72.30734869565671,0.0,4100,4200,390.0,108.46102304348508,30.255,25.0,25.0,0.9565703150409858,0.2915016850421095,1.0,0.0,0.0,0.0,0.0,35.64095343082738,41.36866653885774,37.23076205674501,42.766622238561666,41.275,41.275,41.275,41.275
2025-12-26T11:35:14.197041,2.600,385.0353159418512,6031.00274364293,141.24010974571723,4100,1500,1520,40.0,35.0,20.0,6031.00274364293,105.93008230928793,1500,1520,800,0,0,141.24010974571723,141.24010974571723,70.62005487285862,0.0,4100,4200,390.0,105.93008230928793,30.26,25.0,25.0,0.9635581854171928,0.267498828624588,1.0,0.0,0.0,0.0,0.0,41.46567076305302,35.215694821609446,42.12695040157699,41.277163112810854,41.3,41.3,41.3,41.3
2025-12-26T11:35:14.248099,2.650,384.4075277447669,5944.061082579768,137.7624433031907,4100,1500,1520,40.0,35.0,20.0,5944.061082579768,103.32183247739303,1500,1520,800,0,0,137.7624433031907,137.7624433031907,68.88122165159535,0.0,4100,4200,390.0,103.32183247739303,30.265,25.0,25.0,0.969943863292687,0.2433287941466389,1.0,0.0,0.0,0.0,0.0,41.21478180892154,38.72559249129513,36.80987400574085,39.13632175881563,41.325,41.325,41.325,41.325
2025-12-26T11:35:14.299152,2.700,385.28060680359715,5854.759760467663,134.1903904187065,4100,1500,1520,40.0,35.0,20.0,5854.759760467663,100.64279281402987,1500,1520,800,0,0,134.1903904187065,134.1903904187065,67.09519520935325,0.0,4100,4200,390.0,100.64279281402987,30.27,25.0,25.0,0.9757233578266589,0.21900668709304236,0.9999999999999999,0.0,0.0,0.0,0.0,39.23163785751097,41.705906515601605,39.21082767187929,43.036332180872854,41.35,41.35,41.35,41.35
2025-12-26T11:35:14.349694,2.750,385.09245820472034,5763.321984104667,130.53287936418667,4100,1500,1520,40.0,35.0,20.0,5763.321984104667,97.89965952314,1500,1520,800,0,0,130.53287936418667,130.53287936418667,65.26643968209333,0.0,4100,4200,390.0,97.89965952314,30.275,25.0,25.0,0.9808930570231555,0.19454770798898804,1.0,0.0,0.0,0.0,0.0,42.75763660345525,41.746248004400954,44.627115363911486,43.04923484350663,41.375,41.375,41.375,41.375
2025-12-26T11:35:14.402782,2.800,385.6208649983108,5669.976300311813,126.79905201247254,4100,1500,1520,40.0,35.0,20.0,5669.976300311813,95.09928900935441,1500,1520,800,0,0,126.79905201247254,126.79905201247254,63.39952600623627,0.0,4100,4200,390.0,95.09928900935441,30.28,25.0,25.0,0.98544972998846,0.1699671429002419,1.0,0.0,0.0,0.0,0.0,41.64005379668788,39.43506796091302,43.59185562760537,37.56525760981743,41.4,41.4,41.4,41.4
2025-12-26T11:35:14.454313,2.850,385.6843677869208,5574.956024685093,122.99824098740373,4100,1500,1520,40.0,35.0,20.0,5574.956024685093,92.2486807405528,1500,1520,800,0,0,122.99824098740373,122.99824098740373,61.49912049370187,0.0,4100,4200,390.0,92.2486807405528,30.285,25.0,25.0,0.9893905289502951,0.14528035387985244,1.0,0.0,0.0,0.0,0.0,36.21821451750239,44.22998307800887,40.38790462729892,37.72392174450525,41.425,41.425,41.425,41.425
2025-12-26T11:35:14.510070,2.900,385.833457914455,5478.4986584279695,119.13994633711877,4100,1500,1520,40.0,35.0,20.0,5478.4986584279695,89.35495975283908,1500,1520,800,0,0,119.13994633711877,119.13994633711877,59.569973168559386,0.0,4100,4200,390.0,89.35495975283908,30.29,25.0,25.0,0.9927129910375884,0.12050276936736772,1.0,0.0,0.0,0.0,0.0,42.01546739806799,41.693294822105244,41.246381265628656,41.12515219428398,41.449999999999996,41.449999999999996,41.449999999999996,41.449999999999996
2025-12-26T11:35:14.560609,2.950,385.6486939104543,5380.845294722059,115.23381178888238,4100,1500,1520,40.0,35.0,20.0,5380.845294722059,86.42535884166179,1500,1520,800,0,0,115.23381178888238,115.23381178888238,57.61690589444119,0.0,4100,4200,390.0,86.42535884166179,30.294999999999998,25.0,25.0,0.9954150398196858,0.09564987454656287,1.0,0.0,0.0,0.0,0.0,36.48971345938554,40.811837758726504,41.09578724508446,37.56433376089603,41.475,41.475,41.475,41.475
2025-12-26T11:35:14.610755,3.000,385.40064075901427,5282.24001611974,111.28960064478959,4100,1500,1520,40.0,35.0,20.0,5282.24001611974,83.4672004835922,1500,1520,800,0,0,111.28960064478959,111.28960064478959,55.644800322394794,0.0,4100,4200,390.0,83.4672004835922,30.3,25.0,25.0,0.9974949866040543,0.07073720166770424,1.0,0.0,0.0,0.0,0.0,39.805725380955806,40.74513991278652,37.9434901340568,43.993659957621276,41.5,41.5,41.5,41.5
2025-12-26T11:35:14.661325,3.050,385.654186481885,5182.92928446488,107.31717137859519,4100,1500,1520,40.0,35.0,20.0,5182.92928446488,80.4878785339464,1500,1520,800,0,0,107.31717137859519,107.31717137859519,53.658585689297595,0.0,4100,4200,390.0,80.4878785339464,30.305,25.0,25.0,0.9989515314916587,0.045780320340398604,0.9999999999999999,0.0,0.0,0.0,0.0,40.6752820221507,43.5304407706041,41.72354056862836,35.586505826575504,41.525,41.525,41.525,41.525
2025-12-26T11:35:14.711937,3.100,386.18827735929204,5083.161324866587,103.32645299466348,4100,1500,1520,40.0,35.0,20.0,5083.161324866587,77.49483974599761,1500,1520,800,0,0,103.32645299466348,103.32645299466348,51.66322649733174,0.0,4100,4200,390.0,77.49483974599761,30.31,25.0,25.0,0.9997837641893569,0.020794827803093982,0.9999999999999999,0.0,0.0,0.0,0.0,35.76240615949263,42.44509088798833,37.9068250968248,39.05991678671196,41.55,41.55,41.55,41.55
2025-12-26T11:35:14.764078,3.150,385.77675935295076,4983.185505265709,99.32742021062836,4100,1500,1520,40.0,35.0,20.0,4983.185505265709,74.49556515797127,1500,1520,800,0,0,99.32742021062836,99.32742021062836,49.66371010531418,0.0,4100,4200,390.0,74.49556515797127,30.315,25.0,25.0,0.9999911645788032,-0.004203660824686709,1.0,0.0,0.0,0.0,0.0,42.917415765770045,42.952190716642235,44.35085653320928,38.556909323528124,41.574999999999996,41.574999999999996,41.574999999999996,41.574999999999996
2025-12-26T11:35:14.817177,3.200,385.9934038135923,4883.251713144847,95.33006852579388,4100,1500,1520,40.0,35.0,20.0,4883.251713144847,71.49755139434541,1500,1520,800,0,0,95.33006852579388,95.33006852579388,47.66503426289694,0.0,4100,4200,390.0,71.49755139434541,30.32,25.0,25.0,0.9995736030415052,-0.02919952230128704,1.0,0.0,0.0,0.0,0.0,42.75050417518905,44.94798472277494,41.16412963058001,39.06983585028389,41.6,41.6,41.6,41.6
2025-12-26T11:35:14.867694,3.250,386.7454330036732,4783.60973093979,91.34438923759161,4100,1500,1520,40.0,35.0,20.0,4783.60973093979,68.50829192819371,1500,1520,800,0,0,91.34438923759161,91.34438923759161,45.67219461879581,0.0,4100,4200,390.0,68.50829192819371,30.325,25.0,25.0,0.9985313405398317,-0.054177135026934546,1.0,0.0,0.0,0.0,0.0,42.826121563205355,37.222187613512084,41.047880870341615,37.94123806138937,41.625,41.625,41.625,41.625
2025-12-26T11:35:14.925768,3.300,386.6206612114739,4684.508611713511,87.38034446854043,4100,1500,1520,40.0,35.0,20.0,4684.508611713511,65.53525835140532,1500,1520,800,0,0,87.38034446854043,87.38034446854043,43.690172234270214,0.0,4100,4200,390.0,65.53525835140532,30.33,25.0,25.0,0.996865028453919,-0.0791208888067321,1.0,0.0,0.0,0.0,0.0,35.63830756578035,40.66642129944402,37.12197684017618,39.75424241920094,41.65,41.65,41.65,41.65
2025-12-26T11:35:14.977812,3.350,386.41651746039025,4586.196056653208,83.44784226612833,4100,1500,1520,40.0,35.0,20.0,4586.196056653208,62.58588169959625,1500,1520,800,0,0,83.44784226612833,83.44784226612833,41.72392113306417,0.0,4100,4200,390.0,62.58588169959624,30.335,25.0,25.0,0.9945757081745801,-0.10401519460652155,1.0,0.0,0.0,0.0,0.0,43.94254985695104,35.4370810059869,36.09020246212951,43.857465972000014,41.675,41.675,41.675,41.675
2025-12-26T11:35:15.028861,3.400,387.0461091360301,4488.917795946345,79.55671183785381,4100,1500,1520,40.0,35.0,20.0,4488.917795946345,59.66753387839036,1500,1520,800,0,0,79.55671183785381,79.55671183785381,39.778355918926906,0.0,4100,4200,390.0,59.66753387839036,30.34,25.0,25.0,0.9916648104524689,-0.12884449429552267,1.0,0.0,0.0,0.0,0.0,39.99368620964999,44.602614903869934,37.698834024573664,43.600482088621426,41.699999999999996,41.699999999999996,41.699999999999996,41.699999999999996
2025-12-26T11:35:15.079899,3.450,387.5986104096569,4392.91697458315,75.71667898332599,4100,1500,1520,40.0,35.0,20.0,4392.91697458315,56.78750923749449,1500,1520,800,0,0,75.71667898332599,75.71667898332599,37.858339491662996,0.0,4100,4200,390.0,56.78750923749449,30.345,25.0,25.0,0.988134154503908,-0.15359327036965842,1.0,0.0,0.0,0.0,0.0,43.57404619931639,35.73646231205154,35.4842709658448,35.10800368305361,41.724999999999994,41.724999999999994,41.724999999999994,41.724999999999994
2025-12-26T11:35:15.130538,3.500,386.8425632096884,4298.433544620769,71.93734178483075,4100,1500,1520,40.0,35.0,20.0,4298.433544620769,53.95300633862306,1500,1520,800,0,0,71.93734178483075,71.93734178483075,35.968670892415375,0.0,4100,4200,390.0,53.95300633862306,30.349999999999998,25.0,25.0,0.9839859468739373,-0.1782460556494899,0.9999999999999999,0.0,0.0,0.0,0.0,39.40994895066637,40.00337128395121,36.1306556082764,43.551225750962956,41.75,41.75,41.75,41.75
2025-12-26T11:35:15.181085,3.550,386.94321020216466,4205.703665428088,68.22814661712354,4100,1500,1520,40.0,35.0,20.0,4205.703665428088,51.17110996284266,1500,1520,800,0,0,68.22814661712354,68.22814661712354,34.11407330856177,0.0,4100,4200,390.0,51.17110996284266,30.355,25.0,25.0,0.9792227800572957,-0.20278744294670004,1.0,0.0,0.0,0.0,0.0,40.71920284924098,35.45171328788915,41.01180653994635,37.5142245791561,41.775,41.775,41.775,41.775
2025-12-26T11:35:15.231649,3.600,387.8186374466158,4114.959113410304,64.59836453641216,4100,1500,1520,40.0,35.0,20.0,4114.959113410304,48.44877340230912,1500,1520,800,0,0,64.59836453641216,64.59836453641216,32.29918226820608,0.0,4100,4200,390.0,48.44877340230912,30.36,25.0,25.0,0.9738476308781957,-0.22720209469308472,1.0,0.0,0.0,0.0,0.0,41.99150835118473,43.486847012808774,41.93826512655147,40.952110360869526,41.8,41.8,41.8,41.8
2025-12-26T11:35:15.283190,3.650,388.20276722948506,4026.4267026886096,61.05706810754439,4100,1500,1520,40.0,35.0,20.0,4026.4267026886096,45.79280108065829,1500,1520,800,0,0,61.05706810754439,61.05706810754439,30.528534053772194,0.0,4100,4200,390.0,45.79280108065829,30.365,25.0,25.0,0.9678638586299058,-0.2514747525260337,1.0,0.0,0.0,0.0,0.0,37.36376536502304,35.14398693409729,37.37892718366828,40.543686192067184,41.824999999999996,41.824999999999996,41.824999999999996,41.824999999999996
2025-12-26T11:35:15.333745,3.700,387.7309976047852,3940.3277181830226,57.61310872732089,4100,1500,1520,40.0,35.0,20.0,3940.3277181830226,43.20983154549067,1500,1520,800,0,0,57.61310872732089,57.61310872732089,28.806554363660446,0.0,4100,4200,390.0,43.20983154549067,30.37,25.0,25.0,0.9612752029753007,-0.2755902468245104,1.0,0.0,0.0,0.0,0.0,36.65963400875317,42.83724386422311,42.27157015326965,35.769350582939545,41.849999999999994,41.849999999999994,41.849999999999994,41.849999999999994
2025-12-26T11:35:15.384313,3.750,387.64585587194534,3856.8773625153212,54.27509450061285,4100,1500,1520,40.0,35.0,20.0,3856.8773625153212,40.70632087545964,1500,1520,800,0,0,54.27509450061285,54.27509450061285,27.137547250306426,0.0,4100,4200,390.0,40.70632087545964,30.375,25.0,25.0,0.9540857816096946,-0.2995335061895716,1.0,0.0,0.0,0.0,0.0,35.93571721284294,44.93116792692861,35.83841364760633,38.2959648220544,41.875,41.875,41.875,41.875
2025-12-26T11:35:15.436945,3.800,388.5516173322004,3776.2842181145706,51.05136872458282,4100,1500,1520,40.0,35.0,20.0,3776.2842181145706,38.288526543437115,1500,1520,800,0,0,51.05136872458282,51.05136872458282,25.52568436229141,0.0,4100,4200,390.0,38.288526543437115,30.38,25.0,25.0,0.9463000876874154,-0.3232895668635008,1.0,0.0,0.0,0.0,0.0,43.56927390172587,37.85933269658197,37.259673310656986,40.37812528667085,41.9,41.9,41.9,41.9
2025-12-26T11:35:15.489003,3.850,388.31948044766636,3698.749725869674,47.94998903478696,4100,1500,1520,40.0,35.0,20.0,3698.749725869674,35.96249177609022,1500,1520,800,0,0,47.94998903478696,47.94998903478696,23.97499451739348,0.0,4100,4200,390.0,35.96249177609022,30.384999999999998,25.0,25.0,0.9379229870137291,-0.34684358208167004,1.0,0.0,0.0,0.0,0.0,40.07021136187944,37.789094139563055,36.9836285083636,41.68750012735016,41.925,41.925,41.925,41.925
2025-12-26T11:35:15.539700,3.900,388.23928219011174,3624.4676816320607,44.97870726528244,4100,1500,1520,40.0,35.0,20.0,3624.4676816320607,33.73403044896183,1500,1520,800,0,0,44.97870726528244,44.97870726528244,22.48935363264122,0.0,4100,4200,390.0,33.73403044896183,30.39,25.0,25.0,0.9289597150038704,-0.3701808313512842,1.0,0.0,0.0,0.0,0.0,35.66762103199822,37.392393013869494,44.679240301676394,38.18423141041696,41.949999999999996,41.949999999999996,41.949999999999996,41.949999999999996
2025-12-26T11:35:15.590194,3.950,388.7627235938684,3553.6237518269845,42.14495007307938,4100,1500,1520,40.0,35.0,20.0,3553.6237518269845,31.608712554809536,1500,1520,800,0,0,42.14495007307938,42.14495007307938,21.07247503653969,0.0,4100,4200,390.0,31.608712554809536,30.395,25.0,25.0,0.9194158734110783,-0.39328672965121003,1.0,0.0,0.0,0.0,0.0,37.47224120365988,42.81585464401746,43.420324944354945,39.94183308764586,41.974999999999994,41.974999999999994,41.974999999999994,41.974999999999994
2025-12-26T11:35:15.640772,4.000,388.353480641588,3486.3950093841513,39.45580037536607,4100,1500,1520,40.0,35.0,20.0,3486.3950093841513,29.59185028152455,1500,1520,800,0,0,39.45580037536607,39.45580037536607,19.727900187683034,0.0,4100,4200,390.0,29.59185028152455,30.4,25.0,25.0,0.909297426825683,-0.4161468365471396,1.0,0.0,0.0,0.0,0.0,42.77720435177168,36.6812374148119,35.964669141757625,36.34495668382736,42.0,42.0,42.0,42.0
2025-12-26T11:35:15.691454,4.050,388.1171051581054,3422.9494911476177,36.91797964590471,4100,1500,1520,40.0,35.0,20.0,3422.9494911476177,27.68848473442853,1500,1520,800,0,0,36.91797964590471,36.91797964590471,18.458989822952354,0.0,4100,4200,390.0,27.688484734428535,30.405,25.0,25.0,0.8986106989474305,-0.4387468652163914,0.9999999999999999,0.0,0.0,0.0,0.0,44.88190095557961,36.352339845813106,37.73483316161475,43.66978370689042,42.025,42.025,42.025,42.025
2025-12-26T11:35:15.746529,4.100,389.03711611110805,3363.4457778711867,34.537831114847464,4100,1500,1520,40.0,35.0,20.0,3363.4457778711867,25.903373336135598,1500,1520,800,0,0,34.537831114847464,34.537831114847464,17.268915557423732,0.0,4100,4200,390.0,25.903373336135598,30.41,25.0,25.0,0.8873623686333769,-0.46107269137671,1.0,0.0,0.0,0.0,0.0,44.792312512857436,39.93829217103695,44.65838487187699,39.488449091221625,42.05,42.05,42.05,42.05
2025-12-26T11:35:15.797546,4.150,388.3510725761569,3308.0325978491146,32.321303913964584,4100,1500,1520,40.0,35.0,20.0,3308.0325978491146,24.24097793547344,1500,1520,800,0,0,32.321303913964584,32.321303913964584,16.160651956982292,0.0,4100,4200,390.0,24.24097793547344,30.415,25.0,25.0,0.8755594657238195,-0.48311036211348213,1.0,0.0,0.0,0.0,0.0,36.661475483305935,36.03433789205135,42.26043637244306,38.981090903936426,42.074999999999996,42.074999999999996,42.074999999999996,42.074999999999996
2025-12-26T11:35:15.847788,4.200,388.87853147362637,3256.8484551728307,30.27393820691323,4100,1500,1520,40.0,35.0,20.0,3256.8484551728307,22.70545365518492,1500,1520,800,0,0,30.27393820691323,30.27393820691323,15.136969103456615,0.0,4100,4200,390.0,22.70545365518492,30.419999999999998,25.0,25.0,0.8632093666488755,-0.5048461045998545,1.0,0.0,0.0,0.0,0.0,38.14403159748688,41.701059615215364,42.17571151556439,39.84366307914301,42.099999999999994,42.099999999999994,42.099999999999994,42.099999999999994
2025-12-26T11:35:15.900402,4.250,388.53820174144533,3210.0212835428392,28.400851341713576,4100,1500,1520,40.0,35.0,20.0,3210.0212835428392,21.300638506285182,1500,1520,800,0,0,28.400851341713576,28.400851341713576,14.200425670856788,0.0,4100,4200,390.0,21.300638506285182,30.425,25.0,25.0,0.8503197898184539,-0.526266334704302,1.0,0.0,0.0,0.0,0.0,40.16570129208495,44.17535022802328,38.89224690266091,42.516431495664776,42.125,42.125,42.125,42.125
2025-12-26T11:35:15.951426,4.300,388.9548988674183,3167.6681265010957,26.706725060043837,4100,1500,1520,40.0,35.0,20.0,3167.6681265010957,20.030043795032878,1500,1520,800,0,0,26.706725060043837,26.706725060043837,13.353362530021919,0.0,4100,4200,390.0,20.030043795032878,30.43,25.0,25.0,0.8368987907984997,-0.5473576654802681,1.0,0.0,0.0,0.0,0.0,40.195356739975075,43.51223798100853,37.13348911458277,40.31647389899942,42.15,42.15,42.15,42.15
2025-12-26T11:35:16.002572,4.350,388.5723230937689,3129.894844883107,25.195793795324278,4100,1500,1520,40.0,35.0,20.0,3129.894844883107,18.89684534649321,1500,1520,800,0,0,25.195793795324278,25.195793795324278,12.597896897662139,0.0,4100,4200,390.0,18.89684534649321,30.435,25.0,25.0,0.8229547572765281,-0.5681069155325701,1.0,0.0,0.0,0.0,0.0,42.564884503673554,37.937118040889004,44.198712986433584,37.420526484194866,42.175,42.175,42.175,42.175
2025-12-26T11:35:16.053109,4.400,389.46948989494325,3096.795852220973,23.87183408883891,4100,1500,1520,40.0,35.0,20.0,3096.795852220973,17.903875566629182,1500,1520,800,0,0,23.87183408883891,23.87183408883891,11.935917044419455,0.0,4100,4200,390.0,17.903875566629182,30.439999999999998,25.0,25.0,0.8084964038195924,-0.5885011172553426,1.0,0.0,0.0,0.0,0.0,43.871962904983505,36.57163449872272,35.47560213208893,43.19505302098294,42.199999999999996,42.199999999999996,42.199999999999996,42.199999999999996
2025-12-26T11:35:16.103646,4.450,388.86285047437246,3068.4538787587267,22.73815515034906,4100,1500,1520,40.0,35.0,20.0,3068.4538787587267,17.053616362761794,1500,1520,800,0,0,22.73815515034906,22.73815515034906,11.36907757517453,0.0,4100,4200,390.0,17.053616362761794,30.445,25.0,25.0,0.7935327664279636,-0.6085275249363689,1.0,0.0,0.0,0.0,0.0,39.55424414587175,40.48852671006599,35.81819131855685,44.11192960014189,42.224999999999994,42.224999999999994,42.224999999999994,42.224999999999994
2025-12-26T11:35:16.153885,4.500,389.3991736766229,3044.9397646698094,21.797590586792367,4100,1500,1520,40.0,35.0,20.0,3044.9397646698094,16.348192940094275,1500,1520,800,0,0,21.797590586792367,21.797590586792367,10.898795293396184,0.0,4100,4200,390.0,16.348192940094275,30.45,25.0,25.0,0.7780731968879238,-0.628173622722736,1.0,0.0,0.0,0.0,0.0,36.33089210933216,35.12343861552965,38.68534977725946,39.440087731020725,42.24999999999999,42.24999999999999,42.24999999999999,42.24999999999999
2025-12-26T11:35:16.204511,4.550,389.53284992895226,3026.312282993529,21.05249131974118,4100,1500,1520,40.0,35.0,20.0,3026.312282993529,15.789368489805884,1500,1520,800,0,0,21.05249131974118,21.05249131974118,10.52624565987059,0.0,4100,4200,390.0,15.789368489805884,30.455,25.0,25.0,0.7621273569272049,-0.6474271324428355,1.0,0.0,0.0,0.0,0.0,37.87043028321313,44.565122772009694,41.2206348851265,43.274169062157334,42.275,42.275,42.275,42.275
2025-12-26T11:35:16.255574,4.600,389.41746111354286,3012.617992733073,20.504719709322913,4100,1500,1520,40.0,35.0,20.0,3012.617992733073,15.378539781992185,1500,1520,800,0,0,20.504719709322913,20.504719709322913,10.252359854661456,0.0,4100,4200,390.0,15.378539781992185,30.46,25.0,25.0,0.7457052121767229,-0.6662760212798211,1.0,0.0,0.0,0.0,0.0,38.85920500255136,36.95628172141202,35.5658003715402,44.67203492581366,42.3,42.3,42.3,42.3
2025-12-26T11:35:16.312633,4.650,389.6678380337039,3003.8911224822423,20.155644899289683,4100,1500,1520,40.0,35.0,20.0,3003.8911224822423,15.116733674467262,1500,1520,800,0,0,20.155644899289683,20.155644899289683,10.077822449644842,0.0,4100,4200,390.0,15.116733674467264,30.465,25.0,25.0,0.7288170259423831,-0.6847085092917276,1.0,0.0,0.0,0.0,0.0,44.900515804613775,40.34561405296107,43.30007251795,40.879975244155084,42.324999999999996,42.324999999999996,42.324999999999996,42.324999999999996
2025-12-26T11:35:16.363163,4.700,389.2293183246125,3000.1534848717984,20.006139394871937,4100,1500,1520,40.0,35.0,20.0,3000.1534848717984,15.004604546153953,1500,1520,800,0,0,20.006139394871937,20.006139394871937,10.003069697435969,0.0,4100,4200,390.0,15.004604546153953,30.47,25.0,25.0,0.7114733527908474,-0.7027130767735508,1.0,0.0,0.0,0.0,0.0,40.83685139932659,44.652758498035155,37.660866553815026,37.52340134060037,42.349999999999994,42.349999999999994,42.349999999999994,42.349999999999994
2025-12-26T11:35:16.414797,4.750,389.41729909729884,3001.4144220492435,20.056576881969733,4100,1500,1520,40.0,35.0,20.0,3001.4144220492435,15.0424326614773,1500,1520,800,0,0,20.056576881969733,20.056576881969733,10.028288440984866,0.0,4100,4200,390.0,15.042432661477301,30.474999999999998,25.0,25.0,0.693685031953275,-0.7202784714566887,1.0,0.0,0.0,0.0,0.0,43.08610343044583,37.22389715694578,38.13832197942523,35.21355202531061,42.37499999999999,42.37499999999999,42.37499999999999,42.37499999999999
2025-12-26T11:35:16.465318,4.800,389.45686731710987,3007.670782328317,20.30683129313269,4100,1500,1520,40.0,35.0,20.0,3007.670782328317,15.230123469849516,1500,1520,800,0,0,20.30683129313269,20.30683129313269,10.153415646566344,0.0,4100,4200,390.0,15.230123469849516,30.48,25.0,25.0,0.6754631805511543,-0.7373937155412424,1.0,0.0,0.0,0.0,0.0,38.3472603438929,44.41971915114731,40.793170248828446,35.13736530243194,42.4,42.4,42.4,42.4
2025-12-26T11:35:16.515690,4.850,389.307818871174,3018.906928066571,20.756277122662837,4100,1500,1520,40.0,35.0,20.0,3018.906928066571,15.567207841997128,1500,1520,800,0,0,20.756277122662837,20.756277122662837,10.378138561331419,0.0,4100,4200,390.0,15.567207841997128,30.485,25.0,25.0,0.6568191866484647,-0.7540481125567846,1.0,0.0,0.0,0.0,0.0,44.306976963778474,36.01093616652222,44.0486733209069,44.238798625139005,42.425,42.425,42.425,42.425
2025-12-26T11:35:16.566230,4.900,389.0740900416474,3035.0947747513314,21.403790990053267,4100,1500,1520,40.0,35.0,20.0,3035.0947747513314,16.05284324253995,1500,1520,800,0,0,21.403790990053267,21.403790990053267,10.701895495026633,0.0,4100,4200,390.0,16.05284324253995,30.49,25.0,25.0,0.6377647021345074,-0.7702312540473043,1.0,0.0,0.0,0.0,0.0,36.321852792515756,42.821527221460656,38.948892031058634,35.93006127694573,42.449999999999996,42.449999999999996,42.449999999999996,42.449999999999996
2025-12-26T11:35:16.616913,4.950,389.13786776889094,3056.193861196354,22.247754447854163,4100,1500,1520,40.0,35.0,20.0,3056.193861196354,16.685815835890622,1500,1520,800,0,0,22.247754447854163,22.247754447854163,11.123877223927082,0.0,4100,4200,390.0,16.685815835890622,30.494999999999997,25.0,25.0,0.6183116354418532,-0.7859330260761541,0.9999999999999999,0.0,0.0,0.0,0.0,35.15173143275318,36.28483024466536,37.54627702477761,44.15876137352838,42.474999999999994,42.474999999999994,42.474999999999994,42.474999999999994
2025-12-26T11:35:16.667451,5.000,389.04362412199015,3082.1514506737176,23.286058026948695,4100,1500,1520,40.0,35.0,20.0,3082.1514506737176,17.46454352021152,1500,1520,800,0,0,23.286058026948695,23.286058026948695,11.643029013474347,0.0,4100,4200,390.0,17.46454352021152,30.5,25.0,25.0,0.5984721441039604,-0.8011436155469308,1.0,0.0,0.0,0.0,0.0,36.4231729410568,39.42411993654088,41.98275565319638,43.391208661833815,42.49999999999999,42.49999999999999,42.49999999999999,42.49999999999999
2025-12-26T11:35:16.718008,5.050,389.07474087973554,3112.90266272818,24.516106509127212,4100,1500,1520,40.0,35.0,20.0,3112.90266272818,18.38707988184541,1500,1520,800,0,0,24.516106509127212,24.516106509127212,12.258053254563606,0.0,4100,4200,390.0,18.38707988184541,30.505,25.0,25.0,0.5782586271571118,-0.815853516336341,0.9999999999999999,0.0,0.0,0.0,0.0,40.687149470569636,37.003783077109425,44.518474945114114,35.46992269529967,42.52499999999999,42.52499999999999,42.52499999999999,42.52499999999999
2025-12-26T11:35:16.770076,5.100,389.5015611519819,3148.3706353445277,25.934825413781113,4100,1500,1520,40.0,35.0,20.0,3148.3706353445277,19.451119060335834,1500,1520,800,0,0,25.934825413781113,25.934825413781113,12.967412706890556,0.0,4100,4200,390.0,19.451119060335834,30.509999999999998,25.0,25.0,0.5576837173914211,-0.8300535352352194,1.0,0.0,0.0,0.0,0.0,40.65060259237149,36.91078694319021,44.319228893958616,39.83366303493075,42.55,42.55,42.55,42.55
2025-12-26T11:35:16.820659,5.150,389.19567427654425,3188.4667170625817,27.538668682503285,4100,1500,1520,40.0,35.0,20.0,3188.4667170625817,20.654001511877464,1500,1520,800,0,0,27.538668682503285,27.538668682503285,13.769334341251643,0.0,4100,4200,390.0,20.654001511877464,30.515,25.0,25.0,0.5367602734557493,-0.8437347976939847,1.0,0.0,0.0,0.0,0.0,43.91866400857995,39.42133530832041,40.179199131796445,41.78121639396824,42.574999999999996,42.574999999999996,42.574999999999996,42.574999999999996
2025-12-26T11:35:16.878252,5.200,388.7656768321055,3233.0906885596837,29.323627542387356,4100,1500,1520,40.0,35.0,20.0,3233.0906885596837,21.992720656790517,1500,1520,800,0,0,29.323627542387356,29.323627542387356,14.661813771193678,0.0,4100,4200,390.0,21.992720656790517,30.52,25.0,25.0,0.5155013718214687,-0.8568887533689445,1.0,0.0,0.0,0.0,0.0,41.901365914130515,41.508937666625165,44.22435770681356,38.095923257742086,42.599999999999994,42.599999999999994,42.599999999999994,42.599999999999994
2025-12-26T11:35:16.930348,5.250,388.8444448500192,3282.1310131468053,31.28524052587221,4100,1500,1520,40.0,35.0,20.0,3282.1310131468053,23.46393039440416,1500,1520,800,0,0,31.28524052587221,31.28524052587221,15.642620262936106,0.0,4100,4200,390.0,23.46393039440416,30.525,25.0,25.0,0.4939202986100938,-0.8695071814659817,0.9999999999999999,0.0,0.0,0.0,0.0,38.111000275867276,35.75290061866484,42.39201082052173,42.51553156505011,42.62499999999999,42.62499999999999,42.62499999999999,42.62499999999999
2025-12-26T11:35:16.980865,5.300,388.4751259359115,3335.465115552186,33.41860462208743,4100,1500,1520,40.0,35.0,20.0,3335.465115552186,25.06395346656557,1500,1520,800,0,0,33.41860462208743,33.41860462208743,16.709302311043714,0.0,4100,4200,390.0,25.06395346656557,30.529999999999998,25.0,25.0,0.47203054128988736,-0.8815821958782833,1.0,0.0,0.0,0.0,0.0,38.612642769940734,44.05542495637737,41.97350782270708,43.67310540249365,42.64999999999999,42.64999999999999,42.64999999999999,42.64999999999999
2025-12-26T11:35:17.031418,5.350,388.4010441997266,3392.9596882956757,35.71838753182702,4100,1500,1520,40.0,35.0,20.0,3392.9596882956757,26.788790648870265,1500,1520,800,0,0,35.71838753182702,35.71838753182702,17.85919376591351,0.0,4100,4200,390.0,26.788790648870265,30.535,25.0,25.0,0.44984578024663213,-0.8931062501149003,1.0,0.0,0.0,0.0,0.0,39.411777764609795,41.19208722821732,37.10627962150812,35.486382553413264,42.675,42.675,42.675,42.675
2025-12-26T11:35:17.082205,5.400,388.45298646787006,3454.471024888011,38.178840995520446,4100,1500,1520,40.0,35.0,20.0,3454.471024888011,28.634130746640334,1500,1520,800,0,0,38.178840995520446,38.178840995520446,19.089420497760223,0.0,4100,4200,390.0,28.634130746640334,30.54,25.0,25.0,0.427379880233835,-0.9040721420170588,1.0,0.0,0.0,0.0,0.0,43.9808697092925,38.218473756612184,37.74160127897955,38.22136608321482,42.699999999999996,42.699999999999996,42.699999999999996,42.699999999999996
2025-12-26T11:35:17.132759,5.450,388.58155753760116,3519.8453790221956,40.79381516088783,4100,1500,1520,40.0,35.0,20.0,3519.8453790221956,30.595361370665874,1500,1520,800,0,0,40.79381516088783,40.79381516088783,20.396907580443916,0.0,4100,4200,390.0,30.595361370665877,30.544999999999998,25.0,25.0,0.40464688170770735,-0.9144730182592752,1.0,0.0,0.0,0.0,0.0,41.3853434559647,39.267585423103384,44.933112474105386,38.86482097798915,42.724999999999994,42.724999999999994,42.724999999999994,42.724999999999994
2025-12-26T11:35:17.183294,5.500,388.68491060566726,3588.9193488592,43.556773954368,4100,1500,1520,40.0,35.0,20.0,3588.9193488592,32.667580465776,1500,1520,800,0,0,43.556773954368,43.556773954368,21.778386977184,0.0,4100,4200,390.0,32.667580465776,30.549999999999997,25.0,25.0,0.38166099205233706,-0.9243023786324613,1.0,0.0,0.0,0.0,0.0,35.25589793963055,39.11035466909389,41.375195598299214,42.06702801241593,42.74999999999999,42.74999999999999,42.74999999999999,42.74999999999999
2025-12-26T11:35:17.238870,5.550,388.53281422577686,3661.520285447459,46.460811417898356,4100,1500,1520,40.0,35.0,20.0,3661.520285447459,34.84560856342377,1500,1520,800,0,0,46.460811417898356,46.460811417898356,23.230405708949178,0.0,4100,4200,390.0,34.84560856342377,30.555,25.0,25.0,0.3584365767005356,-0.9335540801063434,1.0,0.0,0.0,0.0,0.0,43.70804655922544,41.666109009890164,38.908305987223514,41.757577457292136,42.77499999999999,42.77499999999999,42.77499999999999,42.77499999999999
2025-12-26T11:35:17.289423,5.600,388.2879175475712,3737.4667242553387,49.49866897021356,4100,1500,1520,40.0,35.0,20.0,3737.4667242553387,37.12400172766017,1500,1520,800,0,0,49.49866897021356,49.49866897021356,24.74933448510678,0.0,4100,4200,390.0,37.12400172766017,30.56,25.0,25.0,0.33498815015591055,-0.9422223406686562,1.0,0.0,0.0,0.0,0.0,35.46625292452906,40.969896313336136,41.26068528209127,37.8712606674581,42.8,42.8,42.8,42.8
2025-12-26T11:35:17.344563,5.650,387.5714807900034,3816.5688387379614,52.66275354951845,4100,1500,1520,40.0,35.0,20.0,3816.5688387379614,39.49706516213884,1500,1520,800,0,0,52.66275354951845,52.66275354951845,26.331376774759224,0.0,4100,4200,390.0,39.49706516213884,30.564999999999998,25.0,25.0,0.311330366921773,-0.9503017429387122,1.0,0.0,0.0,0.0,0.0,39.74744255036086,44.7318982157432,43.53306126157145,35.37019302403239,42.824999999999996,42.824999999999996,42.824999999999996,42.824999999999996
2025-12-26T11:35:17.395581,5.700,387.64863289096814,3898.628914804704,55.945156592188155,4100,1500,1520,40.0,35.0,20.0,3898.628914804704,41.95886744414112,1500,1520,800,0,0,55.945156592188155,55.945156592188155,27.972578296094078,0.0,4100,4200,390.0,41.95886744414112,30.57,25.0,25.0,0.2874780123425503,-0.9577872375530886,1.0,0.0,0.0,0.0,0.0,39.543830200824296,44.79003868380205,44.07128030324744,37.679124751204554,42.849999999999994,42.849999999999994,42.849999999999994,42.849999999999994
2025-12-26T11:35:17.454253,5.750,387.4072398728974,3983.441845001462,59.337673800058475,4100,1500,1520,40.0,35.0,20.0,3983.441845001462,44.50325535004386,1500,1520,800,0,0,59.337673800058475,59.337673800058475,29.668836900029238,0.0,4100,4200,390.0,44.50325535004386,30.575,25.0,25.0,0.26344599336342683,-0.9646741463213147,0.9999999999999999,0.0,0.0,0.0,0.0,36.64874902267386,44.449155632712504,44.44632448672165,42.33300967755198,42.87499999999999,42.87499999999999,42.87499999999999,42.87499999999999
2025-12-26T11:35:17.504784,5.800,387.3427353451582,4070.7956411724635,62.83182564689853,4100,1500,1520,40.0,35.0,20.0,4070.7956411724635,47.1238692351739,1500,1520,800,0,0,62.83182564689853,62.83182564689853,31.415912823449265,0.0,4100,4200,390.0,47.1238692351739,30.58,25.0,25.0,0.23924932921398845,-0.970958165149589,1.0,0.0,0.0,0.0,0.0,40.13335629667303,43.36012903913624,39.92148468950235,41.48506706508722,42.89999999999999,42.89999999999999,42.89999999999999,42.89999999999999
2025-12-26T11:35:17.555378,5.850,387.8859321008851,4160.471964320258,66.41887857281033,4100,1500,1520,40.0,35.0,20.0,4160.471964320258,49.81415892960774,1500,1520,800,0,0,66.41887857281033,66.41887857281033,33.209439286405164,0.0,4100,4200,390.0,49.81415892960774,30.584999999999997,25.0,25.0,0.21490314202169317,-0.9766353667306975,1.0,0.0,0.0,0.0,0.0,39.285362934210866,37.19554569111871,35.29393491247098,44.641969099334155,42.925,42.925,42.925,42.925
2025-12-26T11:35:17.605931,5.900,386.92088653976,4252.246670339503,70.08986681358013,4100,1500,1520,40.0,35.0,20.0,4252.246670339503,52.5674001101851,1500,1520,800,0,0,70.08986681358013,70.08986681358013,35.044933406790065,0.0,4100,4200,390.0,52.5674001101851,30.59,25.0,25.0,0.1904226473610336,-0.9817022029984528,1.0,0.0,0.0,0.0,0.0,44.61295817132864,39.103291657580776,44.306701988907925,43.45745164732289,42.949999999999996,42.949999999999996,42.949999999999996,42.949999999999996
2025-12-26T11:35:17.656502,5.950,387.0424058529172,4345.890370260494,73.83561481041974,4100,1500,1520,40.0,35.0,20.0,4345.890370260494,55.376711107814806,1500,1520,800,0,0,73.83561481041974,73.83561481041974,36.91780740520987,0.0,4100,4200,390.0,55.37671110781481,30.595,25.0,25.0,0.1658231447442981,-0.9861555073451203,1.0,0.0,0.0,0.0,0.0,44.35680295836795,44.178744135265646,36.95740534718518,36.42400480568598,42.974999999999994,42.974999999999994,42.974999999999994,42.974999999999994
2025-12-26T11:35:17.707155,6.000,387.0236377681782,4441.169003602123,77.64676014408491,4100,1500,1520,40.0,35.0,20.0,4441.169003602123,58.23507010806368,1500,1520,800,0,0,77.64676014408491,77.64676014408491,38.823380072042454,0.0,4100,4200,390.0,58.23507010806368,30.599999999999998,25.0,25.0,0.14112000805987382,-0.9899924966004445,1.0,0.0,0.0,0.0,0.0,41.940454394010736,39.30773515163153,36.69180996081048,36.229811517248045,42.99999999999999,42.99999999999999,42.99999999999999,42.99999999999999
2025-12-26T11:35:17.759700,6.050,386.49877100731845,4537.8444234011895,81.51377693604758,4100,1500,1520,40.0,35.0,20.0,4537.8444234011895,61.13533270203568,1500,1520,800,0,0,81.51377693604758,81.51377693604758,40.75688846802379,0.0,4100,4200,390.0,61.13533270203568,30.604999999999997,25.0,25.0,0.11632867596406667,-0.9932107727710404,1.0,0.0,0.0,0.0,0.0,43.85079060450537,44.989026272677464,36.894512221352485,43.13877043933671,43.02499999999999,43.02499999999999,43.02499999999999,43.02499999999999
2025-12-26T11:35:17.810238,6.100,386.85461026543044,4635.674991455782,85.42699965823128,4100,1500,1520,40.0,35.0,20.0,4635.674991455782,64.07024974367346,1500,1520,800,0,0,85.42699965823128,85.42699965823128,42.71349982911564,0.0,4100,4200,390.0,64.07024974367346,30.61,25.0,25.0,0.09146464223244383,-0.9958083245390607,1.0,0.0,0.0,0.0,0.0,36.51653195521704,43.23026428315892,39.5606903943054,36.558377440243504,43.04999999999999,43.04999999999999,43.04999999999999,43.04999999999999
2025-12-26T11:35:17.861287,6.150,386.6073311381358,4734.416182294938,89.37664729179754,4100,1500,1520,40.0,35.0,20.0,4734.416182294938,67.03248546884815,1500,1520,800,0,0,89.37664729179754,89.37664729179754,44.68832364589877,0.0,4100,4200,390.0,67.03248546884815,30.615,25.0,25.0,0.06654344607672835,-0.9977835285192042,0.9999999999999999,0.0,0.0,0.0,0.0,41.998959810622594,35.66810635240027,43.16761342357991,38.147963391257974,43.074999999999996,43.074999999999996,43.074999999999996,43.074999999999996
2025-12-26T11:35:17.912338,6.200,386.4960106642247,4833.8211943649785,93.35284777459916,4100,1500,1520,40.0,35.0,20.0,4833.8211943649785,70.01463583094937,1500,1520,800,0,0,93.35284777459916,93.35284777459916,46.67642388729958,0.0,4100,4200,390.0,70.01463583094937,30.619999999999997,25.0,25.0,0.04158066243329759,-0.9991351502732791,0.9999999999999999,0.0,0.0,0.0,0.0,36.010663578019596,36.77264424397806,35.73095809064585,37.70869902676898,43.099999999999994,43.099999999999994,43.099999999999994,43.099999999999994
2025-12-26T11:35:17.963364,6.250,386.00860490362453,4933.641566904858,97.34566267619432,4100,1500,1520,40.0,35.0,20.0,4933.641566904858,73.00924700714575,1500,1520,800,0,0,97.34566267619432,97.34566267619432,48.67283133809716,0.0,4100,4200,390.0,73.00924700714575,30.625,25.0,25.0,0.016591892229355008,-0.9998623450816865,1.0,0.0,0.0,0.0,0.0,40.1285446095105,41.67527937655729,41.7980099978284,43.89731797327673,43.12499999999999,43.12499999999999,43.12499999999999,43.12499999999999
2025-12-26T11:35:18.013926,6.300,385.7489835731414,5033.627800968671,101.34511203874683,4100,1500,1520,40.0,35.0,20.0,5033.627800968671,76.00883402906013,1500,1520,800,0,0,101.34511203874683,101.34511203874683,50.67255601937342,0.0,4100,4200,390.0,76.00883402906013,30.63,25.0,25.0,-0.008407247367141513,-0.999964658471342,0.9999999999999999,0.0,0.0,0.0,0.0,44.49281206228467,36.61143274249407,44.96192961752876,38.80333108129465,43.14999999999999,43.14999999999999,43.14999999999999,43.14999999999999
2025-12-26T11:35:18.064969,6.350,386.087228014653,5133.529983043082,105.34119932172331,4100,1500,1520,40.0,35.0,20.0,5133.529983043082,79.00589949129248,1500,1520,800,0,0,105.34119932172331,105.34119932172331,52.670599660861654,0.0,4100,4200,390.0,79.00589949129248,30.634999999999998,25.0,25.0,-0.033401132707701287,-0.9994420264997077,0.9999999999999999,0.0,0.0,0.0,0.0,37.978712917528014,36.53557559690116,42.036348946167436,38.02707719482196,43.17499999999999,43.17499999999999,43.17499999999999,43.17499999999999
2025-12-26T11:35:18.116022,6.400,385.418824590243,5233.098409700957,109.32393638803829,4100,1500,1520,40.0,35.0,20.0,5233.098409700957,81.99295229102871,1500,1520,800,0,0,109.32393638803829,109.32393638803829,54.661968194019146,0.0,4100,4200,390.0,81.99295229102871,30.639999999999997,25.0,25.0,-0.05837414342757255,-0.9982947757947536,1.0,0.0,0.0,0.0,0.0,44.02296247545808,39.27944761659487,38.23637258266517,42.053499748033275,43.199999999999996,43.199999999999996,43.199999999999996,43.199999999999996
2025-12-26T11:35:18.166595,6.450,385.3046510720738,5332.084211729884,113.28336846919538,4100,1500,1520,40.0,35.0,20.0,5332.084211729884,84.96252635189654,1500,1520,800,0,0,113.28336846919538,113.28336846919538,56.64168423459769,0.0,4100,4200,390.0,84.96252635189654,30.645,25.0,25.0,-0.08331067220796197,-0.9965236233508253,1.0,0.0,0.0,0.0,0.0,40.05113458143515,44.99480671512401,40.36289688002444,37.431246795617575,43.224999999999994,43.224999999999994,43.224999999999994,43.224999999999994
2025-12-26T11:35:18.217128,6.500,385.47097761050446,5430.239976175601,117.20959904702406,4100,1500,1520,40.0,35.0,20.0,5430.239976175601,87.90719928526804,1500,1520,800,0,0,117.20959904702406,117.20959904702406,58.60479952351203,0.0,4100,4200,390.0,87.90719928526804,30.65,25.0,25.0,-0.10819513453010088,-0.994129676080547,1.0,0.0,0.0,0.0,0.0,38.30142515575159,37.790274657091786,43.916161810919135,38.651241088279015,43.24999999999999,43.24999999999999,43.24999999999999,43.24999999999999
2025-12-26T11:35:18.267346,6.550,384.99226818843744,5527.3203647455275,121.0928145898211,4100,1500,1520,40.0,35.0,20.0,5527.3203647455275,90.81961094236583,1500,1520,800,0,0,121.0928145898211,121.0928145898211,60.54640729491055,0.0,4100,4200,390.0,90.81961094236583,30.654999999999998,25.0,25.0,-0.13301197841506213,-0.9911144301230363,1.0,0.0,0.0,0.0,0.0,35.47002468866933,44.13981191791181,40.05576980512054,42.00958308693308,43.27499999999999,43.27499999999999,43.27499999999999,43.27499999999999
2025-12-26T11:35:18.318332,6.600,385.0909695218369,5623.082727026727,124.92330908106908,4100,1500,1520,40.0,35.0,20.0,5623.082727026727,93.69248181080181,1500,1520,800,0,0,124.92330908106908,124.92330908106908,62.46165454053454,0.0,4100,4200,390.0,93.69248181080181,30.66,25.0,25.0,-0.15774569414324074,-0.9874797699088661,1.0,0.0,0.0,0.0,0.0,41.923871058193726,43.101878248557746,39.97897182472486,36.401427983955955,43.29999999999999,43.29999999999999,43.29999999999999,43.29999999999999
2025-12-26T11:35:18.369864,6.650,385.02022519034585,5717.287706985571,128.69150827942283,4100,1500,1520,40.0,35.0,20.0,5717.287706985571,96.51863120956713,1500,1520,800,0,0,128.69150827942283,128.69150827942283,64.34575413971142,0.0,4100,4200,390.0,96.51863120956713,30.665,25.0,25.0,-0.18238082394742386,-0.9832279669823569,1.0,0.0,0.0,0.0,0.0,38.58662961447164,43.98293639734785,35.276352366058575,40.328297702009245,43.32499999999999,43.32499999999999,43.32499999999999,43.32499999999999
2025-12-26T11:35:18.420924,6.700,385.4461272143911,5809.699841233168,132.3879936493267,4100,1500,1520,40.0,35.0,20.0,5809.699841233168,99.29099523699502,1500,1520,800,0,0,132.3879936493267,132.3879936493267,66.19399682466334,0.0,4100,4200,390.0,99.29099523699502,30.669999999999998,25.0,25.0,-0.20690197167339194,-0.9783616785819357,1.0,0.0,0.0,0.0,0.0,35.330664205270686,38.91598749243114,43.75090695289898,39.919211436005895,43.349999999999994,43.349999999999994,43.349999999999994,43.349999999999994
2025-12-26T11:35:18.471565,6.750,385.0145930059329,5900.088147561207,136.00352590244827,4100,1500,1520,40.0,35.0,20.0,5900.088147561207,102.00264442683621,1500,1520,800,0,0,136.00352590244827,136.00352590244827,68.00176295122414,0.0,4100,4200,390.0,102.00264442683621,30.674999999999997,25.0,25.0,-0.23129381240201405,-0.9728839459794483,1.0,0.0,0.0,0.0,0.0,44.7564282406265,39.53949939678073,41.25723592060485,43.16168251416144,43.37499999999999,43.37499999999999,43.37499999999999,43.37499999999999
2025-12-26T11:35:18.522508,6.800,384.4311450094625,5988.226702277188,139.52906809108754,4100,1500,1520,40.0,35.0,20.0,5988.226702277188,104.64680106831565,1500,1520,800,0,0,139.52906809108754,139.52906809108754,69.76453404554377,0.0,4100,4200,390.0,104.64680106831565,30.68,25.0,25.0,-0.2555411020268235,-0.9667981925794631,1.0,0.0,0.0,0.0,0.0,39.85394382172639,41.567494505341,36.355308427330485,35.06433862284119,43.39999999999999,43.39999999999999,43.39999999999999,43.39999999999999
2025-12-26T11:35:18.573526,6.850,384.7266468138068,6073.8952048959945,142.9558081958398,4100,1500,1520,40.0,35.0,20.0,6073.8952048959945,107.21685614687985,1500,1520,800,0,0,142.9558081958398,142.9558081958398,71.4779040979199,0.0,4100,4200,390.0,107.21685614687985,30.685,25.0,25.0,-0.27962868678108815,-0.9601082217797554,1.0,0.0,0.0,0.0,0.0,42.56657002615194,44.4549046153047,39.501439899422536,43.68115490450141,43.42499999999999,43.42499999999999,43.42499999999999,43.42499999999999
2025-12-26T11:35:18.624092,6.900,384.7728543449535,6156.879528776372,146.2751811510549,4100,1500,1520,40.0,35.0,20.0,6156.879528776372,109.70638586329119,1500,1520,800,0,0,146.2751811510549,146.2751811510549,73.13759057552745,0.0,4100,4200,390.0,109.70638586329119,30.689999999999998,25.0,25.0,-0.3035415127084213,-0.9528182145943073,1.0,0.0,0.0,0.0,0.0,44.342434182032996,39.80327431676968,37.461993208955136,44.226519741427275,43.44999999999999,43.44999999999999,43.44999999999999,43.44999999999999
2025-12-26T11:35:18.674616,6.950,384.2318851223601,6236.972256326021,149.47889025304084,4100,1500,1520,40.0,35.0,20.0,6236.972256326021,112.10916768978063,1500,1520,800,0,0,149.47889025304084,149.47889025304084,74.73944512652042,0.0,4100,4200,390.0,112.10916768978063,30.694999999999997,25.0,25.0,-0.32726463507101444,-0.9449327270403093,1.0,0.0,0.0,0.0,0.0,42.27155964903561,36.507431648706024,44.60539417277907,42.76150283275629,43.474999999999994,43.474999999999994,43.474999999999994,43.474999999999994
2025-12-26T11:35:18.725159,7.000,384.2394949982218,6313.973197437553,152.55892789750212,4100,1500,1520,40.0,35.0,20.0,6313.973197437553,114.41919592312658,1500,1520,800,0,0,152.55892789750212,152.55892789750212,76.27946394875106,0.0,4100,4200,390.0,114.41919592312658,30.7,25.0,25.0,-0.35078322768961195,-0.9364566872907993,1.0,0.0,0.0,0.0,0.0,43.124931114331794,36.7846973511882,40.18660068467479,41.874997770675265,43.49999999999999,43.49999999999999,43.49999999999999,43.49999999999999
2025-12-26T11:35:18.775814,7.050,384.0290785914686,6387.689889859503,155.50759559438012,4100,1500,1520,40.0,35.0,20.0,6387.689889859503,116.63069669578509,1500,1520,800,0,0,155.50759559438012,155.50759559438012,77.75379779719006,0.0,4100,4200,390.0,116.63069669578508,30.705,25.0,25.0,-0.37408259220939044,-0.9273953925947136,1.0,0.0,0.0,0.0,0.0,38.36878830496934,36.85093496810555,42.22581418137035,41.655172051243625,43.52499999999999,43.52499999999999,43.52499999999999,43.52499999999999
2025-12-26T11:35:18.827466,7.100,383.9177700207329,6457.938080251729,158.31752321006917,4100,1500,1520,40.0,35.0,20.0,6457.938080251729,118.73814240755188,1500,1520,800,0,0,158.31752321006917,158.31752321006917,79.15876160503458,0.0,4100,4200,390.0,118.73814240755186,30.709999999999997,25.0,25.0,-0.39714816728595204,-0.9177545059662793,0.9999999999999999,0.0,0.0,0.0,0.0,36.872972305245945,36.4539922994461,38.70409120960396,41.80206135226067,43.54999999999999,43.54999999999999,43.54999999999999,43.54999999999999
2025-12-26T11:35:18.878492,7.150,384.36821452926586,6524.5421847228,160.98168738891198,4100,1500,1520,40.0,35.0,20.0,6524.5421847228,120.73626554168399,1500,1520,800,0,0,160.98168738891198,160.98168738891198,80.49084369445599,0.0,4100,4200,390.0,120.73626554168399,30.715,25.0,25.0,-0.41996553768569084,-0.9075400526458149,1.0,0.0,0.0,0.0,0.0,35.35660531883045,41.8437968985767,39.81096630698147,44.695448066077574,43.57499999999999,43.57499999999999,43.57499999999999,43.57499999999999
2025-12-26T11:35:18.929143,7.200,384.30837992568587,6587.335727698284,163.49342910793138,4100,1500,1520,40.0,35.0,20.0,6587.335727698284,122.62007183094853,1500,1520,800,0,0,163.49342910793138,163.49342910793138,81.74671455396569,0.0,4100,4200,390.0,122.62007183094855,30.72,25.0,25.0,-0.4425204432948445,-0.8967584163341509,1.0,0.0,0.0,0.0,0.0,42.56293273794467,43.40502875515612,39.08260906256742,40.99793951412312,43.599999999999994,43.599999999999994,43.599999999999994,43.599999999999994
2025-12-26T11:35:18.981746,7.250,384.00456261199514,6646.16175802299,165.84647032091965,4100,1500,1520,40.0,35.0,20.0,6646.16175802299,124.38485274068974,1500,1520,800,0,0,165.84647032091965,165.84647032091965,82.92323516045983,0.0,4100,4200,390.0,124.38485274068974,30.724999999999998,25.0,25.0,-0.46479878803160113,-0.8854163352030245,1.0,0.0,0.0,0.0,0.0,38.138788928049884,43.91897819833172,35.356183466755155,40.86033940098643,43.62499999999999,43.62499999999999,43.62499999999999,43.62499999999999
2025-12-26T11:35:19.035793,7.300,383.8268839596591,6700.87324125711,168.03492965028443,4100,1500,1520,40.0,35.0,20.0,6700.87324125711,126.02619723771332,1500,1520,800,0,0,168.03492965028443,168.03492965028443,84.01746482514221,0.0,4100,4200,390.0,126.02619723771332,30.729999999999997,25.0,25.0,-0.48678664865569166,-0.8735208976839423,1.0,0.0,0.0,0.0,0.0,43.71284049958429,37.463383737092805,39.598882722818104,35.65257208298409,43.64999999999999,43.64999999999999,43.64999999999999,43.64999999999999
2025-12-26T11:35:19.089313,7.350,383.6171063588,6751.3334271857475,170.0533370874299,4100,1500,1520,40.0,35.0,20.0,6751.3334271857475,127.54000281557242,1500,1520,800,0,0,170.0533370874299,170.0533370874299,85.02666854371495,0.0,4100,4200,390.0,127.54000281557242,30.735,25.0,25.0,-0.5084702834699618,-0.8610795380381401,1.0,0.0,0.0,0.0,0.0,42.268774478723245,44.676580160468205,42.98865651937479,44.110239580140316,43.67499999999999,43.67499999999999,43.67499999999999,43.67499999999999
2025-12-26T11:35:19.142199,7.400,383.382186691673,6797.416191623237,171.8966476649295,4100,1500,1520,40.0,35.0,20.0,6797.416191623237,128.9224857486971,1500,1520,800,0,0,171.8966476649295,171.8966476649295,85.94832383246475,0.0,4100,4200,390.0,128.9224857486971,30.74,25.0,25.0,-0.5298361409084854,-0.848100031710413,1.0,0.0,0.0,0.0,0.0,35.49567286267819,38.93056991846255,42.50155524722627,42.29929357564372,43.69999999999999,43.69999999999999,43.69999999999999,43.69999999999999
2025-12-26T11:35:19.192715,7.450,383.0680886602858,6839.006351657927,173.56025406631707,4100,1500,1520,40.0,35.0,20.0,6839.006351657927,130.1701905497378,1500,1520,800,0,0,173.56025406631707,173.56025406631707,86.78012703315854,0.0,4100,4200,390.0,130.1701905497378,30.744999999999997,25.0,25.0,-0.5508708680058522,-0.8345904904697147,1.0,0.0,0.0,0.0,0.0,41.4839889643854,35.61505175838748,36.73728550312433,40.90878938234977,43.724999999999994,43.724999999999994,43.724999999999994,43.724999999999994
2025-12-26T11:35:19.243751,7.500,383.21152227920567,6875.999953549464,175.03999814197857,4100,1500,1520,40.0,35.0,20.0,6875.999953549464,131.27999860648393,1500,1520,800,0,0,175.03999814197857,175.03999814197857,87.51999907098929,0.0,4100,4200,390.0,131.27999860648393,30.75,25.0,25.0,-0.5715613187423361,-0.8205593573395661,1.0,0.0,0.0,0.0,0.0,36.08837402777094,36.721111926862385,42.402085073356126,41.724495261570844,43.74999999999999,43.74999999999999,43.74999999999999,43.74999999999999
2025-12-26T11:35:19.296298,7.550,383.53632553817744,6908.304532559018,176.33218130236074,4100,1500,1520,40.0,35.0,20.0,6908.304532559018,132.24913597677056,1500,1520,800,0,0,176.33218130236074,176.33218130236074,88.16609065118037,0.0,4100,4200,390.0,132.24913597677056,30.755,25.0,25.0,-0.5918945622597301,-0.8060154013214403,1.0,0.0,0.0,0.0,0.0,42.41930276720995,41.29985867774013,43.918348409515815,41.712567202761186,43.77499999999999,43.77499999999999,43.77499999999999,43.77499999999999
2025-12-26T11:35:19.347336,7.600,383.69246709963244,6935.839344062963,177.43357376251853,4100,1500,1520,40.0,35.0,20.0,6935.839344062963,133.0751803218889,1500,1520,800,0,0,177.43357376251853,177.43357376251853,88.71678688125927,0.0,4100,4200,390.0,133.0751803218889,30.759999999999998,25.0,25.0,-0.6118578909427116,-0.7909677119144225,1.0,0.0,0.0,0.0,0.0,43.973687098659326,43.219663200888434,40.660769224742126,42.252725723663396,43.79999999999999,43.79999999999999,43.79999999999999,43.79999999999999
2025-12-26T11:35:19.397853,7.650,382.9297867762267,6958.535565372392,178.3414226148957,4100,1500,1520,40.0,35.0,20.0,6958.535565372392,133.75606696117177,1500,1520,800,0,0,178.3414226148957,178.3414226148957,89.17071130744785,0.0,4100,4200,390.0,133.75606696117177,30.764999999999997,25.0,25.0,-0.6314388283606879,-0.7754256934345687,0.9999999999999999,0.0,0.0,0.0,0.0,41.92891431255668,44.84541185595371,44.00241430544177,39.89409960898424,43.82499999999999,43.82499999999999,43.82499999999999,43.82499999999999
2025-12-26T11:35:19.448382,7.700,383.184658915288,6976.336467753995,179.0534587101598,4100,1500,1520,40.0,35.0,20.0,6976.336467753995,134.29009403261983,1500,1520,800,0,0,179.0534587101598,179.0534587101598,89.5267293550799,0.0,4100,4200,390.0,134.29009403261983,30.77,25.0,25.0,-0.6506251370651599,-0.7593990591375142,0.9999999999999999,0.0,0.0,0.0,0.0,35.112743973816116,37.70582532303557,36.04965189606128,39.85441942820948,43.84999999999999,43.84999999999999,43.84999999999999,43.84999999999999
2025-12-26T11:35:19.499047,7.750,383.30253064689623,6989.197558222349,179.56790232889392,4100,1500,1520,40.0,35.0,20.0,6989.197558222349,134.67592674667043,1500,1520,800,0,0,179.56790232889392,179.56790232889392,89.78395116444696,0.0,4100,4200,390.0,134.67592674667043,30.775,25.0,25.0,-0.6694048262377288,-0.7428978251480053,1.0,0.0,0.0,0.0,0.0,36.57123628376962,37.01096378713878,36.994350196745124,38.03416060096915,43.87499999999999,43.87499999999999,43.87499999999999,43.87499999999999
2025-12-26T11:35:19.549584,7.800,383.4159094814475,6997.086690749207,179.88346762996832,4100,1500,1520,40.0,35.0,20.0,6997.086690749207,134.91260072247624,1500,1520,800,0,0,179.88346762996832,179.88346762996832,89.94173381498416,0.0,4100,4200,390.0,134.91260072247624,30.779999999999998,25.0,25.0,-0.6877661591839667,-0.7259323042001469,1.0,0.0,0.0,0.0,0.0,39.602200238535104,44.58393342079316,38.68072527243736,44.83160073232719,43.89999999999999,43.89999999999999,43.89999999999999,43.89999999999999
2025-12-26T11:35:19.600101,7.850,382.9430156983941,6999.984146611838,179.99936586447348,4100,1500,1520,40.0,35.0,20.0,6999.984146611838,134.9995243983551,1500,1520,800,0,0,179.99936586447348,179.99936586447348,89.99968293223674,0.0,4100,4200,390.0,134.9995243983551,30.784999999999997,25.0,25.0,-0.7056976606684695,-0.70851309919228,1.0,0.0,0.0,0.0,0.0,36.657653001632646,37.556648487089596,44.07263972646091,35.90570332302926,43.92499999999999,43.92499999999999,43.92499999999999,43.92499999999999
2025-12-26T11:35:19.650272,7.900,382.7554136645919,6997.882683679546,179.91530734718185,4100,1500,1520,40.0,35.0,20.0,6997.882683679546,134.9364805103864,1500,1520,800,0,0,179.91530734718185,179.91530734718185,89.95765367359093,0.0,4100,4200,390.0,134.9364805103864,30.79,25.0,25.0,-0.723188124086505,-0.6906510965605149,1.0,0.0,0.0,0.0,0.0,36.80102817078003,42.46224359098331,42.41233938601614,37.1641345269806,43.94999999999999,43.94999999999999,43.94999999999999,43.94999999999999
2025-12-26T11:35:19.700789,7.950,383.6669316453005,6990.787554515244,179.63150218060974,4100,1500,1520,40.0,35.0,20.0,6990.787554515244,134.72362663545732,1500,1520,800,0,0,179.63150218060974,179.63150218060974,89.81575109030487,0.0,4100,4200,390.0,134.72362663545732,30.794999999999998,25.0,25.0,-0.7402266184677763,-0.6723574594750632,1.0,0.0,0.0,0.0,0.0,40.94245689054634,44.47605109791793,41.884892100083036,37.51529519968182,43.97499999999999,43.97499999999999,43.97499999999999,43.97499999999999
2025-12-26T11:35:19.759402,8.000,383.43588018294815,6978.7164932467695,179.1486597298708,4100,1500,1520,40.0,35.0,20.0,6978.7164932467695,134.36149479740308,1500,1520,800,0,0,179.1486597298708,179.1486597298708,89.5743298649354,0.0,4100,4200,390.0,134.36149479740308,30.799999999999997,25.0,25.0,-0.7568024953079215,-0.6536436208636196,0.9999999999999999,0.0,0.0,0.0,0.0,37.16965778658615,37.260561430538644,39.76832104682176,39.7745728098799,43.99999999999999,43.99999999999999,43.99999999999999,43.99999999999999
2025-12-26T11:35:19.809448,8.050,383.65694369448323,6961.699671240807,178.4679868496323,4100,1500,1520,40.0,35.0,20.0,6961.699671240807,133.85099013722422,1500,1520,800,0,0,178.4679868496323,178.4679868496323,89.23399342481615,0.0,4100,4200,390.0,133.85099013722422,30.805,25.0,25.0,-0.7729053952234841,-0.6345212762661546,0.9999999999999999,0.0,0.0,0.0,0.0,40.04724476208334,43.462462749788024,44.154658601832494,38.52049093527535,44.02499999999999,44.02499999999999,44.02499999999999,44.02499999999999
2025-12-26T11:35:19.860463,8.100,383.39704202857007,6939.7796216901825,177.5911848676073,4100,1500,1520,40.0,35.0,20.0,6939.7796216901825,133.19338865070546,1500,1520,800,0,0,177.5911848676073,177.5911848676073,88.79559243380365,0.0,4100,4200,390.0,133.19338865070546,30.81,25.0,25.0,-0.788525254426189,-0.6150023765255822,1.0,0.0,0.0,0.0,0.0,44.343152069041686,37.94129038196323,39.825296310452885,44.62752692998179,44.04999999999999,44.04999999999999,44.04999999999999,44.04999999999999
2025-12-26T11:35:19.914916,8.150,383.17848655359575,6913.011133303029,176.5204453321212,4100,1500,1520,40.0,35.0,20.0,6913.011133303029,132.3903339990909,1500,1520,800,0,0,176.5204453321212,176.5204453321212,88.2602226660606,0.0,4100,4200,390.0,132.3903339990909,30.814999999999998,25.0,25.0,-0.8036523110124825,-0.5950991203188727,1.0,0.0,0.0,0.0,0.0,40.08624708908672,39.30415900222771,37.23828898210968,39.44413015954179,44.07499999999999,44.07499999999999,44.07499999999999,44.07499999999999
2025-12-26T11:35:19.965444,8.200,383.2962032791164,6881.461113359558,175.25844453438233,4100,1500,1520,40.0,35.0,20.0,6881.461113359558,131.44383340078676,1500,1520,800,0,0,175.25844453438233,175.25844453438233,87.62922226719117,0.0,4100,4200,390.0,131.44383340078676,30.819999999999997,25.0,25.0,-0.8182771110644051,-0.5748239465332765,1.0,0.0,0.0,0.0,0.0,43.82660122709511,35.56169485518073,43.229902388531386,38.74728832842687,44.099999999999994,44.099999999999994,44.099999999999994,44.099999999999994
2025-12-26T11:35:20.015987,8.250,383.124406374566,6845.208420478694,173.80833681914777,4100,1500,1520,40.0,35.0,20.0,6845.208420478694,130.3562526143608,1500,1520,800,0,0,173.80833681914777,173.80833681914777,86.90416840957388,0.0,4100,4200,390.0,130.3562526143608,30.825,25.0,25.0,-0.8323905145579824,-0.5541895264924241,1.0,0.0,0.0,0.0,0.0,40.65618332448603,43.45194316637801,38.647884228698466,35.4828329781522,44.12499999999999,44.12499999999999,44.12499999999999,44.12499999999999
2025-12-26T11:35:20.066526,8.300,383.57281190522815,6804.343667512602,172.17374670050407,4100,1500,1520,40.0,35.0,20.0,6804.343667512602,129.13031002537804,1500,1520,800,0,0,172.17374670050407,172.17374670050407,86.08687335025203,0.0,4100,4200,390.0,129.13031002537804,30.83,25.0,25.0,-0.8459837010754417,-0.5332087560371619,1.0,0.0,0.0,0.0,0.0,42.0863938023879,43.355694220656744,36.61518923392351,38.681604149873735,44.14999999999999,44.14999999999999,44.14999999999999,44.14999999999999
2025-12-26T11:35:20.117698,8.350,384.0733719812068,6758.968995061745,170.3587598024698,4100,1500,1520,40.0,35.0,20.0,6758.968995061745,127.76906985185235,1500,1520,800,0,0,170.3587598024698,170.3587598024698,85.1793799012349,0.0,4100,4200,390.0,127.76906985185235,30.834999999999997,25.0,25.0,-0.8590481753176872,-0.5118947474660707,1.0,0.0,0.0,0.0,0.0,44.43986022161974,40.273530251772144,40.030805189089705,39.671464433517684,44.17499999999999,44.17499999999999,44.17499999999999,44.17499999999999
2025-12-26T11:35:20.168235,8.400,383.36355836395455,6709.197816176577,168.3679126470631,4100,1500,1520,40.0,35.0,20.0,6709.197816176577,126.27593448529731,1500,1520,800,0,0,168.3679126470631,168.3679126470631,84.18395632353155,0.0,4100,4200,390.0,126.27593448529731,30.84,25.0,25.0,-0.8715757724135842,-0.49026082134070637,1.0,0.0,0.0,0.0,0.0,40.54943962966384,37.751229258127395,35.934187490999065,44.17443790966708,44.19999999999999,44.19999999999999,44.19999999999999,44.19999999999999
2025-12-26T11:35:20.218780,8.450,383.3105546036009,6655.154532883984,166.20618131535934,4100,1500,1520,40.0,35.0,20.0,6655.154532883984,124.65463598651951,1500,1520,800,0,0,166.20618131535934,166.20618131535934,83.10309065767967,0.0,4100,4200,390.0,124.6546359865195,30.845,25.0,25.0,-0.8835586630227389,-0.46832049816068283,1.0,0.0,0.0,0.0,0.0,35.21333032129833,37.2570908913328,44.41311558004314,43.528231508585975,44.224999999999994,44.224999999999994,44.224999999999994,44.224999999999994
2025-12-26T11:35:20.269364,8.500,383.4930901259251,6596.974225246998,163.8789690098799,4100,1500,1520,40.0,35.0,20.0,6596.974225246998,122.90922675740993,1500,1520,800,0,0,163.8789690098799,163.8789690098799,81.93948450493995,0.0,4100,4200,390.0,122.90922675740993,30.849999999999998,25.0,25.0,-0.8949893582285804,-0.44608748991379915,1.0,0.0,0.0,0.0,0.0,39.162988534203194,40.48865314254334,44.548239213702054,38.108316938279174,44.24999999999999,44.24999999999999,44.24999999999999,44.24999999999999
2025-12-26T11:35:20.320570,8.550,384.22266403516045,6534.802313734993,161.3920925493997,4100,1500,1520,40.0,35.0,20.0,6534.802313734993,121.04406941204978,1500,1520,800,0,0,161.3920925493997,161.3920925493997,80.69604627469985,0.0,4100,4200,390.0,121.04406941204977,30.854999999999997,25.0,25.0,-0.9058607142186902,-0.423575691506494,1.0,0.0,0.0,0.0,0.0,38.82619178496598,37.433776193148745,36.3101427913731,38.986833760314155,44.27499999999999,44.27499999999999,44.27499999999999,44.27499999999999
2025-12-26T11:35:20.373329,8.600,384.5050496506878,6468.7941957482435,158.75176782992975,4100,1500,1520,40.0,35.0,20.0,6468.7941957482435,119.06382587244731,1500,1520,800,0,0,158.75176782992975,158.75176782992975,79.37588391496487,0.0,4100,4200,390.0,119.06382587244732,30.86,25.0,25.0,-0.9161659367494525,-0.40079917207998117,1.0,0.0,0.0,0.0,0.0,38.131442160360606,36.931566702501996,35.0472680758181,39.2009192638836,44.3,44.3,44.3,44.3
2025-12-26T11:35:20.425397,8.650,384.2283819193775,6399.1148572053535,155.96459428821416,4100,1500,1520,40.0,35.0,20.0,6399.1148572053535,116.97344571616063,1500,1520,800,0,0,155.96459428821416,155.96459428821416,77.98229714410708,0.0,4100,4200,390.0,116.97344571616063,30.865,25.0,25.0,-0.9258985853922349,-0.3777721662174946,1.0,0.0,0.0,0.0,0.0,35.94801252897204,35.51878978951986,35.843169760830186,40.060795329328215,44.324999999999996,44.324999999999996,44.324999999999996,44.324999999999996
2025-12-26T11:35:20.475962,8.700,383.7967239170627,6325.938460164382,153.03753840657532,4100,1500,1520,40.0,35.0,20.0,6325.938460164382,114.77815380493149,1500,1520,800,0,0,153.03753840657532,153.03753840657532,76.51876920328766,0.0,4100,4200,390.0,114.77815380493148,30.869999999999997,25.0,25.0,-0.9350525775584472,-0.35450906504813695,1.0,0.0,0.0,0.0,0.0,39.179067332337645,38.92126021698979,41.385894909090844,35.43495069736975,44.349999999999994,44.349999999999994,44.349999999999994,44.349999999999994
2025-12-26T11:35:20.526016,8.750,384.4920554434813,6249.447907508402,149.97791630033606,4100,1500,1520,40.0,35.0,20.0,6249.447907508402,112.48343722525205,1500,1520,800,0,0,149.97791630033606,149.97791630033606,74.98895815016803,0.0,4100,4200,390.0,112.48343722525206,30.875,25.0,25.0,-0.9436221923009607,-0.3310244072528924,1.0,0.0,0.0,0.0,0.0,35.205940925597,37.36528372513153,40.22830851333729,41.663285616368746,44.37499999999999,44.37499999999999,44.37499999999999,44.37499999999999
2025-12-26T11:35:20.576544,8.800,384.6415512240332,6169.834385783541,146.79337543134164,4100,1500,1520,40.0,35.0,20.0,6169.834385783541,110.09503157350623,1500,1520,800,0,0,146.79337543134164,146.79337543134164,73.39668771567082,0.0,4100,4200,390.0,110.09503157350623,30.88,25.0,25.0,-0.9516020738895145,-0.3073328699784244,1.0,0.0,0.0,0.0,0.0,39.04292949656434,36.546620584031636,43.564744066599175,44.19970768531837,44.39999999999999,44.39999999999999,44.39999999999999,44.39999999999999
2025-12-26T11:35:20.628524,8.850,384.66770886237714,6087.296887332192,143.49187549328767,4100,1500,1520,40.0,35.0,20.0,6087.296887332192,107.61890661996574,1500,1520,800,0,0,143.49187549328767,143.49187549328767,71.74593774664383,0.0,4100,4200,390.0,107.61890661996574,30.884999999999998,25.0,25.0,-0.9589872351578719,-0.28344925966433665,1.0,0.0,0.0,0.0,0.0,42.529910343221204,42.34518101085643,44.49809466124474,44.37086959972253,44.425,44.425,44.425,44.425
2025-12-26T11:35:20.679558,8.900,384.70162918953827,6002.041712915785,140.0816685166314,4100,1500,1520,40.0,35.0,20.0,6002.041712915785,105.06125138747355,1500,1520,800,0,0,140.0816685166314,140.0816685166314,70.0408342583157,0.0,4100,4200,390.0,105.06125138747355,30.89,25.0,25.0,-0.9657730606206377,-0.25938850278963044,1.0,0.0,0.0,0.0,0.0,42.02141532465681,35.852209422080925,38.9360217184902,35.02020865444426,44.449999999999996,44.449999999999996,44.449999999999996,44.449999999999996
2025-12-26T11:35:20.729854,8.950,384.65155945637815,5914.281956070325,136.57127824281298,4100,1500,1520,40.0,35.0,20.0,5914.281956070325,102.42845868210973,1500,1520,800,0,0,136.57127824281298,136.57127824281298,68.28563912140649,0.0,4100,4200,390.0,102.42845868210972,30.895,25.0,25.0,-0.9719553093577857,-0.23516563654414088,1.0,0.0,0.0,0.0,0.0,44.300968180260824,42.97391884760838,35.71570717289241,39.83476533603858,44.474999999999994,44.474999999999994,44.474999999999994,44.474999999999994
2025-12-26T11:35:20.780442,9.000,384.70256516021215,5824.236970483526,132.96947881934105,4100,1500,1520,40.0,35.0,20.0,5824.236970483526,99.7271091145058,1500,1520,800,0,0,132.96947881934105,132.96947881934105,66.48473940967052,0.0,4100,4200,390.0,99.7271091145058,30.9,25.0,25.0,-0.9775301176650963,-0.21079579943078317,1.0,0.0,0.0,0.0,0.0,35.949745272705115,37.236108014181,35.18166287157359,40.30425582340581,44.5,44.5,44.5,44.5
2025-12-26T11:35:20.832092,9.050,384.69925258705723,5732.131821724835,129.28527286899342,4100,1500,1520,40.0,35.0,20.0,5732.131821724835,96.96395465174507,1500,1520,800,0,0,129.28527286899342,129.28527286899342,64.64263643449671,0.0,4100,4200,390.0,96.96395465174507,30.905,25.0,25.0,-0.982494001468845,-0.18629422180448071,0.9999999999999999,0.0,0.0,0.0,0.0,37.75274743764727,35.995571542703324,37.37524026083627,35.40201479221437,44.525,44.525,44.525,44.525
2025-12-26T11:35:20.884635,9.100,385.49540876659995,5638.196724698714,125.52786898794858,4100,1500,1520,40.0,35.0,20.0,5638.196724698714,94.14590174096143,1500,1520,800,0,0,125.52786898794858,125.52786898794858,62.76393449397429,0.0,4100,4200,390.0,94.14590174096143,30.91,25.0,25.0,-0.9868438585032361,-0.16167621635368912,1.0,0.0,0.0,0.0,0.0,39.014533790534436,42.715143129265215,41.88865216753665,37.66467309064575,44.55,44.55,44.55,44.55
2025-12-26T11:35:20.935733,9.150,385.002497565944,5542.666468227276,121.70665872909103,4100,1500,1520,40.0,35.0,20.0,5542.666468227276,91.27999404681827,1500,1520,800,0,0,121.70665872909103,121.70665872909103,60.853329364545516,0.0,4100,4200,390.0,91.27999404681827,30.915,25.0,25.0,-0.9905769702492169,-0.1369571685304645,1.0,0.0,0.0,0.0,0.0,39.401151827708354,35.0973072068508,36.059149768068025,43.72297832166591,44.574999999999996,44.574999999999996,44.574999999999996,44.574999999999996
2025-12-26T11:35:20.988293,9.200,385.89524225445666,5445.779828200502,117.83119312802009,4100,1500,1520,40.0,35.0,20.0,5445.779828200502,88.37339484601506,1500,1520,800,0,0,117.83119312802009,117.83119312802009,58.915596564010045,0.0,4100,4200,390.0,88.37339484601506,30.919999999999998,25.0,25.0,-0.9936910036334642,-0.11215252693505663,1.0,0.0,0.0,0.0,0.0,37.19548124565269,42.18855417076623,43.24045180681357,38.098256301124515,44.599999999999994,44.599999999999994,44.599999999999994,44.599999999999994
2025-12-26T11:35:21.041049,9.250,385.53776217465463,5347.7789707608745,113.91115883043497,4100,1500,1520,40.0,35.0,20.0,5347.7789707608745,85.43336912282624,1500,1520,800,0,0,113.91115883043497,113.91115883043497,56.955579415217485,0.0,4100,4200,390.0,85.43336912282624,30.925,25.0,25.0,-0.996184012486479,-0.08727779366103669,0.9999999999999999,0.0,0.0,0.0,0.0,38.928635922620344,36.20643516290209,41.01253992097281,36.24981014528641,44.625,44.625,44.625,44.625
2025-12-26T11:35:21.091559,9.300,385.64231619411606,5248.9088470141305,109.95635388056522,4100,1500,1520,40.0,35.0,20.0,5248.9088470141305,82.46726541042392,1500,1520,800,0,0,109.95635388056522,109.95635388056522,54.97817694028261,0.0,4100,4200,390.0,82.46726541042392,30.93,25.0,25.0,-0.9980544387588793,-0.06234851460699343,1.0,0.0,0.0,0.0,0.0,37.59564180401365,41.54481937954257,40.29118778587153,40.70649941329179,44.65,44.65,44.65,44.65
2025-12-26T11:35:21.142627,9.350,386.5094814505338,5149.416580779073,105.97666323116292,4100,1500,1520,40.0,35.0,20.0,5149.416580779073,79.4824974233722,1500,1520,800,0,0,105.97666323116292,105.97666323116292,52.98833161558146,0.0,4100,4200,390.0,79.4824974233722,30.935,25.0,25.0,-0.9993011134951296,-0.037380269760852555,1.0,0.0,0.0,0.0,0.0,36.993324401233245,42.22617272176985,40.060711592269456,44.38948160966843,44.675,44.675,44.675,44.675
2025-12-26T11:35:21.193165,9.400,385.8494467059076,5049.5508509067195,101.98203403626876,4100,1500,1520,40.0,35.0,20.0,5049.5508509067195,76.48652552720156,1500,1520,800,0,0,101.98203403626876,101.98203403626876,50.99101701813438,0.0,4100,4200,390.0,76.48652552720156,30.94,25.0,25.0,-0.9999232575641008,-0.012388663462891447,1.0,0.0,0.0,0.0,0.0,44.06662960729266,35.63127917057057,40.82413126190413,43.74927442091164,44.7,44.7,44.7,44.7
2025-12-26T11:35:21.243726,9.450,386.4727987559886,4949.561269712683,97.98245078850731,4100,1500,1520,40.0,35.0,20.0,4949.561269712683,73.48683809138048,1500,1520,800,0,0,97.98245078850731,97.98245078850731,48.991225394253654,0.0,4100,4200,390.0,73.48683809138048,30.945,25.0,25.0,-0.9999204821460017,0.01261068534646556,1.0,0.0,0.0,0.0,0.0,37.2250314624563,38.11326216681822,35.559946522777956,42.52456487717063,44.725,44.725,44.725,44.725
2025-12-26T11:35:21.302494,9.500,386.0817132909578,4849.697759076382,93.98791036305525,4100,1500,1520,40.0,35.0,20.0,4849.697759076382,70.49093277229144,1500,1520,800,0,0,93.98791036305525,93.98791036305525,46.993955181527625,0.0,4100,4200,390.0,70.49093277229144,30.95,25.0,25.0,-0.999292788975378,0.03760215288797655,1.0,0.0,0.0,0.0,0.0,41.5920301418159,43.43260244029757,43.557131936388544,36.93157553627889,44.75,44.75,44.75,44.75
2025-12-26T11:35:21.353539,9.550,386.72461074095213,4750.209925766495,90.00839703065981,4100,1500,1520,40.0,35.0,20.0,4750.209925766495,67.50629777299486,1500,1520,800,0,0,90.00839703065981,90.00839703065981,45.004198515329904,0.0,4100,4200,390.0,67.50629777299486,30.955,25.0,25.0,-0.998040570340029,0.06257012030793548,0.9999999999999999,0.0,0.0,0.0,0.0,38.862155389061634,36.496045734414366,35.97225918067913,38.1173134614684,44.775,44.775,44.775,44.775
2025-12-26T11:35:21.408617,9.600,387.2490891004045,4651.346437554037,86.05385750216149,4100,1500,1520,40.0,35.0,20.0,4651.346437554037,64.54039312662113,1500,1520,800,0,0,86.05385750216149,86.05385750216149,43.026928751080746,0.0,4100,4200,390.0,64.54039312662113,30.96,25.0,25.0,-0.9961646088358406,0.08749898343944727,0.9999999999999999,0.0,0.0,0.0,0.0,40.91685878916949,36.68156660591313,41.72224158507507,35.41396257023823,44.8,44.8,44.8,44.8
2025-12-26T11:35:21.462158,9.650,386.46125463349745,4553.354401672429,82.13417606689715,4100,1500,1520,40.0,35.0,20.0,4553.354401672429,61.60063205017286,1500,1520,800,0,0,82.13417606689715,82.13417606689715,41.06708803344858,0.0,4100,4200,390.0,61.60063205017286,30.965,25.0,25.0,-0.9936660768776876,0.11237316255452429,1.0,0.0,0.0,0.0,0.0,35.599021143951475,36.243849068181525,36.051453599789866,42.02407509695154,44.825,44.825,44.825,44.825
2025-12-26T11:35:21.513108,9.700,387.18865508418247,4456.478747178108,78.25914988712434,4100,1500,1520,40.0,35.0,20.0,4456.478747178108,58.69436241534325,1500,1520,800,0,0,78.25914988712434,78.25914988712434,39.12957494356217,0.0,4100,4200,390.0,58.69436241534324,30.97,25.0,25.0,-0.9905465359667129,0.13717711210090905,0.9999999999999999,0.0,0.0,0.0,0.0,41.95351120652451,35.75128406387645,35.90131190351124,36.54266540786839,44.85,44.85,44.85,44.85
2025-12-26T11:35:21.565052,9.750,387.540296777023,4360.961612755446,74.43846451021784,4100,1500,1520,40.0,35.0,20.0,4360.961612755446,55.82884838266338,1500,1520,800,0,0,74.43846451021784,74.43846451021784,37.21923225510892,0.0,4100,4200,390.0,55.82884838266339,30.975,25.0,25.0,-0.9868079357144408,0.1618953304175385,0.9999999999999999,0.0,0.0,0.0,0.0,37.54434294683167,41.229705727937194,43.655143352338236,41.74320460659945,44.875,44.875,44.875,44.875
2025-12-26T11:35:21.615606,9.800,387.0173629404857,4267.041741496137,70.68166965984545,4100,1500,1520,40.0,35.0,20.0,4267.041741496137,53.01125224488409,1500,1520,800,0,0,70.68166965984545,70.68166965984545,35.34083482992273,0.0,4100,4200,390.0,53.01125224488409,30.98,25.0,25.0,-0.9824526126243321,0.1865123694225775,1.0,0.0,0.0,0.0,0.0,41.07141434349029,40.4515591927294,43.32263761549404,44.055629653590486,44.900000000000006,44.900000000000006,44.900000000000006,44.900000000000006
2025-12-26T11:35:21.666127,9.850,387.9349569011186,4174.953884165805,66.9981553666322,4100,1500,1520,40.0,35.0,20.0,4174.953884165805,50.24861652497415,1500,1520,800,0,0,66.9981553666322,66.9981553666322,33.4990776833161,0.0,4100,4200,390.0,50.24861652497415,30.985,25.0,25.0,-0.9774832886315462,0.21101284426796707,1.0,0.0,0.0,0.0,0.0,41.66210216172551,41.46959464246212,38.2246158094636,43.658095357059885,44.925000000000004,44.925000000000004,44.925000000000004,44.925000000000004
2025-12-26T11:35:21.716340,9.900,387.6014082950568,4084.928212449348,63.39712849797391,4100,1500,1520,40.0,35.0,20.0,4084.928212449348,47.54784637348043,1500,1520,800,0,0,63.39712849797391,63.39712849797391,31.698564248986955,0.0,4100,4200,390.0,47.54784637348043,30.990000000000002,25.0,25.0,-0.9719030694018201,0.23538144295445376,1.0,0.0,0.0,0.0,0.0,39.295681529597594,35.6358652953559,35.08614470048545,36.12585279437731,44.95,44.95,44.95,44.95
2025-12-26T11:35:21.766867,9.950,388.1958905767675,3997.189743641593,59.88758974566372,4100,1500,1520,40.0,35.0,20.0,3997.189743641593,44.91569230924779,1500,1520,800,0,0,59.88758974566372,59.88758974566372,29.94379487283186,0.0,4100,4200,390.0,44.91569230924779,30.995,25.0,25.0,-0.9657154423905285,0.2596029359010906,1.0,0.0,0.0,0.0,0.0,38.30193676076159,42.60912618779489,43.83649802382939,39.58659319495213,44.975,44.975,44.975,44.975
2025-12-26T11:35:21.820014,10.000,387.40872925952834,3911.957778221248,56.47831112884994,4100,1500,1520,40.0,35.0,20.0,3911.957778221248,42.35873334663745,1500,1520,800,0,0,56.47831112884994,56.47831112884994,28.23915556442497,0.0,4100,4200,390.0,42.35873334663745,31.0,25.0,25.0,-0.9589242746631375,0.2836621854632297,1.0,0.0,0.0,0.0,0.0,44.92807845653782,44.422208637347,36.2214516204557,36.846272223968036,45.0,45.0,45.0,45.0
2025-12-26T11:35:21.871032,10.050,388.0398659657968,3829.4453517139154,53.17781406855663,4100,1500,1520,40.0,35.0,20.0,3829.4453517139154,39.88336055141747,1500,1520,800,0,0,53.17781406855663,53.17781406855663,26.588907034278314,0.0,4100,4200,390.0,39.88336055141747,31.005000000000003,25.0,25.0,-0.9515338104784146,0.3075441553930569,1.0,0.0,0.0,0.0,0.0,35.03461390579261,38.249447590334476,40.949367728067955,39.69831808194284,45.025000000000006,45.025000000000006,45.025000000000006,45.025000000000006
2025-12-26T11:35:21.923656,10.100,387.85704464763046,3749.858702214222,49.994348088568884,4100,1500,1520,40.0,35.0,20.0,3749.858702214222,37.49576106642667,1500,1520,800,0,0,49.994348088568884,49.994348088568884,24.997174044284442,0.0,4100,4200,390.0,37.49576106642667,31.01,25.0,25.0,-0.9435486686359051,0.3312339202367579,1.0,0.0,0.0,0.0,0.0,39.228699018279315,37.49648722251947,44.4828745485825,44.85087704028297,45.050000000000004,45.050000000000004,45.050000000000004,45.050000000000004
2025-12-26T11:35:21.977198,10.150,388.17619842939956,3673.396754897991,46.93587019591963,4100,1500,1520,40.0,35.0,20.0,3673.396754897991,35.20190264693972,1500,1520,800,0,0,46.93587019591963,46.93587019591963,23.467935097959813,0.0,4100,4200,390.0,35.20190264693972,31.015,25.0,25.0,-0.9349738395893333,0.35471667466244045,1.0,0.0,0.0,0.0,0.0,39.0784011203562,42.40846445506752,42.79850403409534,38.75215918494378,45.075,45.075,45.075,45.075
2025-12-26T11:35:22.028268,10.200,387.9479265738062,3600.2506248129002,44.010024992516,4100,1500,1520,40.0,35.0,20.0,3600.2506248129002,33.007518744387,1500,1520,800,0,0,44.010024992516,44.010024992516,22.005012496258,0.0,4100,4200,390.0,33.007518744387,31.02,25.0,25.0,-0.9258146823277305,0.3779777427129852,1.0,0.0,0.0,0.0,0.0,38.82073646797025,39.78896575252096,39.15077314628361,39.40772752145797,45.10000000000001,45.10000000000001,45.10000000000001,45.10000000000001
2025-12-26T11:35:22.079789,10.250,388.77483153086547,3530.603139190395,41.224125567615786,4100,1500,1520,40.0,35.0,20.0,3530.603139190395,30.91809417571184,1500,1520,800,0,0,41.224125567615786,41.224125567615786,20.612062783807893,0.0,4100,4200,390.0,30.918094175711836,31.025000000000002,25.0,25.0,-0.9160769210262415,0.4010025869780409,1.0,0.0,0.0,0.0,0.0,35.80733464635709,37.21202313702097,37.12536191129155,35.05135762520493,45.12500000000001,45.12500000000001,45.12500000000001,45.12500000000001
2025-12-26T11:35:22.129977,10.300,388.5473363491844,3464.628380472822,38.58513521891286,4100,1500,1520,40.0,35.0,20.0,3464.628380472822,28.938851414184647,1500,1520,800,0,0,38.58513521891286,38.58513521891286,19.29256760945643,0.0,4100,4200,390.0,28.938851414184647,31.03,25.0,25.0,-0.9057666414687022,0.42377681767943304,1.0,0.0,0.0,0.0,0.0,35.163488083039375,35.57441984628592,44.68946842205543,36.649100645892005,45.150000000000006,45.150000000000006,45.150000000000006,45.150000000000006
2025-12-26T11:35:22.180585,10.350,388.7765665333105,3402.4912511979846,36.099650047919376,4100,1500,1520,40.0,35.0,20.0,3402.4912511979846,27.074737535939533,1500,1520,800,0,0,36.099650047919376,36.099650047919376,18.049825023959688,0.0,4100,4200,390.0,27.074737535939533,31.035,25.0,25.0,-0.8948902872442219,0.44628620166430644,1.0,0.0,0.0,0.0,0.0,37.68805567651128,40.18160537722319,39.27880025056212,42.58484682721409,45.175000000000004,45.175000000000004,45.175000000000004,45.175000000000004
2025-12-26T11:35:22.231157,10.400,388.3621476653178,3344.3470618286788,33.773882473147154,4100,1500,1520,40.0,35.0,20.0,3344.3470618286788,25.330411854860365,1500,1520,800,0,0,33.773882473147154,33.773882473147154,16.886941236573577,0.0,4100,4200,390.0,25.330411854860365,31.040000000000003,25.0,25.0,-0.8834546557201503,0.4685166713003826,1.0,0.0,0.0,0.0,0.0,41.470071313027745,37.391918602869076,42.52843650914336,44.883070644945334,45.2,45.2,45.2,45.2
2025-12-26T11:35:22.281686,10.450,388.35875422384896,3290.3411425574195,31.61364570229678,4100,1500,1520,40.0,35.0,20.0,3290.3411425574195,23.710234276722584,1500,1520,800,0,0,31.61364570229678,31.61364570229678,15.80682285114839,0.0,4100,4200,390.0,23.710234276722584,31.045,25.0,25.0,-0.8714668937939439,0.490454333267772,0.9999999999999999,0.0,0.0,0.0,0.0,42.64904406645464,39.26206952831848,41.889300670388266,37.57682396731456,45.22500000000001,45.22500000000001,45.22500000000001,45.22500000000001
2025-12-26T11:35:22.332880,10.500,388.4835122534255,3240.6084800566464,29.62433920226586,4100,1500,1520,40.0,35.0,20.0,3240.6084800566464,22.218254401699394,1500,1520,800,0,0,29.62433920226586,29.62433920226586,14.81216960113293,0.0,4100,4200,390.0,22.218254401699394,31.05,25.0,25.0,-0.8589344934265883,0.5120854772418468,1.0,0.0,0.0,0.0,0.0,38.00632020379937,39.010632534735585,43.87629185890269,42.86459025842493,45.25000000000001,45.25000000000001,45.25000000000001,45.25000000000001
2025-12-26T11:35:22.384414,10.550,388.45990333441904,3195.2733800823407,27.810935203293624,4100,1500,1520,40.0,35.0,20.0,3195.2733800823407,20.85820140247022,1500,1520,800,0,0,27.810935203293624,27.810935203293624,13.905467601646812,0.0,4100,4200,390.0,20.85820140247022,31.055,25.0,25.0,-0.8458652869603659,0.5333965844617472,0.9999999999999999,0.0,0.0,0.0,0.0,36.01127800815795,38.27177437540076,41.929057723776204,43.174664924817534,45.275000000000006,45.275000000000006,45.275000000000006,45.275000000000006
2025-12-26T11:35:22.436631,10.600,388.7652886201777,3154.4491567743744,26.177966270974977,4100,1500,1520,40.0,35.0,20.0,3154.4491567743744,19.633474703231233,1500,1520,800,0,0,26.177966270974977,26.177966270974977,13.088983135487489,0.0,4100,4200,390.0,19.633474703231233,31.060000000000002,25.0,25.0,-0.8322674422238968,0.5543743361791674,0.9999999999999999,0.0,0.0,0.0,0.0,42.38430507965995,38.103231341854766,43.794499346495115,44.46175847812786,45.30000000000001,45.30000000000001,45.30000000000001,45.30000000000001
2025-12-26T11:35:22.487650,10.650,389.16332407300536,3118.2378494301734,24.729513977206935,4100,1500,1520,40.0,35.0,20.0,3118.2378494301734,18.5471354829052,1500,1520,800,0,0,24.729513977206935,24.729513977206935,12.364756988603467,0.0,4100,4200,390.0,18.5471354829052,31.065,25.0,25.0,-0.8181494574275125,0.5750056219821392,1.0,0.0,0.0,0.0,0.0,36.59902558722542,41.651015467838285,41.841129914804526,44.4166482981636,45.32500000000001,45.32500000000001,45.32500000000001,45.32500000000001
2025-12-26T11:35:22.539963,10.700,389.4830503092396,3086.729967459614,23.46919869838456,4100,1500,1520,40.0,35.0,20.0,3086.729967459614,17.60189902378842,1500,1520,800,0,0,23.46919869838456,23.46919869838456,11.73459934919228,0.0,4100,4200,390.0,17.60189902378842,31.07,25.0,25.0,-0.8035201558521505,0.5952775479886132,1.0,0.0,0.0,0.0,0.0,35.78147580008451,39.85591665589042,43.33071075749264,41.45537135990422,45.35000000000001,45.35000000000001,45.35000000000001,45.35000000000001
2025-12-26T11:35:22.594496,10.750,389.59576018518516,3060.004264158634,22.400170566345366,4100,1500,1520,40.0,35.0,20.0,3060.004264158634,16.800127924759025,1500,1520,800,0,0,22.400170566345366,22.400170566345366,11.200085283172683,0.0,4100,4200,390.0,16.800127924759025,31.075000000000003,25.0,25.0,-0.788388680335091,0.6151774449047149,1.0,0.0,0.0,0.0,0.0,38.3744290415921,44.18915572052008,37.08660583819134,44.103356300685235,45.37500000000001,45.37500000000001,45.37500000000001,45.37500000000001
2025-12-26T11:35:22.644754,10.800,388.93078109817804,3038.12753986701,21.525101594680393,4100,1500,1520,40.0,35.0,20.0,3038.12753986701,16.143826196010295,1500,1520,800,0,0,21.525101594680393,21.525101594680393,10.762550797340197,0.0,4100,4200,390.0,16.143826196010295,31.080000000000002,25.0,25.0,-0.7727644875559815,0.6346928759426415,0.9999999999999999,0.0,0.0,0.0,0.0,42.469825101268775,43.3445515693539,37.07534850901427,35.01530279823476,45.400000000000006,45.400000000000006,45.400000000000006,45.400000000000006
2025-12-26T11:35:22.695357,10.850,388.7535289408668,3021.154475002292,20.846179000091695,4100,1500,1520,40.0,35.0,20.0,3021.154475002292,15.634634250068771,1500,1520,800,0,0,20.846179000091695,20.846179000091695,10.423089500045847,0.0,4100,4200,390.0,15.634634250068771,31.085,25.0,25.0,-0.7566573421267194,0.6538116445932488,1.0,0.0,0.0,0.0,0.0,43.342573996328525,42.892374078768476,35.2242076819446,37.700332830293384,45.42500000000001,45.42500000000001,45.42500000000001,45.42500000000001
2025-12-26T11:35:22.745888,10.900,389.7217430275081,3009.1274933872414,20.36509973548965,4100,1500,1520,40.0,35.0,20.0,3009.1274933872414,15.273824801617238,1500,1520,800,0,0,20.36509973548965,20.36509973548965,10.182549867744825,0.0,4100,4200,390.0,15.273824801617238,31.090000000000003,25.0,25.0,-0.7400773104888878,0.6725218022484731,1.0,0.0,0.0,0.0,0.0,41.59772291563669,40.79568295885714,36.42636088393248,44.098969013309485,45.45000000000001,45.45000000000001,45.45000000000001,45.45000000000001
2025-12-26T11:35:22.796408,10.950,389.3467520866732,3002.0766562123645,20.083066248494575,4100,1500,1520,40.0,35.0,20.0,3002.0766562123645,15.062299686370931,1500,1520,800,0,0,20.083066248494575,20.083066248494575,10.041533124247287,0.0,4100,4200,390.0,15.062299686370931,31.095000000000002,25.0,25.0,-0.723034754622557,0.6908116556688217,0.9999999999999999,0.0,0.0,0.0,0.0,39.227379741880185,42.190636412178904,39.87514495274632,35.57103566217248,45.47500000000001,45.47500000000001,45.47500000000001,45.47500000000001
2025-12-26T11:35:22.846975,11.000,389.6048052575001,3000.019586898593,20.000783475943734,4100,1500,1520,40.0,35.0,20.0,3000.019586898593,15.0005876069578,1500,1520,800,0,0,20.000783475943734,20.000783475943734,10.000391737971867,0.0,4100,4200,390.0,15.000587606957799,31.1,25.0,25.0,-0.7055403255703844,0.7086697742912675,1.0,0.0,0.0,0.0,0.0,40.97344790393515,40.03898270157366,40.29648719153873,40.382464769099805,45.500000000000014,45.500000000000014,45.500000000000014,45.500000000000014
2025-12-26T11:35:22.899486,11.050,389.14705110575875,3002.9614270479115,20.11845708191646,4100,1500,1520,40.0,35.0,20.0,3002.9614270479115,15.088842811437345,1500,1520,800,0,0,20.11845708191646,20.11845708191646,10.05922854095823,0.0,4100,4200,390.0,15.088842811437345,31.105000000000004,25.0,25.0,-0.6876049567810592,0.7260849973729782,1.0,0.0,0.0,0.0,0.0,38.56768147593088,38.28508963373636,44.35190220817616,44.270670676074616,45.52500000000001,45.52500000000001,45.52500000000001,45.52500000000001
2025-12-26T11:35:22.953542,11.100,389.0403643749352,3010.894823592026,20.43579294368105,4100,1500,1520,40.0,35.0,20.0,3010.894823592026,15.326844707760788,1500,1520,800,0,0,20.43579294368105,20.43579294368105,10.217896471840525,0.0,4100,4200,390.0,15.326844707760788,31.110000000000003,25.0,25.0,-0.6692398572762535,0.7430464409664176,1.0,0.0,0.0,0.0,0.0,38.360226225384764,38.00963045257062,43.76783780583212,37.10962327143649,45.55000000000001,45.55000000000001,45.55000000000001,45.55000000000001
2025-12-26T11:35:23.006602,11.150,389.3885617150912,3023.799947171211,20.95199788684843,4100,1500,1520,40.0,35.0,20.0,3023.799947171211,15.713998415136324,1500,1520,800,0,0,20.95199788684843,20.95199788684843,10.475998943424216,0.0,4100,4200,390.0,15.713998415136325,31.115000000000002,25.0,25.0,-0.6504565046453478,0.7595435047214588,1.0,0.0,0.0,0.0,0.0,38.18916390420216,37.85097985514673,41.77136905323728,40.668213297838015,45.57500000000001,45.57500000000001,45.57500000000001,45.57500000000001
2025-12-26T11:35:23.058144,11.200,389.31117892325244,3041.6445416973756,21.66578166789502,4100,1500,1520,40.0,35.0,20.0,3041.6445416973756,16.249336250921264,1500,1520,800,0,0,21.66578166789502,21.66578166789502,10.83289083394751,0.0,4100,4200,390.0,16.249336250921264,31.12,25.0,25.0,-0.631266637872312,0.7755658785102574,1.0,0.0,0.0,0.0,0.0,41.61560821493701,38.106729486803445,38.59009501489855,42.89389277153536,45.60000000000001,45.60000000000001,45.60000000000001,45.60000000000001
2025-12-26T11:35:23.108688,11.250,388.9648752931821,3064.38400497749,22.575360199099592,4100,1500,1520,40.0,35.0,20.0,3064.38400497749,16.931520149324694,1500,1520,800,0,0,22.575360199099592,22.575360199099592,11.287680099549796,0.0,4100,4200,390.0,16.931520149324694,31.125000000000004,25.0,25.0,-0.611682249999222,0.7911035488707463,1.0,0.0,0.0,0.0,0.0,36.26549222678396,40.726293436935315,43.196176052308175,42.17364290744537,45.625000000000014,45.625000000000014,45.625000000000014,45.625000000000014
2025-12-26T11:35:23.160272,11.300,388.97789458254823,3091.961500195837,23.67846000783348,4100,1500,1520,40.0,35.0,20.0,3091.961500195837,17.75884500587511,1500,1520,800,0,0,23.67846000783348,23.67846000783348,11.83923000391674,0.0,4100,4200,390.0,17.75884500587511,31.130000000000003,25.0,25.0,-0.5917155806309994,0.806146805264723,1.0,0.0,0.0,0.0,0.0,39.25026649233108,41.42455756318586,44.29174623964528,39.694854033357736,45.65000000000001,45.65000000000001,45.65000000000001,45.65000000000001
2025-12-26T11:35:23.210804,11.350,389.4785329395799,3124.308097976453,24.972323919058127,4100,1500,1520,40.0,35.0,20.0,3124.308097976453,18.729242939293595,1500,1520,800,0,0,24.972323919058127,24.972323919058127,12.486161959529063,0.0,4100,4200,390.0,18.729242939293595,31.135,25.0,25.0,-0.5713791082860559,0.8206862461466207,1.0,0.0,0.0,0.0,0.0,37.411945038199896,43.349545099846054,37.23182874692248,35.883409963775904,45.67500000000001,45.67500000000001,45.67500000000001,45.67500000000001
2025-12-26T11:35:23.261361,11.400,388.73738597111657,3161.34294867067,26.453717946826785,4100,1500,1520,40.0,35.0,20.0,3161.34294867067,19.84028846012009,1500,1520,800,0,0,26.453717946826785,26.453717946826785,13.226858973413393,0.0,4100,4200,390.0,19.84028846012009,31.140000000000004,25.0,25.0,-0.5506855425976265,0.8347127848391671,1.0,0.0,0.0,0.0,0.0,35.141207819694515,36.972103662154936,36.900358279881836,35.95155547486082,45.70000000000002,45.70000000000002,45.70000000000002,45.70000000000002
2025-12-26T11:35:23.311627,11.450,388.466842636143,3202.973484439128,28.118939377565113,4100,1500,1520,40.0,35.0,20.0,3202.973484439128,21.089204533173834,1500,1520,800,0,0,28.118939377565113,28.118939377565113,14.059469688782556,0.0,4100,4200,390.0,21.089204533173834,31.145000000000003,25.0,25.0,-0.5296478163706618,0.8482176552122631,1.0,0.0,0.0,0.0,0.0,39.984122162791095,37.61080652547037,40.90842294460255,42.60638787177595,45.725000000000016,45.725000000000016,45.725000000000016,45.725000000000016
2025-12-26T11:35:23.364163,11.500,388.6937010068824,3249.0956506231705,29.963826024926817,4100,1500,1520,40.0,35.0,20.0,3249.0956506231705,22.472869518695113,1500,1520,800,0,0,29.963826024926817,29.963826024926817,14.981913012463409,0.0,4100,4200,390.0,22.472869518695113,31.150000000000002,25.0,25.0,-0.5082790774992461,0.8611924171615281,1.0,0.0,0.0,0.0,0.0,40.932358923341276,43.79460874742474,42.52977236262617,40.406976656608926,45.750000000000014,45.750000000000014,45.750000000000014,45.750000000000014
2025-12-26T11:35:23.414263,11.550,388.9635638141932,3299.5941658272973,31.98376663309189,4100,1500,1520,40.0,35.0,20.0,3299.5941658272973,23.987824974818917,1500,1520,800,0,0,31.98376663309189,31.98376663309189,15.991883316545945,0.0,4100,4200,390.0,23.987824974818917,31.155,25.0,25.0,-0.48659268074959156,0.8736289618830904,1.0,0.0,0.0,0.0,0.0,37.86349739104975,42.94803313198843,40.35970996788018,39.65191313190934,45.77500000000001,45.77500000000001,45.77500000000001,45.77500000000001
2025-12-26T11:35:23.466904,11.600,389.0556568995516,3354.342810062617,34.17371240250466,4100,1500,1520,40.0,35.0,20.0,3354.342810062617,25.630284301878497,1500,1520,800,0,0,34.17371240250466,34.17371240250466,17.08685620125233,0.0,4100,4200,390.0,25.630284301878497,31.160000000000004,25.0,25.0,-0.464602179413744,0.8855195169413259,1.0,0.0,0.0,0.0,0.0,35.424508701541896,41.06006505727624,38.07669826486196,36.527990677895716,45.80000000000001,45.80000000000001,45.80000000000001,45.80000000000001
2025-12-26T11:35:23.518503,11.650,388.5947917110334,3413.2047402310827,36.52818960924331,4100,1500,1520,40.0,35.0,20.0,3413.2047402310827,27.396142206932485,1500,1520,800,0,0,36.52818960924331,36.52818960924331,18.264094804621656,0.0,4100,4200,390.0,27.396142206932485,31.165000000000003,25.0,25.0,-0.44232131683921666,0.8968566511263778,1.0,0.0,0.0,0.0,0.0,36.4254073308034,41.319681358819544,37.35326524641095,44.74733736995134,45.82500000000002,45.82500000000002,45.82500000000002,45.82500000000002
2025-12-26T11:35:23.570082,11.700,388.6249416192195,3476.032832161975,39.041313286478996,4100,1500,1520,40.0,35.0,20.0,3476.032832161975,29.280984964859247,1500,1520,800,0,0,39.041313286478996,39.041313286478996,19.520656643239498,0.0,4100,4200,390.0,29.28098496485925,31.17,25.0,25.0,-0.4197640178398452,0.9076332790984198,0.9999999999999999,0.0,0.0,0.0,0.0,40.45521000518847,35.72577283194452,41.2200617296582,38.53024283752574,45.850000000000016,45.850000000000016,45.850000000000016,45.850000000000016
2025-12-26T11:35:23.620744,11.750,388.6049627633741,3542.670048345704,41.70680193382815,4100,1500,1520,40.0,35.0,20.0,3542.670048345704,31.280101450371113,1500,1520,800,0,0,41.70680193382815,41.70680193382815,20.853400966914077,0.0,4100,4200,390.0,31.280101450371113,31.175000000000004,25.0,25.0,-0.3969443799932324,0.917842665815764,0.9999999999999999,0.0,0.0,0.0,0.0,39.091848436126185,41.40414719134082,35.9961468112504,38.87535774368326,45.875000000000014,45.875000000000014,45.875000000000014,45.875000000000014
2025-12-26T11:35:23.671269,11.800,387.8552863064372,3612.949830445801,44.51799321783206,4100,1500,1520,40.0,35.0,20.0,3612.949830445801,33.388494913374046,1500,1520,800,0,0,44.51799321783206,44.51799321783206,22.25899660891603,0.0,4100,4200,390.0,33.388494913374046,31.180000000000003,25.0,25.0,-0.3738766648302212,0.9274784307440419,1.0,0.0,0.0,0.0,0.0,40.316383655919886,41.079173436970066,37.45500794186945,43.27293345473241,45.90000000000002,45.90000000000002,45.90000000000002,45.90000000000002
2025-12-26T11:35:23.721809,11.850,388.20546840917723,3686.6965156080205,47.46786062432081,4100,1500,1520,40.0,35.0,20.0,3686.6965156080205,35.60089546824061,1500,1520,800,0,0,47.46786062432081,47.46786062432081,23.733930312160403,0.0,4100,4200,390.0,35.60089546824061,31.185000000000002,25.0,25.0,-0.35057528892190193,0.9365345518438308,1.0,0.0,0.0,0.0,0.0,42.58980503272808,43.75378205608071,38.03817314208681,43.455407856897494,45.92500000000002,45.92500000000002,45.92500000000002,45.92500000000002
2025-12-26T11:35:23.772353,11.900,388.4562041387449,3763.7257755259866,50.54903102103946,4100,1500,1520,40.0,35.0,20.0,3763.7257755259866,37.911773265779594,1500,1520,800,0,0,50.54903102103946,50.54903102103946,25.27451551051973,0.0,4100,4200,390.0,37.911773265779594,31.190000000000005,25.0,25.0,-0.3270548148697247,0.945005369334233,1.0,0.0,0.0,0.0,0.0,40.81663121662332,43.10422012470594,38.9137775948878,41.350828078435356,45.95000000000002,45.95000000000002,45.95000000000002,45.95000000000002
2025-12-26T11:35:23.822936,11.950,387.7298220109031,3843.8450771659677,53.75380308663871,4100,1500,1520,40.0,35.0,20.0,3843.8450771659677,40.31535231497904,1500,1520,800,0,0,53.75380308663871,53.75380308663871,26.876901543319356,0.0,4100,4200,390.0,40.31535231497904,31.195000000000004,25.0,25.0,-0.30332994220434767,0.952885589230054,1.0,0.0,0.0,0.0,0.0,38.277386783618745,35.37923966507842,43.73245990076016,40.67443630853245,45.975000000000016,45.975000000000016,45.975000000000016,45.975000000000016
2025-12-26T11:35:23.873469,12.000,387.40460966467117,3926.85416399919,57.0741665599676,4100,1500,1520,40.0,35.0,20.0,3926.85416399919,42.8056249199757,1500,1520,800,0,0,57.0741665599676,57.0741665599676,28.5370832799838,0.0,4100,4200,390.0,42.8056249199757,31.200000000000003,25.0,25.0,-0.2794154981989088,0.960170286650371,1.0,0.0,0.0,0.0,0.0,35.50106503020521,38.614126720341275,44.34791623022498,44.695032351880634,46.000000000000014,46.000000000000014,46.000000000000014,46.000000000000014
2025-12-26T11:35:23.925302,12.050,387.77609136981386,4012.545556538867,60.50182226155468,4100,1500,1520,40.0,35.0,20.0,4012.545556538867,45.37636669616601,1500,1520,800,0,0,60.50182226155468,60.50182226155468,30.25091113077734,0.0,4100,4200,390.0,45.37636669616601,31.205000000000005,25.0,25.0,-0.2553264286024627,0.9668549088964236,1.0,0.0,0.0,0.0,0.0,37.139734392725664,36.42407813572801,36.19544368442561,38.979624988122886,46.02500000000002,46.02500000000002,46.02500000000002,46.02500000000002
2025-12-26T11:35:23.982503,12.100,387.1906236929567,4100.705070930864,64.02820283723455,4100,1500,1520,40.0,35.0,20.0,4100.705070930864,48.02115212792591,1500,1520,800,0,0,64.02820283723455,64.02820283723455,32.01410141861727,0.0,4100,4200,390.0,48.02115212792591,31.210000000000004,25.0,25.0,-0.2310777882993741,0.9729352782969017,1.0,0.0,0.0,0.0,0.0,35.2916048985498,41.28794159826893,36.72983859848816,43.76471882924294,46.05000000000002,46.05000000000002,46.05000000000002,46.05000000000002
2025-12-26T11:35:24.034601,12.150,387.9390650269517,4191.112354301788,67.64449417207152,4100,1500,1520,40.0,35.0,20.0,4191.112354301788,50.73337062905364,1500,1520,800,0,0,67.64449417207152,67.64449417207152,33.82224708603576,0.0,4100,4200,390.0,50.73337062905364,31.215000000000003,25.0,25.0,-0.20668473190050507,0.9784075948188548,0.9999999999999999,0.0,0.0,0.0,0.0,37.51568567965539,40.27940832667055,40.11920079913977,38.38857642188721,46.07500000000002,46.07500000000002,46.07500000000002,46.07500000000002
2025-12-26T11:35:24.091124,12.200,387.03369414118055,4283.541435526416,71.34165742105662,4100,1500,1520,40.0,35.0,20.0,4283.541435526416,53.50624306579247,1500,1520,800,0,0,71.34165742105662,71.34165742105662,35.67082871052831,0.0,4100,4200,390.0,53.50624306579247,31.220000000000002,25.0,25.0,-0.18216250427207667,0.983268438442588,0.9999999999999999,0.0,0.0,0.0,0.0,40.405773213325986,42.5590800459586,39.72751000022423,39.535368003348324,46.10000000000002,46.10000000000002,46.10000000000002,46.10000000000002
2025-12-26T11:35:24.144208,12.250,387.27434263140725,4377.76129003782,75.11045160151278,4100,1500,1520,40.0,35.0,20.0,4377.76129003782,56.332838701134584,1500,1520,800,0,0,75.11045160151278,75.11045160151278,37.55522580075639,0.0,4100,4200,390.0,56.332838701134584,31.225000000000005,25.0,25.0,-0.15752643100812372,0.9875147712990641,1.0,0.0,0.0,0.0,0.0,44.83136539347546,37.13328328160708,44.037827210767944,40.56450571924871,46.12500000000002,46.12500000000002,46.12500000000002,46.12500000000002
2025-12-26T11:35:24.194746,12.300,387.0408668567812,4473.536417268473,78.94145669073893,4100,1500,1520,40.0,35.0,20.0,4473.536417268473,59.2060925180542,1500,1520,800,0,0,78.94145669073893,78.94145669073893,39.470728345369466,0.0,4100,4200,390.0,59.2060925180542,31.230000000000004,25.0,25.0,-0.13279190885249736,0.9911439395684716,1.0,0.0,0.0,0.0,0.0,43.85928877129349,38.79434354104877,35.03525705941173,38.236687421822545,46.15000000000002,46.15000000000002,46.15000000000002,46.15000000000002
2025-12-26T11:35:24.245352,12.350,386.4178831922208,4570.627429279022,82.8250971711609,4100,1500,1520,40.0,35.0,20.0,4570.627429279022,62.11882287837068,1500,1520,800,0,0,82.8250971711609,82.8250971711609,41.41254858558045,0.0,4100,4200,390.0,62.11882287837068,31.235000000000003,25.0,25.0,-0.10797439607640143,0.9941536751387767,1.0,0.0,0.0,0.0,0.0,44.213590191525284,41.631234177080955,40.78285446731566,40.02675160108465,46.17500000000002,46.17500000000002,46.17500000000002,46.17500000000002
2025-12-26T11:35:24.295898,12.400,386.51255547490433,4668.791649103462,86.75166596413847,4100,1500,1520,40.0,35.0,20.0,4668.791649103462,65.06374947310385,1500,1520,800,0,0,86.75166596413847,86.75166596413847,43.375832982069234,0.0,4100,4200,390.0,65.06374947310385,31.240000000000006,25.0,25.0,-0.08308940281747604,0.9965420970232192,1.0,0.0,0.0,0.0,0.0,37.71290867911679,40.37487774811064,44.1990204777423,43.735398359154786,46.20000000000002,46.20000000000002,46.20000000000002,46.20000000000002
2025-12-26T11:35:24.346440,12.450,386.31455504275186,4767.783717315167,90.7113486926067,4100,1500,1520,40.0,35.0,20.0,4767.783717315167,68.03351151945503,1500,1520,800,0,0,90.7113486926067,90.7113486926067,45.35567434630335,0.0,4100,4200,390.0,68.03351151945503,31.245000000000005,25.0,25.0,-0.05815248138646656,0.9983077125358677,1.0,0.0,0.0,0.0,0.0,37.541501178421726,44.35754284592461,38.12914941768933,42.4401165532022,46.22500000000002,46.22500000000002,46.22500000000002,46.22500000000002
2025-12-26T11:35:24.400216,12.500,386.137531654622,4867.356205297684,94.69424821190735,4100,1500,1520,40.0,35.0,20.0,4867.356205297684,71.02068615893052,1500,1520,800,0,0,94.69424821190735,94.69424821190735,47.347124105953675,0.0,4100,4200,390.0,71.02068615893052,31.250000000000004,25.0,25.0,-0.033179216547535514,0.9994494182245001,0.9999999999999999,0.0,0.0,0.0,0.0,44.04961607314348,37.830579679505,37.5117450274588,36.67467942009873,46.25000000000002,46.25000000000002,46.25000000000002,46.25000000000002
2025-12-26T11:35:24.451265,12.550,385.95329441645003,4967.260233687402,98.6904093474961,4100,1500,1520,40.0,35.0,20.0,4967.260233687402,74.01780701062208,1500,1520,800,0,0,98.6904093474961,98.6904093474961,49.34520467374805,0.0,4100,4200,390.0,74.01780701062208,31.255000000000003,25.0,25.0,-0.008185215778292378,0.9999665005602252,1.0,0.0,0.0,0.0,0.0,40.91542884067973,36.863892516007,36.426034084876825,43.12696828578471,46.27500000000002,46.27500000000002,46.27500000000002,46.27500000000002
2025-12-26T11:35:24.501801,12.600,385.71766174072195,5067.246094442362,102.68984377769449,4100,1500,1520,40.0,35.0,20.0,5067.246094442362,77.01738283327087,1500,1520,800,0,0,102.68984377769449,102.68984377769449,51.344921888847246,0.0,4100,4200,390.0,77.01738283327087,31.260000000000005,25.0,25.0,0.016813900484371914,0.9998586363834148,1.0,0.0,0.0,0.0,0.0,42.54351456321394,38.8265178451406,40.77903476153264,42.68819482551961,46.300000000000026,46.300000000000026,46.300000000000026,46.300000000000026
2025-12-26T11:35:24.554867,12.650,385.97871535985473,5167.063874982305,106.6825549992922,4100,1500,1520,40.0,35.0,20.0,5167.063874982305,80.01191624946915,1500,1520,800,0,0,106.6825549992922,106.6825549992922,53.3412774996461,0.0,4100,4200,390.0,80.01191624946915,31.265000000000004,25.0,25.0,0.04180250860654956,0.9991258931056684,1.0,0.0,0.0,0.0,0.0,38.296750711631375,39.640664907873095,44.17850313786985,39.12508917914591,46.325000000000024,46.325000000000024,46.325000000000024,46.325000000000024
2025-12-26T11:35:24.605389,12.700,385.36122252797156,5266.464082839976,110.65856331359905,4100,1500,1520,40.0,35.0,20.0,5266.464082839976,82.99392248519928,1500,1520,800,0,0,110.65856331359905,110.65856331359905,55.32928165679952,0.0,4100,4200,390.0,82.99392248519928,31.270000000000003,25.0,25.0,0.06676499152157851,0.9977687286676825,0.9999999999999999,0.0,0.0,0.0,0.0,41.641754165418455,41.816851267000935,44.215062401307506,41.49956835989473,46.35000000000002,46.35000000000002,46.35000000000002,46.35000000000002
2025-12-26T11:35:24.659484,12.750,386.0198664030435,5365.198269262359,114.60793077049435,4100,1500,1520,40.0,35.0,20.0,5365.198269262359,85.95594807787076,1500,1520,800,0,0,114.60793077049435,114.60793077049435,57.303965385247174,0.0,4100,4200,390.0,85.95594807787076,31.275000000000006,25.0,25.0,0.09168574849020075,0.9957879912530536,1.0,0.0,0.0,0.0,0.0,43.553576847941244,43.565509779172814,36.25157357464976,35.24907354625287,46.37500000000002,46.37500000000002,46.37500000000002,46.37500000000002
2025-12-26T11:35:24.710526,12.800,385.384113691774,5463.019650203168,118.5207860081267,4100,1500,1520,40.0,35.0,20.0,5463.019650203168,88.89058950609503,1500,1520,800,0,0,118.5207860081267,118.5207860081267,59.26039300406335,0.0,4100,4200,390.0,88.89058950609503,31.280000000000005,25.0,25.0,0.11654920485051658,0.9931849187581899,1.0,0.0,0.0,0.0,0.0,38.70515586724912,39.915578290163005,39.75129053350481,38.4371038996942,46.40000000000002,46.40000000000002,46.40000000000002,46.40000000000002
2025-12-26T11:35:24.761039,12.850,385.32046931508773,5559.683723154441,122.38734892617765,4100,1500,1520,40.0,35.0,20.0,5559.683723154441,91.79051169463324,1500,1520,800,0,0,122.38734892617765,122.38734892617765,61.193674463088826,0.0,4100,4200,390.0,91.79051169463324,31.285000000000004,25.0,25.0,0.14133982175164123,0.989961138018667,1.0,0.0,0.0,0.0,0.0,38.33840499471854,39.95296251537276,44.826416921793964,40.47128748654903,46.425000000000026,46.425000000000026,46.425000000000026,46.425000000000026
2025-12-26T11:35:24.811744,12.900,384.8643818823178,5654.948878275477,126.19795513101907,4100,1500,1520,40.0,35.0,20.0,5654.948878275477,94.64846634826431,1500,1520,800,0,0,126.19795513101907,126.19795513101907,63.098977565509536,0.0,4100,4200,390.0,94.64846634826431,31.290000000000006,25.0,25.0,0.16604210586498086,0.9861186637925086,1.0,0.0,0.0,0.0,0.0,43.03270193428639,44.617939885039824,37.87068740211206,43.60542911393432,46.450000000000024,46.450000000000024,46.450000000000024,46.450000000000024
2025-12-26T11:35:24.862288,12.950,384.7369405631471,5748.577002291606,129.94308009166423,4100,1500,1520,40.0,35.0,20.0,5748.577002291606,97.45731006874817,1500,1520,800,0,0,129.94308009166423,129.94308009166423,64.97154004583211,0.0,4100,4200,390.0,97.45731006874817,31.295000000000005,25.0,25.0,0.1906406190670588,0.9816598975010279,1.0,0.0,0.0,0.0,0.0,35.01497734672994,35.4602852571951,36.45153939075239,43.07959607729529,46.47500000000002,46.47500000000002,46.47500000000002,46.47500000000002
2025-12-26T11:35:24.913328,13.000,385.26189053355074,5840.334073653372,133.61336294613488,4100,1500,1520,40.0,35.0,20.0,5840.334073653372,100.21002220960116,1500,1520,800,0,0,133.61336294613488,133.61336294613488,66.80668147306744,0.0,4100,4200,390.0,100.21002220960116,31.300000000000004,25.0,25.0,0.2151199880878398,0.9765876257280182,1.0,0.0,0.0,0.0,0.0,41.921715697031935,39.54979825239817,35.25782938533486,41.00116670999176,46.50000000000003,46.50000000000003,46.50000000000003,46.50000000000003
2025-12-26T11:35:24.964866,13.050,384.6021281469277,5929.990747468531,137.19962989874122,4100,1500,1520,40.0,35.0,20.0,5929.990747468531,102.89972242405591,1500,1520,800,0,0,137.19962989874122,137.19962989874122,68.59981494937061,0.0,4100,4200,390.0,102.89972242405591,31.305000000000007,25.0,25.0,0.23946491411852383,0.9709050184782279,0.9999999999999999,0.0,0.0,0.0,0.0,37.66284391911392,42.188349963281084,44.81808806212463,44.318091858887925,46.52500000000003,46.52500000000003,46.52500000000003,46.52500000000003
2025-12-26T11:35:25.019958,13.100,384.8010702075921,6017.322928744836,140.69291714979346,4100,1500,1520,40.0,35.0,20.0,6017.322928744836,105.5196878623451,1500,1520,800,0,0,140.69291714979346,140.69291714979346,70.34645857489673,0.0,4100,4200,390.0,105.51968786234508,31.310000000000006,25.0,25.0,0.2636601823728032,0.9646156271962113,1.0,0.0,0.0,0.0,0.0,38.34453375790485,39.81516233257308,40.76550210252504,38.79119372289284,46.550000000000026,46.550000000000026,46.550000000000026,46.550000000000026
2025-12-26T11:35:25.072504,13.150,384.3994231084511,6102.112332510818,144.08449330043277,4100,1500,1520,40.0,35.0,20.0,6102.112332510818,108.06336997532458,1500,1520,800,0,0,144.08449330043277,144.08449330043277,72.04224665021638,0.0,4100,4200,390.0,108.06336997532458,31.315000000000005,25.0,25.0,0.287690671595609,0.9577233825467912,1.0,0.0,0.0,0.0,0.0,39.49646528472754,44.606364458366095,38.99840114388207,35.59009618151904,46.575000000000024,46.575000000000024,46.575000000000024,46.575000000000024
2025-12-26T11:35:25.125551,13.200,384.0547933711689,6184.147029414532,147.3658811765813,4100,1500,1520,40.0,35.0,20.0,6184.147029414532,110.52441088243597,1500,1520,800,0,0,147.3658811765813,147.3658811765813,73.68294058829065,0.0,4100,4200,390.0,110.52441088243597,31.320000000000004,25.0,25.0,0.31154136351340317,0.9502325919585213,1.0,0.0,0.0,0.0,0.0,36.11168615469267,43.51926096842435,35.20973453855567,42.64868894752019,46.60000000000002,46.60000000000002,46.60000000000002,46.60000000000002
2025-12-26T11:35:25.180083,13.250,384.72996568188785,6263.22197543656,150.5288790174624,4100,1500,1520,40.0,35.0,20.0,6263.22197543656,112.89665926309681,1500,1520,800,0,0,150.5288790174624,150.5288790174624,75.2644395087312,0.0,4100,4200,390.0,112.89665926309681,31.325000000000006,25.0,25.0,0.3351973522201106,0.9421479369316833,1.0,0.0,0.0,0.0,0.0,35.61514326815332,36.38641051816553,39.80586330579873,39.2492143864828,46.62500000000003,46.62500000000003,46.62500000000003,46.62500000000003
2025-12-26T11:35:25.230672,13.300,384.47017280943646,6339.139524393284,153.56558097573134,4100,1500,1520,40.0,35.0,20.0,6339.139524393284,115.1741857317985,1500,1520,800,0,0,153.56558097573134,153.56558097573134,76.78279048786567,0.0,4100,4200,390.0,115.1741857317985,31.330000000000005,25.0,25.0,0.35864385349282524,0.9334744701125023,1.0,0.0,0.0,0.0,0.0,35.80294464884992,39.22058811265257,40.77691418512504,35.48813484592608,46.65000000000003,46.65000000000003,46.65000000000003,46.65000000000003
2025-12-26T11:35:25.281045,13.350,384.03008267879386,6411.709921949407,156.46839687797626,4100,1500,1520,40.0,35.0,20.0,6411.709921949407,117.3512976584822,1500,1520,800,0,0,156.46839687797626,156.46839687797626,78.23419843898813,0.0,4100,4200,390.0,117.3512976584822,31.335000000000004,25.0,25.0,0.3818662140314683,0.9242176121354065,0.9999999999999999,0.0,0.0,0.0,0.0,38.97554991761661,36.50000267759565,44.81018646570729,39.327351811925055,46.675000000000026,46.675000000000026,46.675000000000026,46.675000000000026
2025-12-26T11:35:25.331609,13.400,383.8067068138239,6480.751779904971,159.23007119619885,4100,1500,1520,40.0,35.0,20.0,6480.751779904971,119.42255339714913,1500,1520,800,0,0,159.23007119619885,159.23007119619885,79.61503559809942,0.0,4100,4200,390.0,119.42255339714913,31.340000000000007,25.0,25.0,0.4048499206166235,0.9143831482353082,0.9999999999999999,0.0,0.0,0.0,0.0,40.00325916884588,38.998606717255974,42.777818787793365,38.04171998131603,46.70000000000003,46.70000000000003,46.70000000000003,46.70000000000003
2025-12-26T11:35:25.382134,13.450,383.927796322485,6546.092529571392,161.8437011828557,4100,1500,1520,40.0,35.0,20.0,6546.092529571392,121.38277588714178,1500,1520,800,0,0,161.8437011828557,161.8437011828557,80.92185059142786,0.0,4100,4200,390.0,121.38277588714178,31.345000000000006,25.0,25.0,0.4275806091798271,0.9039772246320191,1.0,0.0,0.0,0.0,0.0,41.044658939761206,37.28627180889841,41.0807802012476,35.494234393872944,46.72500000000003,46.72500000000003,46.72500000000003,46.72500000000003
2025-12-26T11:35:25.432765,13.500,383.85096809730516,6607.568853103309,164.30275412413238,4100,1500,1520,40.0,35.0,20.0,6607.568853103309,123.22706559309928,1500,1520,800,0,0,164.30275412413238,164.30275412413238,82.15137706206619,0.0,4100,4200,390.0,123.2270655930993,31.350000000000005,25.0,25.0,0.450044073780643,0.8930063446890639,1.0,0.0,0.0,0.0,0.0,38.64091071749136,36.921206271566504,42.37463727181495,42.90577274463835,46.75000000000003,46.75000000000003,46.75000000000003,46.75000000000003
2025-12-26T11:35:25.483308,13.550,383.6239589269121,6665.0270917081425,166.6010836683257,4100,1500,1520,40.0,35.0,20.0,6665.0270917081425,124.95081275124429,1500,1520,800,0,0,166.6010836683257,166.6010836683257,83.30054183416286,0.0,4100,4200,390.0,124.95081275124429,31.355000000000004,25.0,25.0,0.4722262754849129,0.8814773648492893,1.0,0.0,0.0,0.0,0.0,41.03656349722456,41.2073881094831,41.18412961934187,37.98778257449135,46.77500000000003,46.77500000000003,46.77500000000003,46.77500000000003
2025-12-26T11:35:25.533926,13.600,383.43696649557234,6718.323629713052,168.73294518852208,4100,1500,1520,40.0,35.0,20.0,6718.323629713052,126.54970889139156,1500,1520,800,0,0,168.73294518852208,168.73294518852208,84.36647259426104,0.0,4100,4200,390.0,126.54970889139156,31.360000000000007,25.0,25.0,0.49411335113863364,0.8693974903498107,0.9999999999999999,0.0,0.0,0.0,0.0,44.086886043024684,40.013375978173876,38.67086815408959,35.18005185690009,46.800000000000026,46.800000000000026,46.800000000000026,46.800000000000026
2025-12-26T11:35:25.584952,13.650,383.59061762876956,6767.325253529325,170.693010141173,4100,1500,1520,40.0,35.0,20.0,6767.325253529325,128.01975760587976,1500,1520,800,0,0,170.693010141173,170.693010141173,85.3465050705865,0.0,4100,4200,390.0,128.01975760587976,31.365000000000006,25.0,25.0,0.5156916220319766,0.8567742707189736,1.0,0.0,0.0,0.0,0.0,43.2650239209152,43.26490442186713,44.23419372745636,40.797352106291996,46.82500000000003,46.82500000000003,46.82500000000003,46.82500000000003
2025-12-26T11:35:25.635531,13.700,383.58919192034307,6811.909484616975,172.47637938467898,4100,1500,1520,40.0,35.0,20.0,6811.909484616975,129.35728453850925,1500,1520,800,0,0,172.47637938467898,172.47637938467898,86.23818969233949,0.0,4100,4200,390.0,129.35728453850925,31.370000000000005,25.0,25.0,0.5369476024480364,0.8436155950581434,1.0,0.0,0.0,0.0,0.0,38.841333688520265,40.99332561686577,44.53250743488752,36.90255638658472,46.85000000000003,46.85000000000003,46.85000000000003,46.85000000000003
2025-12-26T11:35:25.686049,13.750,383.07527470216974,6851.9648856173,174.078595424692,4100,1500,1520,40.0,35.0,20.0,6851.9648856173,130.558946568519,1500,1520,800,0,0,174.078595424692,174.078595424692,87.039297712346,0.0,4100,4200,390.0,130.558946568519,31.375000000000007,25.0,25.0,0.5578680080909653,0.8299296871112749,1.0,0.0,0.0,0.0,0.0,37.885222340678915,38.22361453102584,39.99978436664243,38.082490515971195,46.87500000000003,46.87500000000003,46.87500000000003,46.87500000000003
2025-12-26T11:35:25.736590,13.800,383.68437258555235,6887.391338888249,175.49565355553,4100,1500,1520,40.0,35.0,20.0,6887.391338888249,131.6217401666475,1500,1520,800,0,0,175.49565355553,175.49565355553,87.747826777765,0.0,4100,4200,390.0,131.6217401666475,31.380000000000006,25.0,25.0,0.5784397643882248,0.8157251001253394,0.9999999999999999,0.0,0.0,0.0,0.0,43.366199430046066,44.894440530330044,36.88390938116176,41.96674569073064,46.900000000000034,46.900000000000034,46.900000000000034,46.900000000000034
2025-12-26T11:35:25.787120,13.850,383.3842958022432,6918.100296746386,176.72401186985547,4100,1500,1520,40.0,35.0,20.0,6918.100296746386,132.5430089023916,1500,1520,800,0,0,176.72401186985547,176.72401186985547,88.36200593492774,0.0,4100,4200,390.0,132.5430089023916,31.385000000000005,25.0,25.0,0.5986500146617688,0.8010107115048237,0.9999999999999999,0.0,0.0,0.0,0.0,35.13173129680289,42.55993383597609,41.26021568980239,40.63521211161534,46.92500000000003,46.92500000000003,46.92500000000003,46.92500000000003
2025-12-26T11:35:25.837384,13.900,383.54212478200196,6944.015002789982,177.76060011159925,4100,1500,1520,40.0,35.0,20.0,6944.015002789982,133.32045008369943,1500,1520,800,0,0,177.76060011159925,177.76060011159925,88.88030005579962,0.0,4100,4200,390.0,133.32045008369943,31.390000000000008,25.0,25.0,0.6184861281630484,0.7857957172636418,1.0,0.0,0.0,0.0,0.0,41.465595899216034,35.74651650944834,38.19975979685404,42.96159640189415,46.95000000000003,46.95000000000003,46.95000000000003,46.95000000000003
2025-12-26T11:35:25.890035,13.950,383.3156327229359,6965.070683750043,178.60282735000172,4100,1500,1520,40.0,35.0,20.0,6965.070683750043,133.9521205125013,1500,1520,800,0,0,178.60282735000172,178.60282735000172,89.30141367500086,0.0,4100,4200,390.0,133.9521205125013,31.395000000000007,25.0,25.0,0.6379357079668185,0.7700896262779249,1.0,0.0,0.0,0.0,0.0,36.30813111287359,43.67281115298847,37.81293304535574,35.564404600924824,46.97500000000003,46.97500000000003,46.97500000000003,46.97500000000003
2025-12-26T11:35:25.942685,14.000,383.1574263601871,6981.214711389758,179.24858845559032,4100,1500,1520,40.0,35.0,20.0,6981.214711389758,134.43644134169273,1500,1520,800,0,0,179.24858845559032,179.24858845559032,89.62429422779516,0.0,4100,4200,390.0,134.43644134169273,31.400000000000006,25.0,25.0,0.6569865987188132,0.7539022543432836,0.9999999999999999,0.0,0.0,0.0,0.0,36.216706714340965,38.56134745739165,36.60002098596359,37.1836010633177,47.00000000000003,47.00000000000003,47.00000000000003,47.00000000000003
2025-12-26T11:35:25.993199,14.050,383.01541858986127,6992.406734047674,179.69626936190699,4100,1500,1520,40.0,35.0,20.0,6992.406734047674,134.77220202143025,1500,1520,800,0,0,179.69626936190699,179.69626936190699,89.84813468095349,0.0,4100,4200,390.0,134.77220202143025,31.40500000000001,25.0,25.0,0.6756268942324455,0.7372437180402556,1.0,0.0,0.0,0.0,0.0,44.59312280190407,38.17466394822344,40.38193294398403,43.676125481463245,47.025000000000034,47.025000000000034,47.025000000000034,47.025000000000034
2025-12-26T11:35:26.045943,14.100,383.23476319281775,6998.61877749584,179.9447510998336,4100,1500,1520,40.0,35.0,20.0,6998.61877749584,134.9585633248752,1500,1520,800,0,0,179.9447510998336,179.9447510998336,89.9723755499168,0.0,4100,4200,390.0,134.9585633248752,31.410000000000007,25.0,25.0,0.6938449449297873,0.7201244284117714,1.0,0.0,0.0,0.0,0.0,38.473518904767516,41.89229531481317,41.073056647764766,35.37378651116811,47.05000000000003,47.05000000000003,47.05000000000003,47.05000000000003
2025-12-26T11:35:26.100089,14.150,383.246689710311,6999.835314860804,179.9934125944322,4100,1500,1520,40.0,35.0,20.0,6999.835314860804,134.99505944582415,1500,1520,800,0,0,179.9934125944322,179.9934125944322,89.9967062972161,0.0,4100,4200,390.0,134.99505944582415,31.415000000000006,25.0,25.0,0.711629365122176,0.7025550844565918,1.0,0.0,0.0,0.0,0.0,43.00314280411857,42.599014808623,44.91768172082681,39.611343318202024,47.07500000000003,47.07500000000003,47.07500000000003,47.07500000000003
2025-12-26T11:35:26.152135,14.200,382.9861829334143,6996.053305432715,179.8421322173086,4100,1500,1520,40.0,35.0,20.0,6996.053305432715,134.88159916298144,1500,1520,800,0,0,179.8421322173086,179.8421322173086,89.9210661086543,0.0,4100,4200,390.0,134.88159916298144,31.420000000000005,25.0,25.0,0.728969040125899,0.684546666442782,1.0,0.0,0.0,0.0,0.0,37.120372846367104,36.9634476519597,44.67208059529909,36.87160223692321,47.10000000000004,47.10000000000004,47.10000000000004,47.10000000000004
2025-12-26T11:35:26.203645,14.250,382.8232073714351,6987.28220226551,179.4912880906204,4100,1500,1520,40.0,35.0,20.0,6987.28220226551,134.6184660679653,1500,1520,800,0,0,179.4912880906204,179.4912880906204,89.7456440453102,0.0,4100,4200,390.0,134.6184660679653,31.425000000000008,25.0,25.0,0.74585313320851,0.6661104290454014,1.0,0.0,0.0,0.0,0.0,42.48070652204188,43.04262866353368,43.47556974718786,41.76915092345528,47.125000000000036,47.125000000000036,47.125000000000036,47.125000000000036
2025-12-26T11:35:26.254691,14.300,383.0827113911725,6973.543928549205,178.9417571419682,4100,1500,1520,40.0,35.0,20.0,6973.543928549205,134.20631785647615,1500,1520,800,0,0,178.9417571419682,178.9417571419682,89.4708785709841,0.0,4100,4200,390.0,134.20631785647615,31.430000000000007,25.0,25.0,0.7622710923614331,0.6472578943126979,1.0,0.0,0.0,0.0,0.0,43.319968819699014,37.54019773952646,42.99139670854096,40.283237936106644,47.150000000000034,47.150000000000034,47.150000000000034,47.150000000000034
2025-12-26T11:35:26.305226,14.350,382.8698523024318,6954.872822813336,178.19491291253343,4100,1500,1520,40.0,35.0,20.0,6954.872822813336,133.64618468440005,1500,1520,800,0,0,178.19491291253343,178.19491291253343,89.09745645626671,0.0,4100,4200,390.0,133.64618468440005,31.435000000000006,25.0,25.0,0.7782126568946255,0.6280008444652029,1.0,0.0,0.0,0.0,0.0,37.7323329996933,44.36869576842156,39.40230117351687,39.873239724613335,47.17500000000003,47.17500000000003,47.17500000000003,47.17500000000003
2025-12-26T11:35:26.365089,14.400,383.17389272087473,6931.315553098519,177.25262212394074,4100,1500,1520,40.0,35.0,20.0,6931.315553098519,132.93946659295557,1500,1520,800,0,0,177.25262212394074,177.25262212394074,88.62631106197037,0.0,4100,4200,390.0,132.93946659295557,31.44000000000001,25.0,25.0,0.7936678638491742,0.608351314532227,1.0,0.0,0.0,0.0,0.0,38.13770040198724,44.24266235283908,41.076883902255474,42.64467940897475,47.20000000000003,47.20000000000003,47.20000000000003,47.20000000000003
2025-12-26T11:35:26.416116,14.450,382.9439403492218,6902.931000310652,176.11724001242607,4100,1500,1520,40.0,35.0,20.0,6902.931000310652,132.08793000931956,1500,1520,800,0,0,176.11724001242607,176.11724001242607,88.05862000621303,0.0,4100,4200,390.0,132.08793000931956,31.445000000000007,25.0,25.0,0.8086270542238214,0.5883215848303587,1.0,0.0,0.0,0.0,0.0,38.35240974871918,38.05144912144776,43.39978154216933,40.82191237340784,47.22500000000004,47.22500000000004,47.22500000000004,47.22500000000004
2025-12-26T11:35:26.469641,14.500,383.35905051665634,6869.790111049316,174.79160444197262,4100,1500,1520,40.0,35.0,20.0,6869.790111049316,131.09370333147947,1500,1520,800,0,0,174.79160444197262,174.79160444197262,87.39580222098631,0.0,4100,4200,390.0,131.09370333147947,31.450000000000006,25.0,25.0,0.8230808790115256,0.5679241732886656,1.0,0.0,0.0,0.0,0.0,39.59802480975842,42.327133120600664,43.26924757182375,43.582348624933424,47.250000000000036,47.250000000000036,47.250000000000036,47.250000000000036
2025-12-26T11:35:26.519167,14.550,383.9893746579989,6831.975720278221,173.27902881112885,4100,1500,1520,40.0,35.0,20.0,6831.975720278221,129.95927160834663,1500,1520,800,0,0,173.27902881112885,173.27902881112885,86.63951440556443,0.0,4100,4200,390.0,129.95927160834663,31.455000000000005,25.0,25.0,0.8370203050422867,0.547171827625397,0.9999999999999999,0.0,0.0,0.0,0.0,41.99162763108464,38.090642651544506,37.38365705855557,36.355672494709836,47.275000000000034,47.275000000000034,47.275000000000034,47.275000000000034
2025-12-26T11:35:26.570760,14.600,383.3782818611478,6789.582344280943,171.58329377123772,4100,1500,1520,40.0,35.0,20.0,6789.582344280943,128.68747032842828,1500,1520,800,0,0,171.58329377123772,171.58329377123772,85.79164688561886,0.0,4100,4200,390.0,128.68747032842828,31.460000000000008,25.0,25.0,0.8504366206285836,0.5260775173810743,1.0,0.0,0.0,0.0,0.0,39.2797644822911,44.266589440908994,38.28965410449193,35.37821096127567,47.30000000000004,47.30000000000004,47.30000000000004,47.30000000000004
2025-12-26T11:35:26.623327,14.650,383.87222486411684,6742.715944419431,169.70863777677724,4100,1500,1520,40.0,35.0,20.0,6742.715944419431,127.28147833258294,1500,1520,800,0,0,169.70863777677724,169.70863777677724,84.85431888838862,0.0,4100,4200,390.0,127.28147833258295,31.465000000000007,25.0,25.0,0.8633214410098945,0.504654425812951,1.0,0.0,0.0,0.0,0.0,39.22193683496268,44.58488299965981,38.38271561534564,41.19523347531857,47.32500000000004,47.32500000000004,47.32500000000004,47.32500000000004
2025-12-26T11:35:26.673849,14.700,383.6888647333612,6691.4936622857895,167.65974649143158,4100,1500,1520,40.0,35.0,20.0,6691.4936622857895,125.74480986857368,1500,1520,800,0,0,167.65974649143158,167.65974649143158,83.82987324571579,0.0,4100,4200,390.0,125.74480986857368,31.470000000000006,25.0,25.0,0.8756667135929003,0.4829159416559052,1.0,0.0,0.0,0.0,0.0,38.6611999278267,39.07898935415473,35.89808015787813,42.73681336544257,47.35000000000004,47.35000000000004,47.35000000000004,47.35000000000004
2025-12-26T11:35:26.724411,14.750,383.4872101770336,6636.043526909302,165.4417410763721,4100,1500,1520,40.0,35.0,20.0,6636.043526909302,124.08130580727908,1500,1520,800,0,0,165.4417410763721,165.4417410763721,82.72087053818605,0.0,4100,4200,390.0,124.08130580727907,31.47500000000001,25.0,25.0,0.8874647229840924,0.4608756507549169,1.0,0.0,0.0,0.0,0.0,41.64139846550575,38.62555308507077,43.23481196898905,41.52634598473886,47.375000000000036,47.375000000000036,47.375000000000036,47.375000000000036
2025-12-26T11:35:26.774941,14.800,384.10987884262147,6576.504134750541,163.0601653900216,4100,1500,1520,40.0,35.0,20.0,6576.504134750541,122.2951240425162,1500,1520,800,0,0,163.0601653900216,163.0601653900216,81.5300826950108,0.0,4100,4200,390.0,122.2951240425162,31.480000000000008,25.0,25.0,0.8987080958116432,0.4385473275743568,1.0,0.0,0.0,0.0,0.0,44.771587444381325,43.19377920652926,37.807151724724456,37.521808057699175,47.400000000000034,47.400000000000034,47.400000000000034,47.400000000000034
2025-12-26T11:35:26.825508,14.850,383.74194765618904,6513.024303282384,160.52097213129537,4100,1500,1520,40.0,35.0,20.0,6513.024303282384,120.39072909847152,1500,1520,800,0,0,160.52097213129537,160.52097213129537,80.26048606564768,0.0,4100,4200,390.0,120.39072909847152,31.485000000000007,25.0,25.0,0.9093898053335232,0.4159449265893945,1.0,0.0,0.0,0.0,0.0,39.40619654754648,44.799968501647996,40.04762040449241,36.808337960852896,47.42500000000004,47.42500000000004,47.42500000000004,47.42500000000004
2025-12-26T11:35:26.878136,14.900,384.54012462982286,6445.762699023847,157.83050796095387,4100,1500,1520,40.0,35.0,20.0,6445.762699023847,118.3728809707154,1500,1520,800,0,0,157.83050796095387,157.83050796095387,78.91525398047693,0.0,4100,4200,390.0,118.37288097071539,31.49000000000001,25.0,25.0,0.9195031758289857,0.39308257356490567,1.0,0.0,0.0,0.0,0.0,38.22591225873645,44.46828082679467,42.7115601183132,44.47129460779602,47.45000000000004,47.45000000000004,47.45000000000004,47.45000000000004
2025-12-26T11:35:26.928682,14.950,383.96549749967414,6374.887440956408,154.9954976382563,4100,1500,1520,40.0,35.0,20.0,6374.887440956408,116.24662322869221,1500,1520,800,0,0,154.9954976382563,154.9954976382563,77.49774881912815,0.0,4100,4200,390.0,116.24662322869221,31.495000000000008,25.0,25.0,0.9290418867706755,0.3699745567273288,1.0,0.0,0.0,0.0,0.0,41.861526887259856,43.267129352625915,35.905923913848014,43.77865254199236,47.47500000000004,47.47500000000004,47.47500000000004,47.47500000000004
2025-12-26T11:35:26.979323,15.000,383.9354045694514,6300.575680314115,152.0230272125646,4100,1500,1520,40.0,35.0,20.0,6300.575680314115,114.01727040942346,1500,1520,800,0,0,152.0230272125646,152.0230272125646,76.0115136062823,0.0,4100,4200,390.0,114.01727040942346,31.500000000000007,25.0,25.0,0.9379999767747524,0.34663531783498913,1.0,0.0,0.0,0.0,0.0,37.02696189903113,41.80100508372923,37.94533111255959,37.54888577404868,47.50000000000004,47.50000000000004,47.50000000000004,47.50000000000004
2025-12-26T11:35:27.030902,15.050,384.78479718135196,6223.013157797758,148.92052631191032,4100,1500,1520,40.0,35.0,20.0,6223.013157797758,111.69039473393275,1500,1520,800,0,0,148.92052631191032,148.92052631191032,74.46026315595516,0.0,4100,4200,390.0,111.69039473393275,31.50500000000001,25.0,25.0,0.9463718473265624,0.3230794431524693,1.0,0.0,0.0,0.0,0.0,38.713780972485395,35.36673952193579,38.30600710498734,41.223504119602694,47.52500000000004,47.52500000000004,47.52500000000004,47.52500000000004
2025-12-26T11:35:27.082422,15.100,384.8646981168474,6142.393739319846,145.69574957279383,4100,1500,1520,40.0,35.0,20.0,6142.393739319846,109.27181217959537,1500,1520,800,0,0,145.69574957279383,145.69574957279383,72.84787478639691,0.0,4100,4200,390.0,109.27181217959537,31.51000000000001,25.0,25.0,0.9541522662795268,0.29932165433466895,1.0,0.0,0.0,0.0,0.0,44.94135719135791,38.649635715734995,44.73435822013453,42.255858876857026,47.55000000000004,47.55000000000004,47.55000000000004,47.55000000000004
2025-12-26T11:35:27.135792,15.150,384.36767008700076,6058.918931440793,142.35675725763173,4100,1500,1520,40.0,35.0,20.0,6058.918931440793,106.7675679432238,1500,1520,800,0,0,142.35675725763173,142.35675725763173,71.17837862881586,0.0,4100,4200,390.0,106.7675679432238,31.515000000000008,25.0,25.0,0.9613363711250634,0.27537679922624986,1.0,0.0,0.0,0.0,0.0,38.33313929938972,37.88653608541428,41.10399155838759,37.168762078366335,47.57500000000004,47.57500000000004,47.57500000000004,47.57500000000004
2025-12-26T11:35:27.186315,15.200,384.44370732207864,5972.797377707457,138.91189510829827,4100,1500,1520,40.0,35.0,20.0,5972.797377707457,104.1839213312237,1500,1520,800,0,0,138.91189510829827,138.91189510829827,69.45594755414913,0.0,4100,4200,390.0,104.1839213312237,31.520000000000007,25.0,25.0,0.9679196720314966,0.2512598425822162,1.0,0.0,0.0,0.0,0.0,44.43734337929126,37.856500095270434,42.53217581026583,43.86061636500438,47.60000000000004,47.60000000000004,47.60000000000004,47.60000000000004
2025-12-26T11:35:27.237379,15.250,385.38203441253125,5884.2443371529325,135.36977348611728,4100,1500,1520,40.0,35.0,20.0,5884.2443371529325,101.52733011458795,1500,1520,800,0,0,135.36977348611728,135.36977348611728,67.68488674305864,0.0,4100,4200,390.0,101.52733011458795,31.52500000000001,25.0,25.0,0.9738980546500555,0.22698585671542953,1.0,0.0,0.0,0.0,0.0,35.95637351748712,35.15590441771783,40.38697439687589,40.64905516167827,47.62500000000004,47.62500000000004,47.62500000000004,47.62500000000004
2025-12-26T11:35:27.287897,15.300,384.82424765111153,5793.481146261074,131.73924585044296,4100,1500,1520,40.0,35.0,20.0,5793.481146261074,98.80443438783222,1500,1520,800,0,0,131.73924585044296,131.73924585044296,65.86962292522148,0.0,4100,4200,390.0,98.80443438783222,31.53000000000001,25.0,25.0,0.9792677826862083,0.2025700120769043,1.0,0.0,0.0,0.0,0.0,37.74499759889287,39.792264821259494,38.61536170604888,43.151191472262894,47.65000000000004,47.65000000000004,47.65000000000004,47.65000000000004
2025-12-26T11:35:27.338447,15.350,385.3057000166731,5700.734665740556,128.02938662962222,4100,1500,1520,40.0,35.0,20.0,5700.734665740556,96.02203997221667,1500,1520,800,0,0,128.02938662962222,128.02938662962222,64.01469331481111,0.0,4100,4200,390.0,96.02203997221667,31.535000000000007,25.0,25.0,0.9840255002347246,0.17802756777476958,1.0,0.0,0.0,0.0,0.0,36.17628959999849,35.72143423668204,38.320290948926306,43.508662040150526,47.67500000000004,47.67500000000004,47.67500000000004,47.67500000000004
2025-12-26T11:35:27.390065,15.400,385.234933471785,5606.236713491246,124.24946853964983,4100,1500,1520,40.0,35.0,20.0,5606.236713491246,93.18710140473738,1500,1520,800,0,0,124.24946853964983,124.24946853964983,62.12473426982491,0.0,4100,4200,390.0,93.18710140473738,31.54000000000001,25.0,25.0,0.9881682338770068,0.1533738620378231,1.0,0.0,0.0,0.0,0.0,35.54498828379661,44.60459419631632,38.22595674179245,41.10566470521616,47.700000000000045,47.700000000000045,47.700000000000045,47.700000000000045
2025-12-26T11:35:27.440591,15.450,385.0471541962299,5510.223485180184,120.40893940720736,4100,1500,1520,40.0,35.0,20.0,5510.223485180184,90.30670455540552,1500,1520,800,0,0,120.40893940720736,120.40893940720736,60.20446970360368,0.0,4100,4200,390.0,90.30670455540552,31.54500000000001,25.0,25.0,0.9916933945393805,0.1286243026296377,1.0,0.0,0.0,0.0,0.0,43.538785527762734,35.297118207185434,42.00910476669669,43.802514101980535,47.725000000000044,47.725000000000044,47.725000000000044,47.725000000000044
2025-12-26T11:35:27.491632,15.500,385.2847194394442,5412.934963875427,116.51739855501705,4100,1500,1520,40.0,35.0,20.0,5412.934963875427,87.38804891626279,1500,1520,800,0,0,116.51739855501705,116.51739855501705,58.258699277508526,0.0,4100,4200,390.0,87.38804891626279,31.550000000000008,25.0,25.0,0.9945987791111806,0.10379435721921057,1.0,0.0,0.0,0.0,0.0,35.89857659344424,44.828332932289605,36.096281114604395,43.93995758150033,47.75000000000004,47.75000000000004,47.75000000000004,47.75000000000004
2025-12-26T11:35:27.542565,15.550,385.8306606529584,5314.614320213352,112.58457280853409,4100,1500,1520,40.0,35.0,20.0,5314.614320213352,84.43842960640058,1500,1520,800,0,0,112.58457280853409,112.58457280853409,56.292286404267045,0.0,4100,4200,390.0,84.43842960640058,31.555000000000007,25.0,25.0,0.996882571821624,0.0788995437141736,1.0,0.0,0.0,0.0,0.0,36.47453108345061,41.023649171061884,41.75395886906603,41.008669885113264,47.77500000000004,47.77500000000004,47.77500000000004,47.77500000000004
2025-12-26T11:35:27.593095,15.600,386.14758759949734,5215.507304598715,108.6202921839486,4100,1500,1520,40.0,35.0,20.0,5215.507304598715,81.46521913796145,1500,1520,800,0,0,108.6202921839486,108.6202921839486,54.3101460919743,0.0,4100,4200,390.0,81.46521913796145,31.56000000000001,25.0,25.0,0.9985433453746073,0.05395542056260629,1.0,0.0,0.0,0.0,0.0,38.61281863921172,41.13006589113779,39.849541676356424,38.70733656120357,47.80000000000004,47.80000000000004,47.80000000000004,47.80000000000004
2025-12-26T11:35:27.643375,15.650,386.1667877688076,5115.861632956616,104.63446531826463,4100,1500,1520,40.0,35.0,20.0,5115.861632956616,78.47584898869847,1500,1520,800,0,0,104.63446531826463,104.63446531826463,52.317232659132316,0.0,4100,4200,390.0,78.47584898869847,31.56500000000001,25.0,25.0,0.9995800618407206,0.02897757702951211,1.0,0.0,0.0,0.0,0.0,44.389395694540724,38.73805439538424,42.658173911199746,37.87422173179258,47.825000000000045,47.825000000000045,47.825000000000045,47.825000000000045
2025-12-26T11:35:27.693909,15.700,386.5389102651986,5015.9263675716975,100.63705470286789,4100,1500,1520,40.0,35.0,20.0,5015.9263675716975,75.47779102715091,1500,1520,800,0,0,100.63705470286789,100.63705470286789,50.31852735143394,0.0,4100,4200,390.0,75.47779102715091,31.570000000000007,25.0,25.0,0.9999920733059189,0.00398162345403533,1.0,0.0,0.0,0.0,0.0,37.85049713044633,36.24905199530032,36.18427863826004,37.11608094586944,47.850000000000044,47.850000000000044,47.850000000000044,47.850000000000044
2025-12-26T11:35:27.744944,15.750,386.70367785641895,4915.951294562141,96.63805178248563,4100,1500,1520,40.0,35.0,20.0,4915.951294562141,72.47853883686423,1500,1520,800,0,0,96.63805178248563,96.63805178248563,48.319025891242816,0.0,4100,4200,390.0,72.47853883686423,31.57500000000001,25.0,25.0,0.9997791222764482,-0.02101681850649278,1.0,0.0,0.0,0.0,0.0,36.4428888121964,37.861975829003704,37.45374861364141,36.16436567127737,47.87500000000004,47.87500000000004,47.87500000000004,47.87500000000004
2025-12-26T11:35:27.795462,15.800,386.2540153246089,4816.18629954446,92.64745198177839,4100,1500,1520,40.0,35.0,20.0,4816.18629954446,69.4855889863338,1500,1520,800,0,0,92.64745198177839,92.64745198177839,46.323725990889194,0.0,4100,4200,390.0,69.4855889863338,31.58000000000001,25.0,25.0,0.99894134183977,-0.04600212563958131,1.0,0.0,0.0,0.0,0.0,35.21936301352997,39.90557192052803,42.98754383666859,41.44444913416321,47.90000000000005,47.90000000000005,47.90000000000005,47.90000000000005
2025-12-26T11:35:27.845651,15.850,387.0045979362618,4716.880743049593,88.67522972198371,4100,1500,1520,40.0,35.0,20.0,4716.880743049593,66.50642229148778,1500,1520,800,0,0,88.67522972198371,88.67522972198371,44.337614860991856,0.0,4100,4200,390.0,66.50642229148778,31.585000000000008,25.0,25.0,0.9974792555813863,-0.07095868294157893,1.0,0.0,0.0,0.0,0.0,36.159570589229276,36.60731164632311,38.73398176493284,37.85868463391022,47.92500000000005,47.92500000000005,47.92500000000005,47.92500000000005
2025-12-26T11:35:27.895960,15.900,386.6649147369963,4618.282837251443,84.73131349005774,4100,1500,1520,40.0,35.0,20.0,4618.282837251443,63.54848511754331,1500,1520,800,0,0,84.73131349005774,84.73131349005774,42.36565674502887,0.0,4100,4200,390.0,63.54848511754331,31.59000000000001,25.0,25.0,0.9953937772576156,-0.0958708933765429,1.0,0.0,0.0,0.0,0.0,40.97841621002374,44.995164808885164,43.411046624822575,35.01216008578226,47.950000000000045,47.950000000000045,47.950000000000045,47.950000000000045
2025-12-26T11:35:27.947113,15.950,386.762245002907,4520.63902556571,80.82556102262839,4100,1500,1520,40.0,35.0,20.0,4520.63902556571,60.619170766971294,1500,1520,800,0,0,80.82556102262839,80.82556102262839,40.412780511314196,0.0,4100,4200,390.0,60.619170766971294,31.59500000000001,25.0,25.0,0.992686210224525,-0.12072318762387883,1.0,0.0,0.0,0.0,0.0,37.56890485966499,41.24735892474036,39.356294099937806,37.14138364237448,47.975000000000044,47.975000000000044,47.975000000000044,47.975000000000044
2025-12-26T11:35:27.998755,16.000,387.02754673296954,4424.193366669692,76.9677346667877,4100,1500,1520,40.0,35.0,20.0,4424.193366669692,57.72580100009078,1500,1520,800,0,0,76.9677346667877,76.9677346667877,38.48386733339385,0.0,4100,4200,390.0,57.72580100009078,31.60000000000001,25.0,25.0,0.989358246623375,-0.14550003380865922,0.9999999999999999,0.0,0.0,0.0,0.0,35.32331046778297,43.109264531923074,44.80586922984584,44.48788935658303,48.00000000000004,48.00000000000004,48.00000000000004,48.00000000000004
2025-12-26T11:35:28.049870,16.050,387.5403786750412,4329.186924482703,73.16747697930813,4100,1500,1520,40.0,35.0,20.0,4329.186924482703,54.8756077344811,1500,1520,800,0,0,73.16747697930813,73.16747697930813,36.58373848965407,0.0,4100,4200,390.0,54.87560773448111,31.60500000000001,25.0,25.0,0.9854119663230867,-0.17018594720853975,1.0,0.0,0.0,0.0,0.0,39.01733122633354,42.80824144616483,37.57255910831943,44.52363268331248,48.02500000000005,48.02500000000005,48.02500000000005,48.02500000000005
2025-12-26T11:35:28.100429,16.100,387.07485524209295,4235.857165631811,69.43428662527245,4100,1500,1520,40.0,35.0,20.0,4235.857165631811,52.07571496895434,1500,1520,800,0,0,69.43428662527245,69.43428662527245,34.717143312636225,0.0,4100,4200,390.0,52.07571496895433,31.61000000000001,25.0,25.0,0.9808498356203905,-0.19476549993120668,1.0,0.0,0.0,0.0,0.0,41.99584019552006,37.769948788287046,43.873727567852406,35.779480416751795,48.05000000000005,48.05000000000005,48.05000000000005,48.05000000000005
2025-12-26T11:35:28.151160,16.150,387.4084559460335,4144.437365908944,65.77749463635777,4100,1500,1520,40.0,35.0,20.0,4144.437365908944,49.33312097726833,1500,1520,800,0,0,65.77749463635777,65.77749463635777,32.888747318178886,0.0,4100,4200,390.0,49.33312097726833,31.61500000000001,25.0,25.0,0.975674705698472,-0.21922333055630727,0.9999999999999999,0.0,0.0,0.0,0.0,35.25488556881336,37.29374670189111,43.13453729773034,43.57457632224472,48.075000000000045,48.075000000000045,48.075000000000045,48.075000000000045
2025-12-26T11:35:28.202720,16.200,387.1738458499533,4055.1560272028987,62.206241088115945,4100,1500,1520,40.0,35.0,20.0,4055.1560272028987,46.65468081608696,1500,1520,800,0,0,62.206241088115945,62.206241088115945,31.103120544057973,0.0,4100,4200,390.0,46.65468081608696,31.620000000000008,25.0,25.0,0.9698898108450746,-0.24354415373583763,1.0,0.0,0.0,0.0,0.0,42.060544094226266,43.280215541172474,40.881995757887694,40.66155246610299,48.10000000000005,48.10000000000005,48.10000000000005,48.10000000000005
2025-12-26T11:35:28.253514,16.250,387.5536812151357,3968.2363063636167,58.72945225454468,4100,1500,1520,40.0,35.0,20.0,3968.2363063636167,44.04708919090851,1500,1520,800,0,0,58.72945225454468,58.72945225454468,29.36472612727234,0.0,4100,4200,390.0,44.04708919090851,31.62500000000001,25.0,25.0,0.9634987664311753,-0.26771276974698754,1.0,0.0,0.0,0.0,0.0,42.937048651529324,35.25951420829987,39.268309123103386,37.998924972727025,48.12500000000005,48.12500000000005,48.12500000000005,48.12500000000005
2025-12-26T11:35:28.304040,16.300,387.7946371744062,3883.895457426282,55.355818297051286,4100,1500,1520,40.0,35.0,20.0,3883.895457426282,41.516863722788464,1500,1520,800,0,0,55.355818297051286,55.355818297051286,27.677909148525643,0.0,4100,4200,390.0,41.516863722788464,31.63000000000001,25.0,25.0,0.9565055666514951,-0.29171407399147237,1.0,0.0,0.0,0.0,0.0,41.038698897583146,37.340378347140536,39.06627856281756,41.67165182990014,48.15000000000005,48.15000000000005,48.15000000000005,48.15000000000005
2025-12-26T11:35:28.354562,16.350,387.5489647025831,3802.344288589372,52.09377154357489,4100,1500,1520,40.0,35.0,20.0,3802.344288589372,39.070328657681166,1500,1520,800,0,0,52.09377154357489,52.09377154357489,26.046885771787444,0.0,4100,4200,390.0,39.070328657681166,31.63500000000001,25.0,25.0,0.9489145820282581,-0.31553306643541557,1.0,0.0,0.0,0.0,0.0,40.77518026485965,40.43096597144719,41.9974564702012,42.30756024822851,48.17500000000005,48.17500000000005,48.17500000000005,48.17500000000005
2025-12-26T11:35:28.405078,16.400,387.77680162557743,3723.7866353039517,48.95146541215808,4100,1500,1520,40.0,35.0,20.0,3723.7866353039517,36.71359905911856,1500,1520,800,0,0,48.95146541215808,48.95146541215808,24.47573270607904,0.0,4100,4200,390.0,36.71359905911856,31.64000000000001,25.0,25.0,0.9407305566797562,-0.3391548609838813,0.9999999999999999,0.0,0.0,0.0,0.0,41.146983726682514,40.63888322769528,38.07717083636085,35.891867467662394,48.200000000000045,48.200000000000045,48.200000000000045,48.200000000000045
2025-12-26T11:35:28.459141,16.450,388.5018847499734,3648.4188507911995,45.936754031647986,4100,1500,1520,40.0,35.0,20.0,3648.4188507911995,34.45256552373599,1500,1520,800,0,0,45.936754031647986,45.936754031647986,22.968377015823993,0.0,4100,4200,390.0,34.45256552373599,31.64500000000001,25.0,25.0,0.9319586053554312,-0.36256469478419945,1.0,0.0,0.0,0.0,0.0,36.22170705550195,36.30685704504491,36.73327005814395,40.807035249544704,48.22500000000005,48.22500000000005,48.22500000000005,48.22500000000005
2025-12-26T11:35:28.509656,16.500,388.8159598591544,3576.429315261614,43.05717261046457,4100,1500,1520,40.0,35.0,20.0,3576.429315261614,32.29287945784843,1500,1520,800,0,0,43.05717261046457,43.05717261046457,21.528586305232285,0.0,4100,4200,390.0,32.29287945784843,31.65000000000001,25.0,25.0,0.922604210239321,-0.3857479374522677,1.0,0.0,0.0,0.0,0.0,36.215228187890894,36.84031877462496,42.97344697567704,41.98091639048745,48.25000000000005,48.25000000000005,48.25000000000005,48.25000000000005
2025-12-26T11:35:28.561915,16.550,388.5774173793121,3507.9979650625937,40.319918602503755,4100,1500,1520,40.0,35.0,20.0,3507.9979650625937,30.239938951877818,1500,1520,800,0,0,40.319918602503755,40.319918602503755,20.159959301251877,0.0,4100,4200,390.0,30.23993895187782,31.65500000000001,25.0,25.0,0.9126732175238749,-0.4086901002160657,1.0,0.0,0.0,0.0,0.0,37.2194735250708,44.91650562901808,36.01424080499048,43.154602259932446,48.27500000000005,48.27500000000005,48.27500000000005,48.27500000000005
2025-12-26T11:35:28.613150,16.600,388.57624072297926,3443.295842931278,37.73183371725112,4100,1500,1520,40.0,35.0,20.0,3443.295842931278,28.29887528793834,1500,1520,800,0,0,37.73183371725112,37.73183371725112,18.86591685862556,0.0,4100,4200,390.0,28.29887528793834,31.66000000000001,25.0,25.0,0.9021718337562719,-0.4313768449706657,0.9999999999999999,0.0,0.0,0.0,0.0,44.38447620292598,36.21847866376472,37.61379601019992,35.15519463766924,48.300000000000054,48.300000000000054,48.300000000000054,48.300000000000054
2025-12-26T11:35:28.664778,16.650,388.44830810660306,3382.4846704767815,35.29938681907126,4100,1500,1520,40.0,35.0,20.0,3382.4846704767815,26.474540114303444,1500,1520,800,0,0,35.29938681907126,35.29938681907126,17.64969340953563,0.0,4100,4200,390.0,26.474540114303444,31.66500000000001,25.0,25.0,0.8911066219595322,-0.4537939932390815,1.0,0.0,0.0,0.0,0.0,42.16177977470288,36.00776153478991,38.70215188807978,38.80466392847161,48.32500000000005,48.32500000000005,48.32500000000005,48.32500000000005
2025-12-26T11:35:28.714332,16.700,389.1495987453072,3325.716443960394,33.02865775841575,4100,1500,1520,40.0,35.0,20.0,3325.716443960394,24.77149331881181,1500,1520,800,0,0,33.02865775841575,33.02865775841575,16.514328879207874,0.0,4100,4200,390.0,24.77149331881181,31.67000000000001,25.0,25.0,0.8794844975308403,-0.47592753503335494,1.0,0.0,0.0,0.0,0.0,41.333136594272894,40.7042943617429,38.230370585011016,40.75796028349021,48.35000000000005,48.35000000000005,48.35000000000005,48.35000000000005
2025-12-26T11:35:28.764624,16.750,389.17132845878086,3273.133054384085,30.92532217536339,4100,1500,1520,40.0,35.0,20.0,3273.133054384085,23.193991631522543,1500,1520,800,0,0,30.92532217536339,30.92532217536339,15.462661087681695,0.0,4100,4200,390.0,23.193991631522543,31.67500000000001,25.0,25.0,0.867312723919648,-0.4977636376103426,1.0,0.0,0.0,0.0,0.0,40.19451768516646,38.830922825793536,37.87216625249826,40.96522072306322,48.37500000000005,48.37500000000005,48.37500000000005,48.37500000000005
2025-12-26T11:35:28.815213,16.800,388.87196102656486,3224.865932836896,28.994637313475835,4100,1500,1520,40.0,35.0,20.0,3224.865932836896,21.745977985106876,1500,1520,800,0,0,28.994637313475835,28.994637313475835,14.497318656737917,0.0,4100,4200,390.0,21.745977985106876,31.68000000000001,25.0,25.0,0.8545989080882537,-0.5192886541167296,0.9999999999999999,0.0,0.0,0.0,0.0,40.31071853641517,44.01705977123466,40.2057205235805,38.537290124031614,48.40000000000005,48.40000000000005,48.40000000000005,48.40000000000005
2025-12-26T11:35:28.865610,16.850,388.71793087987834,3181.035721985664,27.241428879426564,4100,1500,1520,40.0,35.0,20.0,3181.035721985664,20.431071659569923,1500,1520,800,0,0,27.241428879426564,27.241428879426564,13.620714439713282,0.0,4100,4200,390.0,20.431071659569923,31.68500000000001,25.0,25.0,0.8413509957576996,-0.5404891321178691,1.0,0.0,0.0,0.0,0.0,40.34993274381825,37.31972032832444,36.13947468322708,36.1303537191438,48.425000000000054,48.425000000000054,48.425000000000054,48.425000000000054
2025-12-26T11:35:28.916928,16.900,389.053117655351,3141.7519745311847,25.67007898124737,4100,1500,1520,40.0,35.0,20.0,3141.7519745311847,19.25255923593553,1500,1520,800,0,0,25.67007898124737,25.67007898124737,12.835039490623686,0.0,4100,4200,390.0,19.25255923593553,31.690000000000012,25.0,25.0,0.8275772664419541,-0.5613518220051156,1.0,0.0,0.0,0.0,0.0,41.83422522295997,36.96247312547105,38.28794893407352,42.00571361347419,48.45000000000005,48.45000000000005,48.45000000000005,48.45000000000005
2025-12-26T11:35:28.970455,16.950,388.94276728905083,3107.1128793835132,24.28451517534053,4100,1500,1520,40.0,35.0,20.0,3107.1128793835132,18.213386381505398,1500,1520,800,0,0,24.28451517534053,24.28451517534053,12.142257587670265,0.0,4100,4200,390.0,18.213386381505398,31.69500000000001,25.0,25.0,0.8132863282734852,-0.5818636852763994,1.0,0.0,0.0,0.0,0.0,43.6668144015005,40.054261941391914,43.09724935675487,38.639666052475484,48.47500000000005,48.47500000000005,48.47500000000005,48.47500000000005
2025-12-26T11:35:29.021525,17.000,388.67217428018483,3077.2050162408277,23.08820064963311,4100,1500,1520,40.0,35.0,20.0,3077.2050162408277,17.31615048722483,1500,1520,800,0,0,23.08820064963311,23.08820064963311,11.544100324816554,0.0,4100,4200,390.0,17.31615048722483,31.70000000000001,25.0,25.0,0.7984871126234582,-0.6020119026848662,1.0,0.0,0.0,0.0,0.0,37.477827055588094,43.1892378161749,37.25885323828757,37.54855126530652,48.50000000000006,48.50000000000006,48.50000000000006,48.50000000000006
2025-12-26T11:35:29.074070,17.050,389.33719879176476,3052.1031391852703,22.084125567410823,4100,1500,1520,40.0,35.0,20.0,3052.1031391852703,16.563094175558117,1500,1520,800,0,0,22.084125567410823,22.084125567410823,11.042062783705411,0.0,4100,4200,390.0,16.563094175558117,31.705000000000013,25.0,25.0,0.7831888685199191,-0.6217838822504882,1.0,0.0,0.0,0.0,0.0,38.12994301433717,37.18682003488953,37.92169539397043,37.45945920239568,48.525000000000055,48.525000000000055,48.525000000000055,48.525000000000055
2025-12-26T11:35:29.125120,17.100,389.34232169165097,3031.8699898366754,21.274799593467023,4100,1500,1520,40.0,35.0,20.0,3031.8699898366754,15.956099695100267,1500,1520,800,0,0,21.274799593467023,21.274799593467023,10.637399796733511,0.0,4100,4200,390.0,15.956099695100267,31.71000000000001,25.0,25.0,0.7674011568674531,-0.6411672671296427,1.0,0.0,0.0,0.0,0.0,37.192027927666786,38.80793024249188,41.9134142723505,35.094127324965314,48.550000000000054,48.550000000000054,48.550000000000054,48.550000000000054
2025-12-26T11:35:29.176675,17.150,389.53577617707026,3016.5561405311937,20.66224562124775,4100,1500,1520,40.0,35.0,20.0,3016.5561405311937,15.496684215935812,1500,1520,800,0,0,20.66224562124775,20.66224562124775,10.331122810623874,0.0,4100,4200,390.0,15.496684215935812,31.71500000000001,25.0,25.0,0.751133844471931,-0.6601499433377367,1.0,0.0,0.0,0.0,0.0,35.929331989476225,38.54932940542479,41.34221720211459,40.62045195503043,48.57500000000005,48.57500000000005,48.57500000000005,48.57500000000005
2025-12-26T11:35:29.227736,17.200,388.8355067731644,3006.1998679167905,20.247994716671627,4100,1500,1520,40.0,35.0,20.0,3006.1998679167905,15.18599603750372,1500,1520,800,0,0,20.247994716671627,20.247994716671627,10.123997358335814,0.0,4100,4200,390.0,15.185996037503719,31.72000000000001,25.0,25.0,0.734397097874076,-0.6787200473200529,1.0,0.0,0.0,0.0,0.0,43.38461267277472,37.634741012404334,41.221957081911654,37.95710270745979,48.60000000000005,48.60000000000005,48.60000000000005,48.60000000000005
2025-12-26T11:35:29.278749,17.250,389.15951606504467,3000.827057281559,20.03308229126236,4100,1500,1520,40.0,35.0,20.0,3000.827057281559,15.02481171844677,1500,1520,800,0,0,20.03308229126236,20.03308229126236,10.01654114563118,0.0,4100,4200,390.0,15.02481171844677,31.725000000000012,25.0,25.0,0.7172013769957072,-0.6968659733660852,1.0,0.0,0.0,0.0,0.0,40.95384398845705,39.73069369055436,39.747914722345655,38.907223170383105,48.62500000000006,48.62500000000006,48.62500000000006,48.62500000000006
2025-12-26T11:35:29.329006,17.300,389.04543713533366,3000.4511378539823,20.018045514159297,4100,1500,1520,40.0,35.0,20.0,3000.4511378539823,15.013534135619473,1500,1520,800,0,0,20.018045514159297,20.018045514159297,10.009022757079649,0.0,4100,4200,390.0,15.013534135619471,31.73000000000001,25.0,25.0,0.6995574286026287,-0.7145763808627306,1.0,0.0,0.0,0.0,0.0,41.32647041458402,39.78408354975225,41.87402302578559,43.177715729429,48.650000000000055,48.650000000000055,48.650000000000055,48.650000000000055
2025-12-26T11:35:29.379268,17.350,389.10646649314305,3005.073049236854,20.202921969474147,4100,1500,1520,40.0,35.0,20.0,3005.073049236854,15.15219147710561,1500,1520,800,0,0,20.202921969474147,20.202921969474147,10.101460984737074,0.0,4100,4200,390.0,15.152191477105612,31.73500000000001,25.0,25.0,0.6814762795882507,-0.7318402013818017,0.9999999999999999,0.0,0.0,0.0,0.0,37.10403885044993,37.251541082156336,39.70883119010467,40.30067805742012,48.675000000000054,48.675000000000054,48.675000000000054,48.675000000000054
2025-12-26T11:35:29.436354,17.400,389.64536775326116,3014.681239058761,20.58724956235045,4100,1500,1520,40.0,35.0,20.0,3014.681239058761,15.440437171762838,1500,1520,800,0,0,20.58724956235045,20.58724956235045,10.293624781175225,0.0,4100,4200,390.0,15.440437171762838,31.740000000000013,25.0,25.0,0.6629692300821408,-0.7486466455974364,1.0,0.0,0.0,0.0,0.0,38.658619579602025,43.358953129095624,38.29484758910751,35.06075949771542,48.70000000000006,48.70000000000006,48.70000000000006,48.70000000000006
2025-12-26T11:35:29.487373,17.450,388.99381043698685,3029.2516918489982,21.170067673959934,4100,1500,1520,40.0,35.0,20.0,3029.2516918489982,15.87755075546995,1500,1520,800,0,0,21.170067673959934,21.170067673959934,10.585033836979967,0.0,4100,4200,390.0,15.87755075546995,31.74500000000001,25.0,25.0,0.6440478463878094,-0.7649852100290728,1.0,0.0,0.0,0.0,0.0,41.60084285903601,38.68517296835706,44.356360141280284,42.56088424862934,48.72500000000006,48.72500000000006,48.72500000000006,48.72500000000006
2025-12-26T11:35:29.538164,17.500,389.09443196731553,3048.747989063735,21.949919562549397,4100,1500,1520,40.0,35.0,20.0,3048.747989063735,16.462439671912048,1500,1520,800,0,0,21.949919562549397,21.949919562549397,10.974959781274698,0.0,4100,4200,390.0,16.462439671912048,31.75000000000001,25.0,25.0,0.624723953754148,-0.7808456836057847,1.0,0.0,0.0,0.0,0.0,43.0931442236149,38.027262372520326,35.33571310201907,41.3439160051109,48.75000000000006,48.75000000000006,48.75000000000006,48.75000000000006
2025-12-26T11:35:29.594179,17.550,389.5256593945553,3073.121400113409,22.924856004536366,4100,1500,1520,40.0,35.0,20.0,3073.121400113409,17.193642003402275,1500,1520,800,0,0,22.924856004536366,22.924856004536366,11.462428002268183,0.0,4100,4200,390.0,17.193642003402275,31.75500000000001,25.0,25.0,0.6050096289850329,-0.796218154047867,1.0,0.0,0.0,0.0,0.0,35.42770567778634,38.74356636199703,42.84761618392285,41.32812623331646,48.775000000000055,48.775000000000055,48.775000000000055,48.775000000000055
2025-12-26T11:35:29.645262,17.600,388.82870472055595,3102.311004163824,24.092440166552947,4100,1500,1520,40.0,35.0,20.0,3102.311004163824,18.06933012491471,1500,1520,800,0,0,24.092440166552947,24.092440166552947,12.046220083276474,0.0,4100,4200,390.0,18.06933012491471,31.760000000000012,25.0,25.0,0.5849171928917156,-0.8110930140616892,1.0,0.0,0.0,0.0,0.0,37.54694729138426,41.14551748774274,35.97267556346097,39.87384592087071,48.800000000000054,48.800000000000054,48.800000000000054,48.800000000000054
2025-12-26T11:35:29.697363,17.650,389.34387367280834,3136.243842406505,25.449753696260203,4100,1500,1520,40.0,35.0,20.0,3136.243842406505,19.087315272195152,1500,1520,800,0,0,25.449753696260203,25.449753696260203,12.724876848130101,0.0,4100,4200,390.0,19.087315272195152,31.76500000000001,25.0,25.0,0.5644592025927175,-0.8254609673439401,0.9999999999999999,0.0,0.0,0.0,0.0,44.8005388045912,35.27172795718234,43.52394669267976,43.71765880565277,48.82500000000006,48.82500000000006,48.82500000000006,48.82500000000006
2025-12-26T11:35:29.751431,17.700,388.62666694577456,3174.8351004177266,26.99340401670908,4100,1500,1520,40.0,35.0,20.0,3174.8351004177266,20.24505301253181,1500,1520,800,0,0,26.99340401670908,26.99340401670908,13.49670200835454,0.0,4100,4200,390.0,20.24505301253181,31.77000000000001,25.0,25.0,0.5436484436660391,-0.8393130343915156,1.0,0.0,0.0,0.0,0.0,41.477135765396625,39.359589633085136,42.47467352043996,40.75153458580902,48.85000000000006,48.85000000000006,48.85000000000006,48.85000000000006
2025-12-26T11:35:29.800945,17.750,388.7792133238093,3217.9883201504,28.71953280601599,4100,1500,1520,40.0,35.0,20.0,3217.9883201504,21.539649604511993,1500,1520,800,0,0,28.71953280601599,28.71953280601599,14.359766403007995,0.0,4100,4200,390.0,21.539649604511993,31.775000000000013,25.0,25.0,0.5224979221585904,-0.8526405581134149,1.0,0.0,0.0,0.0,0.0,40.406789692699405,39.88498967859888,35.39146275886036,44.41438998488799,48.87500000000006,48.87500000000006,48.87500000000006,48.87500000000006
2025-12-26T11:35:29.851470,17.800,389.2482344988678,3265.5956410289537,30.623825641158163,4100,1500,1520,40.0,35.0,20.0,3265.5956410289537,22.967869230868622,1500,1520,800,0,0,30.623825641158163,30.623825641158163,15.311912820579082,0.0,4100,4200,390.0,22.967869230868622,31.780000000000012,25.0,25.0,0.5010208564578339,-0.8654352092411416,1.0,0.0,0.0,0.0,0.0,38.32288345261808,42.92094905741869,42.54374058415645,39.96486101563313,48.90000000000006,48.90000000000006,48.90000000000006,48.90000000000006
2025-12-26T11:35:29.901998,17.850,388.5474585916462,3317.538069544607,32.70152278178428,4100,1500,1520,40.0,35.0,20.0,3317.538069544607,24.526142086338208,1500,1520,800,0,0,32.70152278178428,32.70152278178428,16.35076139089214,0.0,4100,4200,390.0,24.526142086338208,31.78500000000001,25.0,25.0,0.47923066903072425,-0.8776889915342247,1.0,0.0,0.0,0.0,0.0,43.55395996773535,44.252692634460594,39.05736366058587,35.48297175460625,48.92500000000006,48.92500000000006,48.92500000000006,48.92500000000006
2025-12-26T11:35:29.952497,17.900,389.0624444291506,3373.6857766771636,34.947431067086555,4100,1500,1520,40.0,35.0,20.0,3373.6857766771636,26.210573300314916,1500,1520,800,0,0,34.947431067086555,34.947431067086555,17.473715533543277,0.0,4100,4200,390.0,26.210573300314916,31.790000000000013,25.0,25.0,0.45714097803510206,-0.8893942467776089,1.0,0.0,0.0,0.0,0.0,41.44101821178511,35.258817157910485,43.54577854854057,44.84714754298782,48.95000000000006,48.95000000000006,48.95000000000006,48.95000000000006
2025-12-26T11:35:30.004263,17.950,389.05136326133345,3433.8984223999532,37.35593689599811,4100,1500,1520,40.0,35.0,20.0,3433.8984223999532,28.016952671998585,1500,1520,800,0,0,37.35593689599811,37.35593689599811,18.677968447999056,0.0,4100,4200,390.0,28.016952671998588,31.795000000000012,25.0,25.0,0.4347655888087891,-0.9005436595677896,1.0,0.0,0.0,0.0,0.0,36.38672873763313,44.902877905097434,43.701885448525324,35.800401404488774,48.97500000000006,48.97500000000006,48.97500000000006,48.97500000000006
2025-12-26T11:35:30.057232,18.000,388.4981299679842,3498.0255064568073,39.92102025827229,4100,1500,1520,40.0,35.0,20.0,3498.0255064568073,29.94076519370422,1500,1520,800,0,0,39.92102025827229,39.92102025827229,19.960510129136146,0.0,4100,4200,390.0,29.94076519370422,31.80000000000001,25.0,25.0,0.4121184852417015,-0.9111302618847019,1.0,0.0,0.0,0.0,0.0,42.91348869685123,42.48891542781206,39.99161620145177,37.10924925136117,49.00000000000006,49.00000000000006,49.00000000000006,49.00000000000006
2025-12-26T11:35:30.108242,18.050,387.93327066697276,3565.906744534325,42.636269781372995,4100,1500,1520,40.0,35.0,20.0,3565.906744534325,31.977202336029748,1500,1520,800,0,0,42.636269781372995,42.636269781372995,21.318134890686498,0.0,4100,4200,390.0,31.977202336029745,31.805000000000014,25.0,25.0,0.38921382103637364,-0.9211474374465065,1.0,0.0,0.0,0.0,0.0,40.704606664060954,41.904393742216136,35.816758771494484,39.95916290817716,49.02500000000006,49.02500000000006,49.02500000000006,49.02500000000006
2025-12-26T11:35:30.158966,18.100,388.0805886383738,3637.372468889177,45.49489875556708,4100,1500,1520,40.0,35.0,20.0,3637.372468889177,34.12117406667531,1500,1520,800,0,0,45.49489875556708,45.49489875556708,22.74744937778354,0.0,4100,4200,390.0,34.12117406667531,31.810000000000013,25.0,25.0,0.3660659108623548,-0.9305889258445506,0.9999999999999999,0.0,0.0,0.0,0.0,36.1439607554434,39.515795180462305,37.424015996954644,37.1288683544554,49.05000000000006,49.05000000000006,49.05000000000006,49.05000000000006
2025-12-26T11:35:30.209488,18.150,387.8297312398055,3712.244052429106,48.48976209716425,4100,1500,1520,40.0,35.0,20.0,3712.244052429106,36.36732157287319,1500,1520,800,0,0,48.48976209716425,48.48976209716425,24.244881048582126,0.0,4100,4200,390.0,36.36732157287319,31.815000000000012,25.0,25.0,0.3426892214100068,-0.939448826455919,1.0,0.0,0.0,0.0,0.0,44.2509102747586,39.83053274805367,44.837087805371965,36.14838860225,49.07500000000006,49.07500000000006,49.07500000000006,49.07500000000006
2025-12-26T11:35:30.260884,18.200,387.6346054328506,3790.3343551876296,51.613374207505196,4100,1500,1520,40.0,35.0,20.0,3790.3343551876296,38.7100306556289,1500,1520,800,0,0,51.613374207505196,51.613374207505196,25.806687103752598,0.0,4100,4200,390.0,38.7100306556289,31.82000000000001,25.0,25.0,0.3190983623492932,-0.9477216021311318,1.0,0.0,0.0,0.0,0.0,42.88448341899393,42.005035238102316,43.60313939193451,35.04301608660092,49.100000000000065,49.100000000000065,49.100000000000065,49.100000000000065
2025-12-26T11:35:30.311483,18.250,388.1459402301208,3871.4481920764947,54.8579276830598,4100,1500,1520,40.0,35.0,20.0,3871.4481920764947,41.143445762294846,1500,1520,800,0,0,54.8579276830598,54.8579276830598,27.4289638415299,0.0,4100,4200,390.0,41.143445762294846,31.825000000000014,25.0,25.0,0.29530807719921137,-0.9554020826546824,1.0,0.0,0.0,0.0,0.0,41.42289040274957,42.53377693309882,42.107148281880896,36.2736797842508,49.125000000000064,49.125000000000064,49.125000000000064,49.125000000000064
2025-12-26T11:35:30.361962,18.300,387.89510485011976,3955.382820746749,58.21531282986996,4100,1500,1520,40.0,35.0,20.0,3955.382820746749,43.66148462240247,1500,1520,800,0,0,58.21531282986996,58.21531282986996,29.10765641493498,0.0,4100,4200,390.0,43.66148462240247,31.830000000000013,25.0,25.0,0.2713332341135729,-0.9624854679762542,1.0,0.0,0.0,0.0,0.0,37.7800731998343,35.042342350771435,43.84747889975262,36.75257627087034,49.15000000000006,49.15000000000006,49.15000000000006,49.15000000000006
2025-12-26T11:35:30.412558,18.350,387.84623479915746,4041.928448339026,61.67713793356104,4100,1500,1520,40.0,35.0,20.0,4041.928448339026,46.257853450170785,1500,1520,800,0,0,61.67713793356104,61.67713793356104,30.83856896678052,0.0,4100,4200,390.0,46.257853450170785,31.83500000000001,25.0,25.0,0.24718881658889147,-0.9689673312105952,1.0,0.0,0.0,0.0,0.0,39.06761308116205,44.003770503657336,41.571851713043024,43.31720663970547,49.17500000000006,49.17500000000006,49.17500000000006,49.17500000000006
2025-12-26T11:35:30.464381,18.400,387.88192516064527,4130.868755856437,65.23475023425748,4100,1500,1520,40.0,35.0,20.0,4130.868755856437,48.9260626756931,1500,1520,800,0,0,65.23475023425748,65.23475023425748,32.61737511712874,0.0,4100,4200,390.0,48.9260626756931,31.840000000000014,25.0,25.0,0.2228899141001853,-0.9748436214041778,0.9999999999999999,0.0,0.0,0.0,0.0,36.12857339206326,44.890241371258,43.034065283734826,35.97162054316814,49.20000000000006,49.20000000000006,49.20000000000006,49.20000000000006
2025-12-26T11:35:30.516934,18.450,386.9543233271768,4221.981438849405,68.87925755397619,4100,1500,1520,40.0,35.0,20.0,4221.981438849405,51.659443165482145,1500,1520,800,0,0,68.87925755397619,68.87925755397619,34.439628776988094,0.0,4100,4200,390.0,51.65944316548214,31.845000000000013,25.0,25.0,0.19845171267054643,-0.9801106660669126,1.0,0.0,0.0,0.0,0.0,35.984142251253466,44.47218201976337,41.749361830429,36.07410306080287,49.225000000000065,49.225000000000065,49.225000000000065,49.225000000000065
2025-12-26T11:35:30.570984,18.500,387.48252031256646,4315.038763061015,72.6015505224406,4100,1500,1520,40.0,35.0,20.0,4315.038763061015,54.45116289183045,1500,1520,800,0,0,72.6015505224406,72.6015505224406,36.3007752612203,0.0,4100,4200,390.0,54.45116289183045,31.850000000000012,25.0,25.0,0.17388948538037058,-0.9847651734673347,0.9999999999999999,0.0,0.0,0.0,0.0,43.45906104954839,40.418586909030516,35.90910589566135,41.67700909279085,49.250000000000064,49.250000000000064,49.250000000000064,49.250000000000064
2025-12-26T11:35:30.621437,18.550,387.4941070191352,4409.808133644056,76.39232534576227,4100,1500,1520,40.0,35.0,20.0,4409.808133644056,57.2942440093217,1500,1520,800,0,0,76.39232534576227,76.39232534576227,38.19616267288114,0.0,4100,4200,390.0,57.2942440093217,31.85500000000001,25.0,25.0,0.14921858282217906,-0.98880423468983,0.9999999999999999,0.0,0.0,0.0,0.0,42.98563232484963,40.33105453524652,36.29491228926932,38.454997899915455,49.27500000000006,49.27500000000006,49.27500000000006,49.27500000000006
2025-12-26T11:35:30.672985,18.600,387.04094509627856,4506.052676527006,80.24210706108025,4100,1500,1520,40.0,35.0,20.0,4506.052676527006,60.181580295810186,1500,1520,800,0,0,80.24210706108025,80.24210706108025,40.121053530540124,0.0,4100,4200,390.0,60.18158029581018,31.860000000000014,25.0,25.0,0.12445442350699826,-0.9922253254526114,1.0,0.0,0.0,0.0,0.0,38.24592627117013,36.96420617555347,39.33833030405404,42.07958063485623,49.30000000000007,49.30000000000007,49.30000000000007,49.30000000000007
2025-12-26T11:35:30.726050,18.650,386.68074699722337,4603.531830475845,84.14127321903379,4100,1500,1520,40.0,35.0,20.0,4603.531830475845,63.105954914275344,1500,1520,800,0,0,84.14127321903379,84.14127321903379,42.070636609516896,0.0,4100,4200,390.0,63.105954914275344,31.865000000000013,25.0,25.0,0.09961248422829191,-0.9950263076853135,0.9999999999999999,0.0,0.0,0.0,0.0,39.00200225583727,40.58634592803235,44.371549877386954,41.23097561411084,49.32500000000007,49.32500000000007,49.32500000000007,49.32500000000007
2025-12-26T11:35:30.775562,18.700,386.48652065686036,4702.001948371862,88.0800779348745,4100,1500,1520,40.0,35.0,20.0,4702.001948371862,66.06005845115587,1500,1520,800,0,0,88.0800779348745,88.0800779348745,44.04003896743725,0.0,4100,4200,390.0,66.06005845115587,31.87000000000001,25.0,25.0,0.07470829038946925,-0.9972054308652168,1.0,0.0,0.0,0.0,0.0,42.2091791681151,35.848416265930005,35.88018467156679,36.26467508064491,49.350000000000065,49.350000000000065,49.350000000000065,49.350000000000065
2025-12-26T11:35:30.825808,18.750,386.18608205900614,4801.216906202565,92.04867624810261,4100,1500,1520,40.0,35.0,20.0,4801.216906202565,69.03650718607696,1500,1520,800,0,0,92.04867624810261,92.04867624810261,46.024338124051305,0.0,4100,4200,390.0,69.03650718607696,31.875000000000014,25.0,25.0,0.04975740630101297,-0.9987613331112674,1.0,0.0,0.0,0.0,0.0,38.07527819383751,40.44107332515574,44.95662743005048,44.488911587745264,49.375000000000064,49.375000000000064,49.375000000000064,49.375000000000064
2025-12-26T11:35:30.876610,18.800,386.27224456489813,4900.928718243527,96.0371487297411,4100,1500,1520,40.0,35.0,20.0,4900.928718243527,72.02786154730583,1500,1520,800,0,0,96.0371487297411,96.0371487297411,48.01857436487055,0.0,4100,4200,390.0,72.02786154730583,31.880000000000013,25.0,25.0,0.02477542545329206,-0.9996930420352081,1.0,0.0,0.0,0.0,0.0,43.05993454148335,35.51538366654826,38.513545143678,36.44057340073477,49.40000000000006,49.40000000000006,49.40000000000006,49.40000000000006
2025-12-26T11:35:30.926896,18.850,386.0964643838934,5000.888156893555,100.03552627574221,4100,1500,1520,40.0,35.0,20.0,5000.888156893555,75.02664470680666,1500,1520,800,0,0,100.03552627574221,100.03552627574221,50.01776313787111,0.0,4100,4200,390.0,75.02664470680666,31.885000000000012,25.0,25.0,-0.00022203922886224547,-0.9999999753492901,0.9999999999999999,0.0,0.0,0.0,0.0,40.501449125924005,40.78288184411998,37.303497771394625,39.98798919546677,49.42500000000007,49.42500000000007,49.42500000000007,49.42500000000007
2025-12-26T11:35:30.980596,18.900,385.6098026876874,5100.845375613892,104.03381502455568,4100,1500,1520,40.0,35.0,20.0,5100.845375613892,78.02536126841676,1500,1520,800,0,0,104.03381502455568,104.03381502455568,52.01690751227784,0.0,4100,4200,390.0,78.02536126841676,31.890000000000015,25.0,25.0,-0.0252193651437262,-0.9996819412301832,1.0,0.0,0.0,0.0,0.0,41.38292623832002,41.331967108255164,40.16976308077349,36.07336330264046,49.45000000000007,49.45000000000007,49.45000000000007,49.45000000000007
2025-12-26T11:35:31.031664,18.950,385.6770310165889,5200.550533414451,108.02202133657802,4100,1500,1520,40.0,35.0,20.0,5200.550533414451,81.01651600243352,1500,1520,800,0,0,108.02202133657802,108.02202133657802,54.01101066828901,0.0,4100,4200,390.0,81.01651600243352,31.895000000000014,25.0,25.0,-0.050200929776301105,-0.9987391384388593,1.0,0.0,0.0,0.0,0.0,44.59300307297928,35.61288538444793,43.51514004176008,42.03660398997669,49.475000000000065,49.475000000000065,49.475000000000065,49.475000000000065
2025-12-26T11:35:31.082199,19.000,386.2877004332277,5299.754419326172,111.99017677304687,4100,1500,1520,40.0,35.0,20.0,5299.754419326172,83.99263257978515,1500,1520,800,0,0,111.99017677304687,111.99017677304687,55.995088386523435,0.0,4100,4200,390.0,83.99263257978515,31.900000000000013,25.0,25.0,-0.07515112046187662,-0.9971721561963734,1.0,0.0,0.0,0.0,0.0,42.28088389500212,36.247432154587976,37.31076358411059,35.351653504388686,49.50000000000007,49.50000000000007,49.50000000000007,49.50000000000007
2025-12-26T11:35:31.135289,19.050,385.8466343264572,5398.2090752986605,115.92836301194644,4100,1500,1520,40.0,35.0,20.0,5398.2090752986605,86.94627225895984,1500,1520,800,0,0,115.92836301194644,115.92836301194644,57.96418150597322,0.0,4100,4200,390.0,86.94627225895984,31.905000000000015,25.0,25.0,-0.10005434414343803,-0.9949819738156197,1.0,0.0,0.0,0.0,0.0,42.5771275084759,41.9857994180485,39.37534209781067,42.20440310640111,49.52500000000007,49.52500000000007,49.52500000000007,49.52500000000007
2025-12-26T11:35:31.187813,19.100,385.92751963401713,5495.668415966181,119.82673663864725,4100,1500,1520,40.0,35.0,20.0,5495.668415966181,89.87005247898543,1500,1520,800,0,0,119.82673663864725,119.82673663864725,59.913368319323624,0.0,4100,4200,390.0,89.87005247898543,31.910000000000014,25.0,25.0,-0.12489503711681929,-0.9921699600892925,0.9999999999999999,0.0,0.0,0.0,0.0,42.66747345171491,37.12680183031608,39.38220325839037,41.6770925748834,49.55000000000007,49.55000000000007,49.55000000000007,49.55000000000007
2025-12-26T11:35:31.237279,19.150,385.81533898597445,5591.888843732907,123.67555374931626,4100,1500,1520,40.0,35.0,20.0,5591.888843732907,92.7566653119872,1500,1520,800,0,0,123.67555374931626,123.67555374931626,61.83777687465813,0.0,4100,4200,390.0,92.7566653119872,31.915000000000013,25.0,25.0,-0.1496576747575115,-0.9887378724344359,1.0,0.0,0.0,0.0,0.0,36.08962877743488,43.96145150541648,37.52193170379701,41.4060907305852,49.57500000000007,49.57500000000007,49.57500000000007,49.57500000000007
2025-12-26T11:35:31.288468,19.200,385.70083194654677,5686.629857640051,127.46519430560204,4100,1500,1520,40.0,35.0,20.0,5686.629857640051,95.59889572920153,1500,1520,800,0,0,127.46519430560204,127.46519430560204,63.73259715280102,0.0,4100,4200,390.0,95.59889572920153,31.920000000000012,25.0,25.0,-0.17432678122304784,-0.9846878557941149,1.0,0.0,0.0,0.0,0.0,35.748137702883724,41.350006615232815,39.92461041649986,40.34386375082419,49.600000000000065,49.600000000000065,49.600000000000065,49.600000000000065
2025-12-26T11:35:31.339033,19.250,385.1661700550944,5779.6546544930125,131.1861861797205,4100,1500,1520,40.0,35.0,20.0,5779.6546544930125,98.38963963479037,1500,1520,800,0,0,131.1861861797205,131.1861861797205,65.59309308986025,0.0,4100,4200,390.0,98.38963963479037,31.925000000000015,25.0,25.0,-0.1988869391249015,-0.9800224412968959,1.0,0.0,0.0,0.0,0.0,36.21212784365379,37.10615638682727,40.19697198966063,36.538637937339374,49.62500000000007,49.62500000000007,49.62500000000007,49.62500000000007
2025-12-26T11:35:31.389549,19.300,385.0427554370539,5870.730720746036,134.82922882984144,4100,1500,1520,40.0,35.0,20.0,5870.730720746036,101.12192162238108,1500,1520,800,0,0,134.82922882984144,134.82922882984144,67.41461441492072,0.0,4100,4200,390.0,101.12192162238108,31.930000000000014,25.0,25.0,-0.22332279916385142,-0.9747445446749738,1.0,0.0,0.0,0.0,0.0,35.934837290729924,43.52620854028467,37.2105527291252,38.4963423480532,49.65000000000007,49.65000000000007,49.65000000000007,49.65000000000007
2025-12-26T11:35:31.440102,19.350,384.80016931332386,5959.630413664988,138.3852165465995,4100,1500,1520,40.0,35.0,20.0,5959.630413664988,103.78891240994963,1500,1520,800,0,0,138.3852165465995,138.3852165465995,69.19260827329975,0.0,4100,4200,390.0,103.78891240994963,31.935000000000013,25.0,25.0,-0.24761908972279484,-0.9688574644419345,1.0,0.0,0.0,0.0,0.0,37.44609397323328,40.530350004505166,44.26612152008158,44.92673800986967,49.67500000000007,49.67500000000007,49.67500000000007,49.67500000000007
2025-12-26T11:35:31.490597,19.400,385.0149667997723,6046.131530315635,141.84526121262542,4100,1500,1520,40.0,35.0,20.0,6046.131530315635,106.38394590946906,1500,1520,800,0,0,141.84526121262542,141.84526121262542,70.92263060631271,0.0,4100,4200,390.0,106.38394590946908,31.940000000000015,25.0,25.0,-0.27176062641101084,-0.9623648798312909,1.0,0.0,0.0,0.0,0.0,36.47928841739672,41.53146812447404,39.513455949249824,37.09694748978597,49.700000000000074,49.700000000000074,49.700000000000074,49.700000000000074
2025-12-26T11:35:31.541175,19.450,384.1141283174967,6130.017862955263,145.2007145182105,4100,1500,1520,40.0,35.0,20.0,6130.017862955263,108.90053588865788,1500,1520,800,0,0,145.2007145182105,145.2007145182105,72.60035725910525,0.0,4100,4200,390.0,108.9005358886579,31.945000000000014,25.0,25.0,-0.29573232155391016,-0.9552708484970819,1.0,0.0,0.0,0.0,0.0,42.4434714622365,37.96058041994966,38.061294203778814,43.78394461317541,49.72500000000007,49.72500000000007,49.72500000000007,49.72500000000007
2025-12-26T11:35:31.593703,19.500,384.64578406969576,6211.0797394394285,148.44318957757713,4100,1500,1520,40.0,35.0,20.0,6211.0797394394285,111.33239218318285,1500,1520,800,0,0,148.44318957757713,148.44318957757713,74.22159478878856,0.0,4100,4200,390.0,111.33239218318286,31.950000000000014,25.0,25.0,-0.319519193622341,-0.9475798039779705,1.0,0.0,0.0,0.0,0.0,40.06598229659697,38.60320481731834,35.86566508844433,39.77379581714407,49.75000000000007,49.75000000000007,49.75000000000007,49.75000000000007
2025-12-26T11:35:31.644769,19.550,383.8592729689922,6289.114547293131,151.56458189172525,4100,1500,1520,40.0,35.0,20.0,6289.114547293131,113.67343641879394,1500,1520,800,0,0,151.56458189172525,151.56458189172525,75.78229094586263,0.0,4100,4200,390.0,113.67343641879395,31.955000000000013,25.0,25.0,-0.34310637659555654,-0.939296552926427,0.9999999999999999,0.0,0.0,0.0,0.0,37.74471811747015,42.844073271897194,39.94065988510749,37.14786381414531,49.77500000000007,49.77500000000007,49.77500000000007,49.77500000000007
2025-12-26T11:35:31.695305,19.600,384.18077019417774,6363.927240136479,154.55708960545917,4100,1500,1520,40.0,35.0,20.0,6363.927240136479,115.91781720409438,1500,1520,800,0,0,154.55708960545917,154.55708960545917,77.27854480272958,0.0,4100,4200,390.0,115.91781720409438,31.960000000000015,25.0,25.0,-0.3664791292519945,-0.9304262721047272,1.0,0.0,0.0,0.0,0.0,37.34204125942647,40.459223112025754,37.99027804073822,43.66905257038027,49.80000000000007,49.80000000000007,49.80000000000007,49.80000000000007
2025-12-26T11:35:31.746943,19.650,384.09997480774575,6435.330825199061,157.41323300796245,4100,1500,1520,40.0,35.0,20.0,6435.330825199061,118.05992475597183,1500,1520,800,0,0,157.41323300796245,157.41323300796245,78.70661650398122,0.0,4100,4200,390.0,118.05992475597183,31.965000000000014,25.0,25.0,-0.38962284438206063,-0.9209745051496445,1.0,0.0,0.0,0.0,0.0,44.361679121332116,38.49494643802732,36.04750318029546,37.46311832467245,49.825000000000074,49.825000000000074,49.825000000000074,49.825000000000074
2025-12-26T11:35:31.796958,19.700,383.7526478153367,6503.146830704489,160.12587322817956,4100,1500,1520,40.0,35.0,20.0,6503.146830704489,120.09440492113467,1500,1520,800,0,0,160.12587322817956,160.12587322817956,80.06293661408978,0.0,4100,4200,390.0,120.09440492113467,31.970000000000013,25.0,25.0,-0.41252305791715904,-0.9109471591078575,1.0,0.0,0.0,0.0,0.0,38.95579659175944,35.3422108768889,43.81848235413256,36.96913228157272,49.85000000000007,49.85000000000007,49.85000000000007,49.85000000000007
2025-12-26T11:35:31.847313,19.750,383.76091263319415,6567.205751956892,162.68823007827567,4100,1500,1520,40.0,35.0,20.0,6567.205751956892,122.01617255870676,1500,1520,800,0,0,162.68823007827567,162.68823007827567,81.34411503913783,0.0,4100,4200,390.0,122.01617255870676,31.975000000000016,25.0,25.0,-0.4351654579692644,-0.9003505007442382,1.0,0.0,0.0,0.0,0.0,42.20883854795177,42.3021581408151,40.71282774542818,36.03897029895509,49.87500000000007,49.87500000000007,49.87500000000007,49.87500000000007
2025-12-26T11:35:31.897851,19.800,383.34989553811556,6627.34747501438,165.09389900057522,4100,1500,1520,40.0,35.0,20.0,6627.34747501438,123.82042425043142,1500,1520,800,0,0,165.09389900057522,165.09389900057522,82.54694950028761,0.0,4100,4200,390.0,123.82042425043142,31.980000000000015,25.0,25.0,-0.4575358937753861,-0.8891911526253276,1.0,0.0,0.0,0.0,0.0,41.88658529222349,39.21252067936835,40.791115356006756,44.15046867627265,49.90000000000008,49.90000000000008,49.90000000000008,49.90000000000008
2025-12-26T11:35:31.948256,19.850,384.2155917131238,6683.421676890514,167.33686707562055,4100,1500,1520,40.0,35.0,20.0,6683.421676890514,125.50265030671541,1500,1520,800,0,0,167.33686707562055,167.33686707562055,83.66843353781027,0.0,4100,4200,390.0,125.50265030671542,31.985000000000014,25.0,25.0,-0.4796203845413345,-0.8774760889804476,0.9999999999999999,0.0,0.0,0.0,0.0,44.45447065785519,36.20200249185705,41.13608450993493,42.890494722377206,49.925000000000075,49.925000000000075,49.925000000000075,49.925000000000075
2025-12-26T11:35:31.999928,19.900,383.229486553035,6735.288201283483,169.41152805133933,4100,1500,1520,40.0,35.0,20.0,6735.288201283483,127.05864603850449,1500,1520,800,0,0,169.41152805133933,169.41152805133933,84.70576402566967,0.0,4100,4200,390.0,127.0586460385045,31.990000000000016,25.0,25.0,-0.501405128179262,-0.8652126313430346,1.0,0.0,0.0,0.0,0.0,43.7250269792383,40.51571489253349,37.80184257375785,37.570783405916174,49.950000000000074,49.950000000000074,49.950000000000074,49.950000000000074
2025-12-26T11:35:32.050475,19.950,383.31196179967753,6782.817408893869,171.31269635575472,4100,1500,1520,40.0,35.0,20.0,6782.817408893869,128.48452226681604,1500,1520,800,0,0,171.31269635575472,171.31269635575472,85.65634817787736,0.0,4100,4200,390.0,128.48452226681604,31.995000000000015,25.0,25.0,-0.5228765099335189,-0.8524084439749191,1.0,0.0,0.0,0.0,0.0,35.54998511538508,42.03330756381643,44.496370614541945,44.396677778129714,49.97500000000007,49.97500000000007,49.97500000000007,49.97500000000007
2025-12-26T11:35:32.101304,20.000,383.67863080388787,6825.890501455377,173.03562005821507,4100,1500,1520,40.0,35.0,20.0,6825.890501455377,129.7767150436613,1500,1520,800,0,0,173.03562005821507,173.03562005821507,86.51781002910754,0.0,4100,4200,390.0,129.7767150436613,32.000000000000014,25.0,25.0,-0.5440211108894324,-0.8390715290764119,1.0,0.0,0.0,0.0,0.0,43.529420534005176,36.298522577585324,41.439702356438445,35.804823593537904,50.00000000000007,50.00000000000007,50.00000000000007,50.00000000000007
2025-12-26T11:35:32.154364,20.050,383.94988023723243,6864.3998186686385,174.57599274674553,4100,1500,1520,40.0,35.0,20.0,6864.3998186686385,130.93199456005914,1500,1520,800,0,0,174.57599274674553,174.57599274674553,87.28799637337276,0.0,4100,4200,390.0,130.93199456005914,32.00500000000002,25.0,25.0,-0.5648257163596917,-0.8252102217851892,1.0,0.0,0.0,0.0,0.0,41.69615272073074,41.76795325237423,41.29740028569448,42.81825052357017,50.02500000000008,50.02500000000008,50.02500000000008,50.02500000000008
2025-12-26T11:35:32.205370,20.100,382.98559431792927,6898.249107295883,175.92996429183532,4100,1500,1520,40.0,35.0,20.0,6898.249107295883,131.9474732188765,1500,1520,800,0,0,175.92996429183532,175.92996429183532,87.96498214591766,0.0,4100,4200,390.0,131.9474732188765,32.01000000000001,25.0,25.0,-0.5852773241430969,-0.810833184967103,0.9999999999999999,0.0,0.0,0.0,0.0,39.83445746913661,38.102750893356834,35.33429749825028,35.524097781621066,50.050000000000075,50.050000000000075,50.050000000000075,50.050000000000075
2025-12-26T11:35:32.255955,20.150,383.1077120939984,6927.353761743912,177.09415046975653,4100,1500,1520,40.0,35.0,20.0,6927.353761743912,132.8206128523174,1500,1520,800,0,0,177.09415046975653,177.09415046975653,88.54707523487826,0.0,4100,4200,390.0,132.8206128523174,32.015000000000015,25.0,25.0,-0.605363152650512,-0.7959494038021719,1.0,0.0,0.0,0.0,0.0,39.439740313993966,36.08837713560573,39.81697819028859,40.735875197152644,50.075000000000074,50.075000000000074,50.075000000000074,50.075000000000074
2025-12-26T11:35:32.307102,20.200,383.206127262553,6951.641035534018,178.0656414213607,4100,1500,1520,40.0,35.0,20.0,6951.641035534018,133.54923106602052,1500,1520,800,0,0,178.0656414213607,178.0656414213607,89.03282071068035,0.0,4100,4200,390.0,133.54923106602052,32.02000000000002,25.0,25.0,-0.6250706488929417,-0.780568180169136,1.0,0.0,0.0,0.0,0.0,40.31570218691601,39.3546030461267,38.198138079093425,36.144603276709006,50.10000000000008,50.10000000000008,50.10000000000008,50.10000000000008
2025-12-26T11:35:32.357772,20.250,383.45368570369965,6971.050223130291,178.84200892521164,4100,1500,1520,40.0,35.0,20.0,6971.050223130291,134.13150669390873,1500,1520,800,0,0,178.84200892521164,178.84200892521164,89.42100446260582,0.0,4100,4200,390.0,134.13150669390873,32.02500000000001,25.0,25.0,-0.6443874963267413,-0.7646991268320855,1.0,0.0,0.0,0.0,0.0,43.432926562015886,43.68090896771328,36.03872741944838,39.569736715139065,50.12500000000008,50.12500000000008,50.12500000000008,50.12500000000008
2025-12-26T11:35:32.408093,20.300,383.2856999524045,6985.532811671851,179.42131246687404,4100,1500,1520,40.0,35.0,20.0,6985.532811671851,134.56598435015553,1500,1520,800,0,0,179.42131246687404,179.42131246687404,89.71065623343702,0.0,4100,4200,390.0,134.56598435015553,32.030000000000015,25.0,25.0,-0.6633016225510552,-0.7483521614327959,0.9999999999999999,0.0,0.0,0.0,0.0,36.02176126904175,36.210141250985146,41.971827174679895,36.00532628256602,50.15000000000008,50.15000000000008,50.15000000000008,50.15000000000008
2025-12-26T11:35:32.458615,20.350,382.8890840761088,6995.05260222973,179.80210408918919,4100,1500,1520,40.0,35.0,20.0,6995.05260222973,134.85157806689188,1500,1520,800,0,0,179.80210408918919,179.80210408918919,89.90105204459459,0.0,4100,4200,390.0,134.85157806689188,32.03500000000002,25.0,25.0,-0.6818012068526744,-0.7315375002925254,0.9999999999999999,0.0,0.0,0.0,0.0,39.83296266134034,35.79456618466231,39.24075743120162,42.95140916007492,50.175000000000075,50.175000000000075,50.175000000000075,50.175000000000075
2025-12-26T11:35:32.509187,20.400,383.5937997109374,6999.585800285345,179.9834320114138,4100,1500,1520,40.0,35.0,20.0,6999.585800285345,134.98757400856036,1500,1520,800,0,0,179.9834320114138,179.9834320114138,89.9917160057069,0.0,4100,4200,390.0,134.98757400856036,32.04000000000001,25.0,25.0,-0.6998746875935982,-0.7142656520271455,1.0,0.0,0.0,0.0,0.0,40.10784925249194,40.455426754343996,41.44358867437316,44.502353223194596,50.200000000000074,50.200000000000074,50.200000000000074,50.200000000000074
2025-12-26T11:35:32.559723,20.450,382.91792596974943,6999.1210752044,179.964843008176,4100,1500,1520,40.0,35.0,20.0,6999.1210752044,134.973632256132,1500,1520,800,0,0,179.964843008176,179.964843008176,89.982421504088,0.0,4100,4200,390.0,134.973632256132,32.045000000000016,25.0,25.0,-0.7175107694366804,-0.6965474109795993,0.9999999999999999,0.0,0.0,0.0,0.0,39.221911067767586,41.03302565830168,35.42934700946813,36.75184524319861,50.22500000000008,50.22500000000008,50.22500000000008,50.22500000000008
2025-12-26T11:35:32.614439,20.500,383.63184879666363,6993.659588557573,179.74638354230296,4100,1500,1520,40.0,35.0,20.0,6993.659588557573,134.80978765672722,1500,1520,800,0,0,179.74638354230296,179.74638354230296,89.87319177115148,0.0,4100,4200,390.0,134.80978765672722,32.05000000000002,25.0,25.0,-0.7346984304048485,-0.6783938504737879,1.0,0.0,0.0,0.0,0.0,40.86823544545842,35.345397715360306,41.71264473450152,40.160899601125124,50.25000000000008,50.25000000000008,50.25000000000008,50.25000000000008
2025-12-26T11:35:32.664962,20.550,383.59733867103887,6983.214991217195,179.32859964868783,4100,1500,1520,40.0,35.0,20.0,6983.214991217195,134.49644973651587,1500,1520,800,0,0,179.32859964868783,179.32859964868783,89.66429982434391,0.0,4100,4200,390.0,134.49644973651587,32.055000000000014,25.0,25.0,-0.7514269287694798,-0.6598163158941034,1.0,0.0,0.0,0.0,0.0,36.56210552420355,38.73976422392755,40.43847113650476,38.300288700025284,50.27500000000008,50.27500000000008,50.27500000000008,50.27500000000008
2025-12-26T11:35:32.715238,20.600,383.1738004587395,6967.813389237176,178.71253556948704,4100,1500,1520,40.0,35.0,20.0,6967.813389237176,134.03440167711528,1500,1520,800,0,0,178.71253556948704,178.71253556948704,89.35626778474352,0.0,4100,4200,390.0,134.03440167711528,32.06000000000002,25.0,25.0,-0.7676858097636325,-0.6408264175949333,1.0,0.0,0.0,0.0,0.0,44.574692214915515,37.768462122509675,42.665961541382146,43.53684675450356,50.30000000000008,50.30000000000008,50.30000000000008,50.30000000000008
2025-12-26T11:35:32.765758,20.650,383.3331122624085,6947.493278601466,177.89973114405865,4100,1500,1520,40.0,35.0,20.0,6947.493278601466,133.42479835804397,1500,1520,800,0,0,177.89973114405865,177.89973114405865,88.94986557202932,0.0,4100,4200,390.0,133.42479835804397,32.06500000000002,25.0,25.0,-0.7834649121159348,-0.6214360236445667,1.0,0.0,0.0,0.0,0.0,35.280348091247646,36.12136703885124,36.6082488643824,42.21174339462965,50.32500000000008,50.32500000000008,50.32500000000008,50.32500000000008
2025-12-26T11:35:32.815996,20.700,383.8069024320212,6922.305449004145,176.8922179601658,4100,1500,1520,40.0,35.0,20.0,6922.305449004145,132.66916347012435,1500,1520,800,0,0,176.8922179601658,176.8922179601658,88.4461089800829,0.0,4100,4200,390.0,132.66916347012435,32.070000000000014,25.0,25.0,-0.7987543744010485,-0.6016572524080381,1.0,0.0,0.0,0.0,0.0,36.57149078575592,39.01144714279923,38.629618195664314,36.46048636884041,50.35000000000008,50.35000000000008,50.35000000000008,50.35000000000008
2025-12-26T11:35:32.866731,20.750,382.914542428349,6892.312856901638,175.69251427606554,4100,1500,1520,40.0,35.0,20.0,6892.312856901638,131.76938570704914,1500,1520,800,0,0,175.69251427606554,175.69251427606554,87.84625713803277,0.0,4100,4200,390.0,131.76938570704914,32.07500000000002,25.0,25.0,-0.8135446412027387,-0.5815024649735434,1.0,0.0,0.0,0.0,0.0,43.96684325444146,43.798994661325786,40.122871401766716,43.860521971849295,50.37500000000008,50.37500000000008,50.37500000000008,50.37500000000008
2025-12-26T11:35:32.916934,20.800,383.9135001910714,6857.5904681543625,174.30361872617448,4100,1500,1520,40.0,35.0,20.0,6857.5904681543625,130.72771404463086,1500,1520,800,0,0,174.30361872617448,174.30361872617448,87.15180936308724,0.0,4100,4200,390.0,130.72771404463086,32.08000000000001,25.0,25.0,-0.8278264690856985,-0.5609842574271626,1.0,0.0,0.0,0.0,0.0,44.07077792186331,41.99687816493157,42.936970555877735,40.91132570080441,50.40000000000008,50.40000000000008,50.40000000000008,50.40000000000008
2025-12-26T11:35:32.971533,20.850,383.6103371122944,6818.225070651115,172.7290028260446,4100,1500,1520,40.0,35.0,20.0,6818.225070651115,129.54675211953344,1500,1520,800,0,0,172.7290028260446,172.7290028260446,86.3645014130223,0.0,4100,4200,390.0,129.54675211953344,32.085000000000015,25.0,25.0,-0.8415909323723946,-0.5401154529807156,1.0,0.0,0.0,0.0,0.0,37.22541551214646,39.888403404374245,40.196254444009185,44.84901700118915,50.42500000000008,50.42500000000008,50.42500000000008,50.42500000000008
2025-12-26T11:35:33.025027,20.900,383.1175564321243,6774.315057384551,170.97260229538205,4100,1500,1520,40.0,35.0,20.0,6774.315057384551,128.22945172153652,1500,1520,800,0,0,170.97260229538205,170.97260229538205,85.48630114769102,0.0,4100,4200,390.0,128.22945172153652,32.09000000000002,25.0,25.0,-0.8548294287213252,-0.5189090939576727,1.0,0.0,0.0,0.0,0.0,43.13466077830915,36.70796218510036,44.7685928842299,43.944165820748395,50.45000000000008,50.45000000000008,50.45000000000008,50.45000000000008
2025-12-26T11:35:33.075552,20.950,383.57538658469826,6725.970180519946,169.03880722079782,4100,1500,1520,40.0,35.0,20.0,6725.970180519946,126.77910541559837,1500,1520,800,0,0,169.03880722079782,169.03880722079782,84.51940361039891,0.0,4100,4200,390.0,126.77910541559837,32.09500000000001,25.0,25.0,-0.8675336845032041,-0.4973784336421264,1.0,0.0,0.0,0.0,0.0,42.176039458869326,42.2848341551643,36.998010902927106,43.08903686075226,50.47500000000008,50.47500000000008,50.47500000000008,50.47500000000008
2025-12-26T11:35:33.130624,21.000,383.83952524411507,6673.311277071933,166.93245108287732,4100,1500,1520,40.0,35.0,20.0,6673.311277071933,125.19933831215799,1500,1520,800,0,0,166.93245108287732,166.93245108287732,83.46622554143866,0.0,4100,4200,390.0,125.19933831215799,32.100000000000016,25.0,25.0,-0.8796957599717089,-0.4755369279959206,0.9999999999999999,0.0,0.0,0.0,0.0,41.59068108369696,38.26587482163622,41.77329972713248,44.454896642480186,50.500000000000085,50.500000000000085,50.500000000000085,50.500000000000085
2025-12-26T11:35:33.182166,21.050,383.5647756889992,6616.469966874908,164.65879867499632,4100,1500,1520,40.0,35.0,20.0,6616.469966874908,123.49409900624724,1500,1520,800,0,0,164.65879867499632,164.65879867499632,82.32939933749816,0.0,4100,4200,390.0,123.49409900624724,32.10500000000002,25.0,25.0,-0.8913080542255646,-0.45339822724911266,1.0,0.0,0.0,0.0,0.0,40.04512458890148,43.24976660815631,40.49196551336483,36.40485490664081,50.525000000000084,50.525000000000084,50.525000000000084,50.525000000000084
2025-12-26T11:35:33.233768,21.100,383.6656460084187,6555.58832360198,162.2235329440792,4100,1500,1520,40.0,35.0,20.0,6555.58832360198,121.6676497080594,1500,1520,800,0,0,162.2235329440792,162.2235329440792,81.1117664720396,0.0,4100,4200,390.0,121.66764970805939,32.110000000000014,25.0,25.0,-0.9023633099588588,-0.4309761673690234,1.0,0.0,0.0,0.0,0.0,35.192676666736794,36.19921192634341,44.19989837725019,42.158266638944426,50.55000000000008,50.55000000000008,50.55000000000008,50.55000000000008
2025-12-26T11:35:33.286294,21.150,383.55054128349167,6490.818519654786,159.63274078619142,4100,1500,1520,40.0,35.0,20.0,6490.818519654786,119.72455558964356,1500,1520,800,0,0,159.63274078619142,159.63274078619142,79.81637039309571,0.0,4100,4200,390.0,119.72455558964357,32.115000000000016,25.0,25.0,-0.9128546179966225,-0.4082847614132083,1.0,0.0,0.0,0.0,0.0,38.558283946830954,40.20133588847352,41.77731153459821,44.6783131099159,50.57500000000008,50.57500000000008,50.57500000000008,50.57500000000008
2025-12-26T11:35:33.337354,21.200,383.9800410044458,6422.32244581173,156.8928978324692,4100,1500,1520,40.0,35.0,20.0,6422.32244581173,117.6696733743519,1500,1520,800,0,0,156.8928978324692,156.8928978324692,78.4464489162346,0.0,4100,4200,390.0,117.6696733743519,32.12000000000002,25.0,25.0,-0.9227754216128388,-0.38533819077175263,1.0,0.0,0.0,0.0,0.0,37.4460824852364,43.38173079897946,38.61100797743074,40.16896603108203,50.60000000000008,50.60000000000008,50.60000000000008,50.60000000000008
2025-12-26T11:35:33.387890,21.250,384.49975613239553,6350.271306585356,154.01085226341422,4100,1500,1520,40.0,35.0,20.0,6350.271306585356,115.50813919756067,1500,1520,800,0,0,154.01085226341422,154.01085226341422,77.00542613170711,0.0,4100,4200,390.0,115.50813919756067,32.125000000000014,25.0,25.0,-0.9321195206281837,-0.3621507963043642,1.0,0.0,0.0,0.0,0.0,42.90824186005157,40.5339914504497,42.006054100013145,35.54889850729235,50.625000000000085,50.625000000000085,50.625000000000085,50.625000000000085
2025-12-26T11:35:33.438090,21.300,383.8523586203732,6274.84519230022,150.99380769200883,4100,1500,1520,40.0,35.0,20.0,6274.84519230022,113.24535576900662,1500,1520,800,0,0,150.99380769200883,150.99380769200883,75.49690384600441,0.0,4100,4200,390.0,113.24535576900662,32.13000000000002,25.0,25.0,-0.9408810752849361,-0.3387370693778028,1.0,0.0,0.0,0.0,0.0,38.80756980629208,40.59415138990568,41.54637954565232,40.37506370552509,50.650000000000084,50.650000000000084,50.650000000000084,50.650000000000084
2025-12-26T11:35:33.488613,21.350,384.11526852430137,6196.232628960875,147.84930515843504,4100,1500,1520,40.0,35.0,20.0,6196.232628960875,110.88697886882628,1500,1520,800,0,0,147.84930515843504,147.84930515843504,73.92465257921752,0.0,4100,4200,390.0,110.88697886882628,32.13500000000002,25.0,25.0,-0.9490546098966366,-0.31511164280924786,1.0,0.0,0.0,0.0,0.0,44.30435958564213,41.77161468433936,39.71863932615814,36.311215713539,50.67500000000008,50.67500000000008,50.67500000000008,50.67500000000008
2025-12-26T11:35:33.539023,21.400,384.81334560339593,6114.63010703504,144.5852042814016,4100,1500,1520,40.0,35.0,20.0,6114.63010703504,108.43890321105118,1500,1520,800,0,0,144.5852042814016,144.5852042814016,72.2926021407008,0.0,4100,4200,390.0,108.43890321105118,32.140000000000015,25.0,25.0,-0.9566350162702127,-0.29128928172126395,1.0,0.0,0.0,0.0,0.0,44.38417765775104,36.11937491699929,38.145796598895664,42.96881880727999,50.70000000000009,50.70000000000009,50.70000000000009,50.70000000000009
2025-12-26T11:35:33.589370,21.450,384.37289872586655,6030.241590329753,141.20966361319014,4100,1500,1520,40.0,35.0,20.0,6030.241590329753,105.9072477098926,1500,1520,800,0,0,141.20966361319014,141.20966361319014,70.60483180659507,0.0,4100,4200,390.0,105.90724770989259,32.14500000000002,25.0,25.0,-0.963617556898434,-0.26728487431407966,1.0,0.0,0.0,0.0,0.0,42.23149367949806,38.33906750211373,35.82936946708466,35.48648124642863,50.72500000000009,50.72500000000009,50.72500000000009,50.72500000000009
2025-12-26T11:35:33.645088,21.500,384.60917284933333,5943.278006188091,137.73112024752368,4100,1500,1520,40.0,35.0,20.0,5943.278006188091,103.29834018564276,1500,1520,800,0,0,137.73112024752368,137.73112024752368,68.86556012376184,0.0,4100,4200,390.0,103.29834018564274,32.15000000000002,25.0,25.0,-0.9699978679206992,-0.24311342256094728,0.9999999999999999,0.0,0.0,0.0,0.0,38.89555384245095,40.8269347439015,42.180847912104504,42.754766073024406,50.750000000000085,50.750000000000085,50.750000000000085,50.750000000000085
2025-12-26T11:35:33.698623,21.550,384.7665106422781,5853.956718280649,134.15826873122592,4100,1500,1520,40.0,35.0,20.0,5853.956718280649,100.61870154841944,1500,1520,800,0,0,134.15826873122592,134.15826873122592,67.07913436561296,0.0,4100,4200,390.0,100.61870154841944,32.155000000000015,25.0,25.0,-0.9757719618503077,-0.21879003283239784,1.0,0.0,0.0,0.0,0.0,36.22469608226349,42.94020182707806,36.56570717344545,36.96145968301542,50.775000000000084,50.775000000000084,50.775000000000084,50.775000000000084
2025-12-26T11:35:33.750721,21.600,385.1996110507455,5762.500983309565,130.50003933238258,4100,1500,1520,40.0,35.0,20.0,5762.500983309565,97.87502949928694,1500,1520,800,0,0,130.50003933238258,130.50003933238258,65.25001966619129,0.0,4100,4200,390.0,97.87502949928694,32.16000000000002,25.0,25.0,-0.9809362300665081,-0.19432990645525117,1.0,0.0,0.0,0.0,0.0,39.17499993396957,42.046936616188944,35.739896457009664,37.584036217937644,50.80000000000008,50.80000000000008,50.80000000000008,50.80000000000008
2025-12-26T11:35:33.801710,21.650,384.76022584688855,5669.139392983044,126.76557571932173,4100,1500,1520,40.0,35.0,20.0,5669.139392983044,95.07418178949129,1500,1520,800,0,0,126.76557571932173,126.76557571932173,63.382787859660866,0.0,4100,4200,390.0,95.07418178949129,32.16500000000002,25.0,25.0,-0.9854874450697696,-0.16974833021228145,0.9999999999999999,0.0,0.0,0.0,0.0,43.32728999150347,39.46830430416545,43.00342692845942,41.98673256625923,50.82500000000009,50.82500000000009,50.82500000000009,50.82500000000009
2025-12-26T11:35:33.852270,21.700,385.5148697789029,5574.1053026551235,122.96421210620494,4100,1500,1520,40.0,35.0,20.0,5574.1053026551235,92.2231590796537,1500,1520,800,0,0,122.96421210620494,122.96421210620494,61.48210605310247,0.0,4100,4200,390.0,92.2231590796537,32.170000000000016,25.0,25.0,-0.9894227624988636,-0.14506066678847576,0.9999999999999999,0.0,0.0,0.0,0.0,38.403305726260804,40.9612185280567,40.6859181530513,39.289293510767195,50.85000000000009,50.85000000000009,50.85000000000009,50.85000000000009
2025-12-26T11:35:33.902810,21.750,385.38529603829727,5477.636248058828,119.1054499223531,4100,1500,1520,40.0,35.0,20.0,5477.636248058828,89.32908744176483,1500,1520,800,0,0,119.1054499223531,119.1054499223531,59.55272496117655,0.0,4100,4200,390.0,89.32908744176483,32.17500000000002,25.0,25.0,-0.9927397229084971,-0.12028234516985578,1.0,0.0,0.0,0.0,0.0,41.59211637302758,37.181942966953024,38.71647038265834,35.0437788844317,50.875000000000085,50.875000000000085,50.875000000000085,50.875000000000085
2025-12-26T11:35:33.953036,21.800,385.5969412164504,5379.973351590534,115.19893406362135,4100,1500,1520,40.0,35.0,20.0,5379.973351590534,86.39920054771602,1500,1520,800,0,0,115.19893406362135,115.19893406362135,57.599467031810676,0.0,4100,4200,390.0,86.39920054771602,32.18000000000002,25.0,25.0,-0.9954362533063857,-0.09542885100086401,1.0,0.0,0.0,0.0,0.0,43.72200840259387,38.996085327638276,40.63855109240636,39.63164017256365,50.90000000000009,50.90000000000009,50.90000000000009,50.90000000000009
2025-12-26T11:35:34.003574,21.850,385.42246746610056,5281.36071962956,111.25442878518238,4100,1500,1520,40.0,35.0,20.0,5281.36071962956,83.44082158888679,1500,1520,800,0,0,111.25442878518238,111.25442878518238,55.62721439259119,0.0,4100,4200,390.0,83.44082158888679,32.18500000000002,25.0,25.0,-0.9975106684488065,-0.07051571690633988,0.9999999999999999,0.0,0.0,0.0,0.0,42.27313223817081,37.42365798541517,38.6359923152282,41.4514547211122,50.92500000000009,50.92500000000009,50.92500000000009,50.92500000000009
2025-12-26T11:35:34.054126,21.900,386.3201460781591,5182.044832399342,107.28179329597367,4100,1500,1520,40.0,35.0,20.0,5182.044832399342,80.46134497198025,1500,1520,800,0,0,107.28179329597367,107.28179329597367,53.640896647986835,0.0,4100,4200,390.0,80.46134497198025,32.19000000000002,25.0,25.0,-0.9989616718938209,-0.045558512784134975,1.0,0.0,0.0,0.0,0.0,38.304339419471546,36.40179270032124,36.593649399082814,39.72495430074704,50.95000000000009,50.95000000000009,50.95000000000009,50.95000000000009
2025-12-26T11:35:34.108190,21.950,386.28814735505495,5082.273927895242,103.29095711580968,4100,1500,1520,40.0,35.0,20.0,5082.273927895242,77.46821783685726,1500,1520,800,0,0,103.29095711580968,103.29095711580968,51.64547855790484,0.0,4100,4200,390.0,77.46821783685726,32.195000000000014,25.0,25.0,-0.9997883568115076,-0.020572836074433585,0.9999999999999999,0.0,0.0,0.0,0.0,39.61704857476946,38.22135018174337,39.23607749922279,40.71530331464953,50.97500000000009,50.97500000000009,50.97500000000009,50.97500000000009
2025-12-26T11:35:34.161885,22.000,385.93315681111835,4982.297381418837,99.29189525675348,4100,1500,1520,40.0,35.0,20.0,4982.297381418837,74.4689214425651,1500,1520,800,0,0,99.29189525675348,99.29189525675348,49.64594762837674,0.0,4100,4200,390.0,74.4689214425651,32.20000000000002,25.0,25.0,-0.999990206550703,0.004425697988139602,0.9999999999999999,0.0,0.0,0.0,0.0,37.301867732204535,44.24309950452682,39.45836834527606,38.2405460111399,51.000000000000085,51.000000000000085,51.000000000000085,51.000000000000085
2025-12-26T11:35:34.212413,22.050,385.97371937910145,4882.36508226954,95.29460329078158,4100,1500,1520,40.0,35.0,20.0,4882.36508226954,71.47095246808618,1500,1520,800,0,0,95.29460329078158,95.29460329078158,47.64730164539079,0.0,4100,4200,390.0,71.47095246808618,32.20500000000002,25.0,25.0,-0.9995670949618907,0.029421466133532893,1.0,0.0,0.0,0.0,0.0,44.95050098241853,44.452512616708546,36.4112794735743,43.73380214540544,51.02500000000009,51.02500000000009,51.02500000000009,51.02500000000009
2025-12-26T11:35:34.267097,22.100,386.0953937185768,4782.726809151487,91.3090723660595,4100,1500,1520,40.0,35.0,20.0,4782.726809151487,68.48180427454463,1500,1520,800,0,0,91.3090723660595,91.3090723660595,45.65453618302975,0.0,4100,4200,390.0,68.48180427454463,32.210000000000015,25.0,25.0,-0.9985192864760406,0.05439884682030279,1.0,0.0,0.0,0.0,0.0,36.921765920454575,38.21735679188199,42.05733001552962,41.50162886800895,51.05000000000009,51.05000000000009,51.05000000000009,51.05000000000009
2025-12-26T11:35:34.318104,22.150,386.7268895288523,4683.631605856866,87.34526423427464,4100,1500,1520,40.0,35.0,20.0,4683.631605856866,65.50894817570598,1500,1520,800,0,0,87.34526423427464,87.34526423427464,43.67263211713732,0.0,4100,4200,390.0,65.50894817570598,32.21500000000002,25.0,25.0,-0.9968474359393489,0.0793422299985689,1.0,0.0,0.0,0.0,0.0,44.076402632640665,40.27330455107632,36.696813102139046,41.46117761469795,51.07500000000009,51.07500000000009,51.07500000000009,51.07500000000009
2025-12-26T11:35:34.368637,22.200,386.7507373790428,4585.327158786128,83.41308635144512,4100,1500,1520,40.0,35.0,20.0,4585.327158786128,62.55981476358384,1500,1520,800,0,0,83.41308635144512,83.41308635144512,41.70654317572256,0.0,4100,4200,390.0,62.55981476358384,32.22000000000002,25.0,25.0,-0.9945525882039797,0.10423602686578698,1.0,0.0,0.0,0.0,0.0,35.02917949577335,43.52085539965161,39.83042975075305,39.00114521999774,51.100000000000094,51.100000000000094,51.100000000000094,51.100000000000094
2025-12-26T11:35:34.419295,22.250,386.7839962818151,4488.059177860983,79.52236711443935,4100,1500,1520,40.0,35.0,20.0,4488.059177860983,59.64177533582951,1500,1520,800,0,0,79.52236711443935,79.52236711443935,39.761183557219674,0.0,4100,4200,390.0,59.64177533582951,32.225000000000016,25.0,25.0,-0.9916361774750674,0.1290646796092431,0.9999999999999999,0.0,0.0,0.0,0.0,41.46765383626921,41.41363301519799,39.076187647007025,43.94113713043433,51.12500000000009,51.12500000000009,51.12500000000009,51.12500000000009
2025-12-26T11:35:34.469830,22.300,386.76758862018477,4392.070782377561,75.68283129510243,4100,1500,1520,40.0,35.0,20.0,4392.070782377561,56.762123471326824,1500,1520,800,0,0,75.68283129510243,75.68283129510243,37.841415647551216,0.0,4100,4200,390.0,56.762123471326824,32.23000000000002,25.0,25.0,-0.9881000264143842,0.1538126711291801,1.0,0.0,0.0,0.0,0.0,41.733648709295394,38.23057946610387,41.48951222113388,35.021194571750826,51.15000000000009,51.15000000000009,51.15000000000009,51.15000000000009
2025-12-26T11:35:34.520901,22.350,386.90085854058316,4297.601893334778,71.90407573339111,4100,1500,1520,40.0,35.0,20.0,4297.601893334778,53.928056800043336,1500,1520,800,0,0,71.90407573339111,71.90407573339111,35.952037866695555,0.0,4100,4200,390.0,53.928056800043336,32.23500000000002,25.0,25.0,-0.9839463450012362,0.17846453473647994,1.0,0.0,0.0,0.0,0.0,43.43277421975674,39.47252363063356,35.855640061680546,38.261026904877404,51.17500000000009,51.17500000000009,51.17500000000009,51.17500000000009
2025-12-26T11:35:34.571926,22.400,387.66282462836034,4204.888633756796,68.1955453502718,4100,1500,1520,40.0,35.0,20.0,4204.888633756796,51.14665901270385,1500,1520,800,0,0,68.1955453502718,68.1955453502718,34.0977726751359,0.0,4100,4200,390.0,51.14665901270385,32.240000000000016,25.0,25.0,-0.9791777291512986,0.20300486381884084,1.0,0.0,0.0,0.0,0.0,42.212055368068704,36.96256155064062,36.2669858182664,42.960108591324556,51.20000000000009,51.20000000000009,51.20000000000009,51.20000000000009
2025-12-26T11:35:34.624278,22.450,387.9831326485817,4114.162738508426,64.56650954033705,4100,1500,1520,40.0,35.0,20.0,4114.162738508426,48.42488215525279,1500,1520,800,0,0,64.56650954033705,64.56650954033705,32.283254770168526,0.0,4100,4200,390.0,48.42488215525279,32.24500000000002,25.0,25.0,-0.9737971590942525,0.22741832146940857,1.0,0.0,0.0,0.0,0.0,40.705972123043026,43.60544707486626,43.77532969777403,35.66510838496956,51.225000000000094,51.225000000000094,51.225000000000094,51.225000000000094
2025-12-26T11:35:34.675292,22.500,387.70577857420045,4025.650975078658,61.02603900314633,4100,1500,1520,40.0,35.0,20.0,4025.650975078658,45.769529252359746,1500,1520,800,0,0,61.02603900314633,61.02603900314633,30.513019501573165,0.0,4100,4200,390.0,45.769529252359746,32.25000000000002,25.0,25.0,-0.9678079975112381,0.2516896500718438,0.9999999999999999,0.0,0.0,0.0,0.0,41.67749237137519,41.975849420058495,35.27088452377883,38.74764175131031,51.25000000000009,51.25000000000009,51.25000000000009,51.25000000000009
2025-12-26T11:35:34.725841,22.550,387.9490930751063,3939.574576780031,57.58298307120124,4100,1500,1520,40.0,35.0,20.0,3939.574576780031,43.187237303400934,1500,1520,800,0,0,57.58298307120124,57.58298307120124,28.79149153560062,0.0,4100,4200,390.0,43.187237303400934,32.25500000000002,25.0,25.0,-0.9612139874332897,0.27580368083583595,1.0,0.0,0.0,0.0,0.0,37.10999160810893,36.014682236459315,43.38752486356675,37.44042077661979,51.27500000000009,51.27500000000009,51.27500000000009,51.27500000000009
2025-12-26T11:35:34.776374,22.600,387.5087972906318,3856.148689780569,54.24594759122277,4100,1500,1520,40.0,35.0,20.0,3856.148689780569,40.68446069341708,1500,1520,800,0,0,54.24594759122277,54.24594759122277,27.122973795611387,0.0,4100,4200,390.0,40.68446069341708,32.26000000000002,25.0,25.0,-0.9540192499020613,0.299745343277103,1.0,0.0,0.0,0.0,0.0,39.31171002532551,37.82033261378917,41.1711993431283,44.25306213628848,51.3000000000001,51.3000000000001,51.3000000000001,51.3000000000001
2025-12-26T11:35:34.829096,22.650,387.6585082547548,3775.581835350409,51.02327341401637,4100,1500,1520,40.0,35.0,20.0,3775.581835350409,38.267455060512276,1500,1520,800,0,0,51.02327341401637,51.02327341401637,25.511636707008186,0.0,4100,4200,390.0,38.267455060512276,32.26500000000002,25.0,25.0,-0.9462282813943113,0.323499674635954,1.0,0.0,0.0,0.0,0.0,43.14840489303319,44.14698378782514,42.072977941773594,40.337230937498624,51.325000000000095,51.325000000000095,51.325000000000095,51.325000000000095
2025-12-26T11:35:34.878629,22.700,388.1299905931756,3698.0753886672205,47.923015546688816,4100,1500,1520,40.0,35.0,20.0,3698.0753886672205,35.94226166001661,1500,1520,800,0,0,47.923015546688816,47.923015546688816,23.961507773344408,0.0,4100,4200,390.0,35.94226166001661,32.27000000000002,25.0,25.0,-0.93784595101175,0.34705182922852656,1.0,0.0,0.0,0.0,0.0,38.33884337479537,38.75402518897714,36.82272301897756,35.409194088174885,51.350000000000094,51.350000000000094,51.350000000000094,51.350000000000094
2025-12-26T11:35:34.929220,22.750,388.8021284934292,3623.823075483133,44.95292301932531,4100,1500,1520,40.0,35.0,20.0,3623.823075483133,33.71469226449398,1500,1520,800,0,0,44.95292301932531,44.95292301932531,22.476461509662656,0.0,4100,4200,390.0,33.71469226449398,32.27500000000002,25.0,25.0,-0.9288774974380097,0.37038708772485596,1.0,0.0,0.0,0.0,0.0,44.91557596077757,35.93249446694927,38.20770565776394,42.51870328093904,51.37500000000009,51.37500000000009,51.37500000000009,51.37500000000009
2025-12-26T11:35:34.979850,22.800,388.5793600717341,3553.01048791125,42.12041951645,4100,1500,1520,40.0,35.0,20.0,3553.01048791125,31.5903146373375,1500,1520,800,0,0,42.12041951645,42.12041951645,21.060209758225,0.0,4100,4200,390.0,31.590314637337496,32.280000000000015,25.0,25.0,-0.9193285256646386,0.3934908663479775,1.0,0.0,0.0,0.0,0.0,37.9060342589951,36.20122448318419,37.3271370001725,41.27927747273754,51.40000000000009,51.40000000000009,51.40000000000009,51.40000000000009
2025-12-26T11:35:35.031448,22.850,388.3273690825032,3485.814620542019,39.432584821680756,4100,1500,1520,40.0,35.0,20.0,3485.814620542019,29.574438616260565,1500,1520,800,0,0,39.432584821680756,39.432584821680756,19.716292410840378,0.0,4100,4200,390.0,29.57443861626057,32.28500000000002,25.0,25.0,-0.9092050034881624,0.4163487259883121,0.9999999999999999,0.0,0.0,0.0,0.0,44.95305487844687,38.61759382685212,36.528249615831996,44.4154918623772,51.4250000000001,51.4250000000001,51.4250000000001,51.4250000000001
2025-12-26T11:35:35.081973,22.900,388.9496498503853,3422.4034280489313,36.89613712195725,4100,1500,1520,40.0,35.0,20.0,3422.4034280489313,27.67210284146794,1500,1520,800,0,0,36.89613712195725,36.89613712195725,18.448068560978626,0.0,4100,4200,390.0,27.67210284146794,32.29000000000002,25.0,25.0,-0.8985132577804065,0.4389463812276401,1.0,0.0,0.0,0.0,0.0,43.397259374984166,42.420258073891546,41.74373254129861,38.38338836615779,51.450000000000095,51.450000000000095,51.450000000000095,51.450000000000095
2025-12-26T11:35:35.135674,22.950,388.2378902265062,3362.9354053893094,34.51741621557237,4100,1500,1520,40.0,35.0,20.0,3362.9354053893094,25.888062161679276,1500,1520,800,0,0,34.51741621557237,34.51741621557237,17.258708107786184,0.0,4100,4200,390.0,25.88806216167928,32.295000000000016,25.0,25.0,-0.887259970534407,0.4612697092670223,1.0,0.0,0.0,0.0,0.0,40.448766891723444,39.35548243722537,39.50735541762605,40.80847729093019,51.475000000000094,51.475000000000094,51.475000000000094,51.475000000000094
2025-12-26T11:35:35.188209,23.000,388.8213552436591,3307.559191649454,32.30236766597817,4100,1500,1520,40.0,35.0,20.0,3307.559191649454,24.226775749483625,1500,1520,800,0,0,32.30236766597817,32.30236766597817,16.151183832989084,0.0,4100,4200,390.0,24.226775749483625,32.30000000000002,25.0,25.0,-0.8754521746883822,0.48330475875308987,1.0,0.0,0.0,0.0,0.0,42.987366336360765,42.42113955251069,39.47179996333667,37.0117406156388,51.5000000000001,51.5000000000001,51.5000000000001,51.5000000000001
2025-12-26T11:35:35.241445,23.050,388.7219535331727,3256.413198524341,30.256527940973655,4100,1500,1520,40.0,35.0,20.0,3256.413198524341,22.69239595573024,1500,1520,800,0,0,30.256527940973655,30.256527940973655,15.128263970486827,0.0,4100,4200,390.0,22.69239595573024,32.30500000000002,25.0,25.0,-0.8630972497303756,0.5050377584971857,1.0,0.0,0.0,0.0,0.0,37.2579137320151,38.42985562475803,41.53194394174194,44.10205498543169,51.5250000000001,51.5250000000001,51.5250000000001,51.5250000000001
2025-12-26T11:35:35.292451,23.100,388.5718605379231,3209.6252643604657,28.385010574418615,4100,1500,1520,40.0,35.0,20.0,3209.6252643604657,21.28875793081396,1500,1520,800,0,0,28.385010574418615,28.385010574418615,14.192505287209308,0.0,4100,4200,390.0,21.28875793081396,32.31000000000002,25.0,25.0,-0.8502029170863158,0.5264551260819096,1.0,0.0,0.0,0.0,0.0,37.48149503840388,39.98105048823993,36.092462185618395,43.1510795772751,51.5500000000001,51.5500000000001,51.5500000000001,51.5500000000001
2025-12-26T11:35:35.345101,23.150,389.2481303365482,3167.31233462655,26.692493385062022,4100,1500,1520,40.0,35.0,20.0,3167.31233462655,20.019370038796517,1500,1520,800,0,0,26.692493385062022,26.692493385062022,13.346246692531011,0.0,4100,4200,390.0,20.019370038796517,32.31500000000002,25.0,25.0,-0.8367772352943766,0.5475434763496863,1.0,0.0,0.0,0.0,0.0,38.82646449941726,44.49052967881583,40.56368111827091,35.16253641379997,51.575000000000095,51.575000000000095,51.575000000000095,51.575000000000095
2025-12-26T11:35:35.396105,23.200,388.69535739334793,3129.5801696107837,25.18320678443135,4100,1500,1520,40.0,35.0,20.0,3129.5801696107837,18.88740508832351,1500,1520,800,0,0,25.18320678443135,25.18320678443135,12.591603392215674,0.0,4100,4200,390.0,18.88740508832351,32.32000000000002,25.0,25.0,-0.8228285949686532,0.568289629768054,0.9999999999999999,0.0,0.0,0.0,0.0,38.653223098598694,39.705881579483226,38.19179654200929,41.78895446387839,51.600000000000094,51.600000000000094,51.600000000000094,51.600000000000094
2025-12-26T11:35:35.446323,23.250,388.64271160657523,3096.5230800751733,23.86092320300692,4100,1500,1520,40.0,35.0,20.0,3096.5230800751733,17.89569240225519,1500,1520,800,0,0,23.86092320300692,23.86092320300692,11.93046160150346,0.0,4100,4200,390.0,17.89569240225519,32.32500000000002,25.0,25.0,-0.8083657135553015,0.5886806206664427,1.0,0.0,0.0,0.0,0.0,43.99337435143624,42.17362281137426,42.48051576834639,35.363537569106214,51.6250000000001,51.6250000000001,51.6250000000001,51.6250000000001
2025-12-26T11:35:35.496861,23.300,388.9250767988875,3068.223691527758,22.72894766111031,4100,1500,1520,40.0,35.0,20.0,3068.223691527758,17.046710745832733,1500,1520,800,0,0,22.72894766111031,22.72894766111031,11.364473830555156,0.0,4100,4200,390.0,17.046710745832733,32.33000000000002,25.0,25.0,-0.7933976298844175,0.6087037053392962,1.0,0.0,0.0,0.0,0.0,40.58978007049001,38.408869671783954,36.535766861653336,43.441519548394005,51.6500000000001,51.6500000000001,51.6500000000001,51.6500000000001
2025-12-26T11:35:35.547920,23.350,389.41930649716653,3044.7527377018705,21.79010950807482,4100,1500,1520,40.0,35.0,20.0,3044.7527377018705,16.342582131056115,1500,1520,800,0,0,21.79010950807482,21.79010950807482,10.89505475403741,0.0,4100,4200,390.0,16.342582131056115,32.33500000000002,25.0,25.0,-0.7779336985210635,0.6283463700104737,1.0,0.0,0.0,0.0,0.0,36.02788957021078,42.47304614332074,42.8044215707326,36.18934311238334,51.6750000000001,51.6750000000001,51.6750000000001,51.6750000000001
2025-12-26T11:35:35.601491,23.400,389.0500561589788,3026.1688837586385,21.046755350345535,4100,1500,1520,40.0,35.0,20.0,3026.1688837586385,15.785066512759151,1500,1520,800,0,0,21.046755350345535,21.046755350345535,10.523377675172767,0.0,4100,4200,390.0,15.785066512759153,32.34000000000002,25.0,25.0,-0.7619835839189688,0.6475963386539517,0.9999999999999999,0.0,0.0,0.0,0.0,39.60897408401886,40.5235062478296,44.31455896007953,37.51213316590985,51.7000000000001,51.7000000000001,51.7000000000001,51.7000000000001
2025-12-26T11:35:35.651550,23.450,389.2042058588012,3012.518579654636,20.500743186185446,4100,1500,1520,40.0,35.0,20.0,3012.518579654636,15.375557389639084,1500,1520,800,0,0,20.500743186185446,20.500743186185446,10.250371593092723,0.0,4100,4200,390.0,15.375557389639084,32.34500000000002,25.0,25.0,-0.7455572543805612,0.666441580665942,1.0,0.0,0.0,0.0,0.0,38.83444201443704,36.941837479396234,40.65357678298624,38.071783818501636,51.7250000000001,51.7250000000001,51.7250000000001,51.7250000000001
2025-12-26T11:35:35.703106,23.500,389.2064963106672,3003.8359440411828,20.15343776164731,4100,1500,1520,40.0,35.0,20.0,3003.8359440411828,15.115078321235483,1500,1520,800,0,0,20.15343776164731,20.15343776164731,10.076718880823655,0.0,4100,4200,390.0,15.115078321235483,32.35000000000002,25.0,25.0,-0.7286649758271019,0.6848703183836258,0.9999999999999999,0.0,0.0,0.0,0.0,44.203820558695355,35.0986831764764,38.09815895121358,42.498300231913404,51.7500000000001,51.7500000000001,51.7500000000001,51.7500000000001
2025-12-26T11:35:35.754160,23.550,389.26549511047415,3000.142678985483,20.005707159419316,4100,1500,1520,40.0,35.0,20.0,3000.142678985483,15.004280369564487,1500,1520,800,0,0,20.005707159419316,20.005707159419316,10.002853579709658,0.0,4100,4200,390.0,15.004280369564487,32.35500000000002,25.0,25.0,-0.7113173053828195,0.7028710344458111,0.9999999999999999,0.0,0.0,0.0,0.0,41.4259405155277,43.8619160261295,38.364040706676754,40.296417914153835,51.7750000000001,51.7750000000001,51.7750000000001,51.7750000000001
2025-12-26T11:35:35.805688,23.600,389.38331661352083,3001.44801572676,20.057920629070395,4100,1500,1520,40.0,35.0,20.0,3001.44801572676,15.043440471802796,1500,1520,800,0,0,20.057920629070395,20.057920629070395,10.028960314535198,0.0,4100,4200,390.0,15.043440471802796,32.36000000000002,25.0,25.0,-0.6935250847770507,0.7204324789909077,1.0,0.0,0.0,0.0,0.0,42.0739284224081,37.858894210062275,35.058048891387365,43.103482109321575,51.8000000000001,51.8000000000001,51.8000000000001,51.8000000000001
2025-12-26T11:35:35.856747,23.650,389.5145684815213,3007.7486916029675,20.30994766411868,4100,1500,1520,40.0,35.0,20.0,3007.7486916029675,15.23246074808901,1500,1520,800,0,0,20.30994766411868,20.30994766411868,10.15497383205934,0.0,4100,4200,390.0,15.23246074808901,32.36500000000002,25.0,25.0,-0.6752994335685122,0.7375436766877244,0.9999999999999999,0.0,0.0,0.0,0.0,36.341808641197304,38.3108790572206,39.621654987594,43.82496508452641,51.8250000000001,51.8250000000001,51.8250000000001,51.8250000000001
2025-12-26T11:35:35.907278,23.700,389.40205903597945,3019.028958205743,20.761158328229712,4100,1500,1520,40.0,35.0,20.0,3019.028958205743,15.570868746172284,1500,1520,800,0,0,20.761158328229712,20.761158328229712,10.380579164114856,0.0,4100,4200,390.0,15.570868746172284,32.37000000000002,25.0,25.0,-0.6566517421959389,0.7541939335946943,1.0,0.0,0.0,0.0,0.0,43.01042394418675,44.72501751637289,36.68935768411954,44.50643094485136,51.8500000000001,51.8500000000001,51.8500000000001,51.8500000000001
2025-12-26T11:35:35.957495,23.750,389.6259649106849,3035.260620743229,21.410424829729166,4100,1500,1520,40.0,35.0,20.0,3035.260620743229,16.057818622296875,1500,1520,800,0,0,21.410424829729166,21.410424829729166,10.705212414864583,0.0,4100,4200,390.0,16.057818622296875,32.37500000000002,25.0,25.0,-0.63759366485943,0.7703728438432399,1.0,0.0,0.0,0.0,0.0,38.36958397321896,39.69738912043008,37.641882463281505,39.16283580445477,51.8750000000001,51.8750000000001,51.8750000000001,51.8750000000001
2025-12-26T11:35:36.008057,23.800,389.0041432329738,3056.403108512369,22.25612434049475,4100,1500,1520,40.0,35.0,20.0,3056.403108512369,16.692093255371063,1500,1520,800,0,0,22.25612434049475,22.25612434049475,11.128062170247375,0.0,4100,4200,390.0,16.692093255371063,32.380000000000024,25.0,25.0,-0.6181371122369537,0.7860702961411019,0.9999999999999999,0.0,0.0,0.0,0.0,37.73514958053862,44.61964584983237,35.70732222967202,39.52616067034157,51.900000000000105,51.900000000000105,51.900000000000105,51.900000000000105
2025-12-26T11:35:36.059832,23.850,389.6218574510275,3082.403576304534,23.29614305218135,4100,1500,1520,40.0,35.0,20.0,3082.403576304534,17.472107289136012,1500,1520,800,0,0,23.29614305218135,23.29614305218135,11.648071526090675,0.0,4100,4200,390.0,17.472107289136012,32.38500000000002,25.0,25.0,-0.5982942440405609,0.8012764800915685,1.0,0.0,0.0,0.0,0.0,41.81732955412358,36.583478677670755,36.62293736175535,36.72948550352454,51.925000000000104,51.925000000000104,51.925000000000104,51.925000000000104
2025-12-26T11:35:36.110357,23.900,388.5951179903714,3113.1970364910258,24.527881459641037,4100,1500,1520,40.0,35.0,20.0,3113.1970364910258,18.395911094730778,1500,1520,800,0,0,24.527881459641037,24.527881459641037,12.263940729820519,0.0,4100,4200,390.0,18.395911094730778,32.39000000000002,25.0,25.0,-0.578077461416961,0.8159818923246532,1.0,0.0,0.0,0.0,0.0,43.544147895778536,40.469327984943035,38.49214124276641,40.89725328035931,51.9500000000001,51.9500000000001,51.9500000000001,51.9500000000001
2025-12-26T11:35:36.161419,23.950,389.4195386291911,3148.706521458302,25.948260858332077,4100,1500,1520,40.0,35.0,20.0,3148.706521458302,19.461195643749058,1500,1520,800,0,0,25.948260858332077,25.948260858332077,12.974130429166038,0.0,4100,4200,390.0,19.461195643749058,32.39500000000002,25.0,25.0,-0.5574993991972093,0.8301773424363922,1.0,0.0,0.0,0.0,0.0,36.02466307394128,44.281123934100165,35.07272660139236,40.89077041661192,51.9750000000001,51.9750000000001,51.9750000000001,51.9750000000001
2025-12-26T11:35:36.214971,24.000,388.8094455074214,3188.8432759869274,27.553731039477086,4100,1500,1520,40.0,35.0,20.0,3188.8432759869274,20.665298279607814,1500,1520,800,0,0,27.553731039477086,27.553731039477086,13.776865519738543,0.0,4100,4200,390.0,20.665298279607814,32.40000000000002,25.0,25.0,-0.536572918000348,0.8438539587325474,1.0,0.0,0.0,0.0,0.0,38.71656109855743,38.37116967653996,43.64247333933483,37.08273194580263,52.0000000000001,52.0000000000001,52.0000000000001,52.0000000000001
2025-12-26T11:35:36.267609,24.050,388.66512346164797,3233.5069790933967,29.340279163735886,4100,1500,1520,40.0,35.0,20.0,3233.5069790933967,22.005209372801914,1500,1520,800,0,0,29.340279163735886,29.340279163735886,14.670139581867943,0.0,4100,4200,390.0,22.005209372801914,32.40500000000002,25.0,25.0,-0.5153110961959391,0.8570031937731268,1.0,0.0,0.0,0.0,0.0,41.69107705142481,38.36726033478529,41.0902735989101,40.93467921165277,52.025000000000105,52.025000000000105,52.025000000000105,52.025000000000105
2025-12-26T11:35:36.318122,24.100,388.57824839318727,3282.585994780352,31.30343979121409,4100,1500,1520,40.0,35.0,20.0,3282.585994780352,23.477579843410567,1500,1520,800,0,0,31.30343979121409,31.30343979121409,15.651719895607044,0.0,4100,4200,390.0,23.477579843410567,32.41000000000002,25.0,25.0,-0.49372722173050787,0.8696168297142564,1.0,0.0,0.0,0.0,0.0,38.97567561525547,43.75618439033104,39.93130103525212,40.06014424158898,52.050000000000104,52.050000000000104,52.050000000000104,52.050000000000104
2025-12-26T11:35:36.369159,24.150,388.8892159460465,3335.957651068433,33.438306042737324,4100,1500,1520,40.0,35.0,20.0,3335.957651068433,25.078729532052993,1500,1520,800,0,0,33.438306042737324,33.438306042737324,16.719153021368662,0.0,4100,4200,390.0,25.078729532052993,32.41500000000002,25.0,25.0,-0.4718347838230099,0.8816869834440642,0.9999999999999999,0.0,0.0,0.0,0.0,44.915223315229575,36.18060683558937,41.32484247163245,39.81492634950846,52.0750000000001,52.0750000000001,52.0750000000001,52.0750000000001
2025-12-26T11:35:36.419684,24.200,388.5496560028219,3393.48854661234,35.7395418644936,4100,1500,1520,40.0,35.0,20.0,3393.48854661234,26.804656398370202,1500,1520,800,0,0,35.7395418644936,35.7395418644936,17.8697709322468,0.0,4100,4200,390.0,26.804656398370202,32.42000000000002,25.0,25.0,-0.4496474645345079,0.8932061115093697,1.0,0.0,0.0,0.0,0.0,35.61379813495245,36.70798900251685,39.638679952829456,35.28104754038892,52.10000000000011,52.10000000000011,52.10000000000011,52.10000000000011
2025-12-26T11:35:36.470238,24.250,388.7882269323208,3455.034884134725,38.201395365389004,4100,1500,1520,40.0,35.0,20.0,3455.034884134725,28.651046524041753,1500,1520,800,0,0,38.201395365389004,38.201395365389004,19.100697682694502,0.0,4100,4200,390.0,28.651046524041753,32.42500000000002,25.0,25.0,-0.4271791302173285,0.9041670148300958,0.9999999999999999,0.0,0.0,0.0,0.0,40.4906986927693,43.983397269482076,43.52688499158343,40.866301556978826,52.12500000000011,52.12500000000011,52.12500000000011,52.12500000000011
2025-12-26T11:35:36.520501,24.300,388.0900135048085,3520.4428298444955,40.81771319377981,4100,1500,1520,40.0,35.0,20.0,3520.4428298444955,30.613284895334857,1500,1520,800,0,0,40.81771319377981,40.81771319377981,20.408856596889905,0.0,4100,4200,390.0,30.613284895334857,32.43000000000002,25.0,25.0,-0.40444382284904423,0.9145628431984599,0.9999999999999999,0.0,0.0,0.0,0.0,36.78861244348722,44.69777989767265,44.318943420857835,44.11803612717223,52.150000000000105,52.150000000000105,52.150000000000105,52.150000000000105
2025-12-26T11:35:36.571077,24.350,388.0213091372684,3589.5488979411757,43.581955917647015,4100,1500,1520,40.0,35.0,20.0,3589.5488979411757,32.68646693823526,1500,1520,800,0,0,43.581955917647015,43.581955917647015,21.790977958823508,0.0,4100,4200,390.0,32.68646693823526,32.435000000000024,25.0,25.0,-0.3814557512566941,0.9243870995601308,1.0,0.0,0.0,0.0,0.0,40.82512503055902,38.060700904715425,36.584904253334145,40.84550760198977,52.175000000000104,52.175000000000104,52.175000000000104,52.175000000000104
2025-12-26T11:35:36.622124,24.400,388.40693183010814,3662.1803592442684,46.48721436977073,4100,1500,1520,40.0,35.0,20.0,3662.1803592442684,34.86541077732805,1500,1520,800,0,0,46.48721436977073,46.48721436977073,23.243607184885366,0.0,4100,4200,390.0,34.86541077732805,32.44000000000002,25.0,25.0,-0.35822928223672923,0.9336336440746755,1.0,0.0,0.0,0.0,0.0,36.39830251618625,35.18959829167548,38.58777267623726,42.72348093296114,52.2000000000001,52.2000000000001,52.2000000000001,52.2000000000001
2025-12-26T11:35:36.672669,24.450,388.06616252009263,3738.15567292625,49.52622691705002,4100,1500,1520,40.0,35.0,20.0,3738.15567292625,37.14467018778751,1500,1520,800,0,0,49.52622691705002,49.52622691705002,24.76311345852501,0.0,4100,4200,390.0,37.14467018778751,32.44500000000002,25.0,25.0,-0.3347789315762329,0.9422966979527605,1.0,0.0,0.0,0.0,0.0,41.334497536142536,42.65590897111022,41.955384520029384,35.33675069548421,52.22500000000011,52.22500000000011,52.22500000000011,52.22500000000011
2025-12-26T11:35:36.723703,24.500,388.3201931609864,3817.284940270095,52.691397610803804,4100,1500,1520,40.0,35.0,20.0,3817.284940270095,39.51854820810286,1500,1520,800,0,0,52.691397610803804,52.691397610803804,26.345698805401902,0.0,4100,4200,390.0,39.51854820810286,32.450000000000024,25.0,25.0,-0.31111935498102605,0.9503708470677067,1.0,0.0,0.0,0.0,0.0,36.42984692345887,42.42448267835902,44.583215568973365,36.44878468863861,52.25000000000011,52.25000000000011,52.25000000000011,52.25000000000011
2025-12-26T11:35:36.774229,24.550,388.1239831326831,3899.370379317168,55.97481517268673,4100,1500,1520,40.0,35.0,20.0,3899.370379317168,41.98111137951505,1500,1520,800,0,0,55.97481517268673,55.97481517268673,27.987407586343366,0.0,4100,4200,390.0,41.98111137951505,32.45500000000002,25.0,25.0,-0.2872653389163282,0.957851045339142,1.0,0.0,0.0,0.0,0.0,35.43185792480565,40.06996675819428,36.09637754001251,37.61739369765246,52.275000000000105,52.275000000000105,52.275000000000105,52.275000000000105
2025-12-26T11:35:36.826273,24.600,387.6011559829212,3984.206819219123,59.368272768764925,4100,1500,1520,40.0,35.0,20.0,3984.206819219123,44.52620457657369,1500,1520,800,0,0,59.368272768764925,59.368272768764925,29.684136384382462,0.0,4100,4200,390.0,44.52620457657369,32.46000000000002,25.0,25.0,-0.26323179136569813,0.9647326178866379,1.0,0.0,0.0,0.0,0.0,35.69812302996128,41.47862288208431,41.82449145652275,42.66094334616448,52.30000000000011,52.30000000000011,52.30000000000011,52.30000000000011
2025-12-26T11:35:36.876803,24.650,387.9608995040231,4071.582213058168,62.86328852232672,4100,1500,1520,40.0,35.0,20.0,4071.582213058168,47.14746639174504,1500,1520,800,0,0,62.86328852232672,62.86328852232672,31.43164426116336,0.0,4100,4200,390.0,47.14746639174504,32.465000000000025,25.0,25.0,-0.23903373251402918,0.9710112639513568,1.0,0.0,0.0,0.0,0.0,44.65786453026301,42.634091715508646,40.80053724421212,36.90874620361306,52.32500000000011,52.32500000000011,52.32500000000011,52.32500000000011
2025-12-26T11:35:36.927386,24.700,387.5696228359626,4161.27816785393,66.45112671415723,4100,1500,1520,40.0,35.0,20.0,4161.27816785393,49.83834503561792,1500,1520,800,0,0,66.45112671415723,66.45112671415723,33.22556335707861,0.0,4100,4200,390.0,49.83834503561792,32.47000000000002,25.0,25.0,-0.21468628536042283,0.9766830595838872,0.9999999999999999,0.0,0.0,0.0,0.0,41.14089734318111,44.979732658236216,38.47603287063075,39.35220261489669,52.35000000000011,52.35000000000011,52.35000000000011,52.35000000000011
2025-12-26T11:35:36.977916,24.750,387.00532610513824,4253.070490432173,70.12281961728691,4100,1500,1520,40.0,35.0,20.0,4253.070490432173,52.592114712965184,1500,1520,800,0,0,70.12281961728691,70.12281961728691,35.061409808643454,0.0,4100,4200,390.0,52.59211471296519,32.47500000000002,25.0,25.0,-0.1902046662668065,0.9817444600965838,1.0,0.0,0.0,0.0,0.0,38.504090627330314,42.47426418815777,44.70640983805199,44.447837856693525,52.37500000000011,52.37500000000011,52.37500000000011,52.37500000000011
2025-12-26T11:35:37.028539,24.800,387.55903472717466,4346.729747790965,73.86918991163861,4100,1500,1520,40.0,35.0,20.0,4346.729747790965,55.40189243372896,1500,1520,800,0,0,73.86918991163861,73.86918991163861,36.93459495581931,0.0,4100,4200,390.0,55.40189243372896,32.48000000000002,25.0,25.0,-0.16560417544820252,0.9861923022788815,0.9999999999999999,0.0,0.0,0.0,0.0,39.48548116581386,35.21952551574114,40.346479198387016,43.980539476376414,52.400000000000105,52.400000000000105,52.400000000000105,52.400000000000105
2025-12-26T11:35:37.079076,24.850,386.73166573745317,4442.02184056371,77.68087362254839,4100,1500,1520,40.0,35.0,20.0,4442.02184056371,58.26065521691129,1500,1520,800,0,0,77.68087362254839,77.68087362254839,38.840436811274195,0.0,4100,4200,390.0,58.26065521691129,32.48500000000002,25.0,25.0,-0.14090018741059207,0.9900238063742003,1.0,0.0,0.0,0.0,0.0,40.37819510853783,38.09419378787723,44.11308826856978,41.821299551163186,52.42500000000011,52.42500000000011,52.42500000000011,52.42500000000011
2025-12-26T11:35:37.130806,24.900,387.0375585213956,4538.708588145637,81.54834352582549,4100,1500,1520,40.0,35.0,20.0,4538.708588145637,61.161257644369115,1500,1520,800,0,0,81.54834352582549,81.54834352582549,40.774171762912744,0.0,4100,4200,390.0,61.161257644369115,32.49000000000002,25.0,25.0,-0.11610814134234906,0.9932365778172012,1.0,0.0,0.0,0.0,0.0,42.104880295767366,36.12763873253239,36.92231289260892,39.09099732756739,52.45000000000011,52.45000000000011,52.45000000000011,52.45000000000011
2025-12-26T11:35:37.184331,24.950,386.50795013127976,4636.548324021277,85.4619329608511,4100,1500,1520,40.0,35.0,20.0,4636.548324021277,64.09644972063833,1500,1520,800,0,0,85.4619329608511,85.4619329608511,42.73096648042555,0.0,4100,4200,390.0,64.09644972063833,32.49500000000002,25.0,25.0,-0.09124353146525024,0.9958286087303125,1.0,0.0,0.0,0.0,0.0,39.65650635972182,42.27124798292917,36.20053726746647,42.10796375601016,52.47500000000011,52.47500000000011,52.47500000000011,52.47500000000011
2025-12-26T11:35:37.233872,25.000,386.49730287800463,4735.29649980489,89.41185999219562,4100,1500,1520,40.0,35.0,20.0,4735.29649980489,67.05889499414671,1500,1520,800,0,0,89.41185999219562,89.41185999219562,44.70592999609781,0.0,4100,4200,390.0,67.05889499414671,32.50000000000002,25.0,25.0,-0.0663218973510908,0.997798279178588,1.0,0.0,0.0,0.0,0.0,39.082043564901525,43.48502935928301,42.593851124266,44.747233236358895,52.500000000000114,52.500000000000114,52.500000000000114,52.500000000000114
2025-12-26T11:35:37.284405,25.050,386.7126928473464,4834.706296484073,93.38825185936294,4100,1500,1520,40.0,35.0,20.0,4834.706296484073,70.04118889452221,1500,1520,800,0,0,93.38825185936294,93.38825185936294,46.69412592968147,0.0,4100,4200,390.0,70.04118889452221,32.505000000000024,25.0,25.0,-0.04135881420995787,0.9991443581821128,0.9999999999999999,0.0,0.0,0.0,0.0,38.80358382713611,39.4783894186155,41.61134131636905,39.26781309472206,52.52500000000011,52.52500000000011,52.52500000000011,52.52500000000011
2025-12-26T11:35:37.335015,25.100,386.5701519921,4934.52924133875,97.38116965354999,4100,1500,1520,40.0,35.0,20.0,4934.52924133875,73.03587724016249,1500,1520,800,0,0,97.38116965354999,97.38116965354999,48.690584826774995,0.0,4100,4200,390.0,73.03587724016249,32.51000000000002,25.0,25.0,-0.016369883156231245,0.9998660044853267,1.0,0.0,0.0,0.0,0.0,37.49876063849693,40.59212092898941,43.89549074859244,39.972323590311774,52.55000000000011,52.55000000000011,52.55000000000011,52.55000000000011
2025-12-26T11:35:37.385534,25.150,385.70921014118824,5034.515828993567,101.38063315974267,4100,1500,1520,40.0,35.0,20.0,5034.515828993567,76.035474869807,1500,1520,800,0,0,101.38063315974267,101.38063315974267,50.690316579871336,0.0,4100,4200,390.0,76.035474869807,32.51500000000002,25.0,25.0,0.008629278541605329,0.9999627670827806,1.0,0.0,0.0,0.0,0.0,41.89635314977297,40.93768719460279,37.72203114983522,35.711126122974434,52.57500000000011,52.57500000000011,52.57500000000011,52.57500000000011
2025-12-26T11:35:37.436064,25.200,386.0505935243933,5134.416145051397,105.37664580205586,4100,1500,1520,40.0,35.0,20.0,5134.416145051397,79.0324843515419,1500,1520,800,0,0,105.37664580205586,105.37664580205586,52.68832290102793,0.0,4100,4200,390.0,79.0324843515419,32.520000000000024,25.0,25.0,0.03362304722124854,0.9994345855010011,1.0,0.0,0.0,0.0,0.0,39.60856921649136,40.26035546118886,38.647958831110394,42.72143316016396,52.60000000000011,52.60000000000011,52.60000000000011,52.60000000000011
2025-12-26T11:35:37.486593,25.250,386.3226520099475,5233.9804907491725,109.3592196299669,4100,1500,1520,40.0,35.0,20.0,5233.9804907491725,82.01941472247518,1500,1520,800,0,0,109.3592196299669,109.3592196299669,54.67960981498345,0.0,4100,4200,390.0,82.01941472247518,32.52500000000002,25.0,25.0,0.05859580259085591,0.9982817898362834,1.0,0.0,0.0,0.0,0.0,41.23374947803651,44.65354941984546,37.53323347163072,44.23770697167453,52.625000000000114,52.625000000000114,52.625000000000114,52.625000000000114
2025-12-26T11:35:37.537146,25.300,385.87197876348444,5332.96000707476,113.3184002829904,4100,1500,1520,40.0,35.0,20.0,5332.96000707476,84.9888002122428,1500,1520,800,0,0,113.3184002829904,113.3184002829904,56.6592001414952,0.0,4100,4200,390.0,84.9888002122428,32.53000000000002,25.0,25.0,0.0835319374912197,0.996505100548393,0.9999999999999999,0.0,0.0,0.0,0.0,43.02747661088593,37.29451129760024,42.63671922457924,39.60954275476777,52.65000000000011,52.65000000000011,52.65000000000011,52.65000000000011
2025-12-26T11:35:37.589684,25.350,385.3893465756953,5431.1072967848795,117.24429187139519,4100,1500,1520,40.0,35.0,20.0,5431.1072967848795,87.93321890354639,1500,1520,800,0,0,117.24429187139519,117.24429187139519,58.622145935697596,0.0,4100,4200,390.0,87.93321890354639,32.535000000000025,25.0,25.0,0.10841586764973342,0.9941056280103012,0.9999999999999999,0.0,0.0,0.0,0.0,35.1767016993218,38.26909281386558,38.54384427460475,37.67576457169205,52.67500000000011,52.67500000000011,52.67500000000011,52.67500000000011
2025-12-26T11:35:37.642278,25.400,385.7383796221319,5528.177042769377,121.12708171077509,4100,1500,1520,40.0,35.0,20.0,5528.177042769377,90.84531128308132,1500,1520,800,0,0,121.12708171077509,121.12708171077509,60.563540855387544,0.0,4100,4200,390.0,90.84531128308132,32.54000000000002,25.0,25.0,0.13323204142005488,0.9910848718142381,0.9999999999999999,0.0,0.0,0.0,0.0,44.53793603339413,44.86211117060573,36.06270394327829,36.00683708405245,52.70000000000012,52.70000000000012,52.70000000000012,52.70000000000012
2025-12-26T11:35:37.693293,25.450,385.1216486951564,5623.926621216238,124.95706484864952,4100,1500,1520,40.0,35.0,20.0,5623.926621216238,93.71779863648715,1500,1520,800,0,0,124.95706484864952,124.95706484864952,62.47853242432476,0.0,4100,4200,390.0,93.71779863648715,32.54500000000002,25.0,25.0,0.157964949501379,0.9874447198344962,1.0,0.0,0.0,0.0,0.0,38.817033158085096,40.79104278612515,43.668514796265356,36.38673034393535,52.725000000000115,52.725000000000115,52.725000000000115,52.725000000000115
2025-12-26T11:35:37.743896,25.500,385.5654192723702,5718.116708044761,128.72466832179043,4100,1500,1520,40.0,35.0,20.0,5718.116708044761,96.54350124134282,1500,1520,800,0,0,128.72466832179043,128.72466832179043,64.36233416089522,0.0,4100,4200,390.0,96.54350124134282,32.550000000000026,25.0,25.0,0.18259913463124577,0.983187447047571,1.0,0.0,0.0,0.0,0.0,35.386131308964075,36.216348148523196,42.76675933980985,40.84631945178216,52.750000000000114,52.750000000000114,52.750000000000114,52.750000000000114
2025-12-26T11:35:37.795522,25.550,385.2061688916946,5810.511877091124,132.42047508364496,4100,1500,1520,40.0,35.0,20.0,5810.511877091124,99.31535631273371,1500,1520,800,0,0,132.42047508364496,132.42047508364496,66.21023754182248,0.0,4100,4200,390.0,99.31535631273371,32.55500000000002,25.0,25.0,0.20711920124582647,0.9783157141103739,1.0,0.0,0.0,0.0,0.0,44.57256523419095,35.05006501059282,43.02771506661376,37.91163735837565,52.77500000000011,52.77500000000011,52.77500000000011,52.77500000000011
2025-12-26T11:35:37.846060,25.600,385.21738877347616,5900.881188551184,136.0352475420474,4100,1500,1520,40.0,35.0,20.0,5900.881188551184,102.02643565653554,1500,1520,800,0,0,136.0352475420474,136.0352475420474,68.0176237710237,0.0,4100,4200,390.0,102.02643565653554,32.560000000000024,25.0,25.0,0.23150982510164955,0.9728325656974091,1.0,0.0,0.0,0.0,0.0,36.64679440396447,44.832714929136245,40.43706990708157,39.221843980385145,52.80000000000011,52.80000000000011,52.80000000000011,52.80000000000011
2025-12-26T11:35:37.896590,25.650,385.0590187542384,5988.998766209721,139.55995064838882,4100,1500,1520,40.0,35.0,20.0,5988.998766209721,104.66996298629161,1500,1520,800,0,0,139.55995064838882,139.55995064838882,69.77997532419441,0.0,4100,4200,390.0,104.66996298629161,32.565000000000026,25.0,25.0,0.2557557628527542,0.9667414285979502,0.9999999999999999,0.0,0.0,0.0,0.0,38.376611493891964,41.65376691088488,39.9614606019995,35.743420667093744,52.82500000000012,52.82500000000012,52.82500000000012,52.82500000000012
2025-12-26T11:35:37.946976,25.700,384.84528889444243,6074.644362013333,142.98577448053334,4100,1500,1520,40.0,35.0,20.0,6074.644362013333,107.2393308604,1500,1520,800,0,0,142.98577448053334,142.98577448053334,71.49288724026667,0.0,4100,4200,390.0,107.23933086040002,32.57000000000002,25.0,25.0,0.27984186157728536,0.9600461095744097,1.0,0.0,0.0,0.0,0.0,38.1895844222627,41.38028383088312,36.30851071495121,42.54213628500982,52.850000000000115,52.850000000000115,52.850000000000115,52.850000000000115
2025-12-26T11:35:37.997506,25.750,384.0468317463304,6157.603906575877,146.30415626303508,4100,1500,1520,40.0,35.0,20.0,6157.603906575877,109.7281171972763,1500,1520,800,0,0,146.30415626303508,146.30415626303508,73.15207813151754,0.0,4100,4200,390.0,109.7281171972763,32.575000000000024,25.0,25.0,0.30375306824757653,0.952750792983235,0.9999999999999999,0.0,0.0,0.0,0.0,42.35387551339262,40.354663234212104,37.43965441532664,36.2568733773097,52.875000000000114,52.875000000000114,52.875000000000114,52.875000000000114
2025-12-26T11:35:38.062089,25.800,384.64053663019405,6237.670044240442,149.50680176961765,4100,1500,1520,40.0,35.0,20.0,6237.670044240442,112.13010132721324,1500,1520,800,0,0,149.50680176961765,149.50680176961765,74.75340088480883,0.0,4100,4200,390.0,112.13010132721324,32.58000000000003,25.0,25.0,0.32747443913780216,0.9448600381598229,1.0,0.0,0.0,0.0,0.0,38.08162325863988,37.13815802999391,44.899760427516185,42.49871165380607,52.90000000000012,52.90000000000012,52.90000000000012,52.90000000000012
2025-12-26T11:35:38.118244,25.850,383.809257685126,6314.642651360503,152.58570605442014,4100,1500,1520,40.0,35.0,20.0,6314.642651360503,114.43927954081511,1500,1520,800,0,0,152.58570605442014,152.58570605442014,76.29285302721007,0.0,4100,4200,390.0,114.4392795408151,32.58500000000002,25.0,25.0,0.3509911491633198,0.9363787765690827,1.0,0.0,0.0,0.0,0.0,35.63879418866839,40.18262720944342,40.19895314736888,36.46373462116352,52.92500000000012,52.92500000000012,52.92500000000012,52.92500000000012
2025-12-26T11:35:38.169835,25.900,383.96461606947855,6388.329336504821,155.53317346019287,4100,1500,1520,40.0,35.0,20.0,6388.329336504821,116.64988009514465,1500,1520,800,0,0,155.53317346019287,155.53317346019287,77.76658673009644,0.0,4100,4200,390.0,116.64988009514465,32.590000000000025,25.0,25.0,0.3742885011458654,0.9273123087234318,0.9999999999999999,0.0,0.0,0.0,0.0,37.584300278064504,35.25017870545506,36.51845854578059,39.14213103959761,52.95000000000012,52.95000000000012,52.95000000000012,52.95000000000012
2025-12-26T11:35:38.220855,25.950,383.6455906871628,6458.545921335819,158.34183685343277,4100,1500,1520,40.0,35.0,20.0,6458.545921335819,118.75637764007458,1500,1520,800,0,0,158.34183685343277,158.34183685343277,79.17091842671638,0.0,4100,4200,390.0,118.75637764007459,32.59500000000003,25.0,25.0,0.3973519349988116,0.9176663008701476,1.0,0.0,0.0,0.0,0.0,44.59891075665224,35.80965952837708,39.144834162092515,43.38827724099297,52.975000000000115,52.975000000000115,52.975000000000115,52.975000000000115
2025-12-26T11:35:38.271985,26.000,383.77400615681967,6525.116900959509,161.00467603838035,4100,1500,1520,40.0,35.0,20.0,6525.116900959509,120.75350702878526,1500,1520,800,0,0,161.00467603838035,161.00467603838035,80.50233801919018,0.0,4100,4200,390.0,120.75350702878526,32.60000000000002,25.0,25.0,0.42016703682674733,0.907446781450147,1.0,0.0,0.0,0.0,0.0,42.26767112613624,35.38657737321036,35.38483115366391,35.15632261026067,53.000000000000114,53.000000000000114,53.000000000000114,53.000000000000114
2025-12-26T11:35:38.326613,26.050,383.71197930122554,6587.875882596328,163.5150353038531,4100,1500,1520,40.0,35.0,20.0,6587.875882596328,122.63627647788982,1500,1520,800,0,0,163.5150353038531,163.5150353038531,81.75751765192655,0.0,4100,4200,390.0,122.63627647788982,32.605000000000025,25.0,25.0,0.4427195479336938,0.8966601373304078,1.0,0.0,0.0,0.0,0.0,44.286997002372765,38.12703664837718,35.150584551355465,38.17188878844063,53.02500000000012,53.02500000000012,53.02500000000012,53.02500000000012
2025-12-26T11:35:38.377152,26.100,383.3133353034426,6646.666001476429,165.86664005905715,4100,1500,1520,40.0,35.0,20.0,6646.666001476429,124.39998004429286,1500,1520,800,0,0,165.86664005905715,165.86664005905715,82.93332002952857,0.0,4100,4200,390.0,124.39998004429285,32.61000000000002,25.0,25.0,0.46499537373432503,0.8853131098123846,1.0,0.0,0.0,0.0,0.0,40.18917105409675,43.986624259668844,42.04422974865473,39.06962764450699,53.05000000000012,53.05000000000012,53.05000000000012,53.05000000000012
2025-12-26T11:35:38.427329,26.150,383.99739080995977,6701.340312919915,168.05361251679662,4100,1500,1520,40.0,35.0,20.0,6701.340312919915,126.04020938759746,1500,1520,800,0,0,168.05361251679662,168.05361251679662,84.02680625839831,0.0,4100,4200,390.0,126.04020938759746,32.61500000000002,25.0,25.0,0.4869805925626251,0.8734127904189144,1.0,0.0,0.0,0.0,0.0,43.33003861656112,39.51633418228997,36.390682909607555,36.582447356850935,53.07500000000012,53.07500000000012,53.07500000000012,53.07500000000012
2025-12-26T11:35:38.477868,26.200,383.89143661916796,6751.762159622009,170.07048638488033,4100,1500,1520,40.0,35.0,20.0,6751.762159622009,127.55286478866024,1500,1520,800,0,0,170.07048638488033,170.07048638488033,85.03524319244016,0.0,4100,4200,390.0,127.55286478866023,32.620000000000026,25.0,25.0,0.5086614643724762,0.8609666164622459,1.0,0.0,0.0,0.0,0.0,38.695611930247885,41.14846916946719,36.70953988480788,39.47333848651325,53.10000000000012,53.10000000000012,53.10000000000012,53.10000000000012
2025-12-26T11:35:38.528546,26.250,383.5138928046915,6797.805513225143,171.9122205290057,4100,1500,1520,40.0,35.0,20.0,6797.805513225143,128.93416539675428,1500,1520,800,0,0,171.9122205290057,171.9122205290057,85.95611026450285,0.0,4100,4200,390.0,128.93416539675428,32.62500000000002,25.0,25.0,0.5300244393247399,0.8479823663959618,1.0,0.0,0.0,0.0,0.0,42.86141551216251,40.89182197382682,44.753552072423176,42.84848878849402,53.12500000000012,53.12500000000012,53.12500000000012,53.12500000000012
2025-12-26T11:35:38.580084,26.300,383.7225042876825,6839.355289324227,173.57421157296906,4100,1500,1520,40.0,35.0,20.0,6839.355289324227,130.1806586797268,1500,1520,800,0,0,173.57421157296906,173.57421157296906,86.78710578648453,0.0,4100,4200,390.0,130.1806586797268,32.630000000000024,25.0,25.0,0.5510561662554658,0.8344681549536977,1.0,0.0,0.0,0.0,0.0,43.35456123219648,36.167947880168725,35.19505923095702,41.25584231808861,53.15000000000012,53.15000000000012,53.15000000000012,53.15000000000012
2025-12-26T11:35:38.632512,26.350,383.212319479785,6876.307635117717,175.05230540470865,4100,1500,1520,40.0,35.0,20.0,6876.307635117717,131.28922905353147,1500,1520,800,0,0,175.05230540470865,175.05230540470865,87.52615270235432,0.0,4100,4200,390.0,131.28922905353147,32.635000000000026,25.0,25.0,0.5717435010199347,0.8204324280776986,1.0,0.0,0.0,0.0,0.0,43.17882351145511,36.713299036389124,35.03701541643288,39.47626307804414,53.17500000000012,53.17500000000012,53.17500000000012,53.17500000000012
2025-12-26T11:35:38.685057,26.400,383.02008276184523,6908.570188985538,176.34280755942154,4100,1500,1520,40.0,35.0,20.0,6908.570188985538,132.25710566956616,1500,1520,800,0,0,176.34280755942154,176.34280755942154,88.17140377971077,0.0,4100,4200,390.0,132.25710566956616,32.64000000000002,25.0,25.0,0.5920735147073204,0.8058839576403792,1.0,0.0,0.0,0.0,0.0,40.73135834829907,43.55302628586148,35.061376242086645,44.14817046444634,53.20000000000012,53.20000000000012,53.20000000000012,53.20000000000012
2025-12-26T11:35:38.735613,26.450,383.1763553576707,6936.0623113450365,177.44249245380144,4100,1500,1520,40.0,35.0,20.0,6936.0623113450365,133.0818693403511,1500,1520,800,0,0,177.44249245380144,177.44249245380144,88.72124622690072,0.0,4100,4200,390.0,133.0818693403511,32.645000000000024,25.0,25.0,0.6120335017208388,0.7908318359621899,1.0,0.0,0.0,0.0,0.0,44.7757573937332,38.69873718828458,36.81666178493758,37.91762724006168,53.22500000000012,53.22500000000012,53.22500000000012,53.22500000000012
2025-12-26T11:35:38.786254,26.500,383.5393882713201,6958.715286207932,178.34861144831729,4100,1500,1520,40.0,35.0,20.0,6958.715286207932,133.76145858623795,1500,1520,800,0,0,178.34861144831729,178.34861144831729,89.17430572415864,0.0,4100,4200,390.0,133.76145858623795,32.65000000000003,25.0,25.0,0.6316109877183324,0.7752854701292117,1.0,0.0,0.0,0.0,0.0,35.82505584728908,39.674038737007635,41.16322147935066,40.301247960280165,53.25000000000012,53.25000000000012,53.25000000000012,53.25000000000012
2025-12-26T11:35:38.836822,26.550,383.4784588674301,6976.472492934509,179.05889971738037,4100,1500,1520,40.0,35.0,20.0,6976.472492934509,134.29417478803526,1500,1520,800,0,0,179.05889971738037,179.05889971738037,89.52944985869019,0.0,4100,4200,390.0,134.29417478803526,32.65500000000002,25.0,25.0,0.6507937374083269,0.759254576114034,0.9999999999999999,0.0,0.0,0.0,0.0,37.58177507310405,37.63580863538417,40.09807655990575,37.52960085507821,53.27500000000012,53.27500000000012,53.27500000000012,53.27500000000012
2025-12-26T11:35:38.888984,26.600,383.1534271598139,6989.289547755727,179.57158191022904,4100,1500,1520,40.0,35.0,20.0,6989.289547755727,134.67868643267178,1500,1520,800,0,0,179.57158191022904,179.57158191022904,89.78579095511452,0.0,4100,4200,390.0,134.67868643267178,32.660000000000025,25.0,25.0,0.6695697621966921,0.7427491727035886,1.0,0.0,0.0,0.0,0.0,41.698794795018,44.796850819200515,42.18673153656098,43.780379725545686,53.300000000000125,53.300000000000125,53.300000000000125,53.300000000000125
2025-12-26T11:35:38.940033,26.650,383.29265947643256,6997.134414709523,179.88537658838092,4100,1500,1520,40.0,35.0,20.0,6997.134414709523,134.91403244128568,1500,1520,800,0,0,179.88537658838092,179.88537658838092,89.94268829419046,0.0,4100,4200,390.0,134.91403244128568,32.66500000000003,25.0,25.0,0.6879273276791208,0.7257795752377326,1.0,0.0,0.0,0.0,0.0,43.923363795385235,35.20235486617794,41.69619901396695,40.346454982838694,53.325000000000124,53.325000000000124,53.325000000000124,53.325000000000124
2025-12-26T11:35:38.990570,26.700,383.05757672230766,6999.987485714043,179.99949942856173,4100,1500,1520,40.0,35.0,20.0,6999.987485714043,134.9996245714213,1500,1520,800,0,0,179.99949942856173,179.99949942856173,89.99974971428087,0.0,4100,4200,390.0,134.9996245714213,32.67000000000002,25.0,25.0,0.7058549609747512,0.7083563891624981,1.0,0.0,0.0,0.0,0.0,41.975741528436934,35.6178671553332,38.37002446306559,42.995040478899874,53.35000000000012,53.35000000000012,53.35000000000012,53.35000000000012
2025-12-26T11:35:39.041101,26.750,383.5586683869909,6997.841629577626,179.91366518310502,4100,1500,1520,40.0,35.0,20.0,6997.841629577626,134.93524888732878,1500,1520,800,0,0,179.91366518310502,179.91366518310502,89.95683259155251,0.0,4100,4200,390.0,134.93524888732878,32.675000000000026,25.0,25.0,0.7233414578963433,0.6904905034020328,1.0,0.0,0.0,0.0,0.0,44.54950758602979,38.34326082074541,40.144931670593465,42.895968176512014,53.37500000000012,53.37500000000012,53.37500000000012,53.37500000000012
2025-12-26T11:35:39.091633,26.800,383.3144293510871,6990.702209823071,179.62808839292285,4100,1500,1520,40.0,35.0,20.0,6990.702209823071,134.72106629469215,1500,1520,800,0,0,179.62808839292285,179.62808839292285,89.81404419646142,0.0,4100,4200,390.0,134.72106629469215,32.68000000000002,25.0,25.0,0.740375889952531,0.6721930835533774,1.0,0.0,0.0,0.0,0.0,41.54701288016792,36.068848837057516,42.21189163792579,41.508619111237444,53.40000000000012,53.40000000000012,53.40000000000012,53.40000000000012
2025-12-26T11:35:39.144214,26.850,383.1831543209167,6978.587071281629,179.14348285126513,4100,1500,1520,40.0,35.0,20.0,6978.587071281629,134.35761213844884,1500,1520,800,0,0,179.14348285126513,179.14348285126513,89.57174142563257,0.0,4100,4200,390.0,134.35761213844884,32.685000000000024,25.0,25.0,0.7569476111777739,0.6534755649083304,0.9999999999999999,0.0,0.0,0.0,0.0,44.99897273981214,37.611585172161995,35.10728921051016,38.64298060595636,53.425000000000125,53.425000000000125,53.425000000000125,53.425000000000125
2025-12-26T11:35:39.193736,26.900,383.78129892540295,6961.526495490209,178.46105981960835,4100,1500,1520,40.0,35.0,20.0,6961.526495490209,133.84579486470625,1500,1520,800,0,0,178.46105981960835,178.46105981960835,89.23052990980418,0.0,4100,4200,390.0,133.84579486470625,32.690000000000026,25.0,25.0,0.7730462647857391,0.6343496453067637,1.0,0.0,0.0,0.0,0.0,43.4851050738506,43.519924452746835,38.165229934623596,36.30708566569068,53.450000000000124,53.450000000000124,53.450000000000124,53.450000000000124
2025-12-26T11:35:39.245851,26.950,383.69691233377625,6939.563125003315,177.5825250001326,4100,1500,1520,40.0,35.0,20.0,6939.563125003315,133.18689375009944,1500,1520,800,0,0,177.5825250001326,177.5825250001326,88.7912625000663,0.0,4100,4200,390.0,133.18689375009944,32.69500000000002,25.0,25.0,0.7886617896419554,0.6148272778258526,1.0,0.0,0.0,0.0,0.0,38.595006991060714,35.98510482911105,38.67939159226837,39.43661761187826,53.47500000000012,53.47500000000012,53.47500000000012,53.47500000000012
2025-12-26T11:35:39.297377,27.000,383.64600738132896,6912.751856808861,176.51007427235442,4100,1500,1520,40.0,35.0,20.0,6912.751856808861,132.38255570426583,1500,1520,800,0,0,176.51007427235442,176.51007427235442,88.25503713617721,0.0,4100,4200,390.0,132.38255570426583,32.700000000000024,25.0,25.0,0.8037844265516949,0.5949206633097921,1.0,0.0,0.0,0.0,0.0,36.13281819144504,40.97248596215935,41.80270908226072,39.87990779116927,53.50000000000013,53.50000000000013,53.50000000000013,53.50000000000013
2025-12-26T11:35:39.347436,27.050,382.96355987549003,6881.159705114295,175.24638820457182,4100,1500,1520,40.0,35.0,20.0,6881.159705114295,131.43479115342888,1500,1520,800,0,0,175.24638820457182,175.24638820457182,87.62319410228591,0.0,4100,4200,390.0,131.43479115342888,32.70500000000003,25.0,25.0,0.8184047243591521,0.5746422427446665,1.0,0.0,0.0,0.0,0.0,35.473872861718554,42.93332687139139,41.60850838370759,43.02112634965283,53.52500000000013,53.52500000000013,53.52500000000013,53.52500000000013
2025-12-26T11:35:39.399982,27.100,383.67261773517765,6844.86563384598,173.7946253538392,4100,1500,1520,40.0,35.0,20.0,6844.86563384598,130.3459690153794,1500,1520,800,0,0,173.7946253538392,173.7946253538392,86.8973126769196,0.0,4100,4200,390.0,130.3459690153794,32.71000000000002,25.0,25.0,0.8325135458541086,0.554004689483238,1.0,0.0,0.0,0.0,0.0,43.114945557226534,44.126624741633705,43.84597872677257,37.74010601491193,53.550000000000125,53.550000000000125,53.550000000000125,53.550000000000125
2025-12-26T11:35:39.451051,27.150,383.71834263571236,6803.960359280498,172.15841437121992,4100,1500,1520,40.0,35.0,20.0,6803.960359280498,129.11881077841494,1500,1520,800,0,0,172.15841437121992,172.15841437121992,86.07920718560996,0.0,4100,4200,390.0,129.11881077841494,32.715000000000025,25.0,25.0,0.8461020734823921,0.5330209013245136,1.0,0.0,0.0,0.0,0.0,35.41266630359527,36.91364824274612,39.07389794448473,39.42812592855882,53.575000000000124,53.575000000000124,53.575000000000124,53.575000000000124
2025-12-26T11:35:39.501579,27.200,383.4434014533983,6758.546123301208,170.34184493204833,4100,1500,1520,40.0,35.0,20.0,6758.546123301208,127.75638369903625,1500,1520,800,0,0,170.34184493204833,170.34184493204833,85.17092246602417,0.0,4100,4200,390.0,127.75638369903625,32.72000000000003,25.0,25.0,0.8591618148565604,0.5117039924530407,1.0,0.0,0.0,0.0,0.0,37.0212999210936,42.6166750022416,43.09792676832483,43.239477624666335,53.60000000000012,53.60000000000012,53.60000000000012,53.60000000000012
2025-12-26T11:35:39.552152,27.250,383.6589047767243,6708.736437846783,168.3494575138713,4100,1500,1520,40.0,35.0,20.0,6708.736437846783,126.26209313540348,1500,1520,800,0,0,168.3494575138713,168.3494575138713,84.17472875693565,0.0,4100,4200,390.0,126.26209313540349,32.72500000000002,25.0,25.0,0.8716846080633677,0.49006728524296855,1.0,0.0,0.0,0.0,0.0,42.11129463153506,42.751400734998946,41.67926986109152,44.280218803668966,53.62500000000013,53.62500000000013,53.62500000000013,53.62500000000013
2025-12-26T11:35:39.605695,27.300,383.97423427270047,6654.655801190474,166.18623204761894,4100,1500,1520,40.0,35.0,20.0,6654.655801190474,124.63967403571421,1500,1520,800,0,0,166.18623204761894,166.18623204761894,83.09311602380947,0.0,4100,4200,390.0,124.63967403571421,32.730000000000025,25.0,25.0,0.8836626267646942,0.46812430193199833,1.0,0.0,0.0,0.0,0.0,37.85190627489114,44.07182864061207,37.73612304249104,37.83183846947103,53.65000000000013,53.65000000000013,53.65000000000013,53.65000000000013
2025-12-26T11:35:39.656251,27.350,383.96677319443523,6596.439386759272,163.85757547037088,4100,1500,1520,40.0,35.0,20.0,6596.439386759272,122.89318160277816,1500,1520,800,0,0,163.85757547037088,163.85757547037088,81.92878773518544,0.0,4100,4200,390.0,122.89318160277817,32.73500000000003,25.0,25.0,0.895088385088753,0.44588875617042445,1.0,0.0,0.0,0.0,0.0,39.571887922127544,42.13267173242866,43.010664692224935,36.434609581613294,53.675000000000125,53.675000000000125,53.675000000000125,53.675000000000125
2025-12-26T11:35:39.707315,27.400,383.6191490160999,6534.232705270732,161.36930821082927,4100,1500,1520,40.0,35.0,20.0,6534.232705270732,121.02698115812196,1500,1520,800,0,0,161.36930821082927,161.36930821082927,80.68465410541464,0.0,4100,4200,390.0,121.02698115812196,32.74000000000002,25.0,25.0,0.905954742308516,0.4233745444505496,1.0,0.0,0.0,0.0,0.0,39.03947954739932,36.535831855886514,36.17515135010906,41.10787121799987,53.70000000000013,53.70000000000013,53.70000000000013,53.70000000000013
2025-12-26T11:35:39.758549,27.450,384.1418530282205,6468.191241031962,158.7276496412785,4100,1500,1520,40.0,35.0,20.0,6468.191241031962,119.04573723095888,1500,1520,800,0,0,158.7276496412785,158.7276496412785,79.36382482063925,0.0,4100,4200,390.0,119.04573723095886,32.745000000000026,25.0,25.0,0.916254907304436,0.40059573742182947,1.0,0.0,0.0,0.0,0.0,37.33961557830442,42.75247104105467,41.27377044627356,44.644407337121706,53.72500000000013,53.72500000000013,53.72500000000013,53.72500000000013
2025-12-26T11:35:39.810104,27.500,384.43135664935204,6398.480063309829,155.93920253239318,4100,1500,1520,40.0,35.0,20.0,6398.480063309829,116.95440189929488,1500,1520,800,0,0,155.93920253239318,155.93920253239318,77.96960126619659,0.0,4100,4200,390.0,116.95440189929488,32.75000000000003,25.0,25.0,0.9259824428086755,0.3775665710971749,1.0,0.0,0.0,0.0,0.0,35.174671485720786,38.78978120350499,35.856094431813176,42.70959392843019,53.75000000000013,53.75000000000013,53.75000000000013,53.75000000000013
2025-12-26T11:35:39.861167,27.550,383.8862651782184,6325.27341374376,153.01093654975043,4100,1500,1520,40.0,35.0,20.0,6325.27341374376,114.75820241231281,1500,1520,800,0,0,153.01093654975043,153.01093654975043,76.50546827487521,0.0,4100,4200,390.0,114.75820241231281,32.755000000000024,25.0,25.0,0.9351312694281892,0.35430143795590696,1.0,0.0,0.0,0.0,0.0,40.56692314472039,42.0566325338347,42.32417619766121,42.95626055012252,53.77500000000013,53.77500000000013,53.77500000000013,53.77500000000013
2025-12-26T11:35:39.912182,27.600,384.03766922603575,6248.754270832384,149.95017083329532,4100,1500,1520,40.0,35.0,20.0,6248.754270832384,112.46262812497149,1500,1520,800,0,0,149.95017083329532,149.95017083329532,74.97508541664766,0.0,4100,4200,390.0,112.46262812497147,32.760000000000026,25.0,25.0,0.9436956694441472,0.3308148779489263,1.0,0.0,0.0,0.0,0.0,41.027100929861575,41.32148195561825,35.03246331460881,39.42959167976778,53.800000000000125,53.800000000000125,53.800000000000125,53.800000000000125
2025-12-26T11:35:39.962765,27.650,384.84087128115704,6169.113892582577,146.7645557033031,4100,1500,1520,40.0,35.0,20.0,6169.113892582577,110.07341677747732,1500,1520,800,0,0,146.7645557033031,146.7645557033031,73.38227785165155,0.0,4100,4200,390.0,110.07341677747732,32.76500000000003,25.0,25.0,0.9516702903853226,0.30712156941171664,1.0,0.0,0.0,0.0,0.0,39.07880868314259,44.60878117222123,40.024279042140456,37.79634886175572,53.82500000000013,53.82500000000013,53.82500000000013,53.82500000000013
2025-12-26T11:35:40.013357,27.700,384.1476959598851,6086.55133846406,143.4620535385624,4100,1500,1520,40.0,35.0,20.0,6086.55133846406,107.59654015392181,1500,1520,800,0,0,143.4620535385624,143.4620535385624,71.7310267692812,0.0,4100,4200,390.0,107.5965401539218,32.770000000000024,25.0,25.0,0.9590501483732123,0.2832363198908633,1.0,0.0,0.0,0.0,0.0,39.76661671860346,41.78575595001313,39.60703223134056,35.64726315165667,53.85000000000013,53.85000000000013,53.85000000000013,53.85000000000013
2025-12-26T11:35:40.070406,27.750,384.9078113850012,6001.272971864381,140.05091887457525,4100,1500,1520,40.0,35.0,20.0,6001.272971864381,105.03818915593143,1500,1520,800,0,0,140.05091887457525,140.05091887457525,70.02545943728762,0.0,4100,4200,390.0,105.03818915593142,32.77500000000003,25.0,25.0,0.9658306312367988,0.25917405688981837,1.0,0.0,0.0,0.0,0.0,35.597041425985935,42.555676866463614,42.71819389086603,39.796828152510095,53.87500000000013,53.87500000000013,53.87500000000013,53.87500000000013
2025-12-26T11:35:40.120934,27.800,384.48385700475603,5913.4919442879245,136.53967777151698,4100,1500,1520,40.0,35.0,20.0,5913.4919442879245,102.40475832863774,1500,1520,800,0,0,136.53967777151698,136.53967777151698,68.26983888575849,0.0,4100,4200,390.0,102.40475832863774,32.78000000000003,25.0,25.0,0.9720075013950065,0.23494981853969701,1.0,0.0,0.0,0.0,0.0,35.401804102864055,39.42963577694914,44.162696933182886,38.26989698059355,53.900000000000134,53.900000000000134,53.900000000000134,53.900000000000134
2025-12-26T11:35:40.174013,27.850,384.80926350357146,5823.427662588156,132.93710650352622,4100,1500,1520,40.0,35.0,20.0,5823.427662588156,99.70282987764466,1500,1520,800,0,0,132.93710650352622,132.93710650352622,66.46855325176311,0.0,4100,4200,390.0,99.70282987764466,32.785000000000025,25.0,25.0,0.9775768985050522,0.21057874420093511,1.0,0.0,0.0,0.0,0.0,39.234659253026365,37.021258744750085,44.841247820552994,40.786516304558546,53.92500000000013,53.92500000000013,53.92500000000013,53.92500000000013
2025-12-26T11:35:40.226147,27.900,385.1577679670705,5731.305240564753,129.25220962259013,4100,1500,1520,40.0,35.0,20.0,5731.305240564753,96.93915721694259,1500,1520,800,0,0,129.25220962259013,129.25220962259013,64.62610481129506,0.0,4100,4200,390.0,96.93915721694259,32.79000000000003,25.0,25.0,0.982535341875034,0.18607606500168164,0.9999999999999999,0.0,0.0,0.0,0.0,40.884613411394156,43.17964876961922,39.46853307830823,36.73778438946868,53.95000000000013,53.95000000000013,53.95000000000013,53.95000000000013
2025-12-26T11:35:40.277169,27.950,385.05078653019194,5637.354936296346,125.49419745185384,4100,1500,1520,40.0,35.0,20.0,5637.354936296346,94.12064808889038,1500,1520,800,0,0,125.49419745185384,125.49419745185384,62.74709872592692,0.0,4100,4200,390.0,94.12064808889038,32.79500000000003,25.0,25.0,0.9868797326392499,0.1614570943188395,1.0,0.0,0.0,0.0,0.0,43.57244552094848,35.26848680259309,41.51915427243459,36.89672557729759,53.97500000000013,53.97500000000013,53.97500000000013,53.97500000000013
2025-12-26T11:35:40.328857,28.000,385.8871000980492,5541.811576615232,121.67246306460927,4100,1500,1520,40.0,35.0,20.0,5541.811576615232,91.25434729845696,1500,1520,800,0,0,121.67246306460927,121.67246306460927,60.83623153230464,0.0,4100,4200,390.0,91.25434729845696,32.800000000000026,25.0,25.0,0.9906073556948883,0.13673721820770338,1.0,0.0,0.0,0.0,0.0,38.48327690942288,44.61755706557924,39.023956955753526,35.951660652605526,54.00000000000013,54.00000000000013,54.00000000000013,54.00000000000013
2025-12-26T11:35:40.381394,28.050,385.8999295047374,5444.9139701625945,117.79655880650377,4100,1500,1520,40.0,35.0,20.0,5444.9139701625945,88.34741910487783,1500,1520,800,0,0,117.79655880650377,117.79655880650377,58.898279403251884,0.0,4100,4200,390.0,88.34741910487783,32.80500000000003,25.0,25.0,0.9937158813988788,0.11193188578617604,1.0,0.0,0.0,0.0,0.0,39.075650348183785,43.10172118848448,42.7321581517362,44.02550294064676,54.025000000000134,54.025000000000134,54.025000000000134,54.025000000000134
2025-12-26T11:35:40.431418,28.100,385.42222266452507,5346.904310491266,113.87617241965066,4100,1500,1520,40.0,35.0,20.0,5346.904310491266,85.407129314738,1500,1520,800,0,0,113.87617241965066,113.87617241965066,56.93808620982533,0.0,4100,4200,390.0,85.407129314738,32.810000000000024,25.0,25.0,0.9962033670238432,0.08705659957957249,0.9999999999999999,0.0,0.0,0.0,0.0,41.392346682362614,38.25270223704366,36.75462607979073,38.15978040555659,54.05000000000013,54.05000000000013,54.05000000000013,54.05000000000013
2025-12-26T11:35:40.481952,28.150,385.83514764276083,5248.027570707983,109.92110282831932,4100,1500,1520,40.0,35.0,20.0,5248.027570707983,82.4408271212395,1500,1520,800,0,0,109.92110282831932,109.92110282831932,54.96055141415966,0.0,4100,4200,390.0,82.4408271212395,32.815000000000026,25.0,25.0,0.9980682579722371,0.06212690583204635,1.0,0.0,0.0,0.0,0.0,35.49769658118415,41.87669511599852,44.34171910955868,35.17933208896887,54.07500000000013,54.07500000000013,54.07500000000013,54.07500000000013
2025-12-26T11:35:40.532506,28.200,385.8891359481464,5148.530891168191,105.94123564672765,4100,1500,1520,40.0,35.0,20.0,5148.530891168191,79.45592673504574,1500,1520,800,0,0,105.94123564672765,105.94123564672765,52.970617823363824,0.0,4100,4200,390.0,79.45592673504574,32.82000000000003,25.0,25.0,0.9993093887479226,0.03715838479069327,1.0,0.0,0.0,0.0,0.0,35.53561128769081,36.55562781163114,41.39696154867391,42.066560413147066,54.100000000000136,54.100000000000136,54.100000000000136,54.100000000000136
2025-12-26T11:35:40.587069,28.250,386.4289259531605,5048.662961753872,101.94651847015487,4100,1500,1520,40.0,35.0,20.0,5048.662961753872,76.45988885261616,1500,1520,800,0,0,101.94651847015487,101.94651847015487,50.973259235077435,0.0,4100,4200,390.0,76.45988885261616,32.825000000000024,25.0,25.0,0.9999259836845655,0.012166640968403645,1.0,0.0,0.0,0.0,0.0,35.60948697153592,41.743766899795304,41.5788358559841,37.00249232070672,54.125000000000135,54.125000000000135,54.125000000000135,54.125000000000135
2025-12-26T11:35:40.640111,28.300,386.35932330888386,4948.673400278349,97.94693601113393,4100,1500,1520,40.0,35.0,20.0,4948.673400278349,73.46020200835045,1500,1520,800,0,0,97.94693601113393,97.94693601113393,48.973468005566964,0.0,4100,4200,390.0,73.46020200835045,32.83000000000003,25.0,25.0,0.9999176574304013,-0.012832706608449974,0.9999999999999999,0.0,0.0,0.0,0.0,39.61849981983426,37.597232871515644,41.620672328357244,43.58431164917697,54.150000000000134,54.150000000000134,54.150000000000134,54.150000000000134
2025-12-26T11:35:40.691738,28.350,386.2123755400601,4848.8121285717525,93.9524851428701,4100,1500,1520,40.0,35.0,20.0,4848.8121285717525,70.46436385715258,1500,1520,800,0,0,93.9524851428701,93.9524851428701,46.97624257143505,0.0,4100,4200,390.0,70.46436385715258,32.83500000000003,25.0,25.0,0.999284415189068,-0.037824034161395945,1.0,0.0,0.0,0.0,0.0,44.891516600998095,35.969369901552405,38.59508225522317,37.56215296779187,54.17500000000013,54.17500000000013,54.17500000000013,54.17500000000013
2025-12-26T11:35:40.742873,28.400,386.504836086955,4749.328747806606,89.97314991226423,4100,1500,1520,40.0,35.0,20.0,4749.328747806606,67.47986243419817,1500,1520,800,0,0,89.97314991226423,89.97314991226423,44.98657495613212,0.0,4100,4200,390.0,67.47986243419817,32.840000000000025,25.0,25.0,0.9980266527163533,-0.0627917229242165,1.0,0.0,0.0,0.0,0.0,36.402306065428284,44.71468749357666,42.613550178702596,35.415149696289625,54.20000000000013,54.20000000000013,54.20000000000013,54.20000000000013
2025-12-26T11:35:40.795974,28.450,386.5999751998536,4650.471914624879,86.01887658499514,4100,1500,1520,40.0,35.0,20.0,4650.471914624879,64.51415743874635,1500,1520,800,0,0,86.01887658499514,86.01887658499514,43.00943829249757,0.0,4100,4200,390.0,64.51415743874635,32.84500000000003,25.0,25.0,0.9961451560728608,-0.08772016890416823,1.0,0.0,0.0,0.0,0.0,43.976810799026545,44.967054194971674,36.357852665169396,36.42809488520721,54.225000000000136,54.225000000000136,54.225000000000136,54.225000000000136
2025-12-26T11:35:40.846849,28.500,386.55710821777257,4552.488719625881,82.09954878503524,4100,1500,1520,40.0,35.0,20.0,4552.488719625881,61.57466158877643,1500,1520,800,0,0,82.09954878503524,82.09954878503524,41.04977439251762,0.0,4100,4200,390.0,61.57466158877643,32.85000000000003,25.0,25.0,0.9936411011327474,-0.11259379263396962,1.0,0.0,0.0,0.0,0.0,39.26491003466608,37.383440439009604,37.82818428295583,44.62945072822115,54.250000000000135,54.250000000000135,54.250000000000135,54.250000000000135
2025-12-26T11:35:40.897395,28.550,386.8834756329392,4455.624069768449,78.22496279073796,4100,1500,1520,40.0,35.0,20.0,4455.624069768449,58.668722093053475,1500,1520,800,0,0,78.22496279073796,78.22496279073796,39.11248139536898,0.0,4100,4200,390.0,58.668722093053475,32.855000000000025,25.0,25.0,0.99051605284884,-0.13739704890846094,1.0,0.0,0.0,0.0,0.0,38.80429360277299,39.27875833097238,42.57398889824837,42.77151839292782,54.275000000000134,54.275000000000134,54.275000000000134,54.275000000000134
2025-12-26T11:35:40.947940,28.600,387.0567706467989,4360.120076231092,74.40480304924368,4100,1500,1520,40.0,35.0,20.0,4360.120076231092,55.80360228693276,1500,1520,800,0,0,74.40480304924368,74.40480304924368,37.20240152462184,0.0,4100,4200,390.0,55.80360228693276,32.86000000000003,25.0,25.0,0.9867719642745915,-0.16211443649985147,1.0,0.0,0.0,0.0,0.0,35.21198315653961,36.27385918293409,36.17824845844215,41.69983051516804,54.30000000000014,54.30000000000014,54.30000000000014,54.30000000000014
2025-12-26T11:35:40.998463,28.650,387.05536549896027,4266.215449260135,70.64861797040541,4100,1500,1520,40.0,35.0,20.0,4266.215449260135,52.98646347780406,1500,1520,800,0,0,70.64861797040541,70.64861797040541,35.324308985202705,0.0,4100,4200,390.0,52.98646347780406,32.86500000000003,25.0,25.0,0.9824111753434853,-0.1867305078454823,1.0,0.0,0.0,0.0,0.0,43.834959196292985,44.77993137296466,42.35290697788354,36.721627560153564,54.32500000000014,54.32500000000014,54.32500000000014,54.32500000000014
2025-12-26T11:35:41.049022,28.700,387.6123558602514,4174.144901518422,66.96579606073686,4100,1500,1520,40.0,35.0,20.0,4174.144901518422,50.22434704555265,1500,1520,800,0,0,66.96579606073686,66.96579606073686,33.48289803036843,0.0,4100,4200,390.0,50.22434704555265,32.870000000000026,25.0,25.0,0.9774364114066537,-0.21122987870205012,1.0,0.0,0.0,0.0,0.0,43.44866145921808,35.74546476960915,40.5985589487626,40.99217940820915,54.350000000000136,54.350000000000136,54.350000000000136,54.350000000000136
2025-12-26T11:35:41.099565,28.750,387.7752458707503,4084.1385614258907,63.36554245703563,4100,1500,1520,40.0,35.0,20.0,4084.1385614258907,47.52415684277672,1500,1520,800,0,0,63.36554245703563,63.36554245703563,31.682771228517815,0.0,4100,4200,390.0,47.52415684277672,32.87500000000003,25.0,25.0,0.9718507815296216,-0.23559723776025854,1.0,0.0,0.0,0.0,0.0,42.26418918734072,40.08428004529278,39.422339890947825,36.364905832729846,54.375000000000135,54.375000000000135,54.375000000000135,54.375000000000135
2025-12-26T11:35:41.150149,28.800,387.6724377835216,3996.4213979583783,59.85685591833514,4100,1500,1520,40.0,35.0,20.0,3996.4213979583783,44.89264193875135,1500,1520,800,0,0,59.85685591833514,59.85685591833514,29.92842795916757,0.0,4100,4200,390.0,44.89264193875135,32.880000000000024,25.0,25.0,0.9656577765492419,-0.2598173562138879,1.0,0.0,0.0,0.0,0.0,37.72315726889438,41.81409672694314,43.831261547485354,37.785620669677556,54.400000000000134,54.400000000000134,54.400000000000134,54.400000000000134
2025-12-26T11:35:41.202316,28.850,387.6509754267453,3911.212658342338,56.44850633369352,4100,1500,1520,40.0,35.0,20.0,3911.212658342338,42.33637975027014,1500,1520,800,0,0,56.44850633369352,56.44850633369352,28.22425316684676,0.0,4100,4200,390.0,42.33637975027014,32.885000000000026,25.0,25.0,0.9588612668920365,-0.28387509727730365,1.0,0.0,0.0,0.0,0.0,39.696482221373145,41.22773113822632,41.66470117844855,40.6617659281811,54.42500000000014,54.42500000000014,54.42500000000014,54.42500000000014
2025-12-26T11:35:41.256968,28.900,388.199024666195,3828.725320050956,53.14901280203823,4100,1500,1520,40.0,35.0,20.0,3828.725320050956,39.861759601528675,1500,1520,800,0,0,53.14901280203823,53.14901280203823,26.574506401019114,0.0,4100,4200,390.0,39.861759601528675,32.89000000000003,25.0,25.0,0.9514655001553053,-0.3077554256454544,1.0,0.0,0.0,0.0,0.0,39.850157736010694,43.596996109725445,40.13352399764773,40.705354081024794,54.45000000000014,54.45000000000014,54.45000000000014,54.45000000000014
2025-12-26T11:35:41.308494,28.950,388.4961585784342,3749.1655584713844,49.96662233885537,4100,1500,1520,40.0,35.0,20.0,3749.1655584713844,37.47496675414153,1500,1520,800,0,0,49.96662233885537,49.96662233885537,24.983311169427687,0.0,4100,4200,390.0,37.47496675414153,32.895000000000024,25.0,25.0,0.9434750984525159,-0.3314434168904482,1.0,0.0,0.0,0.0,0.0,36.56305479859511,41.362576965402006,39.74563356278572,43.21541591581728,54.475000000000136,54.475000000000136,54.475000000000136,54.475000000000136
2025-12-26T11:35:41.357757,29.000,388.3219589835742,3672.73223157365,46.90928926294602,4100,1500,1520,40.0,35.0,20.0,3672.73223157365,35.18196694720952,1500,1520,800,0,0,46.90928926294602,46.90928926294602,23.45464463147301,0.0,4100,4200,390.0,35.18196694720952,32.90000000000003,25.0,25.0,0.9348950555246338,-0.3549242667888345,0.9999999999999999,0.0,0.0,0.0,0.0,39.72686017698046,40.75268234747082,40.501781990493484,43.27108753001953,54.50000000000014,54.50000000000014,54.50000000000014,54.50000000000014
2025-12-26T11:35:41.408445,29.050,388.82919928573386,3599.6163828692906,43.984655314771636,4100,1500,1520,40.0,35.0,20.0,3599.6163828692906,32.98849148607873,1500,1520,800,0,0,43.984655314771636,43.984655314771636,21.992327657385818,0.0,4100,4200,390.0,32.98849148607873,32.90500000000003,25.0,25.0,0.9257307336191967,-0.37818330057376137,1.0,0.0,0.0,0.0,0.0,36.04320273568723,39.64499717072018,41.3326849193915,39.54400526272494,54.52500000000014,54.52500000000014,54.52500000000014,54.52500000000014
2025-12-26T11:35:41.458666,29.100,388.67508146647117,3530.0007639020687,41.20003055608275,4100,1500,1520,40.0,35.0,20.0,3530.0007639020687,30.900022917062063,1500,1520,800,0,0,41.20003055608275,41.20003055608275,20.600015278041376,0.0,4100,4200,390.0,30.900022917062063,32.910000000000025,25.0,25.0,0.9159878601390836,-0.4012059821062275,1.0,0.0,0.0,0.0,0.0,42.0873679051429,35.159175939723156,41.01041731839495,42.70014543484961,54.55000000000014,54.55000000000014,54.55000000000014,54.55000000000014
2025-12-26T11:35:41.509195,29.150,388.4825835421575,3464.0593774642884,38.56237509857155,4100,1500,1520,40.0,35.0,20.0,3464.0593774642884,28.921781323928663,1500,1520,800,0,0,38.56237509857155,38.56237509857155,19.281187549285775,0.0,4100,4200,390.0,28.921781323928663,32.91500000000003,25.0,25.0,0.9056725240630756,-0.42397792295969566,0.9999999999999999,0.0,0.0,0.0,0.0,36.07216686681643,37.49908116166297,39.522871296020476,42.39218760938404,54.57500000000014,54.57500000000014,54.57500000000014,54.57500000000014
2025-12-26T11:35:41.559739,29.200,388.8170526786041,3401.957042680435,36.07828170721739,4100,1500,1520,40.0,35.0,20.0,3401.957042680435,27.058711280413043,1500,1520,800,0,0,36.07828170721739,36.07828170721739,18.039140853608696,0.0,4100,4200,390.0,27.058711280413043,32.92000000000003,25.0,25.0,0.8947911721404416,-0.44648489141239117,1.0,0.0,0.0,0.0,0.0,44.950200720673855,36.31467713240344,43.241608086719225,36.09357887589222,54.600000000000136,54.600000000000136,54.600000000000136,54.600000000000136
2025-12-26T11:35:41.610313,29.250,389.1104736396192,3343.8489830451963,33.753959321807855,4100,1500,1520,40.0,35.0,20.0,3343.8489830451963,25.31546949135589,1500,1520,800,0,0,33.753959321807855,33.753959321807855,16.876979660903928,0.0,4100,4200,390.0,25.31546949135589,32.925000000000026,25.0,25.0,0.8833506048619296,-0.4687128213416646,1.0,0.0,0.0,0.0,0.0,37.692540280446806,43.78912626820492,39.52580844521458,38.85768048611256,54.62500000000014,54.62500000000014,54.62500000000014,54.62500000000014
2025-12-26T11:35:41.661401,29.300,388.55311990395114,3289.8804384455684,31.595217537822734,4100,1500,1520,40.0,35.0,20.0,3289.8804384455684,23.69641315336705,1500,1520,800,0,0,31.595217537822734,31.595217537822734,15.797608768911367,0.0,4100,4200,390.0,23.69641315336705,32.93000000000003,25.0,25.0,0.8713579722096824,-0.4906478210148603,1.0,0.0,0.0,0.0,0.0,42.92457446132586,41.988878108861975,38.32070880929249,42.53275834853333,54.65000000000014,54.65000000000014,54.65000000000014,54.65000000000014
2025-12-26T11:35:41.712974,29.350,389.31388327000036,3240.186302136776,29.60745208547104,4100,1500,1520,40.0,35.0,20.0,3240.186302136776,22.20558906410328,1500,1520,800,0,0,29.60745208547104,29.60745208547104,14.80372604273552,0.0,4100,4200,390.0,22.20558906410328,32.93500000000003,25.0,25.0,0.8588207691887305,-0.5122761817711978,1.0,0.0,0.0,0.0,0.0,43.87279301617825,44.93811220572996,41.41944290667179,37.924088111844846,54.67500000000014,54.67500000000014,54.67500000000014,54.67500000000014
2025-12-26T11:35:41.765046,29.400,388.47394486801824,3194.8907835793843,27.795631343175387,4100,1500,1520,40.0,35.0,20.0,3194.8907835793843,20.84672350738154,1500,1520,800,0,0,27.795631343175387,27.795631343175387,13.897815671587693,0.0,4100,4200,390.0,20.84672350738154,32.940000000000026,25.0,25.0,0.8457468311428584,-0.5335843865892379,1.0,0.0,0.0,0.0,0.0,35.37361449075694,44.57650186838988,40.194331482481566,37.21869496185034,54.700000000000145,54.700000000000145,54.700000000000145,54.700000000000145
2025-12-26T11:35:41.816576,29.450,389.1116448375823,3154.107097980338,26.164283919213517,4100,1500,1520,40.0,35.0,20.0,3154.107097980338,19.623212939410138,1500,1520,800,0,0,26.164283919213517,26.164283919213517,13.082141959606759,0.0,4100,4200,390.0,19.623212939410138,32.94500000000003,25.0,25.0,0.8321443288577699,-0.5545591185345812,1.0,0.0,0.0,0.0,0.0,38.506775184068495,41.907440215419854,42.60242178453922,44.217997908290485,54.72500000000014,54.72500000000014,54.72500000000014,54.72500000000014
2025-12-26T11:35:41.870649,29.500,389.4830920919195,3117.9371833139003,24.71748733255602,4100,1500,1520,40.0,35.0,20.0,3117.9371833139003,18.538115499417014,1500,1520,800,0,0,24.71748733255602,24.71748733255602,12.35874366627801,0.0,4100,4200,390.0,18.538115499417014,32.95000000000003,25.0,25.0,0.8180217634546124,-0.5751872690825189,1.0,0.0,0.0,0.0,0.0,36.48904292674228,39.81842151923463,36.74728366335725,39.616694499263964,54.75000000000014,54.75000000000014,54.75000000000014,54.75000000000014
2025-12-26T11:35:41.921161,29.550,388.92886669488456,3086.4714455298117,23.458857821192453,4100,1500,1520,40.0,35.0,20.0,3086.4714455298117,17.59414336589434,1500,1520,800,0,0,23.458857821192453,23.458857821192453,11.729428910596226,0.0,4100,4200,390.0,17.59414336589434,32.95500000000003,25.0,25.0,0.8033879610770537,-0.595455946310434,1.0,0.0,0.0,0.0,0.0,40.75607004034386,37.633515238618706,39.66459131646171,38.796135306737234,54.77500000000014,54.77500000000014,54.77500000000014,54.77500000000014
2025-12-26T11:35:41.971694,29.600,389.3658010841788,3059.7885325854913,22.391541303419643,4100,1500,1520,40.0,35.0,20.0,3059.7885325854913,16.793655977564732,1500,1520,800,0,0,22.391541303419643,22.391541303419643,11.195770651709822,0.0,4100,4200,390.0,16.793655977564732,32.96000000000003,25.0,25.0,0.7882520673752288,-0.6153524829548328,1.0,0.0,0.0,0.0,0.0,38.17969188485428,36.26239353901145,37.535425219889184,37.03344253807023,54.80000000000014,54.80000000000014,54.80000000000014,54.80000000000014
2025-12-26T11:35:42.022299,29.650,389.19362909198924,3037.9551378671085,21.51820551468434,4100,1500,1520,40.0,35.0,20.0,3037.9551378671085,16.138654136013255,1500,1520,800,0,0,21.51820551468434,21.51820551468434,10.75910275734217,0.0,4100,4200,390.0,16.138654136013255,32.96500000000003,25.0,25.0,0.7726235417900068,-0.6348644443279727,1.0,0.0,0.0,0.0,0.0,36.84516555083457,39.84392437252522,41.273593038127395,44.478885267885815,54.825000000000145,54.825000000000145,54.825000000000145,54.825000000000145
2025-12-26T11:35:42.081981,29.700,389.6852213132407,3021.0258334908467,20.841033339633867,4100,1500,1520,40.0,35.0,20.0,3021.0258334908467,15.6307750047254,1500,1520,800,0,0,20.841033339633867,20.841033339633867,10.420516669816934,0.0,4100,4200,390.0,15.630775004725399,32.97000000000003,25.0,25.0,0.7565121516411479,-0.6539796360891375,0.9999999999999999,0.0,0.0,0.0,0.0,41.974373325673994,42.4060075685317,44.66943536913924,35.62537926814272,54.85000000000014,54.85000000000014,54.85000000000014,54.85000000000014
2025-12-26T11:35:42.134034,29.750,389.00542178255625,3009.042933901035,20.36171735604141,4100,1500,1520,40.0,35.0,20.0,3009.042933901035,15.271288017031058,1500,1520,800,0,0,20.36171735604141,20.36171735604141,10.180858678020705,0.0,4100,4200,390.0,15.271288017031058,32.97500000000003,25.0,25.0,0.739927966023047,-0.6726861118657026,1.0,0.0,0.0,0.0,0.0,42.973335199652595,42.49911431867372,44.146102968283635,35.30665615852935,54.87500000000014,54.87500000000014,54.87500000000014,54.87500000000014
2025-12-26T11:35:42.185563,29.800,388.84131900784007,3002.0363901060755,20.081455604243004,4100,1500,1520,40.0,35.0,20.0,3002.0363901060755,15.061091703182253,1500,1520,800,0,0,20.081455604243004,20.081455604243004,10.040727802121502,0.0,4100,4200,390.0,15.061091703182253,32.98000000000003,25.0,25.0,0.7228813495118767,-0.6909721807192298,1.0,0.0,0.0,0.0,0.0,40.08291783497915,44.46562892763484,44.941056070871404,43.37333516329445,54.90000000000015,54.90000000000015,54.90000000000015,54.90000000000015
2025-12-26T11:35:42.237174,29.850,389.00927249422864,3000.023714816517,20.000948592660677,4100,1500,1520,40.0,35.0,20.0,3000.023714816517,15.000711444495508,1500,1520,800,0,0,20.000948592660677,20.000948592660677,10.000474296330339,0.0,4100,4200,390.0,15.000711444495508,32.98500000000003,25.0,25.0,0.705382955688065,-0.708826414451923,0.9999999999999999,0.0,0.0,0.0,0.0,44.85369892566706,38.07670892702356,36.78368696184744,40.58369555658862,54.925000000000146,54.925000000000146,54.925000000000146,54.925000000000146
2025-12-26T11:35:42.288729,29.900,389.1729231186668,3003.0099386724023,20.1203975468961,4100,1500,1520,40.0,35.0,20.0,3003.0099386724023,15.090298160172075,1500,1520,800,0,0,20.1203975468961,20.1203975468961,10.06019877344805,0.0,4100,4200,390.0,15.090298160172074,32.99000000000003,25.0,25.0,0.6874437204781547,-0.7262376547488795,1.0,0.0,0.0,0.0,0.0,37.290510831726934,41.6714698718113,37.45381126955015,41.30352387445052,54.950000000000145,54.950000000000145,54.950000000000145,54.950000000000145
2025-12-26T11:35:42.340318,29.950,389.1430458343604,3010.9875976692883,20.439503906771535,4100,1500,1520,40.0,35.0,20.0,3010.9875976692883,15.32962793007865,1500,1520,800,0,0,20.439503906771535,20.439503906771535,10.219751953385767,0.0,4100,4200,390.0,15.329627930078653,32.99500000000003,25.0,25.0,0.6690748553202047,-0.743195020151674,1.0,0.0,0.0,0.0,0.0,36.21549940821229,42.08950667770288,40.080265229404006,37.68566097657632,54.97500000000014,54.97500000000014,54.97500000000014,54.97500000000014
2025-12-26T11:35:42.391865,30.000,388.9561306535505,3023.9367518143663,20.95747007257465,4100,1500,1520,40.0,35.0,20.0,3023.9367518143663,15.718102554430988,1500,1520,800,0,0,20.95747007257465,20.95747007257465,10.478735036287325,0.0,4100,4200,390.0,15.718102554430988,33.00000000000003,25.0,25.0,0.6502878401570062,-0.759687912858916,1.0,0.0,0.0,0.0,0.0,43.43925319838693,40.15866843002052,39.90254700935216,36.876239516539066,55.00000000000014,55.00000000000014,55.00000000000014,55.00000000000014
2025-12-26T11:35:42.442994,30.050,389.35792276318136,3041.825034966063,21.673001398642512,4100,1500,1520,40.0,35.0,20.0,3041.825034966063,16.254751048981884,1500,1520,800,0,0,21.673001398642512,21.673001398642512,10.836500699321256,0.0,4100,4200,390.0,16.254751048981884,33.00500000000003,25.0,25.0,0.6310944162614925,-0.7757060253495301,0.9999999999999999,0.0,0.0,0.0,0.0,39.71310091620806,43.67075587054586,42.10472544245889,39.68842571310506,55.02500000000015,55.02500000000015,55.02500000000015,55.02500000000015
2025-12-26T11:35:42.493513,30.100,389.343471609997,3064.6077357325366,22.584309429301456,4100,1500,1520,40.0,35.0,20.0,3064.6077357325366,16.938232071976092,1500,1520,800,0,0,22.584309429301456,22.584309429301456,11.292154714650728,0.0,4100,4200,390.0,16.938232071976092,33.010000000000026,25.0,25.0,0.6115065788988255,-0.791239346824622,1.0,0.0,0.0,0.0,0.0,42.39665765146862,40.8979510691011,44.73822034780305,35.16592512913451,55.050000000000146,55.050000000000146,55.050000000000146,55.050000000000146
2025-12-26T11:35:42.544095,30.150,389.4933489890028,3092.2279092268723,23.689116369074895,4100,1500,1520,40.0,35.0,20.0,3092.2279092268723,17.76683727680617,1500,1520,800,0,0,23.689116369074895,23.689116369074895,11.844558184537448,0.0,4100,4200,390.0,17.76683727680617,33.01500000000003,25.0,25.0,0.591536569829745,-0.8062781694639011,1.0,0.0,0.0,0.0,0.0,43.67115368325605,35.92755220013024,36.68076635561159,36.95892662896882,55.075000000000145,55.075000000000145,55.075000000000145,55.075000000000145
2025-12-26T11:35:42.594628,30.200,388.6818055280622,3124.6165193996426,24.984660775985702,4100,1500,1520,40.0,35.0,20.0,3124.6165193996426,18.738495581989277,1500,1520,800,0,0,24.984660775985702,24.984660775985702,12.492330387992851,0.0,4100,4200,390.0,18.738495581989277,33.02000000000003,25.0,25.0,0.5711968696598676,-0.8208130944927525,1.0,0.0,0.0,0.0,0.0,37.090611906720724,44.057410381572794,40.08522578115365,36.87834447441329,55.10000000000015,55.10000000000015,55.10000000000015,55.10000000000015
2025-12-26T11:35:42.646202,30.250,388.731567981596,3161.692611593078,26.467704463723123,4100,1500,1520,40.0,35.0,20.0,3161.692611593078,19.850778347792343,1500,1520,800,0,0,26.467704463723123,26.467704463723123,13.233852231861562,0.0,4100,4200,390.0,19.850778347792343,33.02500000000003,25.0,25.0,0.5505001900397134,-0.8348350380561655,1.0,0.0,0.0,0.0,0.0,41.69384661907363,44.946508859831155,43.895668188465706,40.919329720438725,55.12500000000015,55.12500000000015,55.12500000000015,55.12500000000015
2025-12-26T11:35:42.702738,30.300,388.78098052996444,3203.3635148855496,28.13454059542198,4100,1500,1520,40.0,35.0,20.0,3203.3635148855496,21.100905446566486,1500,1520,800,0,0,28.13454059542198,28.13454059542198,14.06727029771099,0.0,4100,4200,390.0,21.100905446566486,33.03000000000003,25.0,25.0,0.5294594657203392,-0.8483352368958471,1.0,0.0,0.0,0.0,0.0,39.49429146567259,39.85082251720433,38.31611529245392,40.152565173167744,55.15000000000015,55.15000000000015,55.15000000000015,55.15000000000015
2025-12-26T11:35:42.756796,30.350,389.306305114446,3249.5250737206143,29.981002948824568,4100,1500,1520,40.0,35.0,20.0,3249.5250737206143,22.485752211618426,1500,1520,800,0,0,29.981002948824568,29.981002948824568,14.990501474412284,0.0,4100,4200,390.0,22.485752211618426,33.03500000000003,25.0,25.0,0.5080878464695393,-0.8613052538269726,1.0,0.0,0.0,0.0,0.0,41.59845419356438,43.33994382337984,43.32448216955164,35.12694536625069,55.175000000000146,55.175000000000146,55.175000000000146,55.175000000000146
2025-12-26T11:35:42.808328,30.400,389.12542253394275,3300.0619082416583,32.00247632966634,4100,1500,1520,40.0,35.0,20.0,3300.0619082416583,24.001857247249752,1500,1520,800,0,0,32.00247632966634,32.00247632966634,16.00123816483317,0.0,4100,4200,390.0,24.001857247249752,33.04000000000003,25.0,25.0,0.4863986888536693,-0.8737369830111528,1.0,0.0,0.0,0.0,0.0,41.77849270927025,44.09740425536519,44.031018590620505,44.499379986010005,55.200000000000145,55.200000000000145,55.200000000000145,55.200000000000145
2025-12-26T11:35:42.862393,30.450,388.8201512578061,3354.8477026814544,34.19390810725818,4100,1500,1520,40.0,35.0,20.0,3354.8477026814544,25.645431080443636,1500,1520,800,0,0,34.19390810725818,34.19390810725818,17.09695405362909,0.0,4100,4200,390.0,25.645431080443636,33.04500000000003,25.0,25.0,0.4644055478902266,-0.8856226550223173,1.0,0.0,0.0,0.0,0.0,41.01988392350673,40.702982236142915,35.479443420718646,44.08221760409007,55.22500000000015,55.22500000000015,55.22500000000015,55.22500000000015
2025-12-26T11:35:42.911909,30.500,388.1391387542506,3413.7455210857934,36.54982084343173,4100,1500,1520,40.0,35.0,20.0,3413.7455210857934,27.4123656325738,1500,1520,800,0,0,36.54982084343173,36.54982084343173,18.274910421715866,0.0,4100,4200,390.0,27.412365632573803,33.05000000000003,25.0,25.0,0.44212216857640557,-0.8969548417023548,1.0,0.0,0.0,0.0,0.0,36.1518731423756,41.690233321580415,38.12460258485571,37.249402464185046,55.25000000000015,55.25000000000015,55.25000000000015,55.25000000000015
2025-12-26T11:35:42.962978,30.550,388.94608760770217,3476.6081495820545,39.06432598328219,4100,1500,1520,40.0,35.0,20.0,3476.6081495820545,29.29824448746164,1500,1520,800,0,0,39.06432598328219,39.06432598328219,19.532162991641094,0.0,4100,4200,390.0,29.29824448746164,33.05500000000003,25.0,25.0,0.41956247729892215,-0.9077264608034689,1.0,0.0,0.0,0.0,0.0,42.54360537388271,37.96350106495379,41.81912829086634,42.66874791557724,55.27500000000015,55.27500000000015,55.27500000000015,55.27500000000015
2025-12-26T11:35:43.013503,30.600,388.6948489738245,3543.2784643372224,41.731138573488884,4100,1500,1520,40.0,35.0,20.0,3543.2784643372224,31.29835393011666,1500,1520,800,0,0,41.731138573488884,41.731138573488884,20.865569286744442,0.0,4100,4200,390.0,31.29835393011666,33.06000000000003,25.0,25.0,0.3967405731304751,-0.9179307804143525,1.0,0.0,0.0,0.0,0.0,37.16463600338601,42.77267097222764,40.63274198173006,40.425384311623134,55.30000000000015,55.30000000000015,55.30000000000015,55.30000000000015
2025-12-26T11:35:43.064042,30.650,387.90068746486276,3613.5898242856365,44.543592971425454,4100,1500,1520,40.0,35.0,20.0,3613.5898242856365,33.40769472856909,1500,1520,800,0,0,44.543592971425454,44.543592971425454,22.271796485712727,0.0,4100,4200,390.0,33.40769472856909,33.06500000000003,25.0,25.0,0.37367071901828464,-0.9275614231674139,1.0,0.0,0.0,0.0,0.0,36.73869745114436,39.152222869037686,41.164015564738584,43.90503315897611,55.32500000000015,55.32500000000015,55.32500000000015,55.32500000000015
2025-12-26T11:35:43.114578,30.700,387.8775529232356,3687.3664876448747,47.49465950579499,4100,1500,1520,40.0,35.0,20.0,3687.3664876448747,35.62099462934624,1500,1520,800,0,0,47.49465950579499,47.49465950579499,23.747329752897496,0.0,4100,4200,390.0,35.62099462934624,33.07000000000003,25.0,25.0,0.3503673328702147,-0.9366123702244233,1.0,0.0,0.0,0.0,0.0,35.709156486361586,44.33330146624772,42.50562506226343,37.03145022705345,55.35000000000015,55.35000000000015,55.35000000000015,55.35000000000015
2025-12-26T11:35:43.165153,30.750,388.5971679151964,3764.424051178683,50.57696204714732,4100,1500,1520,40.0,35.0,20.0,3764.424051178683,37.932721535360486,1500,1520,800,0,0,50.57696204714732,50.57696204714732,25.28848102357366,0.0,4100,4200,390.0,37.932721535360486,33.07500000000003,25.0,25.0,0.32684497854404987,-0.9450779650380912,0.9999999999999999,0.0,0.0,0.0,0.0,37.04922657794052,38.9050776601772,38.942082374905915,41.546733449265886,55.37500000000015,55.37500000000015,55.37500000000015,55.37500000000015
2025-12-26T11:35:43.216172,30.800,388.2845344255911,3844.5699111090294,53.78279644436118,4100,1500,1520,40.0,35.0,20.0,3844.5699111090294,40.33709733327089,1500,1520,800,0,0,53.78279644436118,53.78279644436118,26.89139822218059,0.0,4100,4200,390.0,40.33709733327089,33.08000000000003,25.0,25.0,0.30311835674555837,-0.952952916887226,1.0,0.0,0.0,0.0,0.0,44.76361326412501,38.322131110034775,42.73979823292862,37.0298791541029,55.40000000000015,55.40000000000015,55.40000000000015,55.40000000000015
2025-12-26T11:35:43.266408,30.850,387.62663461738185,3927.6037445252455,57.104149781009816,4100,1500,1520,40.0,35.0,20.0,3927.6037445252455,42.82811233575736,1500,1520,800,0,0,57.104149781009816,57.104149781009816,28.552074890504908,0.0,4100,4200,390.0,42.82811233575736,33.08500000000003,25.0,25.0,0.27920229584102935,-0.9602323041832629,0.9999999999999999,0.0,0.0,0.0,0.0,38.724426161098336,43.35632801220325,43.89285574594507,38.12491981233433,55.42500000000015,55.42500000000015,55.42500000000015,55.42500000000015
2025-12-26T11:35:43.317944,30.900,387.44139012894306,4013.318010086975,60.532720403479,4100,1500,1520,40.0,35.0,20.0,4013.318010086975,45.399540302609246,1500,1520,800,0,0,60.532720403479,60.532720403479,30.2663602017395,0.0,4100,4200,390.0,45.399540302609246,33.09000000000003,25.0,25.0,0.25511174259002667,-0.966911577546096,1.0,0.0,0.0,0.0,0.0,38.83773179288394,39.43206086626257,39.439144281179125,40.06416281340651,55.45000000000015,55.45000000000015,55.45000000000015,55.45000000000015
2025-12-26T11:35:43.370020,30.950,387.61767319357784,4101.49846676944,64.0599386707776,4100,1500,1520,40.0,35.0,20.0,4101.49846676944,48.0449540030832,1500,1520,800,0,0,64.0599386707776,64.0599386707776,32.0299693353888,0.0,4100,4200,390.0,48.0449540030832,33.09500000000003,25.0,25.0,0.23086175280415097,-0.9729865626472932,1.0,0.0,0.0,0.0,0.0,43.76698796620819,41.41789461048412,36.90524881077419,37.56685499135504,55.47500000000015,55.47500000000015,55.47500000000015,55.47500000000015
2025-12-26T11:35:43.420553,31.000,387.0096138631215,4191.924709354429,67.67698837417716,4100,1500,1520,40.0,35.0,20.0,4191.924709354429,50.75774128063287,1500,1520,800,0,0,67.67698837417716,67.67698837417716,33.83849418708858,0.0,4100,4200,390.0,50.75774128063287,33.10000000000003,25.0,25.0,0.2064674819376471,-0.9784534628189158,1.0,0.0,0.0,0.0,0.0,35.32086043649934,42.60015864117451,42.33766672676184,35.204492374059186,55.500000000000156,55.500000000000156,55.500000000000156,55.500000000000156
2025-12-26T11:35:43.471094,31.050,387.5275179315084,4284.370719328555,71.37482877314223,4100,1500,1520,40.0,35.0,20.0,4284.370719328555,53.53112157985667,1500,1520,800,0,0,71.37482877314223,71.37482877314223,35.68741438657111,0.0,4100,4200,390.0,53.53112157985667,33.10500000000003,25.0,25.0,0.1819441756157389,-0.9833088614263116,1.0,0.0,0.0,0.0,0.0,35.348161727486115,44.98936362229932,44.424201886058036,39.26618365622289,55.525000000000155,55.525000000000155,55.525000000000155,55.525000000000155
2025-12-26T11:35:43.521630,31.100,386.97966360119375,4378.605429811836,75.14421719247345,4100,1500,1520,40.0,35.0,20.0,4378.605429811836,56.35816289435509,1500,1520,800,0,0,75.14421719247345,75.14421719247345,37.572108596236724,0.0,4100,4200,390.0,56.35816289435509,33.11000000000003,25.0,25.0,0.1573071601066094,-0.987549724003401,0.9999999999999999,0.0,0.0,0.0,0.0,43.19317244338241,44.80576768494594,36.95804345578743,38.520216884286135,55.55000000000015,55.55000000000015,55.55000000000015,55.55000000000015
2025-12-26T11:35:43.571962,31.150,387.41095389434963,4474.393303104551,78.97573212418204,4100,1500,1520,40.0,35.0,20.0,4474.393303104551,59.23179909313653,1500,1520,800,0,0,78.97573212418204,78.97573212418204,39.48786606209102,0.0,4100,4200,390.0,59.23179909313653,33.11500000000003,25.0,25.0,0.13257183274298237,-0.9911734001491196,1.0,0.0,0.0,0.0,0.0,37.58420581926448,37.31133602816861,43.46131523053062,36.08448554730669,55.57500000000015,55.57500000000015,55.57500000000015,55.57500000000015
2025-12-26T11:35:43.622496,31.200,386.729939656643,4571.4949194088285,82.85979677635314,4100,1500,1520,40.0,35.0,20.0,4571.4949194088285,62.14484758226485,1500,1520,800,0,0,82.85979677635314,82.85979677635314,41.42989838817657,0.0,4100,4200,390.0,62.14484758226486,33.12000000000003,25.0,25.0,0.10775365229929042,-0.9941776251838318,0.9999999999999999,0.0,0.0,0.0,0.0,37.54441713319167,36.74055351922383,35.048803999060695,41.434337636817105,55.60000000000015,55.60000000000015,55.60000000000015,55.60000000000015
2025-12-26T11:35:43.673989,31.250,387.1095199416664,4669.667575253452,86.78670301013807,4100,1500,1520,40.0,35.0,20.0,4669.667575253452,65.09002725760355,1500,1520,800,0,0,86.78670301013807,86.78670301013807,43.393351505069035,0.0,4100,4200,390.0,65.09002725760355,33.12500000000003,25.0,25.0,0.08286812933044421,-0.9965605215646829,1.0,0.0,0.0,0.0,0.0,39.061839518670936,41.33078296596436,41.94894559443275,42.85335810957956,55.625000000000156,55.625000000000156,55.625000000000156,55.625000000000156
2025-12-26T11:35:43.724532,31.300,386.6666325994075,4768.66589012614,90.74663560504561,4100,1500,1520,40.0,35.0,20.0,4768.66589012614,68.0599767037842,1500,1520,800,0,0,90.74663560504561,90.74663560504561,45.373317802522806,0.0,4100,4200,390.0,68.0599767037842,33.13000000000003,25.0,25.0,0.05793081647824053,-0.9983206000590013,0.9999999999999999,0.0,0.0,0.0,0.0,39.35357292384609,39.13926040747436,35.52879307051538,36.11043628454502,55.650000000000155,55.650000000000155,55.650000000000155,55.650000000000155
2025-12-26T11:35:43.776573,31.350,386.35942488407574,4868.242419797038,94.72969679188151,4100,1500,1520,40.0,35.0,20.0,4868.242419797038,71.04727259391113,1500,1520,800,0,0,94.72969679188151,94.72969679188151,47.364848395940754,0.0,4100,4200,390.0,71.04727259391113,33.13500000000003,25.0,25.0,0.03295729875146742,-0.9994567606750212,1.0,0.0,0.0,0.0,0.0,36.46066427689415,43.13338797135863,42.49851046490903,41.48157682130542,55.67500000000015,55.67500000000015,55.67500000000015,55.67500000000015
2025-12-26T11:35:43.827576,31.400,386.1530123932344,4968.148274800422,98.72593099201687,4100,1500,1520,40.0,35.0,20.0,4968.148274800422,74.04444824401266,1500,1520,800,0,0,98.72593099201687,98.72593099201687,49.362965496008435,0.0,4100,4200,390.0,74.04444824401266,33.14000000000003,25.0,25.0,0.00796318378578103,-0.9999682933493411,1.0,0.0,0.0,0.0,0.0,36.79864523303878,36.02499021752611,38.28128905667537,42.36418371162399,55.70000000000016,55.70000000000016,55.70000000000016,55.70000000000016
2025-12-26T11:35:43.879656,31.450,386.55362454298324,5068.133742528747,102.72534970114987,4100,1500,1520,40.0,35.0,20.0,5068.133742528747,77.0440122758624,1500,1520,800,0,0,102.72534970114987,102.72534970114987,51.36267485057493,0.0,4100,4200,390.0,77.0440122758624,33.14500000000003,25.0,25.0,-0.017035907910558652,-0.9998548783906908,1.0,0.0,0.0,0.0,0.0,39.91554414563305,40.79076627414175,43.35777852757451,37.24436403924191,55.72500000000016,55.72500000000016,55.72500000000016,55.72500000000016
2025-12-26T11:35:43.930169,31.500,385.88530565464504,5167.948911384116,106.71795645536467,4100,1500,1520,40.0,35.0,20.0,5167.948911384116,80.0384673415235,1500,1520,800,0,0,106.71795645536467,106.71795645536467,53.358978227682336,0.0,4100,4200,390.0,80.0384673415235,33.150000000000034,25.0,25.0,-0.042024352718996974,-0.9991165866797275,1.0,0.0,0.0,0.0,0.0,43.006534705090885,40.37589568896736,41.68418432025828,44.373479411077724,55.750000000000156,55.750000000000156,55.750000000000156,55.750000000000156
2025-12-26T11:35:43.980692,31.550,386.2613435545925,5267.344295427129,110.69377181708515,4100,1500,1520,40.0,35.0,20.0,5267.344295427129,83.02032886281387,1500,1520,800,0,0,110.69377181708515,110.69377181708515,55.346885908542575,0.0,4100,4200,390.0,83.02032886281387,33.15500000000003,25.0,25.0,-0.06698653367493766,-0.9977538796247382,1.0,0.0,0.0,0.0,0.0,41.004078629588406,44.295426385366525,44.453585414338505,42.1148393156188,55.775000000000155,55.775000000000155,55.775000000000155,55.775000000000155
2025-12-26T11:35:44.031234,31.600,385.43914907823574,5366.071457961791,114.64285831847162,4100,1500,1520,40.0,35.0,20.0,5366.071457961791,85.98214373885372,1500,1520,800,0,0,114.64285831847162,114.64285831847162,57.32142915923581,0.0,4100,4200,390.0,85.98214373885372,33.16000000000003,25.0,25.0,-0.0919068502278373,-0.9957676088732742,1.0,0.0,0.0,0.0,0.0,36.56238102343205,39.45978980403038,41.545406318350175,39.47489889202892,55.80000000000015,55.80000000000015,55.80000000000015,55.80000000000015
2025-12-26T11:35:44.081734,31.650,385.51958361055125,5463.883632497878,118.55534529991512,4100,1500,1520,40.0,35.0,20.0,5463.883632497878,88.91650897493633,1500,1520,800,0,0,118.55534529991512,118.55534529991512,59.27767264995756,0.0,4100,4200,390.0,88.91650897493633,33.165000000000035,25.0,25.0,-0.11676972799104166,-0.9931590157798993,1.0,0.0,0.0,0.0,0.0,39.76413115569561,41.27194969230554,36.11136607425378,44.66671295053691,55.82500000000016,55.82500000000016,55.82500000000016,55.82500000000016
2025-12-26T11:35:44.133311,31.700,385.7647831692564,5560.536339538646,122.42145358154585,4100,1500,1520,40.0,35.0,20.0,5560.536339538646,91.81609018615939,1500,1520,800,0,0,122.42145358154585,122.42145358154585,61.210726790772924,0.0,4100,4200,390.0,91.81609018615939,33.17000000000003,25.0,25.0,-0.14155962847527034,-0.9899297306303834,0.9999999999999999,0.0,0.0,0.0,0.0,43.70727106833821,36.572479551324356,35.29480708060355,39.48655333435763,55.85000000000016,55.85000000000016,55.85000000000016,55.85000000000016
2025-12-26T11:35:44.188836,31.750,385.1214295413448,5655.78799765225,126.23151990609,4100,1500,1520,40.0,35.0,20.0,5655.78799765225,94.6736399295675,1500,1520,800,0,0,126.23151990609,126.23151990609,63.115759953045,0.0,4100,4200,390.0,94.6736399295675,33.17500000000003,25.0,25.0,-0.16626105879966682,-0.9860817716228273,1.0,0.0,0.0,0.0,0.0,38.5874438211681,44.2664790127333,35.742382049226364,36.63165902520181,55.875000000000156,55.875000000000156,55.875000000000156,55.875000000000156
2025-12-26T11:35:44.242494,31.800,385.0558726136966,5749.40052729951,129.9760210919804,4100,1500,1520,40.0,35.0,20.0,5749.40052729951,97.4820158189853,1500,1520,800,0,0,129.9760210919804,129.9760210919804,64.9880105459902,0.0,4100,4200,390.0,97.4820158189853,33.180000000000035,25.0,25.0,-0.19085858137434458,-0.9816175436063542,1.0,0.0,0.0,0.0,0.0,42.835556273195024,38.863414274711566,36.72928026643774,40.387751335247216,55.90000000000016,55.90000000000016,55.90000000000016,55.90000000000016
2025-12-26T11:35:44.293493,31.850,385.39202651235865,5841.139945908772,133.64559783635087,4100,1500,1520,40.0,35.0,20.0,5841.139945908772,100.23419837726316,1500,1520,800,0,0,133.64559783635087,133.64559783635087,66.82279891817544,0.0,4100,4200,390.0,100.23419837726316,33.18500000000003,25.0,25.0,-0.21533682354837838,-0.9765398365781575,0.9999999999999999,0.0,0.0,0.0,0.0,43.05533394064442,40.59377410400574,44.74453383860792,40.382065760386794,55.92500000000016,55.92500000000016,55.92500000000016,55.92500000000016
2025-12-26T11:35:44.344559,31.900,384.56667768214396,5930.776952710477,137.23107810841907,4100,1500,1520,40.0,35.0,20.0,5930.776952710477,102.9233085813143,1500,1520,800,0,0,137.23107810841907,137.23107810841907,68.61553905420953,0.0,4100,4200,390.0,102.92330858131432,33.19000000000003,25.0,25.0,-0.23968048721721064,-0.9708518239398434,1.0,0.0,0.0,0.0,0.0,39.17027387649569,38.96491518706246,43.371960312893364,36.92275618267841,55.95000000000016,55.95000000000016,55.95000000000016,55.95000000000016
2025-12-26T11:35:44.395570,31.950,384.62200864288144,6018.087501869672,140.7235000747869,4100,1500,1520,40.0,35.0,20.0,6018.087501869672,105.54262505609017,1500,1520,800,0,0,140.7235000747869,140.7235000747869,70.36175003739345,0.0,4100,4200,390.0,105.54262505609017,33.195000000000036,25.0,25.0,-0.2638743583834688,-0.9645570605141578,0.9999999999999999,0.0,0.0,0.0,0.0,35.090506664732914,40.896241818834156,37.65662533785475,40.7401740268007,55.97500000000016,55.97500000000016,55.97500000000016,55.97500000000016
2025-12-26T11:35:44.446284,32.000,385.0032717311621,6102.853362483915,144.11413449935657,4100,1500,1520,40.0,35.0,20.0,6102.853362483915,108.08560087451743,1500,1520,800,0,0,144.11413449935657,144.11413449935657,72.05706724967828,0.0,4100,4200,390.0,108.08560087451743,33.20000000000003,25.0,25.0,-0.2879033166652184,-0.9576594803233386,1.0,0.0,0.0,0.0,0.0,35.829028394840954,41.88636522902344,40.05799003694868,44.958590036320025,56.000000000000156,56.000000000000156,56.000000000000156,56.000000000000156
2025-12-26T11:35:44.496479,32.050,384.8682147394584,6184.86266404687,147.39450656187478,4100,1500,1520,40.0,35.0,20.0,6184.86266404687,110.54587992140608,1500,1520,800,0,0,147.39450656187478,147.39450656187478,73.69725328093739,0.0,4100,4200,390.0,110.5458799214061,33.205000000000034,25.0,25.0,-0.31175234474570807,-0.9501633941304797,1.0,0.0,0.0,0.0,0.0,39.88054690389525,35.71443772036509,40.377614101965634,35.601097577340965,56.02500000000016,56.02500000000016,56.02500000000016,56.02500000000016
2025-12-26T11:35:44.547128,32.100,384.51323491647395,6263.910426014255,150.55641704057018,4100,1500,1520,40.0,35.0,20.0,6263.910426014255,112.91731278042764,1500,1520,800,0,0,150.55641704057018,150.55641704057018,75.27820852028509,0.0,4100,4200,390.0,112.91731278042764,33.21000000000003,25.0,25.0,-0.3354065377587086,-0.9420734867454428,1.0,0.0,0.0,0.0,0.0,43.37815623930656,35.596037508241444,35.292062910158315,44.48725768401882,56.05000000000015,56.05000000000015,56.05000000000015,56.05000000000015
2025-12-26T11:35:44.598982,32.150,384.39962313952003,6339.79907014843,153.5919628059372,4100,1500,1520,40.0,35.0,20.0,6339.79907014843,115.19397210445288,1500,1520,800,0,0,153.5919628059372,153.5919628059372,76.7959814029686,0.0,4100,4200,390.0,115.19397210445288,33.21500000000003,25.0,25.0,-0.35885111260356406,-0.9333948140970059,1.0,0.0,0.0,0.0,0.0,37.84350023511945,43.44688824024594,43.7837931554419,38.26732836057962,56.07500000000016,56.07500000000016,56.07500000000016,56.07500000000016
2025-12-26T11:35:44.649539,32.200,384.1856328889052,6412.338914361101,156.49355657444406,4100,1500,1520,40.0,35.0,20.0,6412.338914361101,117.37016743083305,1500,1520,800,0,0,156.49355657444406,156.49355657444406,78.24677828722203,0.0,4100,4200,390.0,117.37016743083305,33.22000000000003,25.0,25.0,-0.3820714171841503,-0.9241328000730712,1.0,0.0,0.0,0.0,0.0,35.299645619917726,38.29136402716879,41.919154526577394,37.28418523316345,56.10000000000015,56.10000000000015,56.10000000000015,56.10000000000015
2025-12-26T11:35:44.701230,32.250,384.31457246022063,6481.348646819759,159.25394587279033,4100,1500,1520,40.0,35.0,20.0,6481.348646819759,119.44045940459274,1500,1520,800,0,0,159.25394587279033,159.25394587279033,79.62697293639516,0.0,4100,4200,390.0,119.44045940459276,33.22500000000003,25.0,25.0,-0.40505293956595795,-0.9142932331309122,1.0,0.0,0.0,0.0,0.0,39.95094126680672,38.35194670232326,36.51774130729748,39.52098262839335,56.125000000000156,56.125000000000156,56.125000000000156,56.125000000000156
2025-12-26T11:35:44.752831,32.300,383.7013906223012,6546.655779132829,161.86623116531314,4100,1500,1520,40.0,35.0,20.0,6546.655779132829,121.39967337398485,1500,1520,800,0,0,161.86623116531314,161.86623116531314,80.93311558265657,0.0,4100,4200,390.0,121.39967337398484,33.23000000000003,25.0,25.0,-0.42778131704557926,-0.9038822626795757,0.9999999999999999,0.0,0.0,0.0,0.0,35.21628075152496,39.8678234422345,44.647233402849515,41.107840049025555,56.15000000000015,56.15000000000015,56.15000000000015,56.15000000000015
2025-12-26T11:35:44.806358,32.350,384.2219866604341,6608.097077480826,164.32388309923303,4100,1500,1520,40.0,35.0,20.0,6608.097077480826,123.24291232442476,1500,1520,800,0,0,164.32388309923303,164.32388309923303,82.16194154961651,0.0,4100,4200,390.0,123.24291232442476,33.23500000000003,25.0,25.0,-0.4502423451269301,-0.8929063952367025,1.0,0.0,0.0,0.0,0.0,39.14856022017905,38.808615615278896,39.8999672690133,43.86183174939404,56.17500000000015,56.17500000000015,56.17500000000015,56.17500000000015
2025-12-26T11:35:44.864404,32.400,383.95703876665084,6665.51897061589,166.6207588246356,4100,1500,1520,40.0,35.0,20.0,6665.51897061589,124.96556911847671,1500,1520,800,0,0,166.6207588246356,166.6207588246356,83.3103794123178,0.0,4100,4200,390.0,124.9655691184767,33.24000000000003,25.0,25.0,-0.47242198639859767,-0.8813724903621641,0.9999999999999999,0.0,0.0,0.0,0.0,40.61396858951276,35.43936943380379,39.66517383891393,37.612060256622335,56.200000000000145,56.200000000000145,56.200000000000145,56.200000000000145
2025-12-26T11:35:44.914409,32.450,383.82123308246065,6718.777933709927,168.7511173483971,4100,1500,1520,40.0,35.0,20.0,6718.777933709927,126.56333801129782,1500,1520,800,0,0,168.7511173483971,168.7511173483971,84.37555867419854,0.0,4100,4200,390.0,126.56333801129782,33.24500000000003,25.0,25.0,-0.49430637930676563,-0.8692877563710627,1.0,0.0,0.0,0.0,0.0,43.67864148592457,36.791209968213366,36.981887264950934,37.275951530275414,56.22500000000015,56.22500000000015,56.22500000000015,56.22500000000015
